"DATE","TIME PERIOD","Euro short-term rate - Calculation method (EST.B.EU000A2X2A25.CM)","Euro short-term rate - Number of active banks (EST.B.EU000A2X2A25.NB)","Euro short-term rate - Number of transactions (EST.B.EU000A2X2A25.NT)","Euro short-term rate - Rate at 25th percentile of volume (EST.B.EU000A2X2A25.R25)","Euro short-term rate - Rate at 75th percentile of volume (EST.B.EU000A2X2A25.R75)","Euro short-term rate - Publication type (EST.B.EU000A2X2A25.RP)","Euro short-term rate - Total volume (EST.B.EU000A2X2A25.TT)","Euro short-term rate - Share of volume of the 5 largest active banks (EST.B.EU000A2X2A25.VL)","Euro short-term rate - Volume-weighted trimmed mean rate (EST.B.EU000A2X2A25.WT)"
"2019-10-01","01 Oct 2019","0","32","432","-0.57","-0.53","0","35996","54","-0.549"
"2019-10-02","02 Oct 2019","0","28","397","-0.57","-0.54","0","33549","52","-0.551"
"2019-10-03","03 Oct 2019","0","28","373","-0.57","-0.54","0","29200","55","-0.555"
"2019-10-04","04 Oct 2019","0","30","429","-0.57","-0.54","0","33907","53","-0.553"
"2019-10-07","07 Oct 2019","0","30","416","-0.58","-0.54","0","33722","51","-0.554"
"2019-10-08","08 Oct 2019","0","29","425","-0.57","-0.54","0","31536","52","-0.552"
"2019-10-09","09 Oct 2019","0","28","422","-0.57","-0.54","0","31274","52","-0.552"
"2019-10-10","10 Oct 2019","0","30","415","-0.57","-0.54","0","30526","48","-0.552"
"2019-10-11","11 Oct 2019","0","29","436","-0.57","-0.53","0","32614","51","-0.550"
"2019-10-14","14 Oct 2019","0","31","424","-0.57","-0.53","0","31781","49","-0.549"
"2019-10-15","15 Oct 2019","0","29","442","-0.57","-0.54","0","32332","52","-0.551"
"2019-10-16","16 Oct 2019","0","30","451","-0.56","-0.54","0","32703","54","-0.548"
"2019-10-17","17 Oct 2019","0","30","440","-0.56","-0.54","0","32639","58","-0.548"
"2019-10-18","18 Oct 2019","0","29","421","-0.56","-0.53","0","31238","57","-0.547"
"2019-10-21","21 Oct 2019","0","28","440","-0.56","-0.53","0","33283","53","-0.549"
"2019-10-22","22 Oct 2019","0","30","427","-0.56","-0.53","0","31588","51","-0.548"
"2019-10-23","23 Oct 2019","0","29","434","-0.56","-0.53","0","33724","53","-0.547"
"2019-10-24","24 Oct 2019","0","29","429","-0.56","-0.53","0","33784","52","-0.548"
"2019-10-25","25 Oct 2019","0","30","427","-0.56","-0.53","0","34093","48","-0.548"
"2019-10-28","28 Oct 2019","0","29","416","-0.56","-0.53","0","32366","53","-0.548"
"2019-10-29","29 Oct 2019","0","32","430","-0.56","-0.51","0","32763","49","-0.545"
"2019-10-30","30 Oct 2019","0","29","422","-0.56","-0.53","0","28631","59","-0.545"
"2019-10-31","31 Oct 2019","0","25","354","-0.56","-0.51","0","25342","57","-0.543"
"2019-11-01","01 Nov 2019","0","26","374","-0.56","-0.53","0","28931","59","-0.549"
"2019-11-04","04 Nov 2019","0","28","463","-0.56","-0.50","0","36811","58","-0.536"
"2019-11-05","05 Nov 2019","0","30","463","-0.56","-0.52","0","32509","56","-0.541"
"2019-11-06","06 Nov 2019","0","29","445","-0.56","-0.52","0","31243","56","-0.539"
"2019-11-07","07 Nov 2019","0","31","463","-0.55","-0.52","0","31578","53","-0.537"
"2019-11-08","08 Nov 2019","0","28","421","-0.56","-0.52","0","29466","56","-0.540"
"2019-11-11","11 Nov 2019","0","29","429","-0.56","-0.50","0","30968","58","-0.541"
"2019-11-12","12 Nov 2019","0","30","444","-0.56","-0.50","0","30250","57","-0.537"
"2019-11-13","13 Nov 2019","0","20","286","-0.55","-0.50","0","23482","70","-0.531"
"2019-11-14","14 Nov 2019","0","31","425","-0.55","-0.51","0","30027","56","-0.536"
"2019-11-15","15 Nov 2019","0","31","439","-0.56","-0.51","0","31887","51","-0.541"
"2019-11-18","18 Nov 2019","0","31","449","-0.56","-0.52","0","33869","50","-0.541"
"2019-11-19","19 Nov 2019","0","32","453","-0.56","-0.52","0","33067","51","-0.542"
"2019-11-20","20 Nov 2019","0","30","463","-0.55","-0.47","0","39662","60","-0.511"
"2019-11-21","21 Nov 2019","0","31","450","-0.56","-0.51","0","32215","51","-0.542"
"2019-11-22","22 Nov 2019","0","30","435","-0.55","-0.50","0","31816","54","-0.536"
"2019-11-25","25 Nov 2019","0","26","338","-0.55","-0.50","0","30528","63","-0.533"
"2019-11-26","26 Nov 2019","0","29","445","-0.55","-0.50","0","32256","54","-0.533"
"2019-11-27","27 Nov 2019","0","29","445","-0.55","-0.50","0","31177","51","-0.533"
"2019-11-28","28 Nov 2019","0","28","437","-0.55","-0.50","0","31550","52","-0.531"
"2019-11-29","29 Nov 2019","0","28","406","-0.55","-0.50","0","31101","57","-0.532"
"2019-12-02","02 Dec 2019","0","30","438","-0.55","-0.52","0","32038","52","-0.541"
"2019-12-03","03 Dec 2019","0","30","455","-0.55","-0.50","0","31998","52","-0.539"
"2019-12-04","04 Dec 2019","0","30","452","-0.55","-0.52","0","32581","54","-0.540"
"2019-12-05","05 Dec 2019","0","31","459","-0.55","-0.52","0","32804","51","-0.540"
"2019-12-06","06 Dec 2019","0","28","420","-0.55","-0.52","0","28819","52","-0.541"
"2019-12-09","09 Dec 2019","0","28","445","-0.55","-0.52","0","29949","50","-0.541"
"2019-12-10","10 Dec 2019","0","31","417","-0.56","-0.52","0","30501","50","-0.544"
"2019-12-11","11 Dec 2019","0","30","436","-0.56","-0.52","0","32579","49","-0.544"
"2019-12-12","12 Dec 2019","0","30","429","-0.56","-0.53","0","31864","49","-0.544"
"2019-12-13","13 Dec 2019","0","30","432","-0.55","-0.52","0","31262","54","-0.543"
"2019-12-16","16 Dec 2019","0","30","448","-0.56","-0.52","0","33184","52","-0.543"
"2019-12-17","17 Dec 2019","0","32","452","-0.55","-0.50","0","35867","51","-0.536"
"2019-12-18","18 Dec 2019","0","29","431","-0.56","-0.52","0","29119","55","-0.540"
"2019-12-19","19 Dec 2019","0","32","442","-0.56","-0.52","0","28808","52","-0.540"
"2019-12-20","20 Dec 2019","0","33","437","-0.56","-0.52","0","28851","54","-0.540"
"2019-12-23","23 Dec 2019","0","29","346","-0.56","-0.53","0","21805","56","-0.545"
"2019-12-24","24 Dec 2019","0","26","297","-0.57","-0.53","0","21242","60","-0.549"
"2019-12-27","27 Dec 2019","0","32","419","-0.56","-0.53","0","27661","50","-0.542"
"2019-12-30","30 Dec 2019","0","26","380","-0.56","-0.52","0","27143","57","-0.541"
"2019-12-31","31 Dec 2019","0","20","192","-0.57","-0.50","0","17978","52","-0.531"
"2020-01-02","02 Jan 2020","0","26","398","-0.55","-0.53","0","26611","51","-0.539"
"2020-01-03","03 Jan 2020","0","27","414","-0.55","-0.53","0","27706","58","-0.537"
"2020-01-06","06 Jan 2020","0","28","417","-0.55","-0.53","0","32777","55","-0.539"
"2020-01-07","07 Jan 2020","0","31","453","-0.55","-0.53","0","34235","53","-0.540"
"2020-01-08","08 Jan 2020","0","31","437","-0.55","-0.52","0","35150","52","-0.536"
"2020-01-09","09 Jan 2020","0","30","441","-0.55","-0.53","0","30913","53","-0.539"
"2020-01-10","10 Jan 2020","0","31","455","-0.55","-0.52","0","31837","54","-0.538"
"2020-01-13","13 Jan 2020","0","29","465","-0.55","-0.53","0","31245","52","-0.537"
"2020-01-14","14 Jan 2020","0","32","445","-0.55","-0.53","0","28664","54","-0.538"
"2020-01-15","15 Jan 2020","0","29","411","-0.55","-0.53","0","26023","61","-0.538"
"2020-01-16","16 Jan 2020","0","30","441","-0.55","-0.53","0","29388","57","-0.536"
"2020-01-17","17 Jan 2020","0","28","409","-0.55","-0.53","0","31817","60","-0.537"
"2020-01-20","20 Jan 2020","0","29","439","-0.55","-0.53","0","33566","57","-0.538"
"2020-01-21","21 Jan 2020","0","30","430","-0.55","-0.53","0","31033","59","-0.535"
"2020-01-22","22 Jan 2020","0","29","422","-0.55","-0.52","0","30474","58","-0.536"
"2020-01-23","23 Jan 2020","0","29","425","-0.55","-0.53","0","31463","58","-0.537"
"2020-01-24","24 Jan 2020","0","30","428","-0.55","-0.53","0","33324","59","-0.537"
"2020-01-27","27 Jan 2020","0","29","434","-0.55","-0.53","0","33033","59","-0.538"
"2020-01-28","28 Jan 2020","0","33","432","-0.55","-0.50","0","37845","51","-0.536"
"2020-01-29","29 Jan 2020","0","30","437","-0.55","-0.53","0","32714","57","-0.540"
"2020-01-30","30 Jan 2020","0","27","428","-0.55","-0.52","0","32097","57","-0.539"
"2020-01-31","31 Jan 2020","0","29","436","-0.55","-0.53","0","32163","58","-0.539"
"2020-02-03","03 Feb 2020","0","28","456","-0.55","-0.53","0","38392","59","-0.537"
"2020-02-04","04 Feb 2020","0","30","464","-0.55","-0.53","0","36167","59","-0.536"
"2020-02-05","05 Feb 2020","0","30","436","-0.55","-0.53","0","35449","61","-0.536"
"2020-02-06","06 Feb 2020","0","28","427","-0.55","-0.52","0","33619","60","-0.535"
"2020-02-07","07 Feb 2020","0","29","423","-0.55","-0.53","0","32644","58","-0.537"
"2020-02-10","10 Feb 2020","0","29","440","-0.55","-0.53","0","33678","57","-0.537"
"2020-02-11","11 Feb 2020","0","29","423","-0.55","-0.53","0","32222","56","-0.541"
"2020-02-12","12 Feb 2020","0","29","423","-0.55","-0.53","0","31753","55","-0.541"
"2020-02-13","13 Feb 2020","0","28","426","-0.55","-0.53","0","31655","56","-0.540"
"2020-02-14","14 Feb 2020","0","29","436","-0.55","-0.53","0","34136","59","-0.538"
"2020-02-17","17 Feb 2020","0","29","432","-0.55","-0.53","0","35151","55","-0.541"
"2020-02-18","18 Feb 2020","0","28","413","-0.55","-0.53","0","31880","58","-0.536"
"2020-02-19","19 Feb 2020","0","29","411","-0.55","-0.52","0","32866","57","-0.538"
"2020-02-20","20 Feb 2020","0","28","440","-0.55","-0.52","0","32691","53","-0.538"
"2020-02-21","21 Feb 2020","0","28","442","-0.55","-0.52","0","35098","56","-0.539"
"2020-02-24","24 Feb 2020","0","27","433","-0.55","-0.52","0","34684","55","-0.540"
"2020-02-25","25 Feb 2020","0","29","433","-0.55","-0.52","0","33258","55","-0.539"
"2020-02-26","26 Feb 2020","0","27","414","-0.55","-0.52","0","34286","56","-0.539"
"2020-02-27","27 Feb 2020","0","27","425","-0.55","-0.52","0","31087","54","-0.538"
"2020-02-28","28 Feb 2020","0","30","434","-0.55","-0.52","0","33073","58","-0.540"
"2020-03-02","02 Mar 2020","0","26","330","-0.55","-0.53","0","30645","61","-0.542"
"2020-03-03","03 Mar 2020","0","28","356","-0.55","-0.53","0","35167","60","-0.542"
"2020-03-04","04 Mar 2020","0","30","492","-0.55","-0.53","0","40672","57","-0.541"
"2020-03-05","05 Mar 2020","0","29","484","-0.55","-0.52","0","36928","60","-0.540"
"2020-03-06","06 Mar 2020","0","29","494","-0.55","-0.52","0","38242","59","-0.541"
"2020-03-09","09 Mar 2020","0","29","500","-0.55","-0.52","0","40232","57","-0.539"
"2020-03-10","10 Mar 2020","0","29","499","-0.55","-0.53","0","45152","57","-0.541"
"2020-03-11","11 Mar 2020","0","31","524","-0.55","-0.53","0","48537","58","-0.543"
"2020-03-12","12 Mar 2020","0","28","515","-0.55","-0.53","0","48041","59","-0.540"
"2020-03-13","13 Mar 2020","0","30","477","-0.55","-0.53","0","44382","59","-0.541"
"2020-03-16","16 Mar 2020","0","30","495","-0.55","-0.52","0","39369","60","-0.536"
"2020-03-17","17 Mar 2020","0","31","496","-0.55","-0.50","0","44130","55","-0.531"
"2020-03-18","18 Mar 2020","0","30","525","-0.55","-0.50","0","41457","52","-0.529"
"2020-03-19","19 Mar 2020","0","30","515","-0.55","-0.49","0","40550","51","-0.526"
"2020-03-20","20 Mar 2020","0","31","524","-0.55","-0.49","0","38819","53","-0.524"
"2020-03-23","23 Mar 2020","0","31","538","-0.55","-0.49","0","42983","55","-0.525"
"2020-03-24","24 Mar 2020","0","29","563","-0.55","-0.49","0","44586","53","-0.527"
"2020-03-25","25 Mar 2020","0","29","544","-0.55","-0.49","0","45443","53","-0.527"
"2020-03-26","26 Mar 2020","0","32","556","-0.55","-0.50","0","44398","54","-0.529"
"2020-03-27","27 Mar 2020","0","32","448","-0.55","-0.50","0","41609","57","-0.530"
"2020-03-30","30 Mar 2020","0","32","562","-0.55","-0.50","0","51283","51","-0.528"
"2020-03-31","31 Mar 2020","0","31","544","-0.56","-0.49","0","49020","59","-0.522"
"2020-04-01","01 Apr 2020","0","33","594","-0.55","-0.50","0","53453","55","-0.527"
"2020-04-02","02 Apr 2020","0","32","598","-0.55","-0.51","0","52948","53","-0.534"
"2020-04-03","03 Apr 2020","0","29","542","-0.55","-0.50","0","45912","53","-0.539"
"2020-04-06","06 Apr 2020","0","33","629","-0.55","-0.52","0","59270","50","-0.533"
"2020-04-07","07 Apr 2020","0","32","627","-0.55","-0.51","0","58379","51","-0.533"
"2020-04-08","08 Apr 2020","0","34","621","-0.55","-0.52","0","56559","49","-0.535"
"2020-04-09","09 Apr 2020","0","34","622","-0.55","-0.52","0","55456","52","-0.536"
"2020-04-14","14 Apr 2020","0","33","619","-0.55","-0.52","0","58074","53","-0.534"
"2020-04-15","15 Apr 2020","0","33","605","-0.55","-0.52","0","57086","51","-0.535"
"2020-04-16","16 Apr 2020","0","33","579","-0.55","-0.52","0","55636","55","-0.534"
"2020-04-17","17 Apr 2020","0","32","552","-0.55","-0.52","0","54008","53","-0.538"
"2020-04-20","20 Apr 2020","0","33","561","-0.55","-0.52","0","50826","51","-0.541"
"2020-04-21","21 Apr 2020","0","35","587","-0.55","-0.52","0","49960","50","-0.541"
"2020-04-22","22 Apr 2020","0","30","581","-0.55","-0.52","0","48712","53","-0.539"
"2020-04-23","23 Apr 2020","0","31","571","-0.55","-0.52","0","47408","52","-0.539"
"2020-04-24","24 Apr 2020","0","32","565","-0.55","-0.52","0","47254","50","-0.539"
"2020-04-27","27 Apr 2020","0","31","585","-0.55","-0.52","0","49146","52","-0.539"
"2020-04-28","28 Apr 2020","0","32","572","-0.55","-0.52","0","46757","50","-0.541"
"2020-04-29","29 Apr 2020","0","32","547","-0.55","-0.53","0","46325","52","-0.543"
"2020-04-30","30 Apr 2020","0","27","466","-0.55","-0.50","0","39756","57","-0.531"
"2020-05-04","04 May 2020","0","30","550","-0.55","-0.53","0","48133","49","-0.543"
"2020-05-05","05 May 2020","0","33","562","-0.55","-0.51","0","53443","47","-0.539"
"2020-05-06","06 May 2020","0","32","554","-0.55","-0.52","0","49616","50","-0.542"
"2020-05-07","07 May 2020","0","30","409","-0.55","-0.52","0","32961","56","-0.541"
"2020-05-08","08 May 2020","0","32","461","-0.55","-0.52","0","35476","53","-0.541"
"2020-05-11","11 May 2020","0","31","535","-0.56","-0.53","0","48914","53","-0.544"
"2020-05-12","12 May 2020","0","30","556","-0.56","-0.53","0","47105","52","-0.543"
"2020-05-13","13 May 2020","0","32","547","-0.56","-0.53","0","47498","53","-0.542"
"2020-05-14","14 May 2020","0","31","540","-0.56","-0.52","0","45901","51","-0.541"
"2020-05-15","15 May 2020","0","31","556","-0.56","-0.53","0","44086","53","-0.543"
"2020-05-18","18 May 2020","0","30","563","-0.56","-0.52","0","46151","53","-0.542"
"2020-05-19","19 May 2020","0","29","542","-0.56","-0.52","0","44659","54","-0.542"
"2020-05-20","20 May 2020","0","28","439","-0.56","-0.53","0","32084","55","-0.545"
"2020-05-21","21 May 2020","0","24","384","-0.56","-0.53","0","34454","58","-0.545"
"2020-05-22","22 May 2020","0","27","431","-0.55","-0.52","0","39461","54","-0.539"
"2020-05-25","25 May 2020","0","27","412","-0.55","-0.53","0","41311","53","-0.540"
"2020-05-26","26 May 2020","0","27","471","-0.55","-0.53","0","37891","51","-0.541"
"2020-05-27","27 May 2020","0","28","496","-0.55","-0.53","0","43110","53","-0.541"
"2020-05-28","28 May 2020","0","28","486","-0.55","-0.53","0","41930","53","-0.541"
"2020-05-29","29 May 2020","0","28","377","-0.56","-0.52","0","29159","56","-0.540"
"2020-06-01","01 Jun 2020","0","25","275","-0.56","-0.53","0","30109","58","-0.546"
"2020-06-02","02 Jun 2020","0","29","497","-0.55","-0.53","0","43494","52","-0.542"
"2020-06-03","03 Jun 2020","0","28","500","-0.56","-0.53","0","43142","53","-0.543"
"2020-06-04","04 Jun 2020","0","28","484","-0.56","-0.53","0","42211","53","-0.545"
"2020-06-05","05 Jun 2020","0","27","464","-0.56","-0.53","0","39470","54","-0.544"
"2020-06-08","08 Jun 2020","0","27","441","-0.56","-0.53","0","37691","56","-0.547"
"2020-06-09","09 Jun 2020","0","31","492","-0.56","-0.52","0","45690","51","-0.542"
"2020-06-10","10 Jun 2020","0","29","434","-0.56","-0.53","0","35280","54","-0.548"
"2020-06-11","11 Jun 2020","0","24","406","-0.56","-0.53","0","35940","51","-0.547"
"2020-06-12","12 Jun 2020","0","31","493","-0.56","-0.53","0","43742","52","-0.546"
"2020-06-15","15 Jun 2020","0","30","503","-0.56","-0.53","0","48235","55","-0.547"
"2020-06-16","16 Jun 2020","0","28","458","-0.56","-0.53","0","38279","56","-0.546"
"2020-06-17","17 Jun 2020","0","30","479","-0.56","-0.53","0","40038","54","-0.544"
"2020-06-18","18 Jun 2020","0","29","480","-0.56","-0.53","0","38042","54","-0.544"
"2020-06-19","19 Jun 2020","0","30","474","-0.56","-0.53","0","40936","54","-0.546"
"2020-06-22","22 Jun 2020","0","29","464","-0.56","-0.53","0","41682","53","-0.545"
"2020-06-23","23 Jun 2020","0","28","440","-0.56","-0.52","0","38346","51","-0.544"
"2020-06-24","24 Jun 2020","0","27","447","-0.56","-0.53","0","37257","48","-0.546"
"2020-06-25","25 Jun 2020","0","28","442","-0.56","-0.53","0","32993","49","-0.547"
"2020-06-26","26 Jun 2020","0","28","405","-0.56","-0.53","0","32608","52","-0.547"
"2020-06-29","29 Jun 2020","0","27","436","-0.56","-0.53","0","35798","52","-0.545"
"2020-06-30","30 Jun 2020","0","28","496","-0.60","-0.53","0","42421","48","-0.555"
"2020-07-01","01 Jul 2020","0","30","520","-0.57","-0.53","0","42883","49","-0.548"
"2020-07-02","02 Jul 2020","0","29","522","-0.57","-0.53","0","43047","52","-0.548"
"2020-07-03","03 Jul 2020","0","25","423","-0.57","-0.53","0","36435","59","-0.549"
"2020-07-06","06 Jul 2020","0","31","503","-0.57","-0.54","0","42383","51","-0.550"
"2020-07-07","07 Jul 2020","0","31","510","-0.57","-0.53","0","42574","50","-0.550"
"2020-07-08","08 Jul 2020","0","29","474","-0.56","-0.53","0","40892","55","-0.549"
"2020-07-09","09 Jul 2020","0","30","465","-0.56","-0.53","0","40828","53","-0.549"
"2020-07-10","10 Jul 2020","0","29","519","-0.56","-0.54","0","43774","51","-0.549"
"2020-07-13","13 Jul 2020","0","28","506","-0.57","-0.54","0","44937","53","-0.552"
"2020-07-14","14 Jul 2020","0","28","469","-0.57","-0.54","0","41079","52","-0.551"
"2020-07-15","15 Jul 2020","0","29","475","-0.57","-0.54","0","45658","53","-0.551"
"2020-07-16","16 Jul 2020","0","30","490","-0.56","-0.52","0","52279","56","-0.541"
"2020-07-17","17 Jul 2020","0","30","472","-0.57","-0.54","0","45118","51","-0.551"
"2020-07-20","20 Jul 2020","0","29","511","-0.57","-0.54","0","44329","52","-0.551"
"2020-07-21","21 Jul 2020","0","31","509","-0.56","-0.54","0","51379","50","-0.549"
"2020-07-22","22 Jul 2020","0","31","480","-0.56","-0.54","0","45215","54","-0.550"
"2020-07-23","23 Jul 2020","0","30","465","-0.57","-0.54","0","44557","55","-0.550"
"2020-07-24","24 Jul 2020","0","31","479","-0.57","-0.54","0","45542","53","-0.551"
"2020-07-27","27 Jul 2020","0","29","458","-0.57","-0.54","0","44712","54","-0.552"
"2020-07-28","28 Jul 2020","0","32","474","-0.57","-0.54","0","45801","52","-0.551"
"2020-07-29","29 Jul 2020","0","30","490","-0.57","-0.54","0","48777","53","-0.553"
"2020-07-30","30 Jul 2020","0","30","463","-0.57","-0.54","0","43398","52","-0.552"
"2020-07-31","31 Jul 2020","0","30","446","-0.56","-0.54","0","37164","50","-0.550"
"2020-08-03","03 Aug 2020","0","32","482","-0.57","-0.54","0","43859","52","-0.552"
"2020-08-04","04 Aug 2020","0","31","488","-0.57","-0.54","0","44663","52","-0.551"
"2020-08-05","05 Aug 2020","0","30","487","-0.57","-0.54","0","46956","53","-0.552"
"2020-08-06","06 Aug 2020","0","31","506","-0.57","-0.54","0","47869","54","-0.553"
"2020-08-07","07 Aug 2020","0","30","500","-0.57","-0.54","0","47336","54","-0.553"
"2020-08-10","10 Aug 2020","1","15","206","-0.58","-0.54","0","13472","74","-0.554"
"2020-08-11","11 Aug 2020","0","29","481","-0.57","-0.54","0","43477","54","-0.552"
"2020-08-12","12 Aug 2020","0","29","482","-0.57","-0.54","0","41791","53","-0.552"
"2020-08-13","13 Aug 2020","0","29","470","-0.57","-0.54","0","41257","53","-0.552"
"2020-08-14","14 Aug 2020","0","20","286","-0.56","-0.54","0","28873","69","-0.549"
"2020-08-17","17 Aug 2020","0","30","478","-0.58","-0.54","0","41656","52","-0.553"
"2020-08-18","18 Aug 2020","0","29","475","-0.58","-0.54","0","41888","54","-0.554"
"2020-08-19","19 Aug 2020","0","29","482","-0.58","-0.54","0","41807","56","-0.553"
"2020-08-20","20 Aug 2020","0","30","479","-0.58","-0.54","0","42247","57","-0.553"
"2020-08-21","21 Aug 2020","0","29","484","-0.58","-0.54","0","42886","57","-0.554"
"2020-08-24","24 Aug 2020","0","30","496","-0.58","-0.54","0","43318","54","-0.552"
"2020-08-25","25 Aug 2020","0","29","477","-0.58","-0.54","0","43339","54","-0.553"
"2020-08-26","26 Aug 2020","0","29","465","-0.58","-0.54","0","40407","56","-0.554"
"2020-08-27","27 Aug 2020","0","29","465","-0.58","-0.54","0","39089","54","-0.552"
"2020-08-28","28 Aug 2020","0","28","417","-0.58","-0.54","0","33504","55","-0.552"
"2020-08-31","31 Aug 2020","0","31","439","-0.58","-0.54","0","32370","53","-0.557"
"2020-09-01","01 Sep 2020","0","28","483","-0.58","-0.54","0","40236","56","-0.554"
"2020-09-02","02 Sep 2020","0","28","471","-0.58","-0.54","0","40105","57","-0.555"
"2020-09-03","03 Sep 2020","0","21","359","-0.56","-0.54","0","32988","66","-0.551"
"2020-09-04","04 Sep 2020","0","28","470","-0.58","-0.54","0","39544","57","-0.552"
"2020-09-07","07 Sep 2020","0","28","489","-0.57","-0.54","0","42578","57","-0.551"
"2020-09-08","08 Sep 2020","0","28","485","-0.58","-0.54","0","42008","55","-0.553"
"2020-09-09","09 Sep 2020","0","28","501","-0.58","-0.54","0","41833","54","-0.554"
"2020-09-10","10 Sep 2020","0","29","494","-0.58","-0.54","0","42113","53","-0.554"
"2020-09-11","11 Sep 2020","0","28","465","-0.58","-0.54","0","41575","54","-0.553"
"2020-09-14","14 Sep 2020","0","29","490","-0.58","-0.54","0","45493","54","-0.555"
"2020-09-15","15 Sep 2020","0","31","497","-0.58","-0.53","0","49639","50","-0.551"
"2020-09-16","16 Sep 2020","0","29","496","-0.58","-0.54","0","44937","53","-0.556"
"2020-09-17","17 Sep 2020","0","30","480","-0.58","-0.54","0","43702","51","-0.553"
"2020-09-18","18 Sep 2020","0","30","469","-0.58","-0.54","0","42867","53","-0.552"
"2020-09-21","21 Sep 2020","0","28","463","-0.57","-0.54","0","40540","55","-0.552"
"2020-09-22","22 Sep 2020","0","28","454","-0.58","-0.54","0","40678","55","-0.552"
"2020-09-23","23 Sep 2020","0","28","452","-0.57","-0.54","0","40080","53","-0.551"
"2020-09-24","24 Sep 2020","0","29","448","-0.58","-0.54","0","38570","51","-0.553"
"2020-09-25","25 Sep 2020","0","25","429","-0.58","-0.54","0","35290","55","-0.554"
"2020-09-28","28 Sep 2020","0","28","457","-0.58","-0.54","0","39761","50","-0.555"
"2020-09-29","29 Sep 2020","0","28","466","-0.58","-0.54","0","40004","51","-0.556"
"2020-09-30","30 Sep 2020","0","30","515","-0.60","-0.54","0","42802","49","-0.570"
"2020-10-01","01 Oct 2020","0","28","444","-0.59","-0.54","0","38795","52","-0.558"
"2020-10-02","02 Oct 2020","0","29","466","-0.58","-0.54","0","44717","53","-0.555"
"2020-10-05","05 Oct 2020","0","29","463","-0.58","-0.54","0","45491","54","-0.555"
"2020-10-06","06 Oct 2020","0","31","488","-0.59","-0.54","0","46880","54","-0.556"
"2020-10-07","07 Oct 2020","0","30","479","-0.58","-0.54","0","45038","54","-0.555"
"2020-10-08","08 Oct 2020","0","30","490","-0.58","-0.54","0","43611","53","-0.553"
"2020-10-09","09 Oct 2020","0","30","479","-0.58","-0.54","0","46832","56","-0.553"
"2020-10-12","12 Oct 2020","0","31","508","-0.58","-0.54","0","49495","53","-0.556"
"2020-10-13","13 Oct 2020","0","31","507","-0.58","-0.54","0","48630","55","-0.555"
"2020-10-14","14 Oct 2020","0","30","520","-0.58","-0.54","0","49436","54","-0.556"
"2020-10-15","15 Oct 2020","0","30","515","-0.58","-0.54","0","48277","54","-0.556"
"2020-10-16","16 Oct 2020","0","28","481","-0.58","-0.54","0","45685","56","-0.553"
"2020-10-19","19 Oct 2020","0","31","486","-0.58","-0.54","0","46321","55","-0.553"
"2020-10-20","20 Oct 2020","0","30","484","-0.58","-0.54","0","46346","54","-0.553"
"2020-10-21","21 Oct 2020","0","29","482","-0.57","-0.54","0","44468","54","-0.552"
"2020-10-22","22 Oct 2020","0","29","474","-0.58","-0.54","0","43986","56","-0.554"
"2020-10-23","23 Oct 2020","0","27","447","-0.58","-0.54","0","42148","56","-0.553"
"2020-10-26","26 Oct 2020","0","27","390","-0.56","-0.54","0","38484","60","-0.552"
"2020-10-27","27 Oct 2020","0","29","511","-0.58","-0.54","0","46546","55","-0.554"
"2020-10-28","28 Oct 2020","0","29","482","-0.58","-0.54","0","45957","55","-0.555"
"2020-10-29","29 Oct 2020","0","30","463","-0.57","-0.54","0","44572","55","-0.552"
"2020-10-30","30 Oct 2020","0","31","465","-0.58","-0.54","0","38692","55","-0.557"
"2020-11-02","02 Nov 2020","0","28","531","-0.58","-0.54","0","50126","55","-0.555"
"2020-11-03","03 Nov 2020","0","30","529","-0.57","-0.53","0","51485","51","-0.553"
"2020-11-04","04 Nov 2020","0","30","534","-0.58","-0.54","0","48085","54","-0.558"
"2020-11-05","05 Nov 2020","0","29","484","-0.58","-0.54","0","45919","54","-0.556"
"2020-11-06","06 Nov 2020","0","29","461","-0.58","-0.54","0","45667","55","-0.558"
"2020-11-09","09 Nov 2020","0","28","510","-0.58","-0.54","0","47922","55","-0.558"
"2020-11-10","10 Nov 2020","0","29","488","-0.58","-0.54","0","43935","56","-0.557"
"2020-11-11","11 Nov 2020","0","29","451","-0.58","-0.54","0","43087","56","-0.558"
"2020-11-12","12 Nov 2020","0","28","478","-0.58","-0.52","0","43766","60","-0.548"
"2020-11-13","13 Nov 2020","0","29","469","-0.58","-0.54","0","43586","54","-0.556"
"2020-11-16","16 Nov 2020","0","30","501","-0.58","-0.54","0","45524","55","-0.558"
"2020-11-17","17 Nov 2020","0","30","462","-0.58","-0.54","0","45611","54","-0.557"
"2020-11-18","18 Nov 2020","0","29","466","-0.58","-0.54","0","43786","55","-0.557"
"2020-11-19","19 Nov 2020","0","27","453","-0.58","-0.54","0","40768","58","-0.557"
"2020-11-20","20 Nov 2020","0","29","466","-0.58","-0.54","0","40305","58","-0.557"
"2020-11-23","23 Nov 2020","0","29","475","-0.58","-0.54","0","42228","56","-0.557"
"2020-11-24","24 Nov 2020","0","28","461","-0.58","-0.54","0","41815","58","-0.556"
"2020-11-25","25 Nov 2020","0","30","482","-0.58","-0.53","0","43085","54","-0.554"
"2020-11-26","26 Nov 2020","0","30","478","-0.58","-0.54","0","44917","55","-0.556"
"2020-11-27","27 Nov 2020","0","30","467","-0.58","-0.54","0","41913","59","-0.557"
"2020-11-30","30 Nov 2020","0","30","495","-0.58","-0.55","0","40942","57","-0.560"
"2020-12-01","01 Dec 2020","0","28","465","-0.57","-0.54","0","44545","60","-0.557"
"2020-12-02","02 Dec 2020","0","28","443","-0.57","-0.54","0","41933","58","-0.556"
"2020-12-03","03 Dec 2020","0","29","460","-0.57","-0.54","0","42274","58","-0.556"
"2020-12-04","04 Dec 2020","0","30","456","-0.57","-0.54","0","46260","56","-0.555"
"2020-12-07","07 Dec 2020","0","28","455","-0.57","-0.54","0","45966","56","-0.555"
"2020-12-08","08 Dec 2020","1","19","276","-0.60","-0.54","0","23572","61","-0.559"
"2020-12-09","09 Dec 2020","0","29","460","-0.58","-0.54","0","47942","53","-0.556"
"2020-12-10","10 Dec 2020","0","29","478","-0.58","-0.54","0","46985","55","-0.556"
"2020-12-11","11 Dec 2020","0","31","478","-0.58","-0.54","0","48264","52","-0.557"
"2020-12-14","14 Dec 2020","0","31","463","-0.58","-0.54","0","47016","53","-0.558"
"2020-12-15","15 Dec 2020","0","29","469","-0.57","-0.52","0","49858","51","-0.551"
"2020-12-16","16 Dec 2020","0","28","436","-0.58","-0.54","0","42621","55","-0.557"
"2020-12-17","17 Dec 2020","0","31","475","-0.57","-0.53","0","40024","50","-0.556"
"2020-12-18","18 Dec 2020","0","30","448","-0.58","-0.54","0","42277","47","-0.558"
"2020-12-21","21 Dec 2020","0","32","465","-0.57","-0.54","0","44227","48","-0.557"
"2020-12-22","22 Dec 2020","0","30","449","-0.57","-0.54","0","43116","49","-0.558"
"2020-12-23","23 Dec 2020","0","29","336","-0.57","-0.54","0","32315","54","-0.559"
"2020-12-24","24 Dec 2020","0","25","217","-0.57","-0.54","0","22881","58","-0.555"
"2020-12-28","28 Dec 2020","0","27","319","-0.57","-0.54","0","27521","53","-0.553"
"2020-12-29","29 Dec 2020","0","28","438","-0.58","-0.54","0","38688","52","-0.557"
"2020-12-30","30 Dec 2020","0","26","369","-0.57","-0.54","0","36560","55","-0.555"
"2020-12-31","31 Dec 2020","0","20","191","-0.61","-0.50","0","19726","59","-0.583"
"2021-01-04","04 Jan 2021","0","31","463","-0.60","-0.55","0","46666","49","-0.566"
"2021-01-05","05 Jan 2021","0","30","440","-0.60","-0.55","0","46654","52","-0.563"
"2021-01-06","06 Jan 2021","0","30","445","-0.60","-0.55","0","44337","53","-0.566"
"2021-01-07","07 Jan 2021","0","30","471","-0.60","-0.54","0","43141","51","-0.565"
"2021-01-08","08 Jan 2021","0","31","468","-0.58","-0.54","0","42240","52","-0.562"
"2021-01-11","11 Jan 2021","0","31","465","-0.59","-0.54","0","45374","52","-0.564"
"2021-01-12","12 Jan 2021","0","32","494","-0.58","-0.54","0","43161","51","-0.563"
"2021-01-13","13 Jan 2021","0","32","482","-0.58","-0.54","0","44392","53","-0.562"
"2021-01-14","14 Jan 2021","0","32","471","-0.58","-0.54","0","44990","53","-0.564"
"2021-01-15","15 Jan 2021","0","30","475","-0.60","-0.55","0","49644","52","-0.566"
"2021-01-18","18 Jan 2021","0","31","475","-0.59","-0.55","0","52184","51","-0.565"
"2021-01-19","19 Jan 2021","0","30","507","-0.59","-0.55","0","49555","52","-0.564"
"2021-01-20","20 Jan 2021","0","33","470","-0.58","-0.54","0","51882","50","-0.564"
"2021-01-21","21 Jan 2021","0","31","467","-0.58","-0.54","0","48938","52","-0.562"
"2021-01-22","22 Jan 2021","0","32","466","-0.58","-0.54","0","46465","52","-0.561"
"2021-01-25","25 Jan 2021","0","31","451","-0.58","-0.54","0","46390","51","-0.564"
"2021-01-26","26 Jan 2021","0","30","458","-0.58","-0.53","0","52859","49","-0.558"
"2021-01-27","27 Jan 2021","0","31","449","-0.58","-0.54","0","43358","54","-0.563"
"2021-01-28","28 Jan 2021","0","32","431","-0.58","-0.54","0","42151","54","-0.561"
"2021-01-29","29 Jan 2021","0","32","431","-0.58","-0.54","0","35904","55","-0.564"
"2021-02-01","01 Feb 2021","0","29","425","-0.58","-0.55","0","41743","58","-0.566"
"2021-02-02","02 Feb 2021","0","31","458","-0.58","-0.54","0","44042","55","-0.564"
"2021-02-03","03 Feb 2021","0","32","471","-0.58","-0.54","0","45048","57","-0.558"
"2021-02-04","04 Feb 2021","0","31","461","-0.58","-0.54","0","44059","56","-0.564"
"2021-02-05","05 Feb 2021","0","32","462","-0.58","-0.54","0","42517","56","-0.565"
"2021-02-08","08 Feb 2021","0","32","469","-0.58","-0.54","0","42404","58","-0.563"
"2021-02-09","09 Feb 2021","0","32","462","-0.58","-0.54","0","43270","56","-0.564"
"2021-02-10","10 Feb 2021","0","31","452","-0.58","-0.54","0","41918","56","-0.564"
"2021-02-11","11 Feb 2021","0","30","458","-0.58","-0.54","0","43139","55","-0.565"
"2021-02-12","12 Feb 2021","0","31","460","-0.58","-0.54","0","43242","55","-0.564"
"2021-02-15","15 Feb 2021","0","32","458","-0.58","-0.54","0","43072","53","-0.563"
"2021-02-16","16 Feb 2021","0","32","463","-0.58","-0.54","0","41493","53","-0.564"
"2021-02-17","17 Feb 2021","0","30","454","-0.58","-0.54","0","41073","54","-0.563"
"2021-02-18","18 Feb 2021","0","32","464","-0.58","-0.54","0","41352","52","-0.562"
"2021-02-19","19 Feb 2021","0","31","461","-0.58","-0.54","0","41628","53","-0.563"
"2021-02-22","22 Feb 2021","0","31","459","-0.58","-0.54","0","41862","55","-0.564"
"2021-02-23","23 Feb 2021","0","31","469","-0.59","-0.55","0","41730","54","-0.565"
"2021-02-24","24 Feb 2021","0","32","449","-0.58","-0.54","0","41110","53","-0.564"
"2021-02-25","25 Feb 2021","0","30","450","-0.58","-0.54","0","42027","53","-0.564"
"2021-02-26","26 Feb 2021","0","31","441","-0.59","-0.55","0","39693","56","-0.566"
"2021-03-01","01 Mar 2021","0","31","481","-0.58","-0.54","0","47751","54","-0.563"
"2021-03-02","02 Mar 2021","0","31","452","-0.60","-0.54","0","47310","55","-0.565"
"2021-03-03","03 Mar 2021","0","32","462","-0.60","-0.54","0","49099","56","-0.565"
"2021-03-04","04 Mar 2021","0","32","463","-0.59","-0.54","0","46676","57","-0.565"
"2021-03-05","05 Mar 2021","0","32","449","-0.58","-0.54","0","42671","56","-0.562"
"2021-03-08","08 Mar 2021","0","31","412","-0.58","-0.54","0","39690","57","-0.558"
"2021-03-09","09 Mar 2021","0","30","382","-0.58","-0.54","0","33966","58","-0.560"
"2021-03-10","10 Mar 2021","0","32","463","-0.58","-0.54","0","45218","57","-0.562"
"2021-03-11","11 Mar 2021","0","31","465","-0.58","-0.54","0","46913","54","-0.561"
"2021-03-12","12 Mar 2021","0","31","454","-0.58","-0.54","0","43926","54","-0.562"
"2021-03-15","15 Mar 2021","0","30","452","-0.58","-0.54","0","46886","55","-0.564"
"2021-03-16","16 Mar 2021","0","30","455","-0.58","-0.54","0","48940","51","-0.562"
"2021-03-17","17 Mar 2021","0","30","404","-0.58","-0.54","0","40172","54","-0.561"
"2021-03-18","18 Mar 2021","0","31","459","-0.60","-0.54","0","43553","53","-0.566"
"2021-03-19","19 Mar 2021","0","32","441","-0.60","-0.54","0","40784","54","-0.565"
"2021-03-22","22 Mar 2021","0","30","451","-0.59","-0.54","0","41907","53","-0.566"
"2021-03-23","23 Mar 2021","0","32","457","-0.59","-0.54","0","41134","52","-0.563"
"2021-03-24","24 Mar 2021","0","32","463","-0.59","-0.55","0","40413","50","-0.564"
"2021-03-25","25 Mar 2021","0","31","448","-0.59","-0.54","0","38243","52","-0.564"
"2021-03-26","26 Mar 2021","0","33","450","-0.60","-0.55","0","40218","50","-0.568"
"2021-03-29","29 Mar 2021","0","31","440","-0.60","-0.55","0","38771","50","-0.570"
"2021-03-30","30 Mar 2021","0","31","451","-0.60","-0.55","0","40088","50","-0.570"
"2021-03-31","31 Mar 2021","0","30","468","-0.60","-0.54","0","45134","55","-0.574"
"2021-04-01","01 Apr 2021","0","31","442","-0.60","-0.54","0","43396","54","-0.566"
"2021-04-06","06 Apr 2021","0","33","470","-0.60","-0.55","0","51214","53","-0.567"
"2021-04-07","07 Apr 2021","0","31","464","-0.60","-0.55","0","53951","54","-0.567"
"2021-04-08","08 Apr 2021","0","32","474","-0.60","-0.55","0","53462","52","-0.570"
"2021-04-09","09 Apr 2021","0","32","477","-0.60","-0.55","0","52686","52","-0.568"
"2021-04-12","12 Apr 2021","0","31","455","-0.60","-0.55","0","49545","54","-0.567"
"2021-04-13","13 Apr 2021","0","30","429","-0.58","-0.54","0","42773","52","-0.563"
"2021-04-14","14 Apr 2021","0","29","420","-0.58","-0.54","0","41489","57","-0.560"
"2021-04-15","15 Apr 2021","0","31","461","-0.59","-0.55","0","47286","54","-0.566"
"2021-04-16","16 Apr 2021","0","31","444","-0.59","-0.55","0","43952","55","-0.565"
"2021-04-19","19 Apr 2021","0","31","460","-0.59","-0.55","0","47050","53","-0.567"
"2021-04-20","20 Apr 2021","0","30","451","-0.60","-0.55","0","47180","54","-0.567"
"2021-04-21","21 Apr 2021","0","30","455","-0.59","-0.54","0","47627","54","-0.565"
"2021-04-22","22 Apr 2021","0","31","452","-0.59","-0.55","0","47511","54","-0.565"
"2021-04-23","23 Apr 2021","0","30","462","-0.59","-0.55","0","48082","58","-0.565"
"2021-04-26","26 Apr 2021","0","31","461","-0.60","-0.55","0","47961","56","-0.567"
"2021-04-27","27 Apr 2021","0","31","453","-0.58","-0.54","0","51682","49","-0.560"
"2021-04-28","28 Apr 2021","0","29","457","-0.59","-0.55","0","45374","56","-0.566"
"2021-04-29","29 Apr 2021","0","29","427","-0.59","-0.55","0","43603","54","-0.566"
"2021-04-30","30 Apr 2021","0","23","329","-0.60","-0.55","0","33962","62","-0.569"
"2021-05-03","03 May 2021","0","24","334","-0.60","-0.55","0","38184","54","-0.567"
"2021-05-04","04 May 2021","0","28","454","-0.58","-0.55","0","44829","55","-0.564"
"2021-05-05","05 May 2021","0","31","461","-0.59","-0.55","0","47399","54","-0.566"
"2021-05-06","06 May 2021","0","31","464","-0.58","-0.55","0","47780","54","-0.565"
"2021-05-07","07 May 2021","0","31","459","-0.58","-0.55","0","46775","56","-0.563"
"2021-05-10","10 May 2021","0","32","462","-0.60","-0.55","0","47499","56","-0.567"
"2021-05-11","11 May 2021","0","30","464","-0.58","-0.55","0","45691","57","-0.564"
"2021-05-12","12 May 2021","0","25","349","-0.58","-0.55","0","36495","59","-0.564"
"2021-05-13","13 May 2021","0","22","328","-0.59","-0.55","0","35708","58","-0.564"
"2021-05-14","14 May 2021","0","31","454","-0.58","-0.55","0","41322","57","-0.564"
"2021-05-17","17 May 2021","0","31","456","-0.59","-0.55","0","43036","56","-0.565"
"2021-05-18","18 May 2021","0","30","464","-0.58","-0.54","0","45226","54","-0.558"
"2021-05-19","19 May 2021","0","31","453","-0.58","-0.55","0","45375","52","-0.564"
"2021-05-20","20 May 2021","0","31","465","-0.58","-0.55","0","45516","54","-0.563"
"2021-05-21","21 May 2021","0","24","343","-0.58","-0.55","0","35085","58","-0.564"
"2021-05-24","24 May 2021","0","24","311","-0.59","-0.55","0","35059","56","-0.566"
"2021-05-25","25 May 2021","0","31","441","-0.59","-0.55","0","44876","53","-0.565"
"2021-05-26","26 May 2021","0","31","450","-0.59","-0.55","0","46159","54","-0.565"
"2021-05-27","27 May 2021","0","30","433","-0.58","-0.55","0","45435","57","-0.564"
"2021-05-28","28 May 2021","0","31","371","-0.60","-0.54","0","38000","55","-0.566"
"2021-05-31","31 May 2021","0","29","380","-0.60","-0.55","0","37631","62","-0.571"
"2021-06-01","01 Jun 2021","0","28","448","-0.58","-0.55","0","49004","58","-0.564"
"2021-06-02","02 Jun 2021","0","28","395","-0.58","-0.55","0","42552","60","-0.563"
"2021-06-03","03 Jun 2021","0","29","411","-0.58","-0.55","0","43233","62","-0.563"
"2021-06-04","04 Jun 2021","0","31","461","-0.58","-0.55","0","47087","58","-0.563"
"2021-06-07","07 Jun 2021","0","30","446","-0.58","-0.55","0","46150","59","-0.564"
"2021-06-08","08 Jun 2021","0","32","456","-0.58","-0.55","0","43660","62","-0.563"
"2021-06-09","09 Jun 2021","0","31","450","-0.58","-0.55","0","43666","60","-0.564"
"2021-06-10","10 Jun 2021","0","29","420","-0.58","-0.55","0","40680","65","-0.561"
"2021-06-11","11 Jun 2021","0","31","463","-0.58","-0.55","0","45334","57","-0.566"
"2021-06-14","14 Jun 2021","0","29","453","-0.59","-0.55","0","45066","57","-0.565"
"2021-06-15","15 Jun 2021","0","30","456","-0.58","-0.54","0","50091","52","-0.561"
"2021-06-16","16 Jun 2021","0","29","452","-0.58","-0.54","0","43971","60","-0.562"
"2021-06-17","17 Jun 2021","0","31","443","-0.58","-0.54","0","42415","61","-0.563"
"2021-06-18","18 Jun 2021","0","29","437","-0.58","-0.54","0","41618","62","-0.563"
"2021-06-21","21 Jun 2021","0","28","467","-0.58","-0.54","0","43721","58","-0.564"
"2021-06-22","22 Jun 2021","0","30","457","-0.58","-0.54","0","41014","57","-0.564"
"2021-06-23","23 Jun 2021","0","31","447","-0.58","-0.54","0","40523","58","-0.563"
"2021-06-24","24 Jun 2021","0","31","455","-0.58","-0.55","0","40796","54","-0.565"
"2021-06-25","25 Jun 2021","0","30","457","-0.58","-0.55","0","40811","54","-0.565"
"2021-06-28","28 Jun 2021","0","31","469","-0.59","-0.55","0","41677","55","-0.566"
"2021-06-29","29 Jun 2021","0","30","409","-0.60","-0.55","0","37503","57","-0.568"
"2021-06-30","30 Jun 2021","0","28","455","-0.60","-0.54","0","34473","59","-0.581"
"2021-07-01","01 Jul 2021","0","30","476","-0.59","-0.54","0","43218","56","-0.565"
"2021-07-02","02 Jul 2021","0","30","494","-0.59","-0.55","0","46025","57","-0.565"
"2021-07-05","05 Jul 2021","0","30","514","-0.59","-0.54","0","51933","52","-0.566"
"2021-07-06","06 Jul 2021","0","29","492","-0.58","-0.55","0","46373","58","-0.565"
"2021-07-07","07 Jul 2021","0","29","486","-0.58","-0.55","0","48092","59","-0.565"
"2021-07-08","08 Jul 2021","0","31","506","-0.58","-0.55","0","50011","57","-0.566"
"2021-07-09","09 Jul 2021","0","30","497","-0.58","-0.55","0","52139","56","-0.566"
"2021-07-12","12 Jul 2021","0","28","449","-0.59","-0.55","0","42542","58","-0.568"
"2021-07-13","13 Jul 2021","0","30","481","-0.58","-0.55","0","47559","59","-0.566"
"2021-07-14","14 Jul 2021","0","30","488","-0.59","-0.54","0","47230","58","-0.566"
"2021-07-15","15 Jul 2021","0","33","502","-0.58","-0.55","0","49676","57","-0.566"
"2021-07-16","16 Jul 2021","0","31","493","-0.58","-0.55","0","50450","56","-0.567"
"2021-07-19","19 Jul 2021","0","33","498","-0.58","-0.55","0","50509","55","-0.566"
"2021-07-20","20 Jul 2021","0","30","488","-0.58","-0.55","0","49967","56","-0.567"
"2021-07-21","21 Jul 2021","0","30","501","-0.58","-0.55","0","52586","56","-0.568"
"2021-07-22","22 Jul 2021","0","28","409","-0.58","-0.54","0","40605","66","-0.563"
"2021-07-23","23 Jul 2021","0","30","509","-0.58","-0.55","0","50208","57","-0.567"
"2021-07-26","26 Jul 2021","0","30","524","-0.58","-0.55","0","49755","56","-0.567"
"2021-07-27","27 Jul 2021","0","32","527","-0.58","-0.54","0","54696","52","-0.563"
"2021-07-28","28 Jul 2021","0","31","511","-0.59","-0.55","0","50519","57","-0.567"
"2021-07-29","29 Jul 2021","0","30","506","-0.59","-0.55","0","47964","57","-0.567"
"2021-07-30","30 Jul 2021","0","28","471","-0.60","-0.55","0","43874","60","-0.571"
"2021-08-02","02 Aug 2021","0","28","426","-0.58","-0.55","0","44914","62","-0.565"
"2021-08-03","03 Aug 2021","0","30","511","-0.60","-0.55","0","53388","57","-0.570"
"2021-08-04","04 Aug 2021","0","29","503","-0.60","-0.55","0","54069","57","-0.570"
"2021-08-05","05 Aug 2021","0","30","440","-0.58","-0.55","0","47580","59","-0.566"
"2021-08-06","06 Aug 2021","0","29","503","-0.59","-0.55","0","55680","60","-0.569"
"2021-08-09","09 Aug 2021","0","30","505","-0.59","-0.55","0","51272","57","-0.568"
"2021-08-10","10 Aug 2021","0","33","529","-0.59","-0.55","0","51988","57","-0.567"
"2021-08-11","11 Aug 2021","0","31","515","-0.58","-0.55","0","50480","59","-0.567"
"2021-08-12","12 Aug 2021","0","32","522","-0.59","-0.55","0","51208","57","-0.568"
"2021-08-13","13 Aug 2021","0","31","493","-0.59","-0.55","0","49636","57","-0.569"
"2021-08-16","16 Aug 2021","0","30","490","-0.59","-0.55","0","49862","59","-0.569"
"2021-08-17","17 Aug 2021","0","31","513","-0.59","-0.55","0","51196","58","-0.568"
"2021-08-18","18 Aug 2021","0","32","512","-0.59","-0.55","0","51169","58","-0.567"
"2021-08-19","19 Aug 2021","0","32","515","-0.59","-0.55","0","49694","58","-0.567"
"2021-08-20","20 Aug 2021","0","30","506","-0.59","-0.55","0","48770","59","-0.567"
"2021-08-23","23 Aug 2021","0","31","497","-0.60","-0.55","0","48214","57","-0.568"
"2021-08-24","24 Aug 2021","0","31","476","-0.60","-0.55","0","45630","59","-0.567"
"2021-08-25","25 Aug 2021","0","30","421","-0.58","-0.55","0","40667","61","-0.564"
"2021-08-26","26 Aug 2021","0","31","479","-0.60","-0.55","0","43115","61","-0.570"
"2021-08-27","27 Aug 2021","0","30","407","-0.60","-0.55","0","39125","63","-0.570"
"2021-08-30","30 Aug 2021","0","31","415","-0.60","-0.55","0","40393","57","-0.568"
"2021-08-31","31 Aug 2021","0","29","488","-0.59","-0.55","0","46830","60","-0.570"
"2021-09-01","01 Sep 2021","0","30","495","-0.59","-0.55","0","47799","60","-0.569"
"2021-09-02","02 Sep 2021","0","31","489","-0.60","-0.55","0","47228","63","-0.569"
"2021-09-03","03 Sep 2021","0","32","482","-0.59","-0.55","0","46009","62","-0.568"
"2021-09-06","06 Sep 2021","0","33","498","-0.59","-0.55","0","48588","59","-0.569"
"2021-09-07","07 Sep 2021","0","33","518","-0.59","-0.55","0","51173","58","-0.569"
"2021-09-08","08 Sep 2021","0","34","513","-0.59","-0.55","0","50012","59","-0.569"
"2021-09-09","09 Sep 2021","0","33","512","-0.60","-0.55","0","50201","58","-0.570"
"2021-09-10","10 Sep 2021","0","31","524","-0.60","-0.55","0","50435","57","-0.570"
"2021-09-13","13 Sep 2021","0","33","525","-0.60","-0.55","0","52439","57","-0.571"
"2021-09-14","14 Sep 2021","0","32","488","-0.60","-0.55","0","50608","56","-0.568"
"2021-09-15","15 Sep 2021","0","32","499","-0.60","-0.55","0","49011","59","-0.573"
"2021-09-16","16 Sep 2021","0","31","445","-0.59","-0.55","0","41040","60","-0.567"
"2021-09-17","17 Sep 2021","0","31","511","-0.60","-0.55","0","48899","58","-0.571"
"2021-09-20","20 Sep 2021","0","29","441","-0.59","-0.55","0","40441","58","-0.566"
"2021-09-21","21 Sep 2021","0","31","488","-0.60","-0.55","0","43817","55","-0.571"
"2021-09-22","22 Sep 2021","0","30","433","-0.60","-0.55","0","40309","59","-0.566"
"2021-09-23","23 Sep 2021","0","29","494","-0.60","-0.55","0","45692","57","-0.570"
"2021-09-24","24 Sep 2021","0","30","503","-0.60","-0.55","0","44105","57","-0.569"
"2021-09-27","27 Sep 2021","0","31","505","-0.60","-0.55","0","42149","57","-0.571"
"2021-09-28","28 Sep 2021","0","31","514","-0.60","-0.55","0","45320","57","-0.573"
"2021-09-29","29 Sep 2021","0","29","497","-0.60","-0.55","0","42694","60","-0.572"
"2021-09-30","30 Sep 2021","0","30","536","-0.60","-0.55","0","44503","54","-0.580"
"2021-10-01","01 Oct 2021","0","28","508","-0.60","-0.55","0","44137","57","-0.571"
"2021-10-04","04 Oct 2021","0","30","500","-0.60","-0.55","0","49035","60","-0.569"
"2021-10-05","05 Oct 2021","0","29","519","-0.60","-0.55","0","49171","59","-0.569"
"2021-10-06","06 Oct 2021","0","29","539","-0.60","-0.55","0","47637","56","-0.569"
"2021-10-07","07 Oct 2021","0","30","537","-0.60","-0.55","0","47598","57","-0.568"
"2021-10-08","08 Oct 2021","0","30","554","-0.59","-0.55","0","53048","57","-0.568"
"2021-10-11","11 Oct 2021","0","30","536","-0.60","-0.55","0","49032","57","-0.570"
"2021-10-12","12 Oct 2021","0","30","560","-0.60","-0.54","0","51461","57","-0.562"
"2021-10-13","13 Oct 2021","0","32","551","-0.60","-0.55","0","51383","55","-0.569"
"2021-10-14","14 Oct 2021","0","31","541","-0.60","-0.55","0","51894","55","-0.570"
"2021-10-15","15 Oct 2021","0","32","568","-0.60","-0.55","0","55452","54","-0.572"
"2021-10-18","18 Oct 2021","0","31","552","-0.60","-0.55","0","52371","56","-0.574"
"2021-10-19","19 Oct 2021","0","32","535","-0.60","-0.55","0","50367","57","-0.573"
"2021-10-20","20 Oct 2021","0","30","502","-0.60","-0.55","0","48089","57","-0.571"
"2021-10-21","21 Oct 2021","0","32","520","-0.60","-0.55","0","49298","57","-0.573"
"2021-10-22","22 Oct 2021","0","30","523","-0.59","-0.55","0","50668","58","-0.569"
"2021-10-25","25 Oct 2021","0","30","533","-0.59","-0.55","0","54376","56","-0.571"
"2021-10-26","26 Oct 2021","0","27","521","-0.59","-0.55","0","52184","58","-0.570"
"2021-10-27","27 Oct 2021","0","27","524","-0.60","-0.55","0","51795","59","-0.573"
"2021-10-28","28 Oct 2021","0","26","504","-0.60","-0.55","0","52440","62","-0.573"
"2021-10-29","29 Oct 2021","0","24","439","-0.60","-0.56","0","43411","65","-0.578"
"2021-11-01","01 Nov 2021","0","26","445","-0.60","-0.56","0","51915","59","-0.579"
"2021-11-02","02 Nov 2021","0","27","525","-0.60","-0.55","0","61435","54","-0.569"
"2021-11-03","03 Nov 2021","0","28","521","-0.60","-0.55","0","57799","56","-0.574"
"2021-11-04","04 Nov 2021","0","29","539","-0.60","-0.55","0","56563","58","-0.573"
"2021-11-05","05 Nov 2021","0","32","529","-0.60","-0.55","0","57861","57","-0.572"
"2021-11-08","08 Nov 2021","0","30","536","-0.60","-0.55","0","58809","56","-0.575"
"2021-11-09","09 Nov 2021","0","29","537","-0.60","-0.55","0","58786","55","-0.575"
"2021-11-10","10 Nov 2021","0","29","502","-0.60","-0.55","0","52346","58","-0.576"
"2021-11-11","11 Nov 2021","0","31","510","-0.60","-0.55","0","51698","57","-0.575"
"2021-11-12","12 Nov 2021","0","29","516","-0.60","-0.55","0","51705","58","-0.572"
"2021-11-15","15 Nov 2021","0","28","519","-0.59","-0.55","0","52188","58","-0.569"
"2021-11-16","16 Nov 2021","0","28","529","-0.60","-0.55","0","54626","58","-0.571"
"2021-11-17","17 Nov 2021","0","31","523","-0.60","-0.55","0","51193","59","-0.571"
"2021-11-18","18 Nov 2021","0","31","520","-0.60","-0.55","0","51693","57","-0.571"
"2021-11-19","19 Nov 2021","0","31","504","-0.60","-0.55","0","52996","60","-0.573"
"2021-11-22","22 Nov 2021","0","32","524","-0.60","-0.55","0","55515","57","-0.573"
"2021-11-23","23 Nov 2021","0","29","499","-0.60","-0.55","0","51820","59","-0.574"
"2021-11-24","24 Nov 2021","0","30","523","-0.60","-0.55","0","50814","58","-0.570"
"2021-11-25","25 Nov 2021","0","29","523","-0.60","-0.55","0","48079","56","-0.573"
"2021-11-26","26 Nov 2021","0","30","522","-0.60","-0.55","0","47414","56","-0.573"
"2021-11-29","29 Nov 2021","0","29","519","-0.59","-0.55","0","50121","59","-0.573"
"2021-11-30","30 Nov 2021","0","26","498","-0.59","-0.56","0","49024","59","-0.575"
"2021-12-01","01 Dec 2021","0","27","522","-0.59","-0.56","0","57156","54","-0.574"
"2021-12-02","02 Dec 2021","0","28","562","-0.59","-0.56","0","58888","55","-0.575"
"2021-12-03","03 Dec 2021","0","31","543","-0.59","-0.57","0","56585","55","-0.578"
"2021-12-06","06 Dec 2021","0","29","562","-0.59","-0.57","0","55956","55","-0.578"
"2021-12-07","07 Dec 2021","0","29","554","-0.59","-0.57","0","53373","53","-0.577"
"2021-12-08","08 Dec 2021","0","30","554","-0.59","-0.57","0","52044","54","-0.577"
"2021-12-09","09 Dec 2021","0","33","541","-0.60","-0.57","0","48196","55","-0.578"
"2021-12-10","10 Dec 2021","0","30","532","-0.60","-0.57","0","47274","54","-0.577"
"2021-12-13","13 Dec 2021","0","30","528","-0.60","-0.57","0","45877","54","-0.579"
"2021-12-14","14 Dec 2021","0","31","518","-0.59","-0.57","0","46144","55","-0.577"
"2021-12-15","15 Dec 2021","0","32","501","-0.59","-0.57","0","41887","57","-0.577"
"2021-12-16","16 Dec 2021","0","33","493","-0.59","-0.57","0","43249","54","-0.577"
"2021-12-17","17 Dec 2021","0","32","500","-0.59","-0.56","0","44473","54","-0.576"
"2021-12-20","20 Dec 2021","0","28","477","-0.60","-0.56","0","38584","57","-0.576"
"2021-12-21","21 Dec 2021","0","29","481","-0.58","-0.54","0","40889","53","-0.571"
"2021-12-22","22 Dec 2021","0","29","465","-0.58","-0.55","0","34591","56","-0.574"
"2021-12-23","23 Dec 2021","0","26","382","-0.60","-0.57","0","28739","56","-0.576"
"2021-12-24","24 Dec 2021","0","22","218","-0.60","-0.57","0","20979","54","-0.580"
"2021-12-27","27 Dec 2021","0","25","322","-0.60","-0.55","0","28533","59","-0.576"
"2021-12-28","28 Dec 2021","0","24","308","-0.60","-0.55","0","29069","56","-0.575"
"2021-12-29","29 Dec 2021","0","26","470","-0.60","-0.57","0","41073","58","-0.578"
"2021-12-30","30 Dec 2021","0","27","422","-0.60","-0.57","0","34922","58","-0.580"
"2021-12-31","31 Dec 2021","1","17","104","-0.80","-0.50","0","13648","69","-0.590"
"2022-01-03","03 Jan 2022","0","25","329","-0.59","-0.55","0","34989","57","-0.578"
"2022-01-04","04 Jan 2022","0","27","521","-0.60","-0.56","0","54350","59","-0.578"
"2022-01-05","05 Jan 2022","0","27","458","-0.59","-0.56","0","47707","66","-0.578"
"2022-01-06","06 Jan 2022","0","27","479","-0.59","-0.55","0","52354","62","-0.578"
"2022-01-07","07 Jan 2022","0","28","490","-0.59","-0.57","0","53850","61","-0.580"
"2022-01-10","10 Jan 2022","0","30","513","-0.60","-0.56","0","56568","59","-0.579"
"2022-01-11","11 Jan 2022","0","32","518","-0.59","-0.56","0","58208","56","-0.579"
"2022-01-12","12 Jan 2022","0","32","516","-0.59","-0.56","0","53460","59","-0.578"
"2022-01-13","13 Jan 2022","0","31","522","-0.59","-0.55","0","55734","58","-0.578"
"2022-01-14","14 Jan 2022","0","29","544","-0.59","-0.55","0","58192","57","-0.578"
"2022-01-17","17 Jan 2022","0","32","543","-0.59","-0.56","0","61387","55","-0.578"
"2022-01-18","18 Jan 2022","0","29","515","-0.59","-0.56","0","57391","58","-0.579"
"2022-01-19","19 Jan 2022","0","31","535","-0.59","-0.56","0","59057","56","-0.578"
"2022-01-20","20 Jan 2022","0","31","526","-0.59","-0.56","0","59181","58","-0.579"
"2022-01-21","21 Jan 2022","0","31","553","-0.60","-0.56","0","60385","57","-0.579"
"2022-01-24","24 Jan 2022","0","27","503","-0.60","-0.56","0","56792","58","-0.579"
"2022-01-25","25 Jan 2022","0","31","520","-0.59","-0.56","0","55916","58","-0.578"
"2022-01-26","26 Jan 2022","0","29","553","-0.59","-0.55","0","53985","57","-0.576"
"2022-01-27","27 Jan 2022","0","29","549","-0.59","-0.55","0","49701","56","-0.573"
"2022-01-28","28 Jan 2022","0","30","557","-0.59","-0.55","0","49577","56","-0.573"
"2022-01-31","31 Jan 2022","0","28","572","-0.59","-0.57","0","51251","59","-0.579"
"2022-02-01","01 Feb 2022","0","28","557","-0.59","-0.55","0","61839","57","-0.578"
"2022-02-02","02 Feb 2022","0","29","555","-0.59","-0.56","0","59971","57","-0.578"
"2022-02-03","03 Feb 2022","0","30","541","-0.59","-0.55","0","57713","60","-0.577"
"2022-02-04","04 Feb 2022","0","32","561","-0.59","-0.55","0","59809","59","-0.578"
"2022-02-07","07 Feb 2022","0","31","552","-0.60","-0.55","0","59909","59","-0.578"
"2022-02-08","08 Feb 2022","0","32","567","-0.59","-0.55","0","64910","57","-0.574"
"2022-02-09","09 Feb 2022","0","31","558","-0.59","-0.56","0","59604","58","-0.578"
"2022-02-10","10 Feb 2022","0","32","542","-0.59","-0.55","0","57260","58","-0.572"
"2022-02-11","11 Feb 2022","0","32","557","-0.59","-0.56","0","57333","57","-0.578"
"2022-02-14","14 Feb 2022","0","32","564","-0.59","-0.55","0","58941","56","-0.578"
"2022-02-15","15 Feb 2022","0","31","560","-0.59","-0.55","0","56535","59","-0.576"
"2022-02-16","16 Feb 2022","0","30","548","-0.59","-0.55","0","55371","59","-0.576"
"2022-02-17","17 Feb 2022","0","32","548","-0.59","-0.55","0","56707","59","-0.576"
"2022-02-18","18 Feb 2022","0","31","534","-0.60","-0.55","0","56196","59","-0.576"
"2022-02-21","21 Feb 2022","0","32","551","-0.59","-0.55","0","56931","58","-0.576"
"2022-02-22","22 Feb 2022","0","32","552","-0.59","-0.55","0","55856","57","-0.575"
"2022-02-23","23 Feb 2022","0","31","550","-0.60","-0.55","0","52700","55","-0.576"
"2022-02-24","24 Feb 2022","0","31","556","-0.59","-0.55","0","51865","55","-0.576"
"2022-02-25","25 Feb 2022","0","29","555","-0.59","-0.55","0","51503","56","-0.575"
"2022-02-28","28 Feb 2022","0","26","556","-0.60","-0.57","0","49166","59","-0.580"
"2022-03-01","01 Mar 2022","0","30","556","-0.60","-0.55","0","60449","55","-0.577"
"2022-03-02","02 Mar 2022","0","30","552","-0.60","-0.55","0","58868","57","-0.578"
"2022-03-03","03 Mar 2022","0","29","559","-0.60","-0.55","0","58643","56","-0.579"
"2022-03-04","04 Mar 2022","0","29","550","-0.60","-0.55","0","57620","59","-0.577"
"2022-03-07","07 Mar 2022","0","29","584","-0.60","-0.56","0","63220","55","-0.579"
"2022-03-08","08 Mar 2022","0","31","588","-0.60","-0.56","0","62845","55","-0.579"
"2022-03-09","09 Mar 2022","0","30","593","-0.60","-0.57","0","60292","58","-0.580"
"2022-03-10","10 Mar 2022","0","31","586","-0.59","-0.55","0","57504","56","-0.576"
"2022-03-11","11 Mar 2022","0","32","565","-0.60","-0.55","0","55136","57","-0.577"
"2022-03-14","14 Mar 2022","0","31","576","-0.60","-0.55","0","56222","57","-0.577"
"2022-03-15","15 Mar 2022","0","30","583","-0.59","-0.55","0","58829","53","-0.573"
"2022-03-16","16 Mar 2022","0","31","568","-0.60","-0.55","0","57659","54","-0.577"
"2022-03-17","17 Mar 2022","0","32","545","-0.60","-0.55","0","55349","55","-0.578"
"2022-03-18","18 Mar 2022","0","30","562","-0.60","-0.56","0","58552","54","-0.578"
"2022-03-21","21 Mar 2022","0","32","571","-0.60","-0.56","0","59267","55","-0.578"
"2022-03-22","22 Mar 2022","0","31","569","-0.60","-0.55","0","55017","57","-0.578"
"2022-03-23","23 Mar 2022","0","32","567","-0.60","-0.55","0","53456","57","-0.578"
"2022-03-24","24 Mar 2022","0","29","547","-0.60","-0.57","0","51984","57","-0.579"
"2022-03-25","25 Mar 2022","0","30","552","-0.60","-0.57","0","49459","58","-0.581"
"2022-03-28","28 Mar 2022","0","29","551","-0.60","-0.57","0","51272","57","-0.580"
"2022-03-29","29 Mar 2022","0","28","552","-0.60","-0.56","0","50828","57","-0.579"
"2022-03-30","30 Mar 2022","0","30","544","-0.60","-0.57","0","48039","55","-0.579"
"2022-03-31","31 Mar 2022","0","29","566","-0.62","-0.56","0","49246","59","-0.593"
"2022-04-01","01 Apr 2022","0","30","518","-0.60","-0.57","0","47352","60","-0.582"
"2022-04-04","04 Apr 2022","0","29","536","-0.60","-0.56","0","53551","56","-0.585"
"2022-04-05","05 Apr 2022","0","29","507","-0.60","-0.57","0","50523","59","-0.586"
"2022-04-06","06 Apr 2022","0","31","528","-0.60","-0.57","0","50236","56","-0.584"
"2022-04-07","07 Apr 2022","0","31","523","-0.60","-0.57","0","46296","55","-0.582"
"2022-04-08","08 Apr 2022","0","31","529","-0.60","-0.56","0","47007","55","-0.583"
"2022-04-11","11 Apr 2022","0","31","529","-0.60","-0.56","0","51375","56","-0.584"
"2022-04-12","12 Apr 2022","0","31","526","-0.60","-0.57","0","49164","58","-0.583"
"2022-04-13","13 Apr 2022","0","30","523","-0.60","-0.57","0","48787","57","-0.585"
"2022-04-14","14 Apr 2022","0","30","546","-0.60","-0.57","0","49464","56","-0.586"
"2022-04-19","19 Apr 2022","0","30","568","-0.60","-0.55","0","56421","54","-0.580"
"2022-04-20","20 Apr 2022","0","30","552","-0.60","-0.56","0","52926","58","-0.583"
"2022-04-21","21 Apr 2022","0","29","541","-0.60","-0.57","0","52801","57","-0.585"
"2022-04-22","22 Apr 2022","0","30","539","-0.60","-0.56","0","52795","57","-0.583"
"2022-04-25","25 Apr 2022","0","31","546","-0.60","-0.57","0","54530","59","-0.585"
"2022-04-26","26 Apr 2022","0","29","553","-0.60","-0.57","0","54528","59","-0.582"
"2022-04-27","27 Apr 2022","0","28","548","-0.60","-0.57","0","52664","59","-0.583"
"2022-04-28","28 Apr 2022","0","26","546","-0.60","-0.56","0","50131","57","-0.583"
"2022-04-29","29 Apr 2022","0","23","387","-0.60","-0.57","0","32825","67","-0.586"
"2022-05-02","02 May 2022","0","26","376","-0.60","-0.56","0","37633","57","-0.583"
"2022-05-03","03 May 2022","0","26","448","-0.59","-0.55","0","42286","61","-0.579"
"2022-05-04","04 May 2022","0","28","581","-0.60","-0.57","0","54230","56","-0.585"
"2022-05-05","05 May 2022","0","30","564","-0.60","-0.56","0","53671","57","-0.585"
"2022-05-06","06 May 2022","0","30","556","-0.60","-0.56","0","50704","55","-0.585"
"2022-05-09","09 May 2022","0","30","569","-0.60","-0.57","0","50849","56","-0.586"
"2022-05-10","10 May 2022","0","30","584","-0.60","-0.56","0","49803","57","-0.584"
"2022-05-11","11 May 2022","0","31","604","-0.60","-0.57","0","50222","56","-0.584"
"2022-05-12","12 May 2022","0","31","581","-0.60","-0.55","0","51681","57","-0.577"
"2022-05-13","13 May 2022","0","30","584","-0.60","-0.57","0","50090","56","-0.586"
"2022-05-16","16 May 2022","0","30","584","-0.60","-0.57","0","50348","57","-0.585"
"2022-05-17","17 May 2022","0","31","586","-0.60","-0.57","0","50165","57","-0.585"
"2022-05-18","18 May 2022","0","31","600","-0.60","-0.57","0","52370","56","-0.585"
"2022-05-19","19 May 2022","0","30","577","-0.60","-0.57","0","52549","57","-0.585"
"2022-05-20","20 May 2022","0","30","573","-0.60","-0.57","0","51990","58","-0.585"
"2022-05-23","23 May 2022","0","29","588","-0.60","-0.57","0","50977","55","-0.586"
"2022-05-24","24 May 2022","0","30","549","-0.60","-0.57","0","48403","54","-0.587"
"2022-05-25","25 May 2022","0","28","441","-0.60","-0.56","0","37427","56","-0.587"
"2022-05-26","26 May 2022","0","23","253","-0.60","-0.57","0","30811","59","-0.590"
"2022-05-27","27 May 2022","0","30","571","-0.60","-0.57","0","50882","58","-0.585"
"2022-05-30","30 May 2022","0","30","574","-0.60","-0.57","0","52570","57","-0.586"
"2022-05-31","31 May 2022","0","28","564","-0.60","-0.58","0","46639","65","-0.589"
"2022-06-01","01 Jun 2022","0","30","482","-0.60","-0.56","0","42701","57","-0.582"
"2022-06-02","02 Jun 2022","0","29","457","-0.60","-0.56","0","43042","56","-0.585"
"2022-06-03","03 Jun 2022","0","27","339","-0.60","-0.57","0","30981","55","-0.587"
"2022-06-06","06 Jun 2022","0","30","266","-0.60","-0.57","0","33909","54","-0.590"
"2022-06-07","07 Jun 2022","0","30","558","-0.60","-0.56","0","52531","53","-0.583"
"2022-06-08","08 Jun 2022","0","31","563","-0.60","-0.56","0","52783","54","-0.582"
"2022-06-09","09 Jun 2022","0","32","571","-0.60","-0.56","0","54342","50","-0.582"
"2022-06-10","10 Jun 2022","0","31","568","-0.60","-0.56","0","52937","50","-0.581"
"2022-06-13","13 Jun 2022","0","30","581","-0.60","-0.56","0","53122","50","-0.580"
"2022-06-14","14 Jun 2022","0","31","583","-0.60","-0.55","0","54692","48","-0.578"
"2022-06-15","15 Jun 2022","0","30","504","-0.60","-0.56","0","41842","48","-0.580"
"2022-06-16","16 Jun 2022","0","27","310","-0.60","-0.56","0","35547","54","-0.582"
"2022-06-17","17 Jun 2022","0","30","578","-0.60","-0.56","0","52402","50","-0.582"
"2022-06-20","20 Jun 2022","0","31","591","-0.60","-0.56","0","54669","51","-0.581"
"2022-06-21","21 Jun 2022","0","30","572","-0.60","-0.56","0","54285","51","-0.582"
"2022-06-22","22 Jun 2022","0","30","561","-0.60","-0.56","0","49124","51","-0.579"
"2022-06-23","23 Jun 2022","0","28","509","-0.60","-0.56","0","46555","55","-0.578"
"2022-06-24","24 Jun 2022","0","30","510","-0.60","-0.56","0","46271","54","-0.580"
"2022-06-27","27 Jun 2022","0","30","528","-0.60","-0.56","0","49738","52","-0.579"
"2022-06-28","28 Jun 2022","0","30","535","-0.60","-0.56","0","49215","51","-0.581"
"2022-06-29","29 Jun 2022","0","31","524","-0.60","-0.56","0","45127","51","-0.578"
"2022-06-30","30 Jun 2022","0","27","539","-0.62","-0.55","0","43590","56","-0.591"
"2022-07-01","01 Jul 2022","0","30","552","-0.60","-0.56","0","53342","52","-0.580"
"2022-07-04","04 Jul 2022","0","30","561","-0.60","-0.56","0","61578","49","-0.580"
"2022-07-05","05 Jul 2022","0","31","562","-0.60","-0.56","0","57639","50","-0.580"
"2022-07-06","06 Jul 2022","0","31","559","-0.60","-0.56","0","56374","52","-0.580"
"2022-07-07","07 Jul 2022","0","29","549","-0.60","-0.56","0","55287","54","-0.579"
"2022-07-08","08 Jul 2022","0","32","545","-0.60","-0.56","0","52226","53","-0.579"
"2022-07-11","11 Jul 2022","0","31","545","-0.60","-0.56","0","55865","52","-0.580"
"2022-07-12","12 Jul 2022","0","31","542","-0.60","-0.56","0","53209","53","-0.580"
"2022-07-13","13 Jul 2022","0","31","528","-0.60","-0.56","0","52524","54","-0.581"
"2022-07-14","14 Jul 2022","0","31","534","-0.60","-0.56","0","53633","54","-0.582"
"2022-07-15","15 Jul 2022","0","31","555","-0.60","-0.56","0","56918","51","-0.582"
"2022-07-18","18 Jul 2022","0","31","555","-0.60","-0.56","0","58518","52","-0.582"
"2022-07-19","19 Jul 2022","0","31","564","-0.60","-0.56","0","57407","51","-0.583"
"2022-07-20","20 Jul 2022","0","31","564","-0.60","-0.56","0","56812","52","-0.582"
"2022-07-21","21 Jul 2022","0","31","522","-0.60","-0.56","0","57875","53","-0.584"
"2022-07-22","22 Jul 2022","0","31","564","-0.60","-0.56","0","59491","53","-0.582"
"2022-07-25","25 Jul 2022","0","30","578","-0.60","-0.56","0","63203","49","-0.583"
"2022-07-26","26 Jul 2022","0","31","585","-0.60","-0.56","0","64954","48","-0.581"
"2022-07-27","27 Jul 2022","0","30","561","-0.10","-0.06","0","57526","53","-0.085"
"2022-07-28","28 Jul 2022","0","31","564","-0.10","-0.06","0","56028","53","-0.087"
"2022-07-29","29 Jul 2022","0","26","550","-0.10","-0.06","0","56544","56","-0.091"
"2022-08-01","01 Aug 2022","0","30","529","-0.10","-0.06","0","61402","51","-0.088"
"2022-08-02","02 Aug 2022","0","30","553","-0.10","-0.06","0","62019","52","-0.087"
"2022-08-03","03 Aug 2022","0","29","542","-0.10","-0.06","0","59914","54","-0.087"
"2022-08-04","04 Aug 2022","0","32","546","-0.10","-0.06","0","57966","54","-0.084"
"2022-08-05","05 Aug 2022","0","31","544","-0.10","-0.06","0","57294","52","-0.085"
"2022-08-08","08 Aug 2022","0","30","541","-0.10","-0.06","0","55066","53","-0.085"
"2022-08-09","09 Aug 2022","0","31","540","-0.10","-0.06","0","57449","54","-0.085"
"2022-08-10","10 Aug 2022","0","32","544","-0.10","-0.06","0","56145","54","-0.086"
"2022-08-11","11 Aug 2022","0","30","529","-0.10","-0.06","0","54669","54","-0.085"
"2022-08-12","12 Aug 2022","0","25","465","-0.10","-0.06","0","43872","55","-0.088"
"2022-08-15","15 Aug 2022","0","27","452","-0.10","-0.06","0","45407","55","-0.088"
"2022-08-16","16 Aug 2022","0","31","531","-0.10","-0.06","0","57939","52","-0.087"
"2022-08-17","17 Aug 2022","0","30","534","-0.10","-0.06","0","56364","53","-0.087"
"2022-08-18","18 Aug 2022","0","31","538","-0.10","-0.06","0","53819","52","-0.084"
"2022-08-19","19 Aug 2022","0","29","522","-0.10","-0.06","0","52193","54","-0.084"
"2022-08-22","22 Aug 2022","0","29","520","-0.10","-0.06","0","50308","52","-0.082"
"2022-08-23","23 Aug 2022","0","30","521","-0.10","-0.06","0","47921","51","-0.080"
"2022-08-24","24 Aug 2022","0","29","497","-0.10","-0.06","0","46904","53","-0.082"
"2022-08-25","25 Aug 2022","0","28","504","-0.10","-0.06","0","45309","51","-0.080"
"2022-08-26","26 Aug 2022","0","28","448","-0.10","-0.06","0","42493","51","-0.080"
"2022-08-29","29 Aug 2022","0","30","425","-0.10","-0.06","0","41119","49","-0.081"
"2022-08-30","30 Aug 2022","0","29","495","-0.10","-0.06","0","47754","51","-0.084"
"2022-08-31","31 Aug 2022","0","27","526","-0.10","-0.07","0","46032","53","-0.091"
"2022-09-01","01 Sep 2022","0","28","518","-0.10","-0.06","0","48239","51","-0.084"
"2022-09-02","02 Sep 2022","0","29","507","-0.10","-0.06","0","49689","52","-0.083"
"2022-09-05","05 Sep 2022","0","32","539","-0.10","-0.06","0","53309","52","-0.087"
"2022-09-06","06 Sep 2022","0","31","531","-0.10","-0.06","0","52441","51","-0.085"
"2022-09-07","07 Sep 2022","0","29","545","-0.10","-0.05","0","57506","54","-0.076"
"2022-09-08","08 Sep 2022","0","31","530","-0.10","-0.06","0","56029","52","-0.086"
"2022-09-09","09 Sep 2022","0","31","548","-0.10","-0.06","0","61967","51","-0.085"
"2022-09-12","12 Sep 2022","0","30","556","-0.10","-0.06","0","64826","54","-0.086"
"2022-09-13","13 Sep 2022","0","28","582","-0.10","-0.06","0","72736","54","-0.083"
"2022-09-14","14 Sep 2022","0","31","703","0.65","0.69","0","80024","52","0.662"
"2022-09-15","15 Sep 2022","0","31","687","0.65","0.68","0","78908","49","0.660"
"2022-09-16","16 Sep 2022","0","32","596","0.65","0.68","0","68082","45","0.660"
"2022-09-19","19 Sep 2022","0","30","578","0.65","0.68","0","64024","47","0.657"
"2022-09-20","20 Sep 2022","0","31","649","0.65","0.68","0","69100","47","0.659"
"2022-09-21","21 Sep 2022","0","32","637","0.65","0.68","0","61597","50","0.661"
"2022-09-22","22 Sep 2022","0","33","635","0.65","0.68","0","59724","51","0.661"
"2022-09-23","23 Sep 2022","0","34","677","0.65","0.68","0","64010","51","0.662"
"2022-09-26","26 Sep 2022","0","31","688","0.65","0.68","0","62851","50","0.663"
"2022-09-27","27 Sep 2022","0","31","665","0.65","0.68","0","57680","49","0.662"
"2022-09-28","28 Sep 2022","0","32","634","0.65","0.68","0","51093","51","0.662"
"2022-09-29","29 Sep 2022","0","33","641","0.65","0.68","0","50732","51","0.661"
"2022-09-30","30 Sep 2022","0","28","504","0.60","0.68","0","35544","52","0.642"
"2022-10-03","03 Oct 2022","0","29","435","0.64","0.68","0","51661","54","0.656"
"2022-10-04","04 Oct 2022","0","32","705","0.65","0.68","0","68294","51","0.657"
"2022-10-05","05 Oct 2022","0","32","681","0.65","0.67","0","63955","51","0.652"
"2022-10-06","06 Oct 2022","0","32","708","0.65","0.68","0","71592","50","0.655"
"2022-10-07","07 Oct 2022","0","33","718","0.65","0.68","0","70327","49","0.656"
"2022-10-10","10 Oct 2022","0","33","723","0.65","0.68","0","67345","50","0.655"
"2022-10-11","11 Oct 2022","0","33","709","0.65","0.68","0","61477","51","0.657"
"2022-10-12","12 Oct 2022","0","33","712","0.65","0.68","0","62435","52","0.658"
"2022-10-13","13 Oct 2022","0","35","704","0.65","0.68","0","62243","50","0.658"
"2022-10-14","14 Oct 2022","0","34","716","0.65","0.68","0","62530","50","0.657"
"2022-10-17","17 Oct 2022","0","34","724","0.65","0.68","0","62853","49","0.658"
"2022-10-18","18 Oct 2022","0","33","736","0.65","0.68","0","66734","50","0.657"
"2022-10-19","19 Oct 2022","0","32","736","0.65","0.68","0","69700","50","0.656"
"2022-10-20","20 Oct 2022","0","33","730","0.65","0.68","0","69925","52","0.656"
"2022-10-21","21 Oct 2022","0","32","724","0.65","0.68","0","67191","52","0.657"
"2022-10-24","24 Oct 2022","0","30","696","0.65","0.68","0","63885","54","0.658"
"2022-10-25","25 Oct 2022","0","33","767","0.65","0.68","0","72486","51","0.656"
"2022-10-26","26 Oct 2022","0","33","755","0.65","0.68","0","71262","46","0.656"
"2022-10-27","27 Oct 2022","0","31","746","0.65","0.68","0","70656","47","0.657"
"2022-10-28","28 Oct 2022","0","31","703","0.65","0.68","0","63620","49","0.656"
"2022-10-31","31 Oct 2022","0","28","540","0.60","0.68","0","48467","48","0.648"
"2022-11-01","01 Nov 2022","0","30","606","0.65","0.68","0","63619","43","0.659"
"2022-11-02","02 Nov 2022","0","32","750","1.39","1.43","0","78196","46","1.403"
"2022-11-03","03 Nov 2022","0","32","735","1.39","1.43","0","75612","48","1.403"
"2022-11-04","04 Nov 2022","0","31","687","1.39","1.43","0","68043","53","1.401"
"2022-11-07","07 Nov 2022","0","33","754","1.39","1.43","0","74250","47","1.400"
"2022-11-08","08 Nov 2022","0","33","734","1.39","1.43","0","72832","48","1.400"
"2022-11-09","09 Nov 2022","0","32","744","1.39","1.42","0","73232","48","1.400"
"2022-11-10","10 Nov 2022","0","32","689","1.39","1.43","0","64502","47","1.402"
"2022-11-11","11 Nov 2022","0","32","678","1.39","1.43","0","64567","46","1.404"
"2022-11-14","14 Nov 2022","0","32","717","1.39","1.43","0","73688","49","1.401"
"2022-11-15","15 Nov 2022","0","32","720","1.39","1.42","0","73863","47","1.400"
"2022-11-16","16 Nov 2022","0","32","691","1.39","1.42","0","72887","47","1.401"
"2022-11-17","17 Nov 2022","0","32","677","1.39","1.43","0","74283","48","1.402"
"2022-11-18","18 Nov 2022","0","33","673","1.39","1.43","0","71998","49","1.403"
"2022-11-21","21 Nov 2022","0","31","692","1.39","1.43","0","71755","47","1.403"
"2022-11-22","22 Nov 2022","0","31","703","1.39","1.43","0","69424","48","1.404"
"2022-11-23","23 Nov 2022","0","31","697","1.39","1.43","0","69635","47","1.405"
"2022-11-24","24 Nov 2022","0","31","685","1.39","1.43","0","67439","46","1.405"
"2022-11-25","25 Nov 2022","0","31","670","1.39","1.43","0","65891","47","1.403"
"2022-11-28","28 Nov 2022","0","33","714","1.39","1.43","0","66497","47","1.403"
"2022-11-29","29 Nov 2022","0","31","685","1.39","1.42","0","62328","47","1.402"
"2022-11-30","30 Nov 2022","0","30","628","1.35","1.42","0","55636","53","1.391"
"2022-12-01","01 Dec 2022","0","32","674","1.39","1.42","0","63638","50","1.400"
"2022-12-02","02 Dec 2022","0","32","700","1.38","1.42","0","67719","48","1.400"
"2022-12-05","05 Dec 2022","0","32","729","1.38","1.42","0","70191","49","1.398"
"2022-12-06","06 Dec 2022","0","32","717","1.38","1.43","0","68140","46","1.406"
"2022-12-07","07 Dec 2022","0","32","695","1.38","1.42","0","68340","47","1.399"
"2022-12-08","08 Dec 2022","0","32","673","1.38","1.42","0","64211","45","1.400"
"2022-12-09","09 Dec 2022","0","32","672","1.38","1.42","0","61136","45","1.400"
"2022-12-12","12 Dec 2022","0","31","681","1.38","1.42","0","59004","43","1.400"
"2022-12-13","13 Dec 2022","0","32","712","1.38","1.42","0","59597","44","1.400"
"2022-12-14","14 Dec 2022","0","34","723","1.39","1.43","0","57818","45","1.402"
"2022-12-15","15 Dec 2022","0","33","676","1.39","1.43","0","56994","45","1.403"
"2022-12-16","16 Dec 2022","0","31","573","1.38","1.43","0","51586","42","1.402"
"2022-12-19","19 Dec 2022","0","32","711","1.39","1.43","0","58519","46","1.403"
"2022-12-20","20 Dec 2022","0","32","696","1.39","1.43","0","55299","46","1.403"
"2022-12-21","21 Dec 2022","0","33","695","1.88","1.92","0","53779","45","1.902"
"2022-12-22","22 Dec 2022","0","33","656","1.89","1.93","0","50329","45","1.904"
"2022-12-23","23 Dec 2022","0","31","490","1.89","1.93","0","37171","48","1.907"
"2022-12-27","27 Dec 2022","0","31","461","1.89","1.93","0","37751","47","1.906"
"2022-12-28","28 Dec 2022","0","29","611","1.89","1.93","0","47358","50","1.906"
"2022-12-29","29 Dec 2022","0","32","611","1.89","1.93","0","48172","50","1.905"
"2022-12-30","30 Dec 2022","0","27","261","1.80","1.93","0","21896","67","1.890"
"2023-01-02","02 Jan 2023","0","31","437","1.89","1.93","0","40569","51","1.906"
"2023-01-03","03 Jan 2023","0","32","661","1.89","1.92","0","60166","48","1.904"
"2023-01-04","04 Jan 2023","0","32","695","1.89","1.92","0","62554","48","1.904"
"2023-01-05","05 Jan 2023","0","31","613","1.88","1.92","0","58241","51","1.900"
"2023-01-06","06 Jan 2023","0","30","612","1.88","1.92","0","62072","54","1.898"
"2023-01-09","09 Jan 2023","0","33","693","1.88","1.92","0","72425","48","1.900"
"2023-01-10","10 Jan 2023","0","32","700","1.88","1.92","0","69464","46","1.900"
"2023-01-11","11 Jan 2023","0","32","699","1.88","1.92","0","68342","47","1.900"
"2023-01-12","12 Jan 2023","0","32","682","1.88","1.92","0","69054","47","1.900"
"2023-01-13","13 Jan 2023","0","33","705","1.88","1.92","0","66842","48","1.901"
"2023-01-16","16 Jan 2023","0","33","737","1.88","1.92","0","70073","47","1.902"
"2023-01-17","17 Jan 2023","0","33","698","1.88","1.92","0","63933","50","1.901"
"2023-01-18","18 Jan 2023","0","33","682","1.88","1.92","0","63490","49","1.902"
"2023-01-19","19 Jan 2023","0","34","668","1.88","1.92","0","61793","51","1.903"
"2023-01-20","20 Jan 2023","0","33","684","1.88","1.92","0","61136","51","1.903"
"2023-01-23","23 Jan 2023","0","33","686","1.88","1.92","0","61119","51","1.902"
"2023-01-24","24 Jan 2023","0","33","665","1.88","1.92","0","59356","54","1.904"
"2023-01-25","25 Jan 2023","0","33","650","1.88","1.92","0","54724","52","1.904"
"2023-01-26","26 Jan 2023","0","32","652","1.88","1.92","0","55101","51","1.904"
"2023-01-27","27 Jan 2023","0","31","654","1.88","1.93","0","55529","53","1.906"
"2023-01-30","30 Jan 2023","0","32","675","1.88","1.92","0","56238","53","1.904"
"2023-01-31","31 Jan 2023","0","32","639","1.87","1.92","0","53564","51","1.894"
"2023-02-01","01 Feb 2023","0","32","692","1.88","1.92","0","61389","50","1.901"
"2023-02-02","02 Feb 2023","0","32","694","1.88","1.92","0","62016","50","1.902"
"2023-02-03","03 Feb 2023","0","32","659","1.88","1.92","0","60604","48","1.898"
"2023-02-06","06 Feb 2023","0","33","677","1.88","1.92","0","62633","48","1.901"
"2023-02-07","07 Feb 2023","0","32","715","1.88","1.92","0","65486","46","1.902"
"2023-02-08","08 Feb 2023","0","32","715","2.38","2.42","0","67762","47","2.401"
"2023-02-09","09 Feb 2023","0","31","680","2.38","2.42","0","63901","50","2.401"
"2023-02-10","10 Feb 2023","0","32","671","2.38","2.42","0","62565","49","2.401"
"2023-02-13","13 Feb 2023","0","32","698","2.38","2.42","0","64095","48","2.400"
"2023-02-14","14 Feb 2023","0","32","706","2.38","2.42","0","66769","49","2.400"
"2023-02-15","15 Feb 2023","0","32","713","2.38","2.43","0","64905","52","2.405"
"2023-02-16","16 Feb 2023","0","32","668","2.38","2.42","0","60913","50","2.400"
"2023-02-17","17 Feb 2023","0","32","691","2.38","2.42","0","61164","48","2.398"
"2023-02-20","20 Feb 2023","0","32","680","2.38","2.42","0","61509","48","2.400"
"2023-02-21","21 Feb 2023","0","31","699","2.38","2.42","0","62118","48","2.398"
"2023-02-22","22 Feb 2023","0","33","710","2.38","2.42","0","62883","48","2.399"
"2023-02-23","23 Feb 2023","0","33","701","2.38","2.42","0","59267","50","2.399"
"2023-02-24","24 Feb 2023","0","32","690","2.37","2.42","0","58604","50","2.398"
"2023-02-27","27 Feb 2023","0","31","685","2.37","2.42","0","56732","50","2.398"
"2023-02-28","28 Feb 2023","0","33","656","2.35","2.42","0","52766","50","2.388"
"2023-03-01","01 Mar 2023","0","32","687","2.38","2.42","0","56327","50","2.398"
"2023-03-02","02 Mar 2023","0","32","663","2.38","2.42","0","57449","51","2.399"
"2023-03-03","03 Mar 2023","0","34","669","2.37","2.42","0","58001","48","2.400"
"2023-03-06","06 Mar 2023","0","33","703","2.37","2.42","0","65445","49","2.399"
"2023-03-07","07 Mar 2023","0","33","683","2.37","2.42","0","65310","50","2.398"
"2023-03-08","08 Mar 2023","0","33","666","2.37","2.42","0","62619","51","2.399"
"2023-03-09","09 Mar 2023","0","33","701","2.38","2.42","0","65684","50","2.401"
"2023-03-10","10 Mar 2023","0","33","682","2.38","2.42","0","61813","49","2.403"
"2023-03-13","13 Mar 2023","0","33","696","2.38","2.42","0","68690","49","2.401"
"2023-03-14","14 Mar 2023","0","34","695","2.38","2.42","0","65706","49","2.401"
"2023-03-15","15 Mar 2023","0","32","666","2.38","2.42","0","60261","51","2.400"
"2023-03-16","16 Mar 2023","0","33","710","2.37","2.42","0","65800","49","2.399"
"2023-03-17","17 Mar 2023","0","33","674","2.38","2.42","0","63966","52","2.402"
"2023-03-20","20 Mar 2023","0","31","709","2.36","2.42","0","71668","49","2.398"
"2023-03-21","21 Mar 2023","0","33","731","2.37","2.42","0","72609","50","2.399"
"2023-03-22","22 Mar 2023","0","34","742","2.86","2.92","0","73949","48","2.898"
"2023-03-23","23 Mar 2023","0","33","750","2.86","2.92","0","66025","49","2.899"
"2023-03-24","24 Mar 2023","0","32","710","2.86","2.92","0","63790","49","2.899"
"2023-03-27","27 Mar 2023","0","31","665","2.85","2.92","0","58900","52","2.898"
"2023-03-28","28 Mar 2023","0","33","740","2.85","2.92","0","62061","48","2.894"
"2023-03-29","29 Mar 2023","0","33","730","2.85","2.92","0","58622","47","2.894"
"2023-03-30","30 Mar 2023","0","32","698","2.85","2.92","0","55196","50","2.896"
"2023-03-31","31 Mar 2023","0","31","651","2.85","2.93","0","52387","53","2.884"
"2023-04-03","03 Apr 2023","0","33","701","2.85","2.92","0","58854","51","2.898"
"2023-04-04","04 Apr 2023","0","33","673","2.85","2.92","0","62307","48","2.898"
"2023-04-05","05 Apr 2023","0","32","665","2.87","2.93","0","62246","50","2.902"
"2023-04-06","06 Apr 2023","0","30","614","2.85","2.93","0","60428","51","2.903"
"2023-04-11","11 Apr 2023","0","31","656","2.85","2.93","0","65884","50","2.897"
"2023-04-12","12 Apr 2023","0","33","712","2.85","2.92","0","67556","49","2.898"
"2023-04-13","13 Apr 2023","0","31","650","2.85","2.93","0","63211","51","2.899"
"2023-04-14","14 Apr 2023","0","32","617","2.85","2.93","0","59787","53","2.896"
"2023-04-17","17 Apr 2023","0","31","655","2.85","2.93","0","63547","51","2.897"
"2023-04-18","18 Apr 2023","0","32","739","2.87","2.93","0","68036","50","2.901"
"2023-04-19","19 Apr 2023","0","32","697","2.87","2.93","0","64902","52","2.902"
"2023-04-20","20 Apr 2023","0","31","642","2.87","2.93","0","62856","51","2.904"
"2023-04-21","21 Apr 2023","0","32","610","2.86","2.93","0","59794","52","2.902"
"2023-04-24","24 Apr 2023","0","33","647","2.87","2.93","0","59736","51","2.905"
"2023-04-25","25 Apr 2023","0","31","704","2.85","2.93","0","62812","52","2.901"
"2023-04-26","26 Apr 2023","0","33","686","2.85","2.93","0","61905","54","2.900"
"2023-04-27","27 Apr 2023","0","33","665","2.85","2.93","0","57355","55","2.900"
"2023-04-28","28 Apr 2023","0","31","606","2.85","2.93","0","51996","55","2.894"
"2023-05-02","02 May 2023","0","33","675","2.85","2.93","0","65823","49","2.896"
"2023-05-03","03 May 2023","0","32","677","2.85","2.92","0","67244","49","2.896"
"2023-05-04","04 May 2023","0","33","678","2.85","2.92","0","72042","48","2.897"
"2023-05-05","05 May 2023","0","32","541","2.85","2.93","0","59669","49","2.898"
"2023-05-08","08 May 2023","0","32","527","2.85","2.92","0","60288","42","2.892"
"2023-05-09","09 May 2023","0","33","677","2.85","2.92","0","71757","48","2.894"
"2023-05-10","10 May 2023","0","33","707","3.10","3.18","0","73385","48","3.145"
"2023-05-11","11 May 2023","0","33","707","3.10","3.17","0","73512","48","3.145"
"2023-05-12","12 May 2023","0","32","697","3.10","3.18","0","69524","48","3.148"
"2023-05-15","15 May 2023","0","32","725","3.10","3.17","0","69394","48","3.145"
"2023-05-16","16 May 2023","0","33","734","3.10","3.17","0","66147","49","3.147"
"2023-05-17","17 May 2023","0","33","557","3.10","3.18","0","51541","53","3.151"
"2023-05-18","18 May 2023","0","33","479","3.11","3.18","0","47245","51","3.153"
"2023-05-19","19 May 2023","0","35","680","3.10","3.18","0","60448","49","3.151"
"2023-05-22","22 May 2023","0","34","724","3.10","3.18","0","66982","48","3.150"
"2023-05-23","23 May 2023","0","34","684","3.13","3.18","0","64741","51","3.157"
"2023-05-24","24 May 2023","0","34","699","3.10","3.18","0","63786","50","3.148"
"2023-05-25","25 May 2023","0","33","717","3.10","3.17","0","67877","49","3.148"
"2023-05-26","26 May 2023","0","31","447","3.12","3.17","0","45100","52","3.152"
"2023-05-29","29 May 2023","0","28","294","3.10","3.18","0","38105","52","3.147"
"2023-05-30","30 May 2023","0","34","728","3.10","3.18","0","67350","50","3.148"
"2023-05-31","31 May 2023","0","31","673","3.10","3.17","0","65465","52","3.144"
"2023-06-01","01 Jun 2023","0","33","703","3.10","3.17","0","68127","50","3.147"
"2023-06-02","02 Jun 2023","0","32","651","3.10","3.18","0","63724","52","3.148"
"2023-06-05","05 Jun 2023","0","32","694","3.10","3.17","0","67520","50","3.148"
"2023-06-06","06 Jun 2023","0","33","734","3.10","3.17","0","66595","50","3.145"
"2023-06-07","07 Jun 2023","0","33","684","3.10","3.17","0","61270","50","3.144"
"2023-06-08","08 Jun 2023","0","33","655","3.10","3.17","0","57060","51","3.146"
"2023-06-09","09 Jun 2023","0","33","715","3.10","3.18","0","60299","50","3.147"
"2023-06-12","12 Jun 2023","0","32","757","3.10","3.17","0","65206","49","3.147"
"2023-06-13","13 Jun 2023","0","33","724","3.10","3.18","0","63013","49","3.147"
"2023-06-14","14 Jun 2023","0","33","715","3.10","3.18","0","62361","49","3.150"
"2023-06-15","15 Jun 2023","0","33","705","3.10","3.18","0","63486","48","3.147"
"2023-06-16","16 Jun 2023","0","33","705","3.10","3.18","0","61559","49","3.144"
"2023-06-19","19 Jun 2023","0","33","748","3.10","3.17","0","68345","47","3.144"
"2023-06-20","20 Jun 2023","0","33","759","3.10","3.17","0","68151","47","3.144"
"2023-06-21","21 Jun 2023","0","33","738","3.35","3.43","0","68888","47","3.395"
"2023-06-22","22 Jun 2023","0","34","697","3.35","3.43","0","66147","49","3.397"
"2023-06-23","23 Jun 2023","0","32","692","3.35","3.43","0","63330","49","3.400"
"2023-06-26","26 Jun 2023","0","33","704","3.35","3.43","0","66302","48","3.400"
"2023-06-27","27 Jun 2023","0","21","436","3.35","3.43","0","44339","59","3.397"
"2023-06-28","28 Jun 2023","0","34","656","3.35","3.43","0","62175","50","3.400"
"2023-06-29","29 Jun 2023","0","34","656","3.35","3.43","0","59039","52","3.400"
"2023-06-30","30 Jun 2023","0","33","593","3.35","3.43","0","54440","54","3.400"
"2023-07-03","03 Jul 2023","0","33","727","3.35","3.43","0","71115","45","3.399"
"2023-07-04","04 Jul 2023","0","33","725","3.35","3.43","0","70015","45","3.401"
"2023-07-05","05 Jul 2023","0","33","720","3.37","3.43","0","65707","48","3.404"
"2023-07-06","06 Jul 2023","0","33","683","3.37","3.43","0","60693","50","3.406"
"2023-07-07","07 Jul 2023","0","33","687","3.38","3.43","0","58522","51","3.406"
"2023-07-10","10 Jul 2023","0","32","716","3.35","3.43","0","59602","50","3.402"
"2023-07-11","11 Jul 2023","0","31","698","3.37","3.43","0","59026","52","3.404"
"2023-07-12","12 Jul 2023","0","32","721","3.37","3.43","0","60154","51","3.404"
"2023-07-13","13 Jul 2023","0","32","665","3.35","3.43","0","58592","53","3.401"
"2023-07-14","14 Jul 2023","0","32","675","3.36","3.43","0","59950","52","3.402"
"2023-07-17","17 Jul 2023","0","32","724","3.35","3.43","0","64591","52","3.400"
"2023-07-18","18 Jul 2023","0","32","720","3.35","3.43","0","66299","50","3.399"
"2023-07-19","19 Jul 2023","0","33","712","3.35","3.43","0","66284","52","3.400"
"2023-07-20","20 Jul 2023","0","33","695","3.37","3.43","0","62567","52","3.403"
"2023-07-21","21 Jul 2023","0","33","691","3.37","3.43","0","58871","54","3.404"
"2023-07-24","24 Jul 2023","0","33","723","3.37","3.43","0","62607","51","3.405"
"2023-07-25","25 Jul 2023","0","33","723","3.38","3.43","0","62865","53","3.405"
"2023-07-26","26 Jul 2023","0","33","731","3.35","3.43","0","62277","51","3.402"
"2023-07-27","27 Jul 2023","0","34","702","3.35","3.43","0","56915","54","3.403"
"2023-07-28","28 Jul 2023","0","33","700","3.35","3.43","0","55643","52","3.404"
"2023-07-31","31 Jul 2023","0","33","634","3.35","3.43","0","55532","52","3.392"
"2023-08-01","01 Aug 2023","0","34","724","3.37","3.43","0","67737","50","3.404"
"2023-08-02","02 Aug 2023","0","34","722","3.63","3.68","0","66373","52","3.655"
"2023-08-03","03 Aug 2023","0","32","686","3.62","3.68","0","59030","56","3.653"
"2023-08-04","04 Aug 2023","0","33","682","3.62","3.68","0","57367","55","3.653"
"2023-08-07","07 Aug 2023","0","33","700","3.63","3.68","0","63710","52","3.653"
"2023-08-08","08 Aug 2023","0","34","719","3.63","3.68","0","63032","52","3.652"
"2023-08-09","09 Aug 2023","0","33","737","3.61","3.68","0","66877","52","3.649"
"2023-08-10","10 Aug 2023","0","33","702","3.61","3.68","0","61856","52","3.652"
"2023-08-11","11 Aug 2023","0","33","688","3.63","3.68","0","60340","52","3.653"
"2023-08-14","14 Aug 2023","0","29","579","3.63","3.68","0","52135","53","3.656"
"2023-08-15","15 Aug 2023","0","30","540","3.63","3.68","0","49828","54","3.657"
"2023-08-16","16 Aug 2023","0","33","725","3.63","3.68","0","60308","51","3.654"
"2023-08-17","17 Aug 2023","0","33","719","3.63","3.68","0","62347","50","3.654"
"2023-08-18","18 Aug 2023","0","33","723","3.63","3.68","0","60583","51","3.655"
"2023-08-21","21 Aug 2023","0","33","768","3.63","3.68","0","63692","51","3.654"
"2023-08-22","22 Aug 2023","0","33","763","3.63","3.68","0","63994","51","3.655"
"2023-08-23","23 Aug 2023","0","33","772","3.61","3.68","0","66859","51","3.652"
"2023-08-24","24 Aug 2023","0","33","765","3.61","3.68","0","68455","50","3.649"
"2023-08-25","25 Aug 2023","0","32","673","3.61","3.68","0","57472","53","3.652"
"2023-08-28","28 Aug 2023","0","32","671","3.60","3.67","0","54082","55","3.651"
"2023-08-29","29 Aug 2023","0","33","758","3.60","3.68","0","59246","53","3.652"
"2023-08-30","30 Aug 2023","0","33","740","3.60","3.68","0","58209","53","3.652"
"2023-08-31","31 Aug 2023","0","33","656","3.60","3.68","0","51607","60","3.646"
"2023-09-01","01 Sep 2023","0","34","710","3.61","3.68","0","63929","53","3.652"
"2023-09-04","04 Sep 2023","0","34","731","3.61","3.68","0","61244","55","3.652"
"2023-09-05","05 Sep 2023","0","33","691","3.60","3.68","0","56037","57","3.651"
"2023-09-06","06 Sep 2023","0","33","687","3.61","3.68","0","56487","56","3.652"
"2023-09-07","07 Sep 2023","0","32","691","3.61","3.68","0","57676","55","3.652"
"2023-09-08","08 Sep 2023","0","33","682","3.62","3.68","0","56720","57","3.653"
"2023-09-11","11 Sep 2023","0","34","723","3.62","3.68","0","60766","54","3.652"
"2023-09-12","12 Sep 2023","0","33","718","3.63","3.68","0","60317","54","3.654"
"2023-09-13","13 Sep 2023","0","33","713","3.63","3.68","0","59384","54","3.652"
"2023-09-14","14 Sep 2023","0","33","711","3.62","3.68","0","58402","53","3.653"
"2023-09-15","15 Sep 2023","0","33","709","3.60","3.68","0","61884","52","3.650"
"2023-09-18","18 Sep 2023","0","33","735","3.61","3.67","0","62423","52","3.648"
"2023-09-19","19 Sep 2023","0","32","753","3.62","3.67","0","61995","51","3.651"
"2023-09-20","20 Sep 2023","0","34","753","3.88","3.92","0","66589","51","3.901"
"2023-09-21","21 Sep 2023","0","33","687","3.88","3.93","0","58631","54","3.902"
"2023-09-22","22 Sep 2023","0","33","700","3.88","3.93","0","56917","55","3.905"
"2023-09-25","25 Sep 2023","0","33","734","3.89","3.93","0","61800","55","3.904"
"2023-09-26","26 Sep 2023","0","32","717","3.89","3.93","0","59418","54","3.904"
"2023-09-27","27 Sep 2023","0","34","706","3.89","3.93","0","57118","54","3.905"
"2023-09-28","28 Sep 2023","0","33","702","3.89","3.93","0","56140","54","3.906"
"2023-09-29","29 Sep 2023","0","32","627","3.85","3.93","0","46409","58","3.880"
"2023-10-02","02 Oct 2023","0","33","667","3.86","3.92","0","58997","50","3.899"
"2023-10-03","03 Oct 2023","0","32","607","3.86","3.93","0","58245","49","3.900"
"2023-10-04","04 Oct 2023","0","33","693","3.88","3.92","0","58453","53","3.901"
"2023-10-05","05 Oct 2023","0","33","695","3.86","3.92","0","60302","52","3.900"
"2023-10-06","06 Oct 2023","0","33","719","3.86","3.92","0","64631","53","3.899"
"2023-10-09","09 Oct 2023","0","33","738","3.86","3.92","0","65601","53","3.900"
"2023-10-10","10 Oct 2023","0","33","725","3.88","3.93","0","62649","54","3.899"
"2023-10-11","11 Oct 2023","0","32","722","3.88","3.93","0","60959","55","3.901"
"2023-10-12","12 Oct 2023","0","32","705","3.88","3.93","0","60525","54","3.901"
"2023-10-13","13 Oct 2023","0","33","730","3.88","3.93","0","58666","53","3.903"
"2023-10-16","16 Oct 2023","0","33","717","3.88","3.93","0","59859","53","3.902"
"2023-10-17","17 Oct 2023","0","33","739","3.88","3.93","0","59751","53","3.904"
"2023-10-18","18 Oct 2023","0","33","743","3.88","3.93","0","58447","53","3.903"
"2023-10-19","19 Oct 2023","0","33","707","3.88","3.93","0","56304","54","3.905"
"2023-10-20","20 Oct 2023","0","33","704","3.88","3.93","0","54814","55","3.905"
"2023-10-23","23 Oct 2023","0","32","705","3.88","3.93","0","57204","54","3.905"
"2023-10-24","24 Oct 2023","0","33","735","3.88","3.93","0","57841","53","3.904"
"2023-10-25","25 Oct 2023","0","33","742","3.88","3.93","0","57445","56","3.900"
"2023-10-26","26 Oct 2023","0","33","740","3.88","3.93","0","56466","54","3.901"
"2023-10-27","27 Oct 2023","0","33","717","3.88","3.93","0","55979","55","3.903"
"2023-10-30","30 Oct 2023","0","33","747","3.86","3.92","0","55708","55","3.899"
"2023-10-31","31 Oct 2023","0","30","556","3.85","3.93","0","43203","55","3.882"
"2023-11-01","01 Nov 2023","0","33","636","3.85","3.93","0","53935","54","3.900"
"2023-11-02","02 Nov 2023","0","33","729","3.88","3.93","0","62688","54","3.903"
"2023-11-03","03 Nov 2023","0","33","720","3.88","3.93","0","62644","53","3.902"
"2023-11-06","06 Nov 2023","0","33","755","3.87","3.93","0","67284","53","3.900"
"2023-11-07","07 Nov 2023","0","33","754","3.88","3.93","0","66009","54","3.902"
"2023-11-08","08 Nov 2023","0","33","718","3.88","3.93","0","64051","56","3.902"
"2023-11-09","09 Nov 2023","0","32","721","3.88","3.93","0","62032","57","3.902"
"2023-11-10","10 Nov 2023","0","33","696","3.88","3.93","0","58443","55","3.904"
"2023-11-13","13 Nov 2023","0","33","725","3.88","3.93","0","61469","55","3.903"
"2023-11-14","14 Nov 2023","0","33","742","3.88","3.93","0","64341","54","3.902"
"2023-11-15","15 Nov 2023","0","33","726","3.87","3.92","0","64207","53","3.899"
"2023-11-16","16 Nov 2023","0","33","715","3.88","3.93","0","58841","51","3.906"
"2023-11-17","17 Nov 2023","0","32","703","3.88","3.93","0","58726","56","3.902"
"2023-11-20","20 Nov 2023","0","33","716","3.88","3.93","0","60329","54","3.903"
"2023-11-21","21 Nov 2023","0","32","707","3.88","3.93","0","59916","55","3.901"
"2023-11-22","22 Nov 2023","0","33","718","3.86","3.93","0","63077","54","3.902"
"2023-11-23","23 Nov 2023","0","33","718","3.85","3.93","0","62938","54","3.902"
"2023-11-24","24 Nov 2023","0","33","686","3.85","3.93","0","59214","55","3.904"
"2023-11-27","27 Nov 2023","0","33","713","3.85","3.93","0","58707","57","3.903"
"2023-11-28","28 Nov 2023","0","34","722","3.86","3.93","0","56462","56","3.903"
"2023-11-29","29 Nov 2023","0","35","732","3.86","3.93","0","59425","56","3.902"
"2023-11-30","30 Nov 2023","0","33","643","3.85","3.93","0","53155","57","3.891"
"2023-12-01","01 Dec 2023","0","34","703","3.86","3.93","0","59876","55","3.904"
"2023-12-04","04 Dec 2023","0","34","727","3.88","3.93","0","62751","55","3.904"
"2023-12-05","05 Dec 2023","0","33","721","3.88","3.93","0","61762","55","3.905"
"2023-12-06","06 Dec 2023","0","32","689","3.87","3.93","0","59622","55","3.904"
"2023-12-07","07 Dec 2023","0","32","669","3.87","3.93","0","59408","53","3.903"
"2023-12-08","08 Dec 2023","0","32","662","3.87","3.93","0","58052","53","3.903"
"2023-12-11","11 Dec 2023","0","30","618","3.85","3.93","0","47179","56","3.902"
"2023-12-12","12 Dec 2023","0","33","706","3.88","3.93","0","55328","52","3.905"
"2023-12-13","13 Dec 2023","0","33","706","3.88","3.93","0","57182","53","3.905"
"2023-12-14","14 Dec 2023","0","33","705","3.88","3.93","0","58391","51","3.907"
"2023-12-15","15 Dec 2023","0","33","703","3.87","3.93","0","57164","53","3.904"
"2023-12-18","18 Dec 2023","0","32","723","3.85","3.93","0","62364","52","3.901"
"2023-12-19","19 Dec 2023","0","33","716","3.85","3.93","0","58361","52","3.901"
"2023-12-20","20 Dec 2023","0","33","696","3.85","3.93","0","57872","50","3.901"
"2023-12-21","21 Dec 2023","0","33","667","3.85","3.93","0","54035","53","3.899"
"2023-12-22","22 Dec 2023","0","33","644","3.85","3.93","0","51884","55","3.899"
"2023-12-27","27 Dec 2023","0","34","631","3.85","3.93","0","52552","56","3.900"
"2023-12-28","28 Dec 2023","0","33","632","3.85","3.93","0","57717","56","3.900"
"2023-12-29","29 Dec 2023","0","30","517","3.83","3.93","0","43965","67","3.882"
"2024-01-02","02 Jan 2024","0","32","621","3.88","3.93","0","63141","54","3.906"
"2024-01-03","03 Jan 2024","0","33","688","3.88","3.93","0","65797","54","3.904"
"2024-01-04","04 Jan 2024","0","32","676","3.86","3.93","0","65145","54","3.902"
"2024-01-05","05 Jan 2024","0","33","661","3.88","3.93","0","63913","55","3.905"
"2024-01-08","08 Jan 2024","0","33","678","3.88","3.93","0","64352","54","3.904"
"2024-01-09","09 Jan 2024","0","33","703","3.88","3.93","0","63395","54","3.904"
"2024-01-10","10 Jan 2024","0","33","689","3.88","3.93","0","59353","52","3.906"
"2024-01-11","11 Jan 2024","0","33","678","3.88","3.93","0","59616","51","3.905"
"2024-01-12","12 Jan 2024","0","33","673","3.88","3.93","0","57373","52","3.904"
"2024-01-15","15 Jan 2024","0","32","682","3.85","3.93","0","54460","52","3.902"
"2024-01-16","16 Jan 2024","0","33","714","3.86","3.93","0","59040","54","3.905"
"2024-01-17","17 Jan 2024","0","33","700","3.86","3.93","0","59594","52","3.904"
"2024-01-18","18 Jan 2024","0","32","650","3.88","3.93","0","57406","54","3.907"
"2024-01-19","19 Jan 2024","0","33","698","3.86","3.93","0","59307","52","3.904"
"2024-01-22","22 Jan 2024","0","33","706","3.85","3.93","0","61554","51","3.902"
"2024-01-23","23 Jan 2024","0","33","713","3.85","3.93","0","61212","50","3.902"
"2024-01-24","24 Jan 2024","0","33","704","3.86","3.93","0","56822","52","3.905"
"2024-01-25","25 Jan 2024","0","33","701","3.86","3.93","0","57863","52","3.905"
"2024-01-26","26 Jan 2024","0","33","676","3.86","3.93","0","54908","51","3.904"
"2024-01-29","29 Jan 2024","0","34","699","3.88","3.93","0","54126","50","3.907"
"2024-01-30","30 Jan 2024","0","34","713","3.88","3.93","0","58289","50","3.907"
"2024-01-31","31 Jan 2024","0","33","637","3.85","3.93","0","49340","53","3.894"
"2024-02-01","01 Feb 2024","0","34","719","3.87","3.93","0","60544","50","3.905"
"2024-02-02","02 Feb 2024","0","33","684","3.88","3.93","0","60803","53","3.906"
"2024-02-05","05 Feb 2024","0","33","701","3.88","3.93","0","62552","52","3.907"
"2024-02-06","06 Feb 2024","0","34","652","3.88","3.93","0","50643","52","3.908"
"2024-02-07","07 Feb 2024","0","34","702","3.88","3.93","0","58025","51","3.908"
"2024-02-08","08 Feb 2024","0","35","685","3.88","3.93","0","58648","50","3.908"
"2024-02-09","09 Feb 2024","0","34","655","3.88","3.93","0","57342","50","3.910"
"2024-02-12","12 Feb 2024","0","34","684","3.88","3.93","0","56457","48","3.909"
"2024-02-13","13 Feb 2024","0","34","706","3.88","3.93","0","57648","49","3.909"
"2024-02-14","14 Feb 2024","0","33","676","3.88","3.93","0","54570","49","3.911"
"2024-02-15","15 Feb 2024","0","33","675","3.88","3.93","0","54353","49","3.911"
"2024-02-16","16 Feb 2024","0","33","677","3.88","3.93","0","55849","49","3.909"
"2024-02-19","19 Feb 2024","0","33","706","3.88","3.93","0","59840","51","3.910"
"2024-02-20","20 Feb 2024","0","35","721","3.88","3.93","0","58872","50","3.911"
"2024-02-21","21 Feb 2024","0","36","745","3.88","3.93","0","60918","49","3.910"
"2024-02-22","22 Feb 2024","0","35","708","3.88","3.93","0","59229","49","3.909"
"2024-02-23","23 Feb 2024","0","35","680","3.88","3.93","0","57685","49","3.907"
"2024-02-26","26 Feb 2024","0","35","736","3.86","3.93","0","58665","51","3.904"
"2024-02-27","27 Feb 2024","0","34","721","3.86","3.93","0","54374","50","3.905"
"2024-02-28","28 Feb 2024","0","33","700","3.85","3.93","0","54779","51","3.906"
"2024-02-29","29 Feb 2024","0","32","601","3.85","3.93","0","48678","57","3.887"
"2024-03-01","01 Mar 2024","0","33","653","3.85","3.93","0","56267","51","3.904"
"2024-03-04","04 Mar 2024","0","34","679","3.85","3.93","0","56355","52","3.903"
"2024-03-05","05 Mar 2024","0","33","709","3.88","3.93","0","60001","53","3.911"
"2024-03-06","06 Mar 2024","0","35","716","3.86","3.93","0","61562","52","3.905"
"2024-03-07","07 Mar 2024","0","34","687","3.88","3.93","0","58563","55","3.908"
"2024-03-08","08 Mar 2024","0","36","684","3.88","3.93","0","58206","54","3.907"
"2024-03-11","11 Mar 2024","0","35","753","3.86","3.93","0","61001","53","3.904"
"2024-03-12","12 Mar 2024","0","34","760","3.86","3.93","0","61699","52","3.905"
"2024-03-13","13 Mar 2024","0","34","753","3.88","3.93","0","61667","55","3.907"
"2024-03-14","14 Mar 2024","0","33","699","3.88","3.93","0","54465","59","3.908"
"2024-03-15","15 Mar 2024","0","31","676","3.88","3.93","0","50279","60","3.909"
"2024-03-18","18 Mar 2024","0","31","690","3.88","3.93","0","52074","60","3.909"
"2024-03-19","19 Mar 2024","0","35","713","3.86","3.93","0","52315","57","3.908"
"2024-03-20","20 Mar 2024","0","32","705","3.88","3.93","0","53336","59","3.908"
"2024-03-21","21 Mar 2024","0","35","691","3.86","3.93","0","51665","59","3.907"
"2024-03-22","22 Mar 2024","0","33","683","3.88","3.93","0","53545","59","3.909"
"2024-03-25","25 Mar 2024","0","33","680","3.88","3.93","0","51328","56","3.909"
"2024-03-26","26 Mar 2024","0","34","704","3.85","3.93","0","49284","55","3.906"
"2024-03-27","27 Mar 2024","0","34","717","3.86","3.93","0","49994","55","3.906"
"2024-03-28","28 Mar 2024","0","33","650","3.85","3.93","0","47327","61","3.899"
"2024-04-02","02 Apr 2024","0","34","710","3.85","3.93","0","53324","55","3.906"
"2024-04-03","03 Apr 2024","0","34","717","3.88","3.93","0","55214","53","3.911"
"2024-04-04","04 Apr 2024","0","35","704","3.88","3.93","0","55759","55","3.912"
"2024-04-05","05 Apr 2024","0","35","702","3.86","3.93","0","55061","54","3.907"
"2024-04-08","08 Apr 2024","0","33","660","3.88","3.93","0","56650","56","3.908"
"2024-04-09","09 Apr 2024","0","34","606","3.88","3.93","0","55192","57","3.909"
"2024-04-10","10 Apr 2024","0","35","623","3.88","3.93","0","56812","56","3.907"
"2024-04-11","11 Apr 2024","0","35","664","3.88","3.93","0","53674","54","3.907"
"2024-04-12","12 Apr 2024","0","35","662","3.88","3.93","0","50091","52","3.910"
"2024-04-15","15 Apr 2024","0","35","710","3.86","3.93","0","58827","51","3.907"
"2024-04-16","16 Apr 2024","0","35","731","3.88","3.93","0","54841","52","3.911"
"2024-04-17","17 Apr 2024","0","35","754","3.86","3.93","0","54236","51","3.908"
"2024-04-18","18 Apr 2024","0","35","723","3.86","3.93","0","51051","53","3.909"
"2024-04-19","19 Apr 2024","0","34","718","3.88","3.93","0","50231","55","3.910"
"2024-04-22","22 Apr 2024","0","35","738","3.88","3.93","0","55072","52","3.910"
"2024-04-23","23 Apr 2024","0","35","724","3.86","3.93","0","53919","53","3.908"
"2024-04-24","24 Apr 2024","0","35","692","3.88","3.93","0","50665","53","3.911"
"2024-04-25","25 Apr 2024","0","35","709","3.86","3.93","0","49469","54","3.909"
"2024-04-26","26 Apr 2024","0","34","713","3.86","3.93","0","46571","53","3.907"
"2024-04-29","29 Apr 2024","0","34","746","3.86","3.93","0","50848","51","3.906"
"2024-04-30","30 Apr 2024","0","33","619","3.85","3.93","0","45502","58","3.889"
"2024-05-02","02 May 2024","0","30","601","3.88","3.93","0","51998","55","3.910"
"2024-05-03","03 May 2024","0","30","498","3.86","3.93","0","42893","55","3.908"
"2024-05-06","06 May 2024","0","32","532","3.86","3.93","0","45224","51","3.909"
"2024-05-07","07 May 2024","0","32","665","3.86","3.93","0","53589","51","3.906"
"2024-05-08","08 May 2024","0","33","539","3.85","3.93","0","45986","54","3.905"
"2024-05-09","09 May 2024","0","32","394","3.85","3.93","0","39153","55","3.901"
"2024-05-10","10 May 2024","0","34","704","3.86","3.93","0","49334","53","3.906"
"2024-05-13","13 May 2024","0","34","724","3.86","3.93","0","51449","52","3.907"
"2024-05-14","14 May 2024","0","34","721","3.86","3.93","0","51110","51","3.907"
"2024-05-15","15 May 2024","0","34","722","3.86","3.93","0","50516","49","3.908"
"2024-05-16","16 May 2024","0","34","708","3.85","3.93","0","50866","50","3.904"
"2024-05-17","17 May 2024","0","34","583","3.85","3.93","0","43959","49","3.901"
"2024-05-20","20 May 2024","0","33","436","3.88","3.93","0","40920","49","3.904"
"2024-05-21","21 May 2024","0","35","721","3.89","3.93","0","55794","49","3.912"
"2024-05-22","22 May 2024","0","33","629","3.89","3.93","0","48781","51","3.910"
"2024-05-23","23 May 2024","0","35","697","3.89","3.93","0","51481","50","3.912"
"2024-05-24","24 May 2024","0","34","619","3.89","3.93","0","45151","52","3.910"
"2024-05-27","27 May 2024","0","35","635","3.89","3.93","0","46737","48","3.911"
"2024-05-28","28 May 2024","0","36","734","3.88","3.93","0","54900","51","3.909"
"2024-05-29","29 May 2024","0","35","683","3.88","3.93","0","47875","50","3.909"
"2024-05-30","30 May 2024","0","33","631","3.88","3.93","0","41596","53","3.910"
"2024-05-31","31 May 2024","0","32","606","3.85","3.93","0","43030","55","3.892"
"2024-06-03","03 Jun 2024","0","33","708","3.88","3.93","0","50910","52","3.913"
"2024-06-04","04 Jun 2024","0","34","732","3.88","3.93","0","55061","48","3.911"
"2024-06-05","05 Jun 2024","0","34","722","3.88","3.93","0","55950","49","3.913"
"2024-06-06","06 Jun 2024","0","35","693","3.88","3.93","0","52206","50","3.911"
"2024-06-07","07 Jun 2024","0","34","697","3.89","3.93","0","51516","53","3.912"
"2024-06-10","10 Jun 2024","0","34","717","3.89","3.93","0","49337","51","3.912"
"2024-06-11","11 Jun 2024","0","34","726","3.88","3.93","0","49985","49","3.909"
"2024-06-12","12 Jun 2024","0","34","711","3.64","3.68","0","51017","51","3.662"
"2024-06-13","13 Jun 2024","0","35","678","3.64","3.68","0","49311","54","3.661"
"2024-06-14","14 Jun 2024","0","35","654","3.64","3.68","0","47434","55","3.662"
"2024-06-17","17 Jun 2024","0","34","650","3.64","3.68","0","53139","57","3.662"
"2024-06-18","18 Jun 2024","0","35","692","3.64","3.69","0","54775","55","3.666"
"2024-06-19","19 Jun 2024","0","35","741","3.64","3.68","0","57504","52","3.663"
"2024-06-20","20 Jun 2024","0","34","696","3.64","3.68","0","52762","52","3.663"
"2024-06-21","21 Jun 2024","0","33","680","3.64","3.68","0","52977","52","3.664"
"2024-06-24","24 Jun 2024","0","31","708","3.64","3.68","0","51890","54","3.663"
"2024-06-25","25 Jun 2024","0","32","712","3.64","3.68","0","53076","52","3.663"
"2024-06-26","26 Jun 2024","0","34","715","3.64","3.68","0","48561","52","3.661"
"2024-06-27","27 Jun 2024","0","33","686","3.63","3.68","0","50636","54","3.662"
"2024-06-28","28 Jun 2024","0","32","597","3.63","3.68","0","45496","59","3.656"
"2024-07-01","01 Jul 2024","0","34","746","3.65","3.68","0","63685","52","3.665"
"2024-07-02","02 Jul 2024","0","33","742","3.64","3.68","0","63045","51","3.662"
"2024-07-03","03 Jul 2024","0","34","722","3.64","3.68","0","58982","52","3.663"
"2024-07-04","04 Jul 2024","0","34","702","3.64","3.68","0","59862","53","3.663"
"2024-07-05","05 Jul 2024","0","34","694","3.64","3.68","0","58202","50","3.663"
"2024-07-08","08 Jul 2024","0","35","722","3.64","3.68","0","60964","52","3.662"
"2024-07-09","09 Jul 2024","0","33","738","3.64","3.68","0","60674","52","3.662"
"2024-07-10","10 Jul 2024","0","34","740","3.64","3.68","0","58498","51","3.663"
"2024-07-11","11 Jul 2024","0","34","703","3.64","3.68","0","51953","52","3.662"
"2024-07-12","12 Jul 2024","0","34","717","3.64","3.68","0","53160","52","3.661"
"2024-07-15","15 Jul 2024","0","34","726","3.64","3.68","0","55225","50","3.661"
"2024-07-16","16 Jul 2024","0","35","746","3.64","3.68","0","55878","50","3.662"
"2024-07-17","17 Jul 2024","0","35","722","3.64","3.68","0","55166","50","3.662"
"2024-07-18","18 Jul 2024","0","34","676","3.64","3.68","0","53760","52","3.663"
"2024-07-19","19 Jul 2024","0","33","664","3.64","3.68","0","51248","53","3.663"
"2024-07-22","22 Jul 2024","0","35","722","3.64","3.68","0","56568","51","3.664"
"2024-07-23","23 Jul 2024","0","35","746","3.64","3.68","0","56280","52","3.665"
"2024-07-24","24 Jul 2024","0","35","739","3.65","3.68","0","56631","53","3.665"
"2024-07-25","25 Jul 2024","0","34","712","3.65","3.68","0","54890","53","3.665"
"2024-07-26","26 Jul 2024","0","35","722","3.64","3.68","0","53477","54","3.663"
"2024-07-29","29 Jul 2024","0","33","692","3.64","3.68","0","51438","59","3.663"
"2024-07-30","30 Jul 2024","0","33","713","3.64","3.68","0","53140","55","3.665"
"2024-07-31","31 Jul 2024","0","33","644","3.60","3.68","0","46442","56","3.653"
"2024-08-01","01 Aug 2024","0","34","691","3.65","3.68","0","55937","55","3.664"
"2024-08-02","02 Aug 2024","0","33","684","3.65","3.68","0","54565","57","3.664"
"2024-08-05","05 Aug 2024","0","33","702","3.65","3.68","0","57068","56","3.664"
"2024-08-06","06 Aug 2024","0","33","734","3.65","3.68","0","58844","56","3.663"
"2024-08-07","07 Aug 2024","0","34","783","3.64","3.68","0","63161","54","3.663"
"2024-08-08","08 Aug 2024","0","34","760","3.65","3.68","0","59502","51","3.665"
"2024-08-09","09 Aug 2024","0","34","752","3.64","3.68","0","53542","54","3.663"
"2024-08-12","12 Aug 2024","0","34","757","3.65","3.68","0","57077","54","3.664"
"2024-08-13","13 Aug 2024","0","34","765","3.65","3.68","0","58194","54","3.664"
"2024-08-14","14 Aug 2024","0","33","672","3.64","3.68","0","50918","56","3.662"
"2024-08-15","15 Aug 2024","0","34","644","3.64","3.68","0","47425","59","3.662"
"2024-08-16","16 Aug 2024","0","35","738","3.65","3.68","0","55384","53","3.664"
"2024-08-19","19 Aug 2024","0","35","758","3.65","3.68","0","57783","54","3.664"
"2024-08-20","20 Aug 2024","0","34","768","3.65","3.68","0","59973","54","3.664"
"2024-08-21","21 Aug 2024","0","36","756","3.64","3.68","0","58812","55","3.663"
"2024-08-22","22 Aug 2024","0","34","737","3.65","3.68","0","56747","56","3.664"
"2024-08-23","23 Aug 2024","0","34","674","3.65","3.68","0","50341","56","3.664"
"2024-08-26","26 Aug 2024","0","34","639","3.65","3.68","0","48372","58","3.665"
"2024-08-27","27 Aug 2024","0","35","722","3.65","3.68","0","52454","54","3.665"
"2024-08-28","28 Aug 2024","0","35","732","3.65","3.68","0","51717","56","3.666"
"2024-08-29","29 Aug 2024","0","34","716","3.65","3.68","0","49478","57","3.664"
"2024-08-30","30 Aug 2024","0","34","649","3.62","3.68","0","46134","55","3.654"
"2024-09-02","02 Sep 2024","0","34","753","3.65","3.68","0","54157","54","3.664"
"2024-09-03","03 Sep 2024","0","35","736","3.65","3.68","0","51938","54","3.663"
"2024-09-04","04 Sep 2024","0","34","742","3.64","3.68","0","52998","53","3.663"
"2024-09-05","05 Sep 2024","0","35","702","3.64","3.68","0","48481","55","3.662"
"2024-09-06","06 Sep 2024","0","36","691","3.64","3.68","0","48425","53","3.663"
"2024-09-09","09 Sep 2024","0","35","733","3.64","3.68","0","52318","53","3.663"
"2024-09-10","10 Sep 2024","0","36","738","3.64","3.68","0","51460","55","3.664"
"2024-09-11","11 Sep 2024","0","35","751","3.64","3.68","0","52110","52","3.664"
"2024-09-12","12 Sep 2024","0","35","728","3.64","3.68","0","51191","54","3.664"
"2024-09-13","13 Sep 2024","0","34","713","3.64","3.68","0","47984","54","3.663"
"2024-09-16","16 Sep 2024","0","35","719","3.64","3.68","0","51956","56","3.662"
"2024-09-17","17 Sep 2024","0","34","774","3.64","3.68","0","53970","55","3.665"
"2024-09-18","18 Sep 2024","0","35","771","3.40","3.43","0","55053","56","3.416"
"2024-09-19","19 Sep 2024","0","35","740","3.39","3.43","0","49980","55","3.414"
"2024-09-20","20 Sep 2024","0","34","708","3.39","3.43","0","45533","54","3.412"
"2024-09-23","23 Sep 2024","0","33","682","3.39","3.43","0","43512","58","3.414"
"2024-09-24","24 Sep 2024","0","34","721","3.39","3.43","0","50144","54","3.415"
"2024-09-25","25 Sep 2024","0","34","712","3.40","3.43","0","48068","55","3.416"
"2024-09-26","26 Sep 2024","0","33","680","3.40","3.43","0","45023","58","3.415"
"2024-09-27","27 Sep 2024","0","33","698","3.39","3.43","0","47384","53","3.415"
"2024-09-30","30 Sep 2024","0","33","623","3.38","3.44","0","43394","61","3.410"
"2024-10-01","01 Oct 2024","0","34","715","3.40","3.43","0","53511","57","3.416"
"2024-10-02","02 Oct 2024","0","34","656","3.39","3.43","0","47709","56","3.410"
"2024-10-03","03 Oct 2024","0","31","497","3.39","3.43","0","37573","58","3.407"
"2024-10-04","04 Oct 2024","0","35","700","3.39","3.43","0","48039","54","3.414"
"2024-10-07","07 Oct 2024","0","35","715","3.39","3.43","0","52533","55","3.413"
"2024-10-08","08 Oct 2024","0","34","721","3.39","3.43","0","50029","53","3.414"
"2024-10-09","09 Oct 2024","0","34","727","3.39","3.43","0","48105","53","3.415"
"2024-10-10","10 Oct 2024","0","34","689","3.39","3.43","0","47488","53","3.414"
"2024-10-11","11 Oct 2024","0","34","706","3.39","3.43","0","47574","53","3.413"
"2024-10-14","14 Oct 2024","0","34","718","3.39","3.43","0","47219","53","3.413"
"2024-10-15","15 Oct 2024","0","34","717","3.39","3.43","0","46478","55","3.413"
"2024-10-16","16 Oct 2024","0","34","716","3.39","3.43","0","49345","58","3.414"
"2024-10-17","17 Oct 2024","0","34","690","3.39","3.43","0","49939","59","3.415"
"2024-10-18","18 Oct 2024","0","34","713","3.39","3.43","0","50271","57","3.415"
"2024-10-21","21 Oct 2024","0","34","706","3.39","3.43","0","50349","60","3.415"
"2024-10-22","22 Oct 2024","0","34","707","3.39","3.44","0","48191","59","3.416"
"2024-10-23","23 Oct 2024","0","34","686","3.14","3.19","0","44381","59","3.166"
"2024-10-24","24 Oct 2024","0","34","680","3.15","3.19","0","47084","60","3.166"
"2024-10-25","25 Oct 2024","0","32","668","3.15","3.18","0","46028","58","3.166"
"2024-10-28","28 Oct 2024","0","32","685","3.15","3.18","0","48357","59","3.164"
"2024-10-29","29 Oct 2024","0","34","717","3.15","3.18","0","50939","58","3.164"
"2024-10-30","30 Oct 2024","0","34","710","3.15","3.19","0","50736","59","3.165"
"2024-10-31","31 Oct 2024","0","31","543","3.10","3.20","0","41909","63","3.155"
"2024-11-01","01 Nov 2024","0","32","630","3.15","3.18","0","47558","64","3.163"
"2024-11-04","04 Nov 2024","0","33","730","3.15","3.18","0","55205","60","3.163"
"2024-11-05","05 Nov 2024","0","33","748","3.15","3.18","0","58927","56","3.163"
"2024-11-06","06 Nov 2024","0","33","703","3.14","3.18","0","53148","56","3.162"
"2024-11-07","07 Nov 2024","0","35","682","3.15","3.18","0","50847","56","3.163"
"2024-11-08","08 Nov 2024","0","35","638","3.15","3.19","0","49104","62","3.163"
"2024-11-11","11 Nov 2024","0","34","675","3.15","3.18","0","53164","61","3.162"
"2024-11-12","12 Nov 2024","0","35","715","3.15","3.18","0","55125","58","3.163"
"2024-11-13","13 Nov 2024","0","35","710","3.15","3.18","0","53336","56","3.164"
"2024-11-14","14 Nov 2024","0","35","702","3.15","3.19","0","54704","56","3.165"
"2024-11-15","15 Nov 2024","0","34","728","3.15","3.19","0","53746","57","3.165"
"2024-11-18","18 Nov 2024","0","34","693","3.15","3.19","0","54775","58","3.165"
"2024-11-19","19 Nov 2024","0","34","728","3.15","3.19","0","54720","57","3.166"
"2024-11-20","20 Nov 2024","0","35","734","3.15","3.19","0","55474","57","3.167"
"2024-11-21","21 Nov 2024","0","34","697","3.15","3.19","0","53563","57","3.167"
"2024-11-22","22 Nov 2024","0","34","708","3.15","3.20","0","52582","57","3.168"
"2024-11-25","25 Nov 2024","0","35","701","3.15","3.19","0","51869","58","3.167"
"2024-11-26","26 Nov 2024","0","35","700","3.15","3.19","0","53852","58","3.165"
"2024-11-27","27 Nov 2024","0","34","676","3.15","3.19","0","51405","57","3.165"
"2024-11-28","28 Nov 2024","0","34","662","3.15","3.19","0","52865","57","3.164"
"2024-11-29","29 Nov 2024","0","34","646","3.13","3.19","0","48774","58","3.163"
"2024-12-02","02 Dec 2024","0","34","719","3.14","3.19","0","59177","55","3.165"
"2024-12-03","03 Dec 2024","0","33","727","3.14","3.18","0","63753","54","3.164"
"2024-12-04","04 Dec 2024","0","34","727","3.14","3.19","0","59911","53","3.165"
"2024-12-05","05 Dec 2024","0","34","704","3.14","3.19","0","56183","53","3.165"
"2024-12-06","06 Dec 2024","0","34","704","3.14","3.18","0","54205","52","3.165"
"2024-12-09","09 Dec 2024","0","35","721","3.14","3.18","0","54986","52","3.164"
"2024-12-10","10 Dec 2024","0","35","734","3.13","3.19","0","55659","51","3.163"
"2024-12-11","11 Dec 2024","0","33","665","3.14","3.19","0","45087","56","3.164"
"2024-12-12","12 Dec 2024","0","35","691","3.14","3.18","0","49557","53","3.164"
"2024-12-13","13 Dec 2024","0","35","703","3.14","3.19","0","48944","51","3.167"
"2024-12-16","16 Dec 2024","0","35","700","3.14","3.20","0","49825","50","3.165"
"2024-12-17","17 Dec 2024","0","35","724","3.13","3.20","0","52203","51","3.164"
"2024-12-18","18 Dec 2024","0","35","731","2.89","2.95","0","55540","53","2.917"
"2024-12-19","19 Dec 2024","0","34","706","2.89","2.95","0","54589","54","2.919"
"2024-12-20","20 Dec 2024","0","34","708","2.89","2.95","0","50178","55","2.916"
"2024-12-23","23 Dec 2024","0","33","570","2.89","2.93","0","38619","52","2.911"
"2024-12-24","24 Dec 2024","0","29","356","2.89","2.93","0","31561","51","2.909"
"2024-12-27","27 Dec 2024","0","34","638","2.90","2.94","0","48132","55","2.916"
"2024-12-30","30 Dec 2024","0","33","515","2.90","2.93","0","40655","54","2.915"
"2024-12-31","31 Dec 2024","0","30","347","2.87","2.94","0","33792","59","2.905"
"2025-01-02","02 Jan 2025","0","36","617","2.90","2.95","0","59601","56","2.920"
"2025-01-03","03 Jan 2025","0","33","597","2.90","2.95","0","55651","58","2.919"
"2025-01-06","06 Jan 2025","0","33","574","2.90","2.95","0","53701","58","2.917"
"2025-01-07","07 Jan 2025","0","35","670","2.89","2.95","0","59102","55","2.918"
"2025-01-08","08 Jan 2025","0","36","724","2.89","2.95","0","59265","55","2.917"
"2025-01-09","09 Jan 2025","0","36","705","2.89","2.95","0","55672","55","2.920"
"2025-01-10","10 Jan 2025","0","36","737","2.89","2.95","0","56000","56","2.917"
"2025-01-13","13 Jan 2025","0","36","754","2.90","2.95","0","61069","54","2.918"
"2025-01-14","14 Jan 2025","0","36","766","2.90","2.95","0","58770","54","2.919"
"2025-01-15","15 Jan 2025","0","36","761","2.90","2.95","0","56383","54","2.920"
"2025-01-16","16 Jan 2025","0","36","742","2.90","2.95","0","59470","54","2.920"
"2025-01-17","17 Jan 2025","0","36","753","2.90","2.95","0","62631","53","2.920"
"2025-01-20","20 Jan 2025","0","36","791","2.90","2.95","0","64546","51","2.919"
"2025-01-21","21 Jan 2025","0","36","781","2.90","2.95","0","63013","54","2.921"
"2025-01-22","22 Jan 2025","0","36","794","2.90","2.95","0","63044","53","2.920"
"2025-01-23","23 Jan 2025","0","36","773","2.90","2.95","0","58215","51","2.922"
"2025-01-24","24 Jan 2025","0","37","771","2.90","2.95","0","57896","51","2.921"
"2025-01-27","27 Jan 2025","0","35","789","2.90","2.95","0","56960","51","2.921"
"2025-01-28","28 Jan 2025","0","34","792","2.89","2.95","0","57592","52","2.921"
"2025-01-29","29 Jan 2025","0","35","775","2.89","2.95","0","51029","53","2.923"
"2025-01-30","30 Jan 2025","0","35","752","2.89","2.95","0","50573","53","2.923"
"2025-01-31","31 Jan 2025","0","32","619","2.88","2.95","0","43550","55","2.912"
"2025-02-03","03 Feb 2025","0","33","750","2.90","2.95","0","59421","53","2.918"
"2025-02-04","04 Feb 2025","0","34","784","2.90","2.95","0","65539","53","2.917"
"2025-02-05","05 Feb 2025","0","34","789","2.65","2.69","0","65395","52","2.666"
"2025-02-06","06 Feb 2025","0","35","758","2.65","2.70","0","65493","52","2.669"
"2025-02-07","07 Feb 2025","0","35","746","2.65","2.69","0","64106","55","2.665"
"2025-02-10","10 Feb 2025","0","34","658","2.65","2.68","0","56402","60","2.664"
"2025-02-11","11 Feb 2025","0","35","738","2.65","2.69","0","58984","56","2.666"
"2025-02-12","12 Feb 2025","0","35","744","2.65","2.68","0","55367","53","2.665"
"2025-02-13","13 Feb 2025","0","34","713","2.65","2.70","0","54021","52","2.667"
"2025-02-14","14 Feb 2025","0","34","724","2.65","2.68","0","53448","53","2.666"
"2025-02-17","17 Feb 2025","0","33","747","2.65","2.68","0","57535","51","2.665"
"2025-02-18","18 Feb 2025","0","34","751","2.65","2.69","0","58436","52","2.666"
"2025-02-19","19 Feb 2025","0","35","754","2.65","2.68","0","56364","52","2.665"
"2025-02-20","20 Feb 2025","0","35","723","2.65","2.69","0","55253","53","2.667"
"2025-02-21","21 Feb 2025","0","35","758","2.65","2.69","0","56807","55","2.666"
"2025-02-24","24 Feb 2025","0","35","746","2.65","2.69","0","58372","54","2.666"
"2025-02-25","25 Feb 2025","0","35","763","2.65","2.69","0","59193","56","2.666"
"2025-02-26","26 Feb 2025","0","35","765","2.65","2.68","0","56824","55","2.665"
"2025-02-27","27 Feb 2025","0","34","706","2.65","2.68","0","52373","54","2.666"
"2025-02-28","28 Feb 2025","0","32","595","2.64","2.70","0","48043","57","2.658"
"2025-03-03","03 Mar 2025","0","33","689","2.65","2.68","0","57104","49","2.663"
"2025-03-04","04 Mar 2025","0","34","746","2.65","2.68","0","57241","52","2.664"
"2025-03-05","05 Mar 2025","0","34","757","2.65","2.68","0","58415","53","2.664"
"2025-03-06","06 Mar 2025","0","34","727","2.65","2.69","0","52016","51","2.666"
"2025-03-07","07 Mar 2025","0","35","719","2.65","2.68","0","56041","54","2.665"
"2025-03-10","10 Mar 2025","0","35","742","2.65","2.68","0","58085","55","2.663"
"2025-03-11","11 Mar 2025","0","35","786","2.65","2.68","0","57664","53","2.663"
"2025-03-12","12 Mar 2025","0","34","701","2.40","2.43","0","52955","55","2.412"
"2025-03-13","13 Mar 2025","0","35","766","2.40","2.43","0","58524","52","2.413"
"2025-03-14","14 Mar 2025","0","35","759","2.40","2.43","0","57463","54","2.417"
"2025-03-17","17 Mar 2025","0","35","766","2.40","2.43","0","59899","52","2.417"
"2025-03-18","18 Mar 2025","0","36","816","2.40","2.43","0","66780","51","2.417"
"2025-03-19","19 Mar 2025","0","36","799","2.40","2.43","0","64268","53","2.416"
"2025-03-20","20 Mar 2025","0","35","747","2.40","2.44","0","62675","53","2.417"
"2025-03-21","21 Mar 2025","0","36","740","2.40","2.44","0","60668","53","2.417"
"2025-03-24","24 Mar 2025","0","35","742","2.40","2.44","0","61138","53","2.418"
"2025-03-25","25 Mar 2025","0","33","742","2.40","2.44","0","57996","55","2.418"
"2025-03-26","26 Mar 2025","0","35","767","2.40","2.44","0","57859","54","2.417"
"2025-03-27","27 Mar 2025","0","36","730","2.40","2.44","0","52581","55","2.417"
"2025-03-28","28 Mar 2025","0","33","695","2.40","2.43","0","53018","56","2.417"
"2025-03-31","31 Mar 2025","0","33","662","2.39","2.45","0","55940","58","2.415"
"2025-04-01","01 Apr 2025","0","35","746","2.40","2.45","0","65071","55","2.420"
"2025-04-02","02 Apr 2025","0","35","771","2.40","2.44","0","64898","55","2.417"
"2025-04-03","03 Apr 2025","0","34","739","2.40","2.43","0","63703","56","2.416"
"2025-04-04","04 Apr 2025","0","35","783","2.40","2.43","0","68047","57","2.415"
"2025-04-07","07 Apr 2025","0","35","806","2.40","2.43","0","70875","56","2.414"
"2025-04-08","08 Apr 2025","0","35","797","2.40","2.43","0","68074","53","2.415"
"2025-04-09","09 Apr 2025","0","34","735","2.40","2.43","0","63933","56","2.415"
"2025-04-10","10 Apr 2025","0","35","821","2.40","2.43","0","70411","55","2.416"
"2025-04-11","11 Apr 2025","0","35","829","2.40","2.43","0","73735","54","2.416"
"2025-04-14","14 Apr 2025","0","35","870","2.40","2.44","0","78052","53","2.417"
"2025-04-15","15 Apr 2025","0","35","855","2.40","2.43","0","78513","54","2.416"
"2025-04-16","16 Apr 2025","0","35","847","2.40","2.44","0","75367","55","2.418"
"2025-04-17","17 Apr 2025","0","35","840","2.40","2.44","0","71975","53","2.417"
"2025-04-22","22 Apr 2025","0","35","885","2.40","2.44","0","80702","54","2.417"
"2025-04-23","23 Apr 2025","0","35","807","2.15","2.20","0","80023","54","2.167"
"2025-04-24","24 Apr 2025","0","35","796","2.15","2.20","0","75731","55","2.169"
"2025-04-25","25 Apr 2025","0","35","790","2.15","2.20","0","73597","56","2.167"
"2025-04-28","28 Apr 2025","0","35","828","2.15","2.20","0","73379","54","2.167"
"2025-04-29","29 Apr 2025","0","35","812","2.15","2.20","0","72887","55","2.167"
"2025-04-30","30 Apr 2025","0","33","683","2.10","2.20","0","58286","58","2.156"
"2025-05-02","02 May 2025","0","32","651","2.15","2.19","0","67533","58","2.168"
"2025-05-05","05 May 2025","0","32","678","2.15","2.19","0","65317","56","2.167"
"2025-05-06","06 May 2025","0","35","792","2.15","2.20","0","76605","55","2.167"
"2025-05-07","07 May 2025","0","36","772","2.15","2.20","0","70895","52","2.169"
"2025-05-08","08 May 2025","0","36","742","2.15","2.20","0","70440","54","2.171"
"2025-05-09","09 May 2025","0","35","762","2.15","2.20","0","72574","55","2.169"
"2025-05-12","12 May 2025","0","35","829","2.15","2.20","0","77922","52","2.170"
"2025-05-13","13 May 2025","0","34","816","2.15","2.20","0","71222","54","2.172"
"2025-05-14","14 May 2025","0","34","814","2.15","2.20","0","67820","54","2.172"
"2025-05-15","15 May 2025","0","33","786","2.15","2.20","0","66389","54","2.172"
"2025-05-16","16 May 2025","0","34","808","2.15","2.20","0","69364","54","2.170"
"2025-05-19","19 May 2025","0","34","799","2.15","2.20","0","72728","54","2.171"
"2025-05-20","20 May 2025","0","35","800","2.15","2.20","0","70186","54","2.172"
"2025-05-21","21 May 2025","0","34","773","2.15","2.20","0","64535","54","2.169"
"2025-05-22","22 May 2025","0","34","772","2.15","2.20","0","63539","52","2.173"
"2025-05-23","23 May 2025","0","33","676","2.15","2.20","0","55688","56","2.170"
"2025-05-26","26 May 2025","0","33","724","2.15","2.20","0","59957","53","2.168"
"2025-05-27","27 May 2025","0","34","774","2.15","2.20","0","65445","53","2.172"
"2025-05-28","28 May 2025","0","35","624","2.15","2.19","0","53919","55","2.167"
"2025-05-29","29 May 2025","0","32","447","2.14","2.20","0","42457","59","2.161"
"2025-05-30","30 May 2025","0","31","651","2.14","2.20","0","51660","56","2.161"
"2025-06-02","02 Jun 2025","0","32","762","2.15","2.20","0","70801","55","2.172"
"2025-06-03","03 Jun 2025","0","33","783","2.15","2.20","0","72647","52","2.172"
"2025-06-04","04 Jun 2025","0","35","709","2.15","2.20","0","63092","56","2.173"
"2025-06-05","05 Jun 2025","0","34","657","2.15","2.20","0","64297","55","2.174"
"2025-06-06","06 Jun 2025","0","33","494","2.15","2.20","0","49889","53","2.173"
"2025-06-09","09 Jun 2025","0","31","367","2.15","2.20","0","40496","56","2.170"
"2025-06-10","10 Jun 2025","0","33","750","2.15","2.20","0","63341","52","2.174"
"2025-06-11","11 Jun 2025","0","34","759","1.90","1.95","0","67516","51","1.924"
"2025-06-12","12 Jun 2025","0","36","735","1.90","1.95","0","63890","50","1.923"
"2025-06-13","13 Jun 2025","0","31","584","1.90","1.95","0","51730","53","1.925"
"2025-06-16","16 Jun 2025","0","35","730","1.90","1.95","0","63066","52","1.924"
"2025-06-17","17 Jun 2025","0","36","754","1.90","1.95","0","62301","52","1.924"
"2025-06-18","18 Jun 2025","0","34","695","1.90","1.95","0","60878","52","1.922"
"2025-06-19","19 Jun 2025","0","35","531","1.90","1.95","0","48265","53","1.917"
"2025-06-20","20 Jun 2025","0","36","742","1.90","1.95","0","60690","51","1.923"
"2025-06-23","23 Jun 2025","0","34","749","1.90","1.95","0","61915","49","1.925"
"2025-06-24","24 Jun 2025","0","35","757","1.90","1.95","0","64452","49","1.926"
"2025-06-25","25 Jun 2025","0","34","723","1.90","1.95","0","55792","51","1.925"
"2025-06-26","26 Jun 2025","0","34","691","1.90","1.95","0","53470","49","1.929"
"2025-06-27","27 Jun 2025","0","34","710","1.90","1.95","0","51767","51","1.928"
"2025-06-30","30 Jun 2025","0","33","682","1.89","1.95","0","51235","50","1.921"
"2025-07-01","01 Jul 2025","0","47","915","1.90","1.95","0","75101","45","1.921"
"2025-07-02","02 Jul 2025","0","47","893","1.90","1.95","0","77118","45","1.923"
"2025-07-03","03 Jul 2025","0","49","894","1.90","1.95","0","75713","45","1.922"
"2025-07-04","04 Jul 2025","0","49","942","1.90","1.95","0","77570","45","1.920"
"2025-07-07","07 Jul 2025","0","50","938","1.90","1.95","0","78362","46","1.920"
"2025-07-08","08 Jul 2025","0","49","930","1.90","1.95","0","75814","44","1.919"
"2025-07-09","09 Jul 2025","0","51","916","1.90","1.95","0","74301","46","1.919"
"2025-07-10","10 Jul 2025","0","49","901","1.90","1.95","0","72011","45","1.921"
"2025-07-11","11 Jul 2025","0","50","892","1.90","1.95","0","68462","45","1.923"
"2025-07-14","14 Jul 2025","0","50","903","1.90","1.95","0","67053","43","1.923"
"2025-07-15","15 Jul 2025","0","47","906","1.90","1.95","0","67278","44","1.922"
"2025-07-16","16 Jul 2025","0","50","911","1.90","1.95","0","70260","46","1.923"
"2025-07-17","17 Jul 2025","0","48","892","1.90","1.95","0","69341","46","1.925"
"2025-07-18","18 Jul 2025","0","49","900","1.90","1.95","0","73483","46","1.923"
"2025-07-21","21 Jul 2025","0","48","936","1.90","1.95","0","75404","43","1.924"
"2025-07-22","22 Jul 2025","0","52","940","1.90","1.95","0","77901","44","1.923"
"2025-07-23","23 Jul 2025","0","49","931","1.90","1.95","0","76405","46","1.924"
"2025-07-24","24 Jul 2025","0","49","909","1.90","1.95","0","74317","46","1.924"
"2025-07-25","25 Jul 2025","0","47","906","1.90","1.95","0","68449","47","1.925"
"2025-07-28","28 Jul 2025","0","50","930","1.90","1.95","0","68764","46","1.923"
"2025-07-29","29 Jul 2025","0","50","906","1.90","1.95","0","67209","46","1.923"
"2025-07-30","30 Jul 2025","0","51","936","1.90","1.95","0","64874","46","1.924"
"2025-07-31","31 Jul 2025","0","44","807","1.88","1.95","0","54558","49","1.919"
"2025-08-01","01 Aug 2025","0","46","888","1.90","1.95","0","69214","44","1.927"
"2025-08-04","04 Aug 2025","0","48","897","1.90","1.95","0","71205","45","1.925"
"2025-08-05","05 Aug 2025","0","49","953","1.90","1.95","0","75618","44","1.924"
"2025-08-06","06 Aug 2025","0","47","945","1.90","1.95","0","75290","46","1.922"
"2025-08-07","07 Aug 2025","0","48","910","1.90","1.95","0","73556","47","1.923"
"2025-08-08","08 Aug 2025","0","47","913","1.90","1.95","0","72473","43","1.922"
"2025-08-11","11 Aug 2025","0","48","828","1.90","1.95","0","59468","47","1.918"
"2025-08-12","12 Aug 2025","0","49","922","1.90","1.95","0","68808","44","1.922"
"2025-08-13","13 Aug 2025","0","47","910","1.90","1.95","0","67274","44","1.923"
"2025-08-14","14 Aug 2025","0","43","703","1.90","1.95","0","58494","46","1.926"
"2025-08-15","15 Aug 2025","0","38","695","1.90","1.95","0","59937","48","1.924"
"2025-08-18","18 Aug 2025","0","49","936","1.90","1.95","0","68243","42","1.924"
"2025-08-19","19 Aug 2025","0","47","918","1.90","1.95","0","70704","43","1.925"
"2025-08-20","20 Aug 2025","0","47","929","1.90","1.95","0","70116","43","1.926"
"2025-08-21","21 Aug 2025","0","48","898","1.90","1.95","0","68493","44","1.926"
"2025-08-22","22 Aug 2025","0","48","821","1.90","1.95","0","63395","48","1.926"
"2025-08-25","25 Aug 2025","0","47","850","1.90","1.95","0","65044","47","1.925"
"2025-08-26","26 Aug 2025","0","46","924","1.90","1.95","0","66825","43","1.926"
"2025-08-27","27 Aug 2025","0","48","919","1.90","1.95","0","65754","45","1.925"
"2025-08-28","28 Aug 2025","0","46","893","1.90","1.95","0","64604","47","1.925"
"2025-08-29","29 Aug 2025","0","46","849","1.89","1.95","0","58208","48","1.920"
"2025-09-01","01 Sep 2025","0","47","913","1.90","1.95","0","69327","44","1.925"
"2025-09-02","02 Sep 2025","0","45","886","1.90","1.95","0","60458","45","1.922"
"2025-09-03","03 Sep 2025","0","45","901","1.90","1.95","0","67049","44","1.923"
"2025-09-04","04 Sep 2025","0","46","879","1.90","1.95","0","66541","45","1.925"
"2025-09-05","05 Sep 2025","0","47","848","1.90","1.95","0","61903","45","1.923"
"2025-09-08","08 Sep 2025","0","47","872","1.90","1.95","0","65006","44","1.922"
"2025-09-09","09 Sep 2025","0","47","934","1.90","1.95","0","68819","44","1.923"
"2025-09-10","10 Sep 2025","0","47","903","1.90","1.95","0","66229","44","1.922"
"2025-09-11","11 Sep 2025","0","46","893","1.90","1.95","0","67622","43","1.925"
"2025-09-12","12 Sep 2025","0","46","912","1.90","1.95","0","66562","43","1.925"
"2025-09-15","15 Sep 2025","0","47","913","1.90","1.95","0","68076","42","1.926"
"2025-09-16","16 Sep 2025","0","45","930","1.90","1.95","0","66131","42","1.926"
"2025-09-17","17 Sep 2025","0","45","905","1.90","1.95","0","65994","42","1.927"
"2025-09-18","18 Sep 2025","0","48","918","1.90","1.95","0","63091","44","1.926"
"2025-09-19","19 Sep 2025","0","48","908","1.90","1.95","0","59203","44","1.925"
"2025-09-22","22 Sep 2025","0","46","909","1.90","1.95","0","62044","43","1.925"
"2025-09-23","23 Sep 2025","0","45","918","1.90","1.95","0","66384","42","1.927"
"2025-09-24","24 Sep 2025","0","47","903","1.90","1.95","0","61709","39","1.928"
"2025-09-25","25 Sep 2025","0","47","906","1.90","1.95","0","61096","41","1.927"
"2025-09-26","26 Sep 2025","0","48","894","1.90","1.95","0","57154","41","1.926"
"2025-09-29","29 Sep 2025","0","47","909","1.90","1.95","0","62448","44","1.926"
"2025-09-30","30 Sep 2025","0","45","812","1.87","1.95","0","55679","43","1.916"
"2025-10-01","01 Oct 2025","0","48","899","1.90","1.95","0","66410","42","1.927"
"2025-10-02","02 Oct 2025","0","45","747","1.90","1.95","0","56949","46","1.923"
"2025-10-03","03 Oct 2025","0","46","658","1.90","1.95","0","48675","46","1.921"
"2025-10-06","06 Oct 2025","0","49","906","1.90","1.95","0","67068","41","1.925"
"2025-10-07","07 Oct 2025","0","49","879","1.90","1.95","0","65729","43","1.926"
"2025-10-08","08 Oct 2025","0","49","885","1.90","1.95","0","62497","42","1.924"
"2025-10-09","09 Oct 2025","0","48","860","1.90","1.95","0","62467","40","1.927"
"2025-10-10","10 Oct 2025","0","47","890","1.90","1.95","0","65040","38","1.926"
"2025-10-13","13 Oct 2025","0","49","930","1.90","1.95","0","69968","37","1.926"
"2025-10-14","14 Oct 2025","0","47","907","1.90","1.95","0","67099","38","1.927"
"2025-10-15","15 Oct 2025","0","50","926","1.90","1.95","0","68248","40","1.928"
"2025-10-16","16 Oct 2025","0","50","892","1.90","1.95","0","68653","40","1.928"
"2025-10-17","17 Oct 2025","0","50","886","1.90","1.95","0","67458","39","1.928"
"2025-10-20","20 Oct 2025","0","48","901","1.90","1.95","0","64675","41","1.927"
"2025-10-21","21 Oct 2025","0","50","929","1.90","1.95","0","70482","38","1.928"
"2025-10-22","22 Oct 2025","0","48","886","1.90","1.95","0","66073","39","1.927"
"2025-10-23","23 Oct 2025","0","50","858","1.90","1.95","0","64078","42","1.929"
"2025-10-24","24 Oct 2025","0","49","838","1.90","1.95","0","63040","42","1.928"
"2025-10-27","27 Oct 2025","0","46","862","1.90","1.95","0","66783","41","1.929"
"2025-10-28","28 Oct 2025","0","47","887","1.90","1.95","0","70140","39","1.930"
"2025-10-29","29 Oct 2025","0","50","918","1.90","1.95","0","68143","39","1.931"
"2025-10-30","30 Oct 2025","0","49","859","1.90","1.95","0","63191","42","1.931"
"2025-10-31","31 Oct 2025","0","46","781","1.88","1.96","0","51853","44","1.921"
"2025-11-03","03 Nov 2025","0","49","893","1.90","1.96","0","68305","39","1.932"
"2025-11-04","04 Nov 2025","0","48","894","1.90","1.96","0","66083","40","1.931"
"2025-11-05","05 Nov 2025","0","48","906","1.90","1.95","0","65918","39","1.929"
"2025-11-06","06 Nov 2025","0","48","868","1.90","1.96","0","66247","39","1.930"
"2025-11-07","07 Nov 2025","0","47","874","1.90","1.96","0","66091","38","1.932"
"2025-11-10","10 Nov 2025","0","46","826","1.90","1.96","0","62009","40","1.931"
"2025-11-11","11 Nov 2025","0","47","848","1.90","1.95","0","63257","41","1.930"
"2025-11-12","12 Nov 2025","0","49","892","1.90","1.95","0","63418","39","1.930"
"2025-11-13","13 Nov 2025","0","49","862","1.90","1.96","0","62747","39","1.930"
"2025-11-14","14 Nov 2025","0","49","880","1.90","1.96","0","60568","39","1.931"
"2025-11-17","17 Nov 2025","0","49","879","1.90","1.95","0","61796","41","1.929"
"2025-11-18","18 Nov 2025","0","49","920","1.90","1.95","0","65132","40","1.930"
"2025-11-19","19 Nov 2025","0","49","915","1.90","1.95","0","63833","39","1.929"
"2025-11-20","20 Nov 2025","0","46","788","1.90","1.95","0","56401","43","1.929"
"2025-11-21","21 Nov 2025","0","51","864","1.90","1.95","0","60857","41","1.926"
"2025-11-24","24 Nov 2025","0","49","865","1.89","1.95","0","61783","40","1.924"
"2025-11-25","25 Nov 2025","0","47","839","1.90","1.95","0","59088","43","1.926"
"2025-11-26","26 Nov 2025","0","47","899","1.90","1.95","0","61419","45","1.928"
"2025-11-27","27 Nov 2025","0","47","813","1.90","1.95","0","58362","42","1.927"
"2025-11-28","28 Nov 2025","0","46","775","1.90","1.95","0","54913","44","1.925"
"2025-12-01","01 Dec 2025","0","46","875","1.90","1.96","0","65141","41","1.930"
"2025-12-02","02 Dec 2025","0","48","910","1.90","1.96","0","65880","40","1.929"
"2025-12-03","03 Dec 2025","0","47","874","1.90","1.95","0","62497","39","1.926"
"2025-12-04","04 Dec 2025","0","47","857","1.90","1.95","0","64927","43","1.929"
