"DATE","TIME PERIOD","Yield curve instantaneous forward rate, 10-year maturity - Government bond, nominal, all issuers whose rating is triple A - Euro area (changing composition) (YC.B.U2.EUR.4F.G_N_A.SV_C_YM.IF_10Y)","Yield curve instantaneous forward rate, 1-year maturity - Government bond, nominal, all issuers whose rating is triple A - Euro area (changing composition) (YC.B.U2.EUR.4F.G_N_A.SV_C_YM.IF_1Y)","Yield curve spot rate, 10-year maturity - Government bond, nominal, all issuers whose rating is triple A - Euro area (changing composition) (YC.B.U2.EUR.4F.G_N_A.SV_C_YM.SR_10Y)","Yield curve spot rate, 1-year maturity - Government bond, nominal, all issuers whose rating is triple A - Euro area (changing composition) (YC.B.U2.EUR.4F.G_N_A.SV_C_YM.SR_1Y)","Yield curve spot rate, 20-year maturity - Government bond, nominal, all issuers whose rating is triple A - Euro area (changing composition) (YC.B.U2.EUR.4F.G_N_A.SV_C_YM.SR_20Y)","Yield curve spot rate, 2-year maturity - Government bond, nominal, all issuers whose rating is triple A - Euro area (changing composition) (YC.B.U2.EUR.4F.G_N_A.SV_C_YM.SR_2Y)","Yield curve spot rate, 30-year maturity - Government bond, nominal, all issuers whose rating is triple A - Euro area (changing composition) (YC.B.U2.EUR.4F.G_N_A.SV_C_YM.SR_30Y)","Yield curve spot rate, 3-month maturity - Government bond, nominal, all issuers whose rating is triple A - Euro area (changing composition) (YC.B.U2.EUR.4F.G_N_A.SV_C_YM.SR_3M)","Yield curve spot rate, 5-year maturity - Government bond, nominal, all issuers whose rating is triple A - Euro area (changing composition) (YC.B.U2.EUR.4F.G_N_A.SV_C_YM.SR_5Y)","Yield curve spot rate, 7-year maturity - Government bond, nominal, all issuers whose rating is triple A - Euro area (changing composition) (YC.B.U2.EUR.4F.G_N_A.SV_C_YM.SR_7Y)"
"2004-09-06","06 Sep 2004","5.217850","2.651565","4.209220","2.298838","4.779293","2.641262","4.988680","2.034172","3.457222","3.828505"
"2004-09-07","07 Sep 2004","5.193965","2.700174","4.209626","2.328891","4.768947","2.679766","4.975495","2.040893","3.479518","3.839294"
"2004-09-08","08 Sep 2004","5.195932","2.731688","4.228419","2.346666","4.776881","2.706542","4.978894","2.044384","3.507894","3.863753"
"2004-09-09","09 Sep 2004","5.158222","2.662770","4.161872","2.308988","4.733254","2.646224","4.946545","2.037111","3.430628","3.789113"
"2004-09-10","10 Sep 2004","5.136517","2.593700","4.120981","2.271566","4.702037","2.589654","4.918530","2.034645","3.374729","3.740559"
"2004-09-13","13 Sep 2004","5.137395","2.653174","4.138965","2.307186","4.713933","2.637373","4.929555","2.041363","3.410319","3.766501"
"2004-09-14","14 Sep 2004","5.138031","2.634655","4.130650","2.295860","4.710675","2.621714","4.928157","2.037903","3.395882","3.754878"
"2004-09-15","15 Sep 2004","5.132178","2.635355","4.128747","2.297686","4.705733","2.622748","4.921745","2.040883","3.395869","3.754161"
"2004-09-16","16 Sep 2004","5.122604","2.649113","4.130073","2.308354","4.700320","2.634832","4.913589","2.047758","3.404290","3.759353"
"2004-09-17","17 Sep 2004","5.108060","2.595691","4.098976","2.281755","4.677443","2.591642","4.893322","2.050293","3.360508","3.721681"
"2004-09-20","20 Sep 2004","5.085004","2.596526","4.081284","2.281191","4.658545","2.590151","4.874710","2.046296","3.349658","3.706810"
"2004-09-21","21 Sep 2004","5.088342","2.612761","4.088465","2.291793","4.664328","2.603703","4.880268","2.050189","3.360755","3.715771"
"2004-09-22","22 Sep 2004","5.059364","2.607976","4.067370","2.291219","4.639476","2.598986","4.854330","2.052665","3.346642","3.697950"
"2004-09-23","23 Sep 2004","5.009265","2.523681","3.995153","2.243830","4.582513","2.526792","4.804375","2.043347","3.262857","3.618512"
"2004-09-24","24 Sep 2004","5.034066","2.582280","4.040459","2.281093","4.613604","2.578198","4.829018","2.058450","3.319032","3.670473"
"2004-09-27","27 Sep 2004","5.014770","2.558745","4.013463","2.268372","4.592868","2.557154","4.811382","2.055670","3.289943","3.641475"
"2004-09-28","28 Sep 2004","5.035034","2.553291","4.022046","2.265591","4.595773","2.551173","4.805108","2.053061","3.285461","3.643500"
"2004-09-29","29 Sep 2004","5.068222","2.595076","4.057650","2.291128","4.632432","2.587423","4.843015","2.061801","3.325002","3.680833"
"2004-09-30","30 Sep 2004","5.098378","2.605263","4.065687","2.281661","4.664518","2.590240","4.888623","2.031314","3.329645","3.684609"
"2004-10-01","01 Oct 2004","5.141890","2.569406","4.088668","2.276508","4.685772","2.568275","4.903750","2.060936","3.324627","3.695513"
"2004-10-04","04 Oct 2004","5.139752","2.605965","4.115546","2.293546","4.692609","2.599666","4.902030","2.059474","3.364847","3.731321"
"2004-10-05","05 Oct 2004","5.105976","2.578477","4.076710","2.280236","4.658768","2.575060","4.870750","2.058885","3.326839","3.691712"
"2004-10-06","06 Oct 2004","5.092075","2.574114","4.068815","2.279477","4.646221","2.571849","4.856062","2.061839","3.321582","3.685543"
"2004-10-07","07 Oct 2004","5.110541","2.571220","4.080702","2.277637","4.660624","2.570432","4.870987","2.062147","3.326921","3.694443"
"2004-10-08","08 Oct 2004","5.079184","2.489818","4.026579","2.227286","4.618684","2.500462","4.833559","2.044806","3.256038","3.631479"
"2004-10-11","11 Oct 2004","5.103077","2.488605","4.037261","2.231585","4.637617","2.501395","4.855812","2.054990","3.258747","3.637608"
"2004-10-12","12 Oct 2004","5.065762","2.447067","3.993070","2.207868","4.598720","2.464858","4.819476","2.048719","3.212326","3.591487"
"2004-10-13","13 Oct 2004","5.065021","2.467999","4.005573","2.222985","4.602230","2.483919","4.819112","2.058014","3.231775","3.608255"
"2004-10-14","14 Oct 2004","5.052541","2.440380","3.986148","2.206728","4.586854","2.460494","4.805394","2.053923","3.207420","3.586203"
"2004-10-15","15 Oct 2004","5.047969","2.393698","3.976069","2.182802","4.576646","2.425716","4.794445","2.058406","3.185599","3.571965"
"2004-10-18","18 Oct 2004","5.072650","2.399070","3.983234","2.184427","4.596523","2.428404","4.819838","2.054268","3.186001","3.574137"
"2004-10-19","19 Oct 2004","5.091733","2.414002","4.004734","2.193978","4.615450","2.442578","4.837404","2.059367","3.206780","3.595914"
"2004-10-20","20 Oct 2004","5.061028","2.368636","3.962014","2.172542","4.582606","2.404826","4.809660","2.062483","3.159253","3.549741"
"2004-10-21","21 Oct 2004","5.049094","2.380645","3.959098","2.180540","4.574455","2.414305","4.799427","2.065074","3.163300","3.550295"
"2004-10-22","22 Oct 2004","5.046504","2.395380","3.960501","2.191096","4.574280","2.426229","4.798792","2.069744","3.169520","3.553691"
"2004-10-25","25 Oct 2004","5.025510","2.350869","3.919884","2.167158","4.548707","2.387554","4.780434","2.065966","3.120885","3.507358"
"2004-10-26","26 Oct 2004","5.023234","2.346322","3.914482","2.167807","4.546168","2.384454","4.779450","2.071719","3.114680","3.501185"
"2004-10-27","27 Oct 2004","5.016024","2.356144","3.917934","2.176091","4.542700","2.393979","4.773167","2.078820","3.123763","3.508102"
"2004-10-28","28 Oct 2004","5.060085","2.441863","3.994896","2.219596","4.596816","2.467402","4.817247","2.080704","3.215798","3.595269"
"2004-10-29","29 Oct 2004","5.042896","2.434538","3.926536","2.217861","4.581997","2.451041","4.831995","2.072875","3.148274","3.518322"
"2004-11-01","01 Nov 2004","5.073435","2.400012","3.962557","2.198297","4.601572","2.430288","4.840586","2.078214","3.166007","3.550197"
"2004-11-02","02 Nov 2004","5.077874","2.434170","3.985472","2.218079","4.611089","2.459664","4.843772","2.083190","3.198306","3.578949"
"2004-11-03","03 Nov 2004","5.079803","2.436261","3.985772","2.198835","4.611985","2.454049","4.844307","2.040958","3.198585","3.578963"
"2004-11-04","04 Nov 2004","5.079815","2.435152","3.986013","2.192017","4.611615","2.451174","4.843407","2.028328","3.198585","3.579185"
"2004-11-05","05 Nov 2004","5.079626","2.434759","3.986297","2.183667","4.611322","2.448230","4.842644","2.011803","3.199013","3.579617"
"2004-11-08","08 Nov 2004","5.081201","2.438823","3.985395","2.175844","4.612874","2.447546","4.845154","1.990769","3.198948","3.578541"
"2004-11-09","09 Nov 2004","5.003367","2.449314","3.944108","2.246411","4.547417","2.474259","4.769728","2.120021","3.181206","3.549644"
"2004-11-10","10 Nov 2004","4.994467","2.427382","3.930825","2.235570","4.525166","2.454876","4.738081","2.118679","3.159263","3.532368"
"2004-11-11","11 Nov 2004","4.986664","2.374263","3.912166","2.211799","4.508934","2.414492","4.721931","2.128266","3.126083","3.507633"
"2004-11-12","12 Nov 2004","4.957239","2.368446","3.887884","2.204732","4.483120","2.406452","4.695883","2.118056","3.108582","3.486095"
"2004-11-15","15 Nov 2004","4.921982","2.356246","3.853985","2.203326","4.450729","2.395302","4.664726","2.125195","3.080632","3.453968"
"2004-11-16","16 Nov 2004","4.881212","2.396206","3.831330","2.223894","4.424534","2.423265","4.639013","2.120249","3.082819","3.441488"
"2004-11-17","17 Nov 2004","4.905536","2.400060","3.850619","2.225473","4.445380","2.427739","4.660039","2.120818","3.096114","3.458252"
"2004-11-18","18 Nov 2004","4.926432","2.439006","3.878715","2.246484","4.471165","2.460379","4.685496","2.123098","3.130978","3.489678"
"2004-11-19","19 Nov 2004","4.912240","2.418433","3.861852","2.236649","4.454819","2.443384","4.669041","2.124291","3.111386","3.471472"
"2004-11-22","22 Nov 2004","4.889945","2.391994","3.834556","2.222906","4.430642","2.420497","4.646124","2.122902","3.081893","3.442570"
"2004-11-23","23 Nov 2004","4.879609","2.384258","3.826896","2.221681","4.420374","2.415023","4.634589","2.128512","3.074642","3.435424"
"2004-11-24","24 Nov 2004","4.885468","2.349185","3.820487","2.201311","4.418323","2.387001","4.633493","2.125403","3.055217","3.423155"
"2004-11-25","25 Nov 2004","4.875337","2.321483","3.807568","2.179165","4.405297","2.362620","4.620020","2.110507","3.037011","3.408268"
"2004-11-26","26 Nov 2004","4.855497","2.316091","3.804963","2.173503","4.389460","2.358906","4.598378","2.106633","3.039590","3.410169"
"2004-11-29","29 Nov 2004","4.889303","2.357501","3.845226","2.198363","4.425555","2.395294","4.632697","2.114918","3.083054","3.452562"
"2004-11-30","30 Nov 2004","4.875488","2.330045","3.822850","2.179836","4.408758","2.370680","4.618238","2.105419","3.056039","3.427349"
"2004-12-01","01 Dec 2004","4.851796","2.300714","3.798845","2.160345","4.384260","2.345243","4.593499","2.096807","3.030214","3.402757"
"2004-12-02","02 Dec 2004","4.858519","2.356712","3.828690","2.196627","4.400625","2.393519","4.604626","2.111684","3.075817","3.441112"
"2004-12-03","03 Dec 2004","4.852275","2.326049","3.799780","2.181088","4.388070","2.366154","4.599163","2.109739","3.038063","3.405647"
"2004-12-06","06 Dec 2004","4.812700","2.265633","3.750883","2.142027","4.344761","2.313475","4.558343","2.093431","2.982293","3.353145"
"2004-12-07","07 Dec 2004","4.792975","2.254824","3.722882","2.138361","4.325039","2.302242","4.542735","2.094120","2.955818","3.324014"
"2004-12-08","08 Dec 2004","4.773062","2.288583","3.725051","2.157474","4.315085","2.329240","4.528234","2.096333","2.974732","3.334743"
"2004-12-09","09 Dec 2004","4.689613","2.257497","3.650069","2.140924","4.240080","2.298521","4.454890","2.090347","2.914437","3.265209"
"2004-12-10","10 Dec 2004","4.653494","2.273421","3.626984","2.156628","4.212894","2.310922","4.427139","2.102438","2.906785","3.248667"
"2004-12-13","13 Dec 2004","4.652863","2.276965","3.635391","2.152547","4.213818","2.313243","4.424534","2.091911","2.917142","3.259253"
"2004-12-14","14 Dec 2004","4.625357","2.281308","3.621375","2.158536","4.192030","2.317042","4.399837","2.098629","2.912693","3.250226"
"2004-12-15","15 Dec 2004","4.562550","2.268965","3.575592","2.152769","4.137906","2.304307","4.343069","2.097209","2.881719","3.211463"
"2004-12-16","16 Dec 2004","4.555988","2.334495","3.600383","2.184339","4.147723","2.356956","4.348175","2.092550","2.930941","3.248877"
"2004-12-17","17 Dec 2004","4.580290","2.385159","3.648564","2.209851","4.179495","2.401154","4.373006","2.094313","2.989225","3.304274"
"2004-12-20","20 Dec 2004","4.573963","2.342733","3.616439","2.191807","4.164192","2.365684","4.364662","2.099958","2.944170","3.263826"
"2004-12-21","21 Dec 2004","4.588484","2.395512","3.647168","2.241607","4.186146","2.416285","4.383508","2.145671","2.986814","3.300730"
"2004-12-22","22 Dec 2004","4.578734","2.434186","3.641276","2.237599","4.195822","2.438029","4.406035","2.095498","3.001131","3.302132"
"2004-12-23","23 Dec 2004","4.576220","2.399076","3.613551","2.214698","4.186617","2.405868","4.405179","2.083845","2.962626","3.266959"
"2004-12-24","24 Dec 2004","4.575282","2.385188","3.574442","2.205452","4.194385","2.389400","4.442186","2.075433","2.922460","3.221706"
"2004-12-27","27 Dec 2004","4.595096","2.417612","3.634788","2.224398","4.207273","2.422210","4.426174","2.085267","2.984759","3.289010"
"2004-12-28","28 Dec 2004","4.630434","2.375419","3.650759","2.228311","4.216821","2.398345","4.426160","2.138951","2.971164","3.292318"
"2004-12-29","29 Dec 2004","4.654601","2.486277","3.709169","2.260297","4.275282","2.482686","4.493653","2.090457","3.065629","3.368347"
"2004-12-30","30 Dec 2004","4.658325","2.480087","3.707558","2.252622","4.277870","2.476221","4.498353","2.081448","3.061266","3.365098"
"2004-12-31","31 Dec 2004","4.655753","2.480566","3.705391","2.243356","4.280351","2.473764","4.505416","2.062602","3.061771","3.364073"
"2005-01-03","03 Jan 2005","4.660124","2.423621","3.661840","2.239782","4.261873","2.430961","4.493401","2.109629","2.993412","3.304362"
"2005-01-04","04 Jan 2005","4.605948","2.463414","3.668323","2.231982","4.236022","2.457144","4.458392","2.055906","3.034202","3.331801"
"2005-01-05","05 Jan 2005","4.623089","2.487824","3.695968","2.248179","4.254532","2.479969","4.472248","2.064858","3.064513","3.362033"
"2005-01-06","06 Jan 2005","4.602554","2.411338","3.652554","2.207488","4.210780","2.415567","4.421138","2.060515","2.998407","3.307315"
"2005-01-07","07 Jan 2005","4.571918","2.384112","3.621110","2.187889","4.179653","2.390159","4.389998","2.048016","2.967263","3.275709"
"2005-01-10","10 Jan 2005","4.566889","2.381684","3.621085","2.179831","4.175479","2.386555","4.383808","2.034898","2.968441","3.276929"
"2005-01-11","11 Jan 2005","4.542405","2.402640","3.615339","2.204538","4.159338","2.407134","4.363969","2.062037","2.976360","3.278225"
"2005-01-12","12 Jan 2005","4.552314","2.407773","3.624260","2.206971","4.168654","2.411769","4.373382","2.062085","2.984051","3.286660"
"2005-01-13","13 Jan 2005","4.529851","2.353353","3.588908","2.174735","4.135713","2.365086","4.339242","2.052742","2.936373","3.245208"
"2005-01-14","14 Jan 2005","4.490615","2.370915","3.580548","2.185829","4.107527","2.379951","4.302932","2.056923","2.945857","3.247229"
"2005-01-17","17 Jan 2005","4.460656","2.356831","3.555552","2.176681","4.080063","2.366577","4.274681","2.051974","2.925319","3.224290"
"2005-01-18","18 Jan 2005","4.456017","2.379672","3.571272","2.189711","4.081153","2.386943","4.269279","2.055868","2.950131","3.246141"
"2005-01-19","19 Jan 2005","4.384721","2.363182","3.532531","2.182498","4.018001","2.373014","4.194969","2.057891","2.927043","3.217198"
"2005-01-20","20 Jan 2005","4.447732","2.397866","3.580961","2.199972","4.078302","2.402950","4.260955","2.058574","2.968481","3.261418"
"2005-01-21","21 Jan 2005","4.471069","2.384299","3.589843","2.193425","4.093307","2.392874","4.277387","2.060204","2.965278","3.264279"
"2005-01-24","24 Jan 2005","4.446701","2.357175","3.559666","2.176315","4.067445","2.368145","4.253457","2.052405","2.933447","3.232531"
"2005-01-25","25 Jan 2005","4.385468","2.344977","3.532348","2.168878","4.014135","2.358017","4.188236","2.050607","2.920556","3.214973"
"2005-01-26","26 Jan 2005","4.413493","2.377237","3.573076","2.183268","4.044567","2.386463","4.213838","2.048846","2.963987","3.258820"
"2005-01-27","27 Jan 2005","4.424209","2.418816","3.599677","2.204153","4.063415","2.421126","4.230298","2.048596","3.001752","3.291549"
"2005-01-28","28 Jan 2005","4.409368","2.372635","3.556881","2.182772","4.040412","2.381147","4.215874","2.050430","2.947417","3.240453"
"2005-01-31","31 Jan 2005","4.398842","2.381432","3.555916","2.188622","4.033802","2.388639","4.207112","2.053021","2.952600","3.242895"
"2005-02-01","01 Feb 2005","4.397470","2.380236","3.555893","2.180269","4.033310","2.385454","4.206563","2.037724","2.953251","3.243383"
"2005-02-02","02 Feb 2005","4.351590","2.390908","3.537406","2.192832","3.997654","2.395444","4.164032","2.051172","2.951856","3.234378"
"2005-02-03","03 Feb 2005","4.321752","2.415838","3.554661","2.210693","3.977942","2.420443","4.127268","2.064542","2.986255","3.264534"
"2005-02-04","04 Feb 2005","4.266543","2.390139","3.506641","2.193969","3.927304","2.395647","4.076074","2.055051","2.946519","3.219989"
"2005-02-07","07 Feb 2005","4.198062","2.404535","3.479576","2.200515","3.875118","2.405985","4.014162","2.052471","2.945409","3.207429"
"2005-02-08","08 Feb 2005","4.205510","2.434053","3.481878","2.218430","3.889848","2.428924","4.036957","2.055852","2.955995","3.211479"
"2005-02-09","09 Feb 2005","4.164900","2.394247","3.446598","2.196484","3.845677","2.395259","3.987149","2.052393","2.918918","3.176264"
"2005-02-10","10 Feb 2005","4.176955","2.367175","3.435463","2.181324","3.849095","2.372004","3.996316","2.049115","2.894823","3.157362"
"2005-02-11","11 Feb 2005","4.246014","2.361311","3.468299","2.179056","3.903710","2.368922","4.059284","2.051779","2.904452","3.177400"
"2005-02-14","14 Feb 2005","4.272083","2.386981","3.497823","2.193053","3.930871","2.391610","4.085428","2.054705","2.934796","3.207878"
"2005-02-15","15 Feb 2005","4.267785","2.414780","3.505220","2.204289","3.935408","2.413044","4.090387","2.048256","2.953714","3.220805"
"2005-02-16","16 Feb 2005","4.272580","2.410706","3.482918","2.201119","3.943557","2.406114","4.115953","2.042919","2.930206","3.193875"
"2005-02-17","17 Feb 2005","4.368485","2.453552","3.587066","2.219426","4.026614","2.447784","4.184324","2.042729","3.018536","3.294869"
"2005-02-18","18 Feb 2005","4.454961","2.481304","3.662412","2.226838","4.102729","2.473372","4.258426","2.033626","3.077197","3.363726"
"2005-02-21","21 Feb 2005","4.472600","2.497424","3.681306","2.237322","4.120772","2.488139","4.276137","2.038853","3.096127","3.382916"
"2005-02-22","22 Feb 2005","4.505426","2.481305","3.696929","2.231496","4.141706","2.477229","4.297065","2.045126","3.095464","3.390761"
"2005-02-23","23 Feb 2005","4.504364","2.461354","3.680708","2.223606","4.135954","2.460409","4.295749","2.048626","3.072510","3.369918"
"2005-02-24","24 Feb 2005","4.537123","2.474952","3.704860","2.232362","4.165673","2.473054","4.327722","2.052984","3.091217","3.391120"
"2005-02-25","25 Feb 2005","4.548892","2.507347","3.736715","2.248903","4.182492","2.501778","4.337733","2.054982","3.130557","3.428670"
"2005-02-28","28 Feb 2005","4.520305","2.493761","3.710944","2.240772","4.156296","2.488799","4.311780","2.051296","3.108968","3.404514"
"2005-03-01","01 Mar 2005","4.565206","2.492279","3.733986","2.239107","4.192444","2.488387","4.352899","2.050360","3.117828","3.419808"
"2005-03-02","02 Mar 2005","4.646197","2.503965","3.789237","2.244272","4.260436","2.500884","4.424631","2.051515","3.152276","3.464808"
"2005-03-03","03 Mar 2005","4.653643","2.471589","3.770573","2.225457","4.259354","2.472451","4.430963","2.045851","3.120423","3.437822"
"2005-03-04","04 Mar 2005","4.602163","2.425069","3.721829","2.202363","4.205763","2.433137","4.374125","2.046272","3.071260","3.389126"
"2005-03-07","07 Mar 2005","4.556325","2.397995","3.681450","2.187365","4.162086","2.408788","4.328986","2.042469","3.035682","3.350903"
"2005-03-08","08 Mar 2005","4.600894","2.402705","3.713497","2.189467","4.199279","2.414773","4.367256","2.043912","3.055814","3.377460"
"2005-03-09","09 Mar 2005","4.673073","2.437264","3.779045","2.208083","4.265365","2.447207","4.432059","2.049226","3.111091","3.439115"
"2005-03-10","10 Mar 2005","4.672302","2.430064","3.774219","2.204705","4.262934","2.441175","4.430476","2.049641","3.103992","3.432908"
"2005-03-11","11 Mar 2005","4.706869","2.421971","3.787095","2.200069","4.289402","2.434955","4.462388","2.049092","3.103633","3.438312"
"2005-03-14","14 Mar 2005","4.694458","2.444897","3.794177","2.210469","4.284160","2.453505","4.452049","2.046536","3.122234","3.452076"
"2005-03-15","15 Mar 2005","4.630217","2.424274","3.739499","2.202966","4.226797","2.433987","4.394485","2.049379","3.079818","3.402366"
"2005-03-16","16 Mar 2005","4.574454","2.486184","3.725076","2.236302","4.197525","2.481815","4.363180","2.049252","3.103919","3.406337"
"2005-03-17","17 Mar 2005","4.543093","2.475856","3.696787","2.236285","4.169412","2.473028","4.335852","2.058007","3.081320","3.380092"
"2005-03-18","18 Mar 2005","4.581949","2.500114","3.734036","2.246226","4.207112","2.494143","4.373525","2.054839","3.115344","3.416327"
"2005-03-21","21 Mar 2005","4.567184","2.524440","3.742948","2.260037","4.200681","2.515169","4.360810","2.058260","3.137073","3.433026"
"2005-03-22","22 Mar 2005","4.514469","2.521584","3.700622","2.261954","4.159709","2.510640","4.323540","2.062094","3.110467","3.397061"
"2005-03-23","23 Mar 2005","4.538618","2.554953","3.739160","2.281479","4.186052","2.541145","4.343703","2.069214","3.152729","3.439210"
"2005-03-24","24 Mar 2005","4.518964","2.548246","3.712260","2.281292","4.171746","2.534215","4.337946","2.073449","3.130275","3.412485"
"2005-03-29","29 Mar 2005","4.525429","2.553529","3.721801","2.281639","4.178141","2.538591","4.342595","2.069467","3.139768","3.422571"
"2005-03-30","30 Mar 2005","4.526831","2.538179","3.708227","2.275401","4.176000","2.525305","4.345755","2.071523","3.120471","3.404753"
"2005-03-31","31 Mar 2005","4.500639","2.479995","3.654529","2.235843","4.142254","2.471562","4.320805","2.049133","3.055552","3.342998"
"2005-04-01","01 Apr 2005","4.498751","2.421860","3.606079","2.205220","4.128645","2.420003","4.323344","2.043868","2.988040","3.280991"
"2005-04-04","04 Apr 2005","4.488109","2.421481","3.624978","2.213028","4.110150","2.425273","4.281140","2.062871","3.006962","3.304297"
"2005-04-05","05 Apr 2005","4.475550","2.423079","3.617570","2.214210","4.100506","2.426163","4.270944","2.063123","3.003989","3.299045"
"2005-04-06","06 Apr 2005","4.501771","2.411455","3.615034","2.207123","4.121123","2.415184","4.302913","2.059673","2.990048","3.288445"
"2005-04-07","07 Apr 2005","4.508390","2.379851","3.596627","2.185381","4.120367","2.386420","4.310100","2.047422","2.959325","3.262213"
"2005-04-08","08 Apr 2005","4.554386","2.375190","3.614485","2.183651","4.157459","2.383244","4.355663","2.048984","2.961669","3.270893"
"2005-04-11","11 Apr 2005","4.532759","2.365622","3.600115","2.175664","4.137332","2.374084","4.332672","2.042544","2.950696","3.258669"
"2005-04-12","12 Apr 2005","4.503465","2.373201","3.590845","2.179164","4.115007","2.379934","4.304826","2.041661","2.952967","3.256114"
"2005-04-13","13 Apr 2005","4.479138","2.362048","3.563844","2.174781","4.094094","2.369185","4.288252","2.042450","2.929876","3.229788"
"2005-04-14","14 Apr 2005","4.494095","2.364513","3.575808","2.173798","4.106751","2.371354","4.300722","2.038725","2.938217","3.240234"
"2005-04-15","15 Apr 2005","4.481480","2.313752","3.535204","2.142555","4.085781","2.325882","4.288637","2.026100","2.884481","3.190950"
"2005-04-18","18 Apr 2005","4.479689","2.310090","3.535540","2.133972","4.083903","2.321241","4.285505","2.013125","2.884595","3.191628"
"2005-04-19","19 Apr 2005","4.443042","2.274473","3.505352","2.121603","4.042869","2.293596","4.237442","2.024820","2.852209","3.161509"
"2005-04-20","20 Apr 2005","4.447260","2.271206","3.505435","2.122402","4.045394","2.291675","4.240968","2.029755","2.849702","3.160111"
"2005-04-21","21 Apr 2005","4.467587","2.269210","3.548171","2.124936","4.058658","2.297328","4.236457","2.043242","2.885189","3.204441"
"2005-04-22","22 Apr 2005","4.440112","2.267609","3.508397","2.115986","4.037892","2.288481","4.227443","2.021822","2.853716","3.165054"
"2005-04-25","25 Apr 2005","4.422527","2.265218","3.494214","2.117367","4.023054","2.286260","4.212912","2.026045","2.843927","3.152671"
"2005-04-26","26 Apr 2005","4.400643","2.254842","3.475322","2.110159","4.003121","2.276175","4.192858","2.021368","2.828318","3.135191"
"2005-04-27","27 Apr 2005","4.365200","2.238527","3.448289","2.100117","3.970572","2.261234","4.158026","2.017145","2.806626","3.111031"
"2005-04-28","28 Apr 2005","4.376016","2.218627","3.446112","2.087982","3.975101","2.244787","4.164902","2.013743","2.794539","3.103754"
"2005-04-29","29 Apr 2005","4.412239","2.212914","3.481846","2.088394","4.002251","2.245473","4.185314","2.024835","2.817269","3.135635"
"2005-05-02","02 May 2005","4.415086","2.199973","3.460257","2.082818","3.968076","2.229560","4.120051","2.020310","2.782372","3.104339"
"2005-05-03","03 May 2005","4.415135","2.175190","3.449155","2.066920","3.961447","2.208104","4.114020","2.013749","2.762620","3.088712"
"2005-05-04","04 May 2005","4.449716","2.192378","3.482926","2.077106","3.992289","2.224712","4.142145","2.018419","2.791348","3.120926"
"2005-05-05","05 May 2005","4.451148","2.183420","3.471036","2.071881","3.992693","2.215865","4.148864","2.015859","2.776380","3.105940"
"2005-05-06","06 May 2005","4.463208","2.209807","3.498051","2.083800","4.008895","2.238822","4.160560","2.014408","2.808927","3.137228"
"2005-05-09","09 May 2005","4.445989","2.219234","3.497316","2.087343","3.997250","2.246440","4.144578","2.012195","2.816788","3.141798"
"2005-05-10","10 May 2005","4.371360","2.173643","3.426347","2.066329","3.924747","2.205965","4.071045","2.013416","2.752518","3.073037"
"2005-05-11","11 May 2005","4.330881","2.170599","3.398776","2.067631","3.891355","2.202601","4.036153","2.017585","2.736200","3.050843"
"2005-05-12","12 May 2005","4.320411","2.185675","3.399341","2.076195","3.887354","2.214977","4.031421","2.019083","2.745409","3.055878"
"2005-05-13","13 May 2005","4.279749","2.186342","3.362835","2.077361","3.858639","2.212616","4.010235","2.017847","2.722748","3.024271"
"2005-05-16","16 May 2005","4.280316","2.191342","3.372632","2.082030","3.858243","2.218426","4.004021","2.023075","2.733366","3.035757"
"2005-05-17","17 May 2005","4.297263","2.191221","3.381578","2.080557","3.872197","2.218323","4.019918","2.020610","2.737237","3.041923"
"2005-05-18","18 May 2005","4.234776","2.184012","3.345400","2.075582","3.819619","2.210477","3.960861","2.016793","2.717710","3.014909"
"2005-05-19","19 May 2005","4.236833","2.195225","3.356907","2.081787","3.823143","2.220725","3.960359","2.018598","2.732218","3.028887"
"2005-05-20","20 May 2005","4.262398","2.238805","3.395530","2.103109","3.856499","2.258006","3.993203","2.018369","2.778832","3.072390"
"2005-05-23","23 May 2005","4.231199","2.229662","3.368678","2.101638","3.829110","2.249723","3.966257","2.023176","2.758261","3.048009"
"2005-05-24","24 May 2005","4.212923","2.178645","3.329264","2.075270","3.799349","2.205873","3.937944","2.020805","2.706048","3.000920"
"2005-05-25","25 May 2005","4.237687","2.147706","3.325171","2.059230","3.810708","2.180299","3.954003","2.020144","2.683282","2.986357"
"2005-05-26","26 May 2005","4.291490","2.162788","3.369033","2.067867","3.856390","2.195616","3.998409","2.024360","2.715439","3.025189"
"2005-05-27","27 May 2005","4.344030","2.146693","3.380491","2.061096","3.895968","2.182676","4.049847","2.026892","2.705417","3.023510"
"2005-05-30","30 May 2005","4.348989","2.145358","3.380837","2.060401","3.900024","2.181445","4.055719","2.026720","2.703884","3.022552"
"2005-05-31","31 May 2005","4.260626","2.134329","3.323370","2.046557","3.828399","2.166920","3.980679","2.007829","2.670875","2.977443"
"2005-06-01","01 Jun 2005","4.287998","2.061002","3.310745","2.000604","3.832265","2.105484","3.988575","1.992214","2.624428","2.947936"
"2005-06-02","02 Jun 2005","4.163304","2.037105","3.271704","2.004942","3.787848","2.103177","3.983832","2.042744","2.635626","2.941170"
"2005-06-03","03 Jun 2005","4.075895","2.007159","3.202775","1.996056","3.710806","2.077196","3.905144","2.052848","2.583288","2.879971"
"2005-06-06","06 Jun 2005","4.123866","2.012642","3.250123","1.998075","3.739984","2.084079","3.918122","2.052689","2.613554","2.921682"
"2005-06-07","07 Jun 2005","4.047855","1.969581","3.193088","1.979179","3.672020","2.049682","3.846496","2.060312","2.567534","2.871079"
"2005-06-08","08 Jun 2005","4.010576","1.928582","3.161714","1.957233","3.635944","2.017407","3.808441","2.061310","2.536351","2.840871"
"2005-06-09","09 Jun 2005","4.061029","1.973269","3.198554","1.981850","3.650725","2.046202","3.798311","2.051453","2.555074","2.867830"
"2005-06-10","10 Jun 2005","4.049546","2.008084","3.199229","1.994994","3.648873","2.071095","3.797034","2.039551","2.570711","2.874960"
"2005-06-13","13 Jun 2005","4.111663","1.999163","3.230299","1.986623","3.697757","2.064555","3.852452","2.033667","2.580149","2.894612"
"2005-06-14","14 Jun 2005","4.125516","2.007980","3.237973","1.988667","3.711025","2.070629","3.868462","2.028160","2.586574","2.900928"
"2005-06-15","15 Jun 2005","4.236437","2.074781","3.324842","2.019053","3.815948","2.126365","3.981105","2.021823","2.662174","2.980823"
"2005-06-16","16 Jun 2005","4.257619","2.111498","3.372005","2.033594","3.843110","2.159164","3.999543","2.017275","2.716210","3.034656"
"2005-06-17","17 Jun 2005","4.212670","2.097026","3.344097","2.027972","3.803727","2.147284","3.955572","2.020607","2.697238","3.012134"
"2005-06-20","20 Jun 2005","4.248453","2.058994","3.358621","2.006044","3.825829","2.118825","3.979167","2.019417","2.688967","3.016521"
"2005-06-21","21 Jun 2005","4.158886","1.966998","3.268889","1.955735","3.734447","2.040734","3.886770","2.012369","2.596863","2.925846"
"2005-06-22","22 Jun 2005","4.060668","1.920916","3.194762","1.934147","3.645732","2.001475","3.792550","2.015177","2.538029","2.860064"
"2005-06-23","23 Jun 2005","4.080286","1.937544","3.203041","1.941655","3.664028","2.013125","3.815638","2.011008","2.544975","2.865997"
"2005-06-24","24 Jun 2005","4.045662","1.939215","3.179712","1.945586","3.635715","2.013499","3.786004","2.015276","2.532312","2.847568"
"2005-06-27","27 Jun 2005","4.029404","1.922567","3.162888","1.939226","3.619578","2.000246","3.770444","2.019592","2.515156","2.830527"
"2005-06-28","28 Jun 2005","4.095377","1.947489","3.205263","1.954909","3.677772","2.022299","3.835111","2.025624","2.545097","2.865381"
"2005-06-29","29 Jun 2005","4.085370","1.923227","3.184047","1.944769","3.664354","2.002141","3.825092","2.029386","2.518737","2.840690"
"2005-06-30","30 Jun 2005","4.087511","1.926678","3.200185","1.948900","3.669540","2.008741","3.825744","2.037583","2.536771","2.859954"
"2005-07-01","01 Jul 2005","4.056475","1.951689","3.186284","1.961546","3.648219","2.026369","3.802349","2.034127","2.539682","2.853716"
"2005-07-04","04 Jul 2005","4.085425","2.020845","3.219732","2.000577","3.684666","2.081874","3.841517","2.038225","2.585905","2.891650"
"2005-07-05","05 Jul 2005","4.115006","2.094796","3.261914","2.034248","3.725349","2.140430","3.883469","2.028465","2.643977","2.940841"
"2005-07-06","06 Jul 2005","4.109711","2.099819","3.263161","2.035600","3.722523","2.144365","3.879113","2.026241","2.648715","2.944242"
"2005-07-07","07 Jul 2005","4.119450","2.043101","3.237548","2.003367","3.717546","2.096273","3.881741","2.019373","2.601050","2.906100"
"2005-07-08","08 Jul 2005","4.073772","2.055359","3.217007","2.016684","3.682689","2.107065","3.841680","2.032207","2.598124","2.894829"
"2005-07-11","11 Jul 2005","4.138190","2.097700","3.247367","2.043685","3.743647","2.140925","3.917166","2.039742","2.622469","2.917815"
"2005-07-12","12 Jul 2005","4.145532","2.118185","3.254226","2.052346","3.755246","2.156349","3.932027","2.035182","2.634484","2.926237"
"2005-07-13","13 Jul 2005","4.174402","2.138193","3.276489","2.061917","3.784101","2.173002","3.964296","2.034132","2.655088","2.947068"
"2005-07-14","14 Jul 2005","4.223027","2.156743","3.316274","2.070082","3.827895","2.189968","4.009113","2.033387","2.686469","2.983067"
"2005-07-15","15 Jul 2005","4.214808","2.166153","3.319682","2.079674","3.822581","2.199530","3.999831","2.043338","2.695135","2.989918"
"2005-07-18","18 Jul 2005","4.172384","2.145763","3.283107","2.070629","3.782834","2.181308","3.958847","2.044405","2.664293","2.955820"
"2005-07-19","19 Jul 2005","4.192276","2.160190","3.305975","2.075900","3.802391","2.193966","3.976578","2.041547","2.686176","2.979004"
"2005-07-20","20 Jul 2005","4.191031","2.167711","3.328626","2.079007","3.802136","2.203173","3.964738","2.043372","2.711534","3.006456"
"2005-07-21","21 Jul 2005","4.207495","2.138655","3.312366","2.069546","3.807687","2.179333","3.979064","2.052457","2.679679","2.979960"
"2005-07-22","22 Jul 2005","4.159601","2.115172","3.271963","2.057061","3.763105","2.157962","3.932903","2.049807","2.645816","2.942557"
"2005-07-25","25 Jul 2005","4.141099","2.116910","3.260091","2.059416","3.748325","2.158898","3.917301","2.051864","2.640080","2.933551"
"2005-07-26","26 Jul 2005","4.146890","2.143878","3.274618","2.076829","3.759376","2.182209","3.927629","2.059090","2.661947","2.951781"
"2005-07-27","27 Jul 2005","4.125329","2.135901","3.254916","2.075318","3.739623","2.175122","3.908104","2.062995","2.645861","2.933347"
"2005-07-28","28 Jul 2005","4.123632","2.155002","3.260122","2.084901","3.743343","2.190342","3.912151","2.062197","2.658386","2.941957"
"2005-07-29","29 Jul 2005","4.123736","2.161639","3.263496","2.089887","3.744636","2.196330","3.912487","2.065416","2.663855","2.946492"
"2005-08-01","01 Aug 2005","4.159195","2.218032","3.305907","2.116976","3.789470","2.242964","3.960757","2.062612","2.715904","2.993333"
"2005-08-02","02 Aug 2005","4.158850","2.215680","3.306905","2.108950","3.789395","2.239311","3.960181","2.049355","2.716786","2.994597"
"2005-08-03","03 Aug 2005","4.202574","2.231770","3.358623","2.120848","3.824838","2.257986","3.984883","2.060760","2.759316","3.044881"
"2005-08-04","04 Aug 2005","4.185520","2.233243","3.347987","2.122855","3.811298","2.258797","3.970478","2.062558","2.754356","3.036954"
"2005-08-05","05 Aug 2005","4.228221","2.271314","3.396180","2.140746","3.855227","2.292084","4.012359","2.061691","2.802851","3.086407"
"2005-08-08","08 Aug 2005","4.217401","2.277654","3.396172","2.142367","3.848065","2.297012","4.002231","2.058716","2.808472","3.089889"
"2005-08-09","09 Aug 2005","4.188789","2.280133","3.379599","2.145695","3.825559","2.298596","3.977912","2.061886","2.801464","3.078098"
"2005-08-10","10 Aug 2005","4.164968","2.271460","3.359476","2.143487","3.803659","2.290948","3.955308","2.065238","2.785394","3.059670"
"2005-08-11","11 Aug 2005","4.175460","2.262656","3.362616","2.136761","3.809499","2.283473","3.961362","2.061173","2.782232","3.059696"
"2005-08-12","12 Aug 2005","4.163688","2.222883","3.329722","2.116683","3.789270","2.249012","3.945414","2.059876","2.738867","3.019945"
"2005-08-15","15 Aug 2005","4.141654","2.187787","3.305379","2.102899","3.760303","2.221246","3.912079","2.068086","2.708122","2.993001"
"2005-08-16","16 Aug 2005","4.133303","2.161184","3.284665","2.091414","3.746419","2.199073","3.900365","2.071407","2.680457","2.968005"
"2005-08-17","17 Aug 2005","4.108095","2.149338","3.259710","2.085519","3.723130","2.187719","3.878184","2.070171","2.659129","2.944063"
"2005-08-18","18 Aug 2005","4.087340","2.136425","3.240814","2.077521","3.703134","2.175805","3.857656","2.066604","2.642183","2.925970"
"2005-08-19","19 Aug 2005","4.069375","2.143697","3.232484","2.081164","3.690598","2.180988","3.844071","2.065758","2.641965","2.921649"
"2005-08-22","22 Aug 2005","4.084216","2.156929","3.244594","2.086417","3.706316","2.191508","3.861777","2.062765","2.654377","2.933502"
"2005-08-23","23 Aug 2005","4.038411","2.168363","3.211937","2.093039","3.673972","2.197972","3.832495","2.061380","2.640375","2.908595"
"2005-08-24","24 Aug 2005","4.016315","2.166283","3.198310","2.094183","3.655065","2.196216","3.811393","2.065166","2.632548","2.898006"
"2005-08-25","25 Aug 2005","3.998135","2.150955","3.176989","2.085725","3.636629","2.182178","3.794247","2.062759","2.611539","2.876161"
"2005-08-26","26 Aug 2005","3.985759","2.167783","3.174347","2.095950","3.631905","2.195745","3.790228","2.065326","2.618864","2.878184"
"2005-08-29","29 Aug 2005","3.980722","2.177227","3.174984","2.100275","3.630969","2.203163","3.789443","2.064172","2.624638","2.881362"
"2005-08-30","30 Aug 2005","3.988654","2.202379","3.190083","2.111076","3.646138","2.223581","3.806713","2.060460","2.646965","2.900061"
"2005-08-31","31 Aug 2005","3.960567","2.156279","3.134155","2.089021","3.612937","2.182164","3.783899","2.059647","2.583883","2.837156"
"2005-09-01","01 Sep 2005","3.941454","2.107105","3.112179","2.050722","3.581935","2.138469","3.744527","2.034092","2.550290","2.810946"
"2005-09-02","02 Sep 2005","3.936486","2.077740","3.092992","2.032805","3.570182","2.112663","3.734894","2.027513","2.522403","2.786676"
"2005-09-05","05 Sep 2005","3.922776","2.067585","3.082488","2.027648","3.555620","2.104123","3.717786","2.027425","2.512282","2.776706"
"2005-09-06","06 Sep 2005","3.933662","2.097146","3.105241","2.043339","3.572130","2.129562","3.732295","2.029507","2.542138","2.803705"
"2005-09-07","07 Sep 2005","3.939937","2.103663","3.113931","2.047933","3.578287","2.135837","3.737023","2.032525","2.550959","2.812842"
"2005-09-08","08 Sep 2005","3.927276","2.096412","3.097931","2.047489","3.566163","2.129591","3.726892","2.037822","2.536161","2.796559"
"2005-09-09","09 Sep 2005","3.893921","2.110852","3.076261","2.057058","3.545441","2.139887","3.709694","2.040177","2.530550","2.781709"
"2005-09-12","12 Sep 2005","3.956094","2.157296","3.136426","2.078906","3.609351","2.180301","3.776281","2.038982","2.588647","2.841372"
"2005-09-13","13 Sep 2005","3.964962","2.161045","3.130294","2.081566","3.621938","2.182172","3.800334","2.039099","2.582407","2.832958"
"2005-09-14","14 Sep 2005","3.922011","2.165713","3.106703","2.085499","3.589802","2.185114","3.766422","2.041065","2.573969","2.817085"
"2005-09-15","15 Sep 2005","3.936232","2.196078","3.131699","2.099487","3.612133","2.210891","3.790132","2.039302","2.606180","2.846349"
"2005-09-16","16 Sep 2005","3.959546","2.210901","3.155604","2.106709","3.634553","2.224352","3.811598","2.039868","2.628094","2.869872"
"2005-09-19","19 Sep 2005","3.946966","2.201435","3.142393","2.101170","3.621769","2.215643","3.798727","2.037810","2.615443","2.856651"
"2005-09-20","20 Sep 2005","3.895645","2.179171","3.099689","2.089589","3.573806","2.195044","3.748060","2.035400","2.580560","2.817468"
"2005-09-21","21 Sep 2005","3.831406","2.161530","3.056347","2.082135","3.514839","2.179031","3.681063","2.036783","2.550037","2.781074"
"2005-09-22","22 Sep 2005","3.842936","2.154446","3.058639","2.078562","3.521308","2.173301","3.688169","2.036880","2.546045","2.779903"
"2005-09-23","23 Sep 2005","3.830535","2.205352","3.077646","2.104821","3.531917","2.216077","3.702322","2.038453","2.588645","2.811717"
"2005-09-26","26 Sep 2005","3.895208","2.250395","3.140666","2.130831","3.597514","2.257231","3.770588","2.047382","2.647862","2.873735"
"2005-09-27","27 Sep 2005","3.890207","2.250999","3.133031","2.130421","3.597859","2.256826","3.777827","2.045370","2.643038","2.866689"
"2005-09-28","28 Sep 2005","3.873134","2.288824","3.155941","2.149192","3.594139","2.289867","3.764108","2.046453","2.684416","2.901897"
"2005-09-29","29 Sep 2005","3.835395","2.332640","3.161698","2.175218","3.583236","2.327695","3.755484","2.054723","2.718525","2.923770"
"2005-09-30","30 Sep 2005","3.819585","2.335032","3.155055","2.176708","3.571779","2.329513","3.742965","2.055112","2.717672","2.920379"
"2005-10-03","03 Oct 2005","3.869801","2.376509","3.221679","2.194595","3.619225","2.367113","3.778748","2.052707","2.782656","2.989396"
"2005-10-04","04 Oct 2005","3.843006","2.349828","3.181517","2.184188","3.592211","2.343311","3.758728","2.056460","2.741615","2.946615"
"2005-10-05","05 Oct 2005","3.830457","2.353767","3.178500","2.185951","3.583537","2.346501","3.748347","2.056054","2.743900","2.946772"
"2005-10-06","06 Oct 2005","3.850323","2.361719","3.187639","2.190090","3.609063","2.353191","3.787626","2.056352","2.751241","2.953980"
"2005-10-07","07 Oct 2005","3.831589","2.398547","3.196122","2.226264","3.602975","2.388749","3.778086","2.091086","2.777126","2.972134"
"2005-10-10","10 Oct 2005","3.790507","2.394354","3.163450","2.220812","3.581450","2.382524","3.773672","2.083080","2.758285","2.945419"
"2005-10-11","11 Oct 2005","3.890676","2.481276","3.201276","2.263283","3.595958","2.423052","3.738009","2.030897","2.748499","2.953636"
"2005-10-12","12 Oct 2005","3.930400","2.487534","3.231940","2.262268","3.630669","2.429237","3.773913","2.024820","2.769911","2.980251"
"2005-10-13","13 Oct 2005","4.006364","2.488891","3.294199","2.262487","3.699311","2.439567","3.844604","2.036651","2.815834","3.036065"
"2005-10-14","14 Oct 2005","4.006146","2.476305","3.294162","2.259869","3.697706","2.432277","3.842057","2.046962","2.812812","3.035251"
"2005-10-17","17 Oct 2005","4.011479","2.529211","3.312068","2.299884","3.704451","2.471889","3.843641","2.058267","2.836178","3.056293"
"2005-10-18","18 Oct 2005","4.020548","2.526514","3.314822","2.300715","3.710813","2.470356","3.851301","2.062540","2.834938","3.056791"
"2005-10-19","19 Oct 2005","4.004918","2.475685","3.288805","2.265735","3.691802","2.429873","3.835119","2.052460","2.802360","3.027339"
"2005-10-20","20 Oct 2005","4.028531","2.543280","3.315801","2.309747","3.723207","2.485791","3.869756","2.068704","2.843481","3.058968"
"2005-10-21","21 Oct 2005","3.946418","2.519327","3.252327","2.284519","3.650198","2.457403","3.793558","2.037333","2.796001","3.003069"
"2005-10-24","24 Oct 2005","3.949638","2.515311","3.250137","2.284389","3.646836","2.450376","3.788584","2.032391","2.785248","2.997112"
"2005-10-25","25 Oct 2005","3.991766","2.559851","3.299991","2.313365","3.689903","2.489931","3.828606","2.044237","2.835306","3.048422"
"2005-10-26","26 Oct 2005","4.075148","2.650297","3.397629","2.378102","3.774678","2.570527","3.907621","2.076848","2.932416","3.148448"
"2005-10-27","27 Oct 2005","4.084623","2.647642","3.398975","2.386976","3.778872","2.568828","3.912401","2.091139","2.926022","3.145984"
"2005-10-28","28 Oct 2005","4.072815","2.667927","3.404659","2.408535","3.774990","2.590841","3.905179","2.117676","2.943773","3.158188"
"2005-10-31","31 Oct 2005","4.073494","2.668664","3.404296","2.406292","3.775592","2.590395","3.906214","2.112172","2.943459","3.157663"
"2005-11-01","01 Nov 2005","4.052843","2.700461","3.411016","2.423503","3.766769","2.617315","3.891826","2.115411","2.967890","3.174250"
"2005-11-02","02 Nov 2005","4.095448","2.752268","3.476367","2.462403","3.813184","2.664784","3.930150","2.135927","3.033919","3.243932"
"2005-11-03","03 Nov 2005","4.098014","2.746021","3.476636","2.455343","3.813211","2.656624","3.929770","2.122957","3.029115","3.242355"
"2005-11-04","04 Nov 2005","4.110184","2.726683","3.482619","2.443216","3.821165","2.642461","3.938123","2.121191","3.026473","3.244958"
"2005-11-07","07 Nov 2005","4.102946","2.794488","3.505591","2.492611","3.828334","2.701673","3.939922","2.150077","3.072936","3.279794"
"2005-11-08","08 Nov 2005","4.076105","2.784398","3.488590","2.497862","3.803957","2.694342","3.912556","2.165097","3.058412","3.265146"
"2005-11-09","09 Nov 2005","4.089774","2.823609","3.514584","2.527222","3.823416","2.730480","3.929777","2.185813","3.093413","3.295877"
"2005-11-10","10 Nov 2005","4.114891","2.824929","3.540697","2.526340","3.845764","2.730738","3.950199","2.176039","3.110323","3.319820"
"2005-11-11","11 Nov 2005","4.096259","2.809252","3.522000","2.519973","3.827132","2.717698","3.931592","2.178677","3.092048","3.301166"
"2005-11-14","14 Nov 2005","4.089433","2.795179","3.512334","2.526286","3.817838","2.708203","3.922206","2.198988","3.077393","3.289557"
"2005-11-15","15 Nov 2005","4.134916","2.812433","3.549428","2.536991","3.859084","2.724931","3.964823","2.204208","3.106551","3.323082"
"2005-11-16","16 Nov 2005","4.070793","2.740859","3.456645","2.497923","3.786600","2.661796","3.900274","2.202132","3.009688","3.223476"
"2005-11-17","17 Nov 2005","4.074057","2.779311","3.475680","2.522706","3.797675","2.696150","3.908709","2.215936","3.041368","3.248869"
"2005-11-18","18 Nov 2005","4.082578","2.905041","3.532530","2.621305","3.828564","2.808596","3.930629","2.282940","3.134204","3.324241"
"2005-11-21","21 Nov 2005","4.088181","2.902306","3.534695","2.626439","3.832266","2.808348","3.934796","2.295299","3.133201","3.324890"
"2005-11-22","22 Nov 2005","4.071212","2.859046","3.509495","2.604563","3.811804","2.776326","3.916031","2.303746","3.102686","3.296773"
"2005-11-23","23 Nov 2005","4.050812","2.822825","3.480704","2.590203","3.787906","2.748501","3.893894","2.314571","3.069331","3.265133"
"2005-11-24","24 Nov 2005","4.005297","2.757663","3.395030","2.549733","3.736292","2.694149","3.856872","2.314063","2.983983","3.172294"
"2005-11-25","25 Nov 2005","4.012163","2.766504","3.420398","2.562433","3.742652","2.701158","3.854544","2.318623","3.003283","3.199121"
"2005-11-28","28 Nov 2005","4.013564","2.808726","3.428131","2.587980","3.750671","2.735958","3.863482","2.327790","3.024744","3.211743"
"2005-11-29","29 Nov 2005","4.011923","2.806582","3.427774","2.585356","3.749494","2.734291","3.861995","2.325731","3.024796","3.211761"
"2005-11-30","30 Nov 2005","4.029773","2.843172","3.459306","2.610057","3.770869","2.764775","3.879234","2.332155","3.059734","3.246677"
"2005-12-01","01 Dec 2005","3.979051","2.742016","3.390749","2.548488","3.713683","2.684730","3.826367","2.327228","2.981740","3.172430"
"2005-12-02","02 Dec 2005","4.009649","2.746559","3.418166","2.543992","3.742062","2.689671","3.854933","2.317837","3.003533","3.197939"
"2005-12-05","05 Dec 2005","4.011389","2.762739","3.423460","2.556221","3.742172","2.697110","3.852521","2.309545","3.005291","3.202623"
"2005-12-06","06 Dec 2005","3.990377","2.758015","3.389232","2.548241","3.723820","2.692836","3.841646","2.308409","2.981618","3.169000"
"2005-12-07","07 Dec 2005","3.965649","2.757933","3.380154","2.551204","3.705897","2.695488","3.820572","2.318249","2.982416","3.165534"
"2005-12-08","08 Dec 2005","3.972761","2.774265","3.387489","2.562160","3.712907","2.707400","3.827410","2.319027","2.990273","3.172942"
"2005-12-09","09 Dec 2005","3.997158","2.841474","3.431299","2.602198","3.745093","2.762674","3.855296","2.325943","3.045760","3.223444"
"2005-12-12","12 Dec 2005","3.979438","2.854029","3.422117","2.606760","3.732016","2.770115","3.841031","2.319107","3.044874","3.218016"
"2005-12-13","13 Dec 2005","3.945615","2.870417","3.400998","2.615446","3.706617","2.781041","3.814761","2.317691","3.039149","3.203364"
"2005-12-14","14 Dec 2005","3.915008","2.860853","3.366784","2.615577","3.680900","2.775203","3.793670","2.332823","3.015158","3.171463"
"2005-12-15","15 Dec 2005","3.905894","2.866357","3.366980","2.623571","3.676015","2.782732","3.787018","2.345925","3.021474","3.175083"
"2005-12-16","16 Dec 2005","3.859541","2.855083","3.336963","2.621785","3.637131","2.774694","3.745048","2.355341","3.003307","3.151244"
"2005-12-19","19 Dec 2005","3.854643","2.874015","3.344049","2.634864","3.632427","2.786246","3.734849","2.351141","3.010908","3.160222"
"2005-12-20","20 Dec 2005","3.847752","2.888519","3.354752","2.640685","3.633039","2.800720","3.731840","2.353222","3.031651","3.177048"
"2005-12-21","21 Dec 2005","3.853261","2.928225","3.377665","2.662266","3.648103","2.835939","3.744599","2.360089","3.068746","3.207235"
"2005-12-22","22 Dec 2005","3.834434","2.942937","3.372079","2.669208","3.635735","2.846783","3.729973","2.357814","3.073584","3.206896"
"2005-12-23","23 Dec 2005","3.806649","2.940623","3.372510","2.668922","3.613957","2.845392","3.698803","2.357261","3.079900","3.213898"
"2005-12-27","27 Dec 2005","3.797824","2.940469","3.332664","2.665472","3.607313","2.842876","3.707970","2.355363","3.048789","3.171317"
"2005-12-28","28 Dec 2005","3.759761","2.917544","3.291120","2.651444","3.570646","2.820480","3.673842","2.348067","3.011001","3.130117"
"2005-12-29","29 Dec 2005","3.766948","2.943050","3.313640","2.665891","3.575532","2.837143","3.669923","2.339488","3.030863","3.154067"
"2005-12-30","30 Dec 2005","3.752152","2.909213","3.205643","2.649187","3.574862","2.805442","3.726414","2.346832","2.933457","3.034588"
"2006-01-02","02 Jan 2006","3.926936","2.974505","3.386180","2.686655","3.704434","2.859683","3.820874","2.338851","3.058238","3.198458"
"2006-01-03","03 Jan 2006","3.924527","2.966396","3.388762","2.686031","3.698324","2.852531","3.810036","2.340697","3.054867","3.199990"
"2006-01-04","04 Jan 2006","3.800285","2.850900","3.307832","2.625856","3.581334","2.763766","3.677351","2.347787","2.978919","3.128090"
"2006-01-05","05 Jan 2006","3.764933","2.814564","3.274608","2.605608","3.548079","2.736460","3.644346","2.352072","2.949153","3.096299"
"2006-01-06","06 Jan 2006","3.751931","2.818376","3.271944","2.604173","3.540329","2.740244","3.634960","2.349041","2.954218","3.097749"
"2006-01-09","09 Jan 2006","3.701291","2.824128","3.244181","2.607004","3.501892","2.744951","3.593226","2.351422","2.946347","3.079641"
"2006-01-10","10 Jan 2006","3.705027","2.868864","3.261304","2.633595","3.514753","2.783137","3.605355","2.360649","2.978524","3.103473"
"2006-01-11","11 Jan 2006","3.706023","2.908538","3.278889","2.661730","3.523204","2.817474","3.610592","2.375154","3.007897","3.127275"
"2006-01-12","12 Jan 2006","3.689163","2.864761","3.253480","2.635890","3.503255","2.783194","3.592768","2.373720","2.976961","3.098941"
"2006-01-13","13 Jan 2006","3.686563","2.868740","3.246887","2.634963","3.500480","2.783540","3.591733","2.365155","2.971375","3.091864"
"2006-01-16","16 Jan 2006","3.706683","2.864412","3.258205","2.635458","3.516748","2.782542","3.609780","2.372963","2.976116","3.099861"
"2006-01-17","17 Jan 2006","3.707134","2.845079","3.252156","2.623589","3.514630","2.767719","3.609150","2.371892","2.965441","3.091463"
"2006-01-18","18 Jan 2006","3.690822","2.882770","3.268057","2.644444","3.514680","2.803141","3.604205","2.382154","3.004157","3.119872"
"2006-01-19","19 Jan 2006","3.768745","2.929794","3.335279","2.672878","3.587974","2.845482","3.679721","2.392597","3.062808","3.182989"
"2006-01-20","20 Jan 2006","3.774069","2.935436","3.337868","2.676431","3.592562","2.849497","3.685132","2.392652","3.064805","3.184889"
"2006-01-23","23 Jan 2006","3.812079","2.946152","3.374475","2.680563","3.628942","2.862224","3.721231","2.395394","3.096102","3.220049"
"2006-01-24","24 Jan 2006","3.812218","2.945961","3.373697","2.677162","3.627729","2.859874","3.719590","2.386633","3.093745","3.218566"
"2006-01-25","25 Jan 2006","3.843013","2.967311","3.402471","2.689951","3.656433","2.878347","3.747955","2.389738","3.118908","3.245965"
"2006-01-26","26 Jan 2006","3.919202","2.956632","3.440676","2.683497","3.718393","2.873478","3.819095","2.393403","3.133290","3.271116"
"2006-01-27","27 Jan 2006","3.930600","2.979146","3.462251","2.696659","3.734847","2.894830","3.833939","2.400046","3.160981","3.296429"
"2006-01-30","30 Jan 2006","3.920845","3.020462","3.469791","2.722725","3.736324","2.929428","3.834294","2.409484","3.185890","3.312034"
"2006-01-31","31 Jan 2006","3.916974","3.023852","3.470593","2.726226","3.734184","2.933042","3.831020","2.413449","3.189189","3.314368"
"2006-02-01","01 Feb 2006","3.919116","3.026764","3.484324","2.727644","3.737216","2.937224","3.829081","2.414904","3.203168","3.330187"
"2006-02-02","02 Feb 2006","3.939223","3.059565","3.529059","2.743642","3.759007","2.964400","3.840355","2.410323","3.248260","3.379162"
"2006-02-03","03 Feb 2006","3.932654","3.043116","3.511564","2.736376","3.749011","2.950005","3.833337","2.411543","3.226922","3.358570"
"2006-02-06","06 Feb 2006","3.900648","3.019870","3.466667","2.726477","3.714667","2.927057","3.803515","2.410699","3.182116","3.311160"
"2006-02-07","07 Feb 2006","3.924237","2.998030","3.474820","2.717239","3.731736","2.913207","3.823863","2.419787","3.178698","3.313530"
"2006-02-08","08 Feb 2006","3.950282","3.004263","3.505394","2.722945","3.752853","2.919301","3.839923","2.421708","3.199440","3.341970"
"2006-02-09","09 Feb 2006","3.941541","3.003808","3.505624","2.726241","3.747351","2.921602","3.832240","2.431224","3.203576","3.344957"
"2006-02-10","10 Feb 2006","3.879431","2.962510","3.440517","2.706408","3.690397","2.888118","3.779752","2.438214","3.148828","3.282339"
"2006-02-13","13 Feb 2006","3.923185","2.989574","3.483509","2.718847","3.733688","2.912942","3.823168","2.438828","3.189024","3.324666"
"2006-02-14","14 Feb 2006","3.949798","2.992455","3.500215","2.720098","3.756244","2.916339","3.847895","2.439575","3.198962","3.337805"
"2006-02-15","15 Feb 2006","3.939110","2.964145","3.515162","2.712171","3.740854","2.892664","3.818166","2.439755","3.198024","3.352494"
"2006-02-16","16 Feb 2006","3.962034","2.991028","3.504315","2.719960","3.773495","2.920027","3.872403","2.449417","3.206868","3.342274"
"2006-02-17","17 Feb 2006","3.933590","2.962357","3.468894","2.704690","3.744420","2.894816","3.846302","2.447265","3.171159","3.305510"
"2006-02-20","20 Feb 2006","3.899015","2.930273","3.432426","2.692510","3.710299","2.869230","3.813422","2.456085","3.135594","3.268930"
"2006-02-21","21 Feb 2006","3.907959","2.969576","3.450718","2.718792","3.723857","2.901885","3.825379","2.466040","3.162239","3.291127"
"2006-02-22","22 Feb 2006","3.859601","2.981964","3.418944","2.728573","3.685437","2.909215","3.785319","2.468655","3.147872","3.267009"
"2006-02-23","23 Feb 2006","3.876448","3.036683","3.448896","2.761464","3.709212","2.954356","3.807217","2.476154","3.189104","3.302437"
"2006-02-24","24 Feb 2006","3.899034","3.049032","3.472247","2.768486","3.731148","2.966545","3.828392","2.479509","3.210300","3.325424"
"2006-02-27","27 Feb 2006","3.903206","3.081713","3.489617","2.787985","3.741369","2.994081","3.836147","2.484598","3.236831","3.347732"
"2006-02-28","28 Feb 2006","3.891562","3.099210","3.480539","2.797906","3.731911","3.004790","3.826758","2.481135","3.233870","3.340577"
"2006-03-01","01 Mar 2006","3.884978","3.119238","3.481636","2.813906","3.731492","3.022442","3.826703","2.492351","3.244062","3.345676"
"2006-03-02","02 Mar 2006","3.924512","3.152123","3.544816","2.838454","3.767347","3.055105","3.848569","2.508850","3.301886","3.411127"
"2006-03-03","03 Mar 2006","3.932816","3.190802","3.576344","2.861362","3.785116","3.090643","3.861306","2.518657","3.345704","3.450444"
"2006-03-06","06 Mar 2006","3.933443","3.190974","3.572664","2.863044","3.784195","3.089988","3.861429","2.520043","3.340659","3.445520"
"2006-03-07","07 Mar 2006","3.941904","3.196257","3.583328","2.865120","3.792016","3.094585","3.867802","2.518819","3.349978","3.456174"
"2006-03-08","08 Mar 2006","4.006836","3.214645","3.619830","2.875696","3.845509","3.108982","3.927594","2.518411","3.369982","3.482961"
"2006-03-09","09 Mar 2006","4.042866","3.210721","3.635666","2.874327","3.873102","3.106323","3.959490","2.519658","3.372917","3.491620"
"2006-03-10","10 Mar 2006","4.101950","3.231033","3.678832","2.886027","3.925365","3.125158","4.015067","2.523609","3.404625","3.528888"
"2006-03-13","13 Mar 2006","4.096678","3.252288","3.682046","2.898321","3.924132","3.141339","4.012311","2.523890","3.414955","3.535514"
"2006-03-14","14 Mar 2006","4.066571","3.223898","3.642159","2.882840","3.892133","3.114870","3.983748","2.519090","3.374086","3.493479"
"2006-03-15","15 Mar 2006","4.048475","3.256323","3.646631","2.899130","3.886431","3.141755","3.975172","2.519764","3.396726","3.507239"
"2006-03-16","16 Mar 2006","4.042206","3.275050","3.653542","2.912840","3.885602","3.158638","3.971490","2.528346","3.411822","3.518788"
"2006-03-17","17 Mar 2006","4.049316","3.318950","3.676827","2.940578","3.895669","3.192911","3.975596","2.532181","3.441719","3.546409"
"2006-03-20","20 Mar 2006","4.026012","3.278243","3.647681","2.930366","3.869292","3.164199","3.950065","2.556540","3.407852","3.514856"
"2006-03-21","21 Mar 2006","4.048735","3.294805","3.666199","2.943259","3.888632","3.177811","3.969257","2.562236","3.421936","3.531226"
"2006-03-22","22 Mar 2006","4.007139","3.272474","3.626665","2.934234","3.848862","3.157766","3.929611","2.564640","3.386930","3.493149"
"2006-03-23","23 Mar 2006","4.033553","3.265584","3.640614","2.933060","3.868464","3.153765","3.950876","2.569851","3.389964","3.501815"
"2006-03-24","24 Mar 2006","4.042690","3.269223","3.648360","2.935456","3.876148","3.156855","3.958316","2.570290","3.395366","3.508627"
"2006-03-27","27 Mar 2006","4.028034","3.241740","3.623757","2.925595","3.856905","3.134114","3.940894","2.576895","3.364931","3.480452"
"2006-03-28","28 Mar 2006","4.084179","3.344763","3.711278","2.992734","3.922345","3.223274","3.997372","2.602154","3.464870","3.576974"
"2006-03-29","29 Mar 2006","4.121556","3.374083","3.744802","3.016759","3.956927","3.249505","4.032067","2.617567","3.493950","3.608503"
"2006-03-30","30 Mar 2006","4.148610","3.403290","3.774013","3.034812","3.984363","3.274429","4.058748","2.622560","3.523249","3.638142"
"2006-03-31","31 Mar 2006","4.156614","3.403033","3.778159","3.037054","3.990058","3.274487","4.064848","2.625986","3.523786","3.640546"
"2006-04-03","03 Apr 2006","4.196025","3.459134","3.839474","3.072521","4.031287","3.317324","4.097339","2.621511","3.581485","3.704685"
"2006-04-04","04 Apr 2006","4.210639","3.437984","3.834494","3.062931","4.037731","3.300594","4.107899","2.624882","3.565040","3.692954"
"2006-04-05","05 Apr 2006","4.264582","3.420260","3.844543","3.057402","4.075047","3.287936","4.155399","2.634934","3.552929","3.688912"
"2006-04-06","06 Apr 2006","4.341824","3.369349","3.858046","2.977746","4.133902","3.238048","4.232719","2.545762","3.538435","3.684071"
"2006-04-07","07 Apr 2006","4.426182","3.355186","3.912057","2.966588","4.207806","3.236033","4.314604","2.554736","3.571567","3.727608"
"2006-04-10","10 Apr 2006","4.385568","3.380755","3.899366","2.979856","4.181725","3.256455","4.284398","2.555566","3.581280","3.726234"
"2006-04-11","11 Apr 2006","4.335722","3.372353","3.866271","2.981124","4.140295","3.250563","4.240289","2.567192","3.561730","3.699859"
"2006-04-12","12 Apr 2006","4.309989","3.367424","3.859295","2.972676","4.120244","3.246059","4.214883","2.557266","3.562327","3.698365"
"2006-04-13","13 Apr 2006","4.407082","3.427443","3.947889","3.004281","4.208660","3.296060","4.301926","2.555275","3.636172","3.781264"
"2006-04-18","18 Apr 2006","4.407113","3.438860","3.951283","3.004954","4.204507","3.296716","4.293627","2.530144","3.633937","3.783191"
"2006-04-19","19 Apr 2006","4.408788","3.428476","3.948855","3.003229","4.203728","3.289682","4.293281","2.537674","3.627484","3.778885"
"2006-04-20","20 Apr 2006","4.400479","3.415846","3.940002","3.004186","4.195179","3.282895","4.284839","2.555216","3.618244","3.769826"
"2006-04-21","21 Apr 2006","4.394566","3.403834","3.931308","2.999169","4.187748","3.273236","4.277785","2.557297","3.607276","3.759966"
"2006-04-24","24 Apr 2006","4.405079","3.416975","3.945626","3.006588","4.199377","3.284771","4.288339","2.558882","3.622622","3.775291"
"2006-04-25","25 Apr 2006","4.426943","3.487996","4.023336","3.053486","4.235052","3.342822","4.307028","2.559636","3.708344","3.865521"
"2006-04-26","26 Apr 2006","4.411520","3.541602","4.032257","3.104571","4.229249","3.383939","4.295882","2.581138","3.730018","3.882257"
"2006-04-27","27 Apr 2006","4.421991","3.543892","4.017949","3.109196","4.232641","3.388298","4.306120","2.601567","3.714451","3.862612"
"2006-04-28","28 Apr 2006","4.353931","3.534932","3.972634","3.103606","4.177281","3.382992","4.247708","2.610300","3.692116","3.827660"
"2006-05-02","02 May 2006","4.390643","3.539897","3.988504","3.112914","4.204359","3.385805","4.278651","2.615690","3.693747","3.835708"
"2006-05-03","03 May 2006","4.412551","3.522609","4.000301","3.096318","4.220817","3.371918","4.296573","2.603445","3.695038","3.842953"
"2006-05-04","04 May 2006","4.427171","3.548588","4.023337","3.112715","4.238998","3.395458","4.313019","2.611220","3.722702","3.868870"
"2006-05-05","05 May 2006","4.428327","3.525906","3.993215","3.108198","4.229703","3.375627","4.311714","2.623300","3.682506","3.829995"
"2006-05-08","08 May 2006","4.423787","3.538633","4.000058","3.115928","4.229421","3.386580","4.308763","2.625170","3.694825","3.840438"
"2006-05-09","09 May 2006","4.434041","3.568088","4.020910","3.142608","4.242948","3.412537","4.319429","2.642502","3.719267","3.864167"
"2006-05-10","10 May 2006","4.422328","3.543369","3.999089","3.129409","4.227252","3.391076","4.305981","2.640582","3.692531","3.839072"
"2006-05-11","11 May 2006","4.486480","3.579690","4.059082","3.151056","4.287983","3.423632","4.366683","2.645407","3.744053","3.896196"
"2006-05-12","12 May 2006","4.493104","3.544138","4.048646","3.139644","4.285153","3.394367","4.366173","2.650847","3.717060","3.878094"
"2006-05-15","15 May 2006","4.539264","3.478707","4.049671","3.104843","4.310201","3.343715","4.399465","2.652188","3.684140","3.861712"
"2006-05-16","16 May 2006","4.496062","3.448911","4.007163","3.088542","4.268386","3.318252","4.358090","2.652294","3.646004","3.820385"
"2006-05-17","17 May 2006","4.578733","3.475906","4.053391","3.108614","4.337601","3.343213","4.435942","2.667467","3.674855","3.855202"
"2006-05-18","18 May 2006","4.559184","3.439484","4.015378","3.090501","4.312624","3.313112","4.416135","2.671955","3.632030","3.812388"
"2006-05-19","19 May 2006","4.516693","3.440674","3.984757","3.098775","4.274694","3.309301","4.375468","2.672321","3.609134","3.785805"
"2006-05-22","22 May 2006","4.452200","3.393859","3.916995","3.075205","4.209734","3.265458","4.311695","2.664273","3.543088","3.717673"
"2006-05-23","23 May 2006","4.443545","3.408225","3.918649","3.081840","4.206070","3.277193","4.306248","2.664068","3.552631","3.723377"
"2006-05-24","24 May 2006","4.399279","3.396969","3.883082","3.071703","4.168236","3.266727","4.268186","2.660246","3.529300","3.692707"
"2006-05-25","25 May 2006","4.390366","3.393862","3.872029","3.074741","4.159950","3.265727","4.261236","2.671770","3.520682","3.681896"
"2006-05-26","26 May 2006","4.383702","3.396645","3.869388","3.076290","4.155610","3.268593","4.256424","2.673895","3.521862","3.681052"
"2006-05-29","29 May 2006","4.406552","3.425167","3.891344","3.094166","4.179144","3.292480","4.280781","2.679207","3.545333","3.703295"
"2006-05-30","30 May 2006","4.438592","3.468811","3.928984","3.125022","4.212947","3.329885","4.313064","2.691903","3.585063","3.742529"
"2006-05-31","31 May 2006","4.455622","3.515596","3.963984","3.151398","4.237675","3.370629","4.334114","2.699178","3.630928","3.783876"
"2006-06-01","01 Jun 2006","4.468238","3.535641","3.984927","3.171165","4.253455","3.392518","4.347952","2.722462","3.655931","3.807503"
"2006-06-02","02 Jun 2006","4.400851","3.505545","3.922088","3.154100","4.191290","3.364323","4.286777","2.718306","3.604294","3.748419"
"2006-06-05","05 Jun 2006","4.397872","3.526449","3.925295","3.171605","4.193106","3.383726","4.288616","2.733897","3.615971","3.755092"
"2006-06-06","06 Jun 2006","4.450497","3.573118","3.986439","3.198367","4.248284","3.427311","4.341426","2.745061","3.678356","3.818369"
"2006-06-07","07 Jun 2006","4.476341","3.586683","4.006297","3.209297","4.271655","3.439847","4.366099","2.752249","3.694134","3.836062"
"2006-06-08","08 Jun 2006","4.458260","3.535503","3.979622","3.161427","4.250707","3.395684","4.347435","2.719380","3.662119","3.806582"
"2006-06-09","09 Jun 2006","4.415806","3.463838","3.921213","3.122856","4.203722","3.338785","4.305145","2.723807","3.597851","3.743717"
"2006-06-12","12 Jun 2006","4.403791","3.449249","3.906835","3.119887","4.190065","3.327208","4.291572","2.731036","3.581379","3.728231"
"2006-06-13","13 Jun 2006","4.384191","3.426336","3.880298","3.111532","4.167493","3.306871","4.270408","2.733570","3.551409","3.699341"
"2006-06-14","14 Jun 2006","4.369618","3.462128","3.882925","3.133695","4.163060","3.336488","4.264154","2.741350","3.570573","3.709668"
"2006-06-15","15 Jun 2006","4.411578","3.502400","3.938006","3.156751","4.208211","3.374657","4.305135","2.751346","3.627811","3.767903"
"2006-06-16","16 Jun 2006","4.406950","3.488877","3.926766","3.151687","4.200631","3.362926","4.298837","2.752841","3.612491","3.754273"
"2006-06-19","19 Jun 2006","4.416904","3.534868","3.954372","3.183768","4.218513","3.403801","4.313319","2.770477","3.652005","3.788389"
"2006-06-20","20 Jun 2006","4.415237","3.560356","3.960721","3.197326","4.220665","3.422042","4.314059","2.765942","3.664714","3.797876"
"2006-06-21","21 Jun 2006","4.457405","3.607850","4.004198","3.223477","4.262785","3.459642","4.355552","2.763398","3.707557","3.841428"
"2006-06-22","22 Jun 2006","4.475971","3.613656","4.020645","3.228253","4.280265","3.467118","4.373373","2.770444","3.721573","3.856913"
"2006-06-23","23 Jun 2006","4.516787","3.654668","4.063005","3.255321","4.318536","3.498430","4.409382","2.769046","3.758605","3.897996"
"2006-06-26","26 Jun 2006","4.521670","3.689323","4.075329","3.284117","4.328158","3.528627","4.418416","2.788499","3.779250","3.913913"
"2006-06-27","27 Jun 2006","4.506103","3.726430","4.076779","3.315060","4.321384","3.559954","4.409054","2.807956","3.795501","3.922416"
"2006-06-28","28 Jun 2006","4.501401","3.722240","4.076668","3.309912","4.317520","3.556186","4.403557","2.802285","3.795854","3.923284"
"2006-06-29","29 Jun 2006","4.481276","3.700843","4.049085","3.297165","4.294263","3.533631","4.381866","2.789350","3.764304","3.893135"
"2006-06-30","30 Jun 2006","4.474812","3.719608","4.061455","3.308519","4.295398","3.552751","4.378847","2.799706","3.787403","3.911944"
"2006-07-03","03 Jul 2006","4.471654","3.720763","4.059212","3.310824","4.291512","3.551425","4.374091","2.795540","3.783776","3.909414"
"2006-07-04","04 Jul 2006","4.464238","3.710441","4.052047","3.304033","4.283584","3.542292","4.365740","2.791520","3.775444","3.901969"
"2006-07-05","05 Jul 2006","4.503271","3.758363","4.106431","3.337359","4.324589","3.581792","4.400886","2.794318","3.828801","3.958920"
"2006-07-06","06 Jul 2006","4.482828","3.766262","4.088462","3.352403","4.307884","3.590232","4.385233","2.817254","3.819343","3.943612"
"2006-07-07","07 Jul 2006","4.447436","3.753772","4.053521","3.348140","4.275441","3.578713","4.354343","2.821399","3.791261","3.910547"
"2006-07-10","10 Jul 2006","4.449719","3.767664","4.059547","3.354811","4.279934","3.589159","4.358446","2.818489","3.800661","3.918210"
"2006-07-11","11 Jul 2006","4.447603","3.732967","4.038894","3.345251","4.280142","3.564630","4.369428","2.817228","3.778107","3.894687"
"2006-07-12","12 Jul 2006","4.468074","3.760056","4.058927","3.361592","4.300409","3.584828","4.389768","2.812114","3.797968","3.914577"
"2006-07-13","13 Jul 2006","4.451314","3.707911","4.026135","3.341682","4.277037","3.547641","4.369815","2.839525","3.756123","3.876306"
"2006-07-14","14 Jul 2006","4.420227","3.644772","3.974555","3.307077","4.239866","3.496816","4.338642","2.845893","3.696321","3.818735"
"2006-07-17","17 Jul 2006","4.429936","3.651226","3.978715","3.310936","4.252844","3.505810","4.356761","2.860670","3.703814","3.823115"
"2006-07-18","18 Jul 2006","4.427357","3.683795","3.993986","3.329749","4.259450","3.533934","4.360894","2.866672","3.731583","3.845206"
"2006-07-19","19 Jul 2006","4.428750","3.712781","4.003907","3.349584","4.266009","3.557072","4.366816","2.870831","3.749020","3.858774"
"2006-07-20","20 Jul 2006","4.394411","3.676125","3.967252","3.334902","4.232344","3.530124","4.334811","2.887278","3.713605","3.822036"
"2006-07-21","21 Jul 2006","4.367215","3.629821","3.933755","3.313953","4.200579","3.494560","4.302898","2.898082","3.674638","3.785728"
"2006-07-24","24 Jul 2006","4.355811","3.630661","3.929189","3.318643","4.191480","3.496594","4.291943","2.906444","3.673834","3.783386"
"2006-07-25","25 Jul 2006","4.357210","3.620879","3.926211","3.313700","4.189343","3.488100","4.289473","2.904576","3.666305","3.778260"
"2006-07-26","26 Jul 2006","4.399443","3.681028","3.968147","3.348190","4.231638","3.532500","4.331936","2.893535","3.708831","3.820255"
"2006-07-27","27 Jul 2006","4.370996","3.621743","3.913201","3.322314","4.200567","3.488889","4.312569","2.922053","3.649063","3.759419"
"2006-07-28","28 Jul 2006","4.335387","3.609754","3.897742","3.318410","4.165552","3.477088","4.267537","2.914491","3.637125","3.748166"
"2006-07-31","31 Jul 2006","4.341192","3.632399","3.912682","3.335887","4.175674","3.498235","4.276110","2.927641","3.658048","3.766458"
"2006-08-01","01 Aug 2006","4.361416","3.638430","3.936397","3.343685","4.188180","3.501349","4.281427","2.917726","3.671752","3.787655"
"2006-08-02","02 Aug 2006","4.351809","3.634446","3.924459","3.344746","4.178888","3.497549","4.273482","2.920863","3.660845","3.775555"
"2006-08-03","03 Aug 2006","4.348842","3.688362","3.952746","3.384214","4.187153","3.543631","4.273897","2.932317","3.705587","3.813994"
"2006-08-04","04 Aug 2006","4.282228","3.654925","3.881787","3.378827","4.122524","3.511714","4.212659","2.934982","3.640474","3.743637"
"2006-08-07","07 Aug 2006","4.300375","3.654958","3.894377","3.384293","4.137072","3.514982","4.227507","2.948861","3.647696","3.753709"
"2006-08-08","08 Aug 2006","4.297940","3.655382","3.891776","3.389033","4.134826","3.516302","4.225461","2.956262","3.645675","3.751210"
"2006-08-09","09 Aug 2006","4.323976","3.681424","3.917911","3.406202","4.160614","3.538297","4.251043","2.958807","3.671135","3.777204"
"2006-08-10","10 Aug 2006","4.324013","3.664164","3.913917","3.397736","4.158797","3.528025","4.249974","2.974384","3.664134","3.771678"
"2006-08-11","11 Aug 2006","4.329807","3.713895","3.942636","3.421758","4.177677","3.571737","4.266511","2.986327","3.710532","3.809707"
"2006-08-14","14 Aug 2006","4.368797","3.761974","3.982087","3.453714","4.216497","3.609775","4.304978","2.984577","3.749751","3.849166"
"2006-08-15","15 Aug 2006","4.337051","3.734153","3.946333","3.442766","4.184223","3.586049","4.274301","2.987204","3.714259","3.812667"
"2006-08-16","16 Aug 2006","4.303776","3.731267","3.918252","3.447987","4.156919","3.583440","4.248566","2.996870","3.695405","3.788096"
"2006-08-17","17 Aug 2006","4.257495","3.721678","3.881771","3.445356","4.119229","3.574930","4.212073","3.002081","3.671291","3.756889"
"2006-08-18","18 Aug 2006","4.248228","3.740209","3.884427","3.463162","4.115017","3.590907","4.205400","3.009390","3.681644","3.763791"
"2006-08-21","21 Aug 2006","4.206242","3.708717","3.842092","3.454714","4.072809","3.564517","4.163100","3.014024","3.640696","3.721590"
"2006-08-22","22 Aug 2006","4.188690","3.609141","3.797172","3.395319","4.037189","3.486813","4.128372","3.030263","3.571528","3.664664"
"2006-08-23","23 Aug 2006","4.197841","3.617658","3.781162","3.401281","4.051031","3.492636","4.158695","3.032840","3.558774","3.645612"
"2006-08-24","24 Aug 2006","4.213770","3.594716","3.802402","3.403292","4.049952","3.474711","4.142502","3.018982","3.559653","3.661347"
"2006-08-25","25 Aug 2006","4.218579","3.584691","3.802590","3.398391","4.052110","3.468183","4.145150","3.026649","3.555864","3.659586"
"2006-08-28","28 Aug 2006","4.218426","3.582247","3.806546","3.400330","4.051697","3.468271","4.142535","3.033136","3.559296","3.664089"
"2006-08-29","29 Aug 2006","4.216837","3.606400","3.814247","3.415250","4.055805","3.488173","4.145908","3.036575","3.575344","3.675846"
"2006-08-30","30 Aug 2006","4.170458","3.600628","3.786374","3.412384","4.019779","3.484891","4.107767","3.046119","3.562751","3.655616"
"2006-08-31","31 Aug 2006","4.134795","3.625613","3.743506","3.429394","4.000450","3.501417","4.104100","3.058351","3.540849","3.617832"
"2006-09-01","01 Sep 2006","4.125361","3.612714","3.744432","3.441351","3.982993","3.492624","4.075137","3.049724","3.534761","3.618054"
"2006-09-04","04 Sep 2006","4.107044","3.609559","3.731713","3.439647","3.968925","3.490582","4.061275","3.056015","3.527966","3.608047"
"2006-09-05","05 Sep 2006","4.128881","3.635221","3.756931","3.457512","3.991659","3.513313","4.082946","3.062940","3.554221","3.634186"
"2006-09-06","06 Sep 2006","4.175837","3.684515","3.814052","3.488228","4.039150","3.556644","4.125676","3.068827","3.611646","3.693219"
"2006-09-07","07 Sep 2006","4.185506","3.715933","3.830701","3.509568","4.054561","3.584045","4.141685","3.082098","3.635892","3.713366"
"2006-09-08","08 Sep 2006","4.094975","3.679455","3.752209","3.494114","3.977839","3.553472","4.068960","3.091340","3.576621","3.642539"
"2006-09-11","11 Sep 2006","4.090668","3.720659","3.769093","3.521000","3.985029","3.588416","4.073890","3.096003","3.608549","3.667578"
"2006-09-12","12 Sep 2006","4.135870","3.741118","3.806650","3.536533","4.023888","3.608015","4.111886","3.108684","3.637656","3.701336"
"2006-09-13","13 Sep 2006","4.140531","3.727223","3.808659","3.531773","4.023204","3.598598","4.108492","3.112863","3.633384","3.700948"
"2006-09-14","14 Sep 2006","4.071241","3.728849","3.766906","3.529077","3.975257","3.600294","4.062613","3.126770","3.618597","3.672050"
"2006-09-15","15 Sep 2006","4.025356","3.709789","3.729669","3.515725","3.936662","3.582522","4.025253","3.120114","3.590632","3.639041"
"2006-09-18","18 Sep 2006","4.070719","3.771933","3.799256","3.553734","3.984360","3.637153","4.061792","3.116937","3.664955","3.714184"
"2006-09-19","19 Sep 2006","4.026279","3.726569","3.749834","3.533443","3.939229","3.600288","4.018677","3.120652","3.615433","3.663746"
"2006-09-20","20 Sep 2006","4.010424","3.708537","3.729099","3.529651","3.922267","3.586405","4.003381","3.126443","3.593680","3.641792"
"2006-09-21","21 Sep 2006","4.023847","3.718922","3.739656","3.539426","3.934876","3.596120","4.016881","3.134412","3.602987","3.651494"
"2006-09-22","22 Sep 2006","3.987546","3.619250","3.668856","3.481043","3.880954","3.513648","3.967265","3.167917","3.510902","3.568164"
"2006-09-25","25 Sep 2006","3.983014","3.542680","3.652223","3.435999","3.859721","3.454699","3.939868","3.158185","3.472598","3.542942"
"2006-09-26","26 Sep 2006","3.949939","3.552289","3.651133","3.458589","3.835604","3.468648","3.905875","3.160237","3.485307","3.551280"
"2006-09-27","27 Sep 2006","3.923388","3.577239","3.628282","3.465875","3.823885","3.485776","3.903180","3.177536","3.481272","3.534787"
"2006-09-28","28 Sep 2006","3.947507","3.610666","3.657149","3.491487","3.848992","3.514097","3.926548","3.172483","3.511665","3.564918"
"2006-09-29","29 Sep 2006","3.930856","3.607310","3.663617","3.498118","3.834960","3.517368","3.902400","3.175045","3.523460","3.576810"
"2006-10-02","02 Oct 2006","3.972345","3.648642","3.682156","3.488125","3.880595","3.537178","3.963563","3.138968","3.542073","3.591913"
"2006-10-03","03 Oct 2006","3.924285","3.558499","3.639982","3.466239","3.816849","3.473779","3.884646","3.137951","3.484359","3.545582"
"2006-10-04","04 Oct 2006","3.902045","3.545523","3.625015","3.469602","3.797254","3.468191","3.863218","3.147192","3.473739","3.533070"
"2006-10-05","05 Oct 2006","3.896778","3.546766","3.619171","3.471175","3.793434","3.468858","3.860709","3.149167","3.469996","3.527739"
"2006-10-06","06 Oct 2006","3.941396","3.542032","3.658823","3.468185","3.828113","3.469511","3.891033","3.164928","3.494416","3.562138"
"2006-10-09","09 Oct 2006","3.944948","3.584336","3.677192","3.485999","3.840551","3.501718","3.902195","3.160060","3.525291","3.586803"
"2006-10-10","10 Oct 2006","3.967510","3.614304","3.706030","3.502399","3.865285","3.527312","3.925322","3.167310","3.556699","3.617546"
"2006-10-11","11 Oct 2006","3.967402","3.630012","3.715243","3.510831","3.869243","3.540894","3.927446","3.170559","3.571533","3.630045"
"2006-10-12","12 Oct 2006","3.964232","3.623769","3.715138","3.509022","3.865870","3.537707","3.922407","3.177222","3.571086","3.630362"
"2006-10-13","13 Oct 2006","3.980107","3.641392","3.738014","3.522583","3.882647","3.554882","3.936350","3.182450","3.594799","3.654725"
"2006-10-16","16 Oct 2006","3.997067","3.632401","3.744365","3.519505","3.893693","3.548324","3.948655","3.185556","3.592351","3.656675"
"2006-10-17","17 Oct 2006","3.963637","3.604497","3.715814","3.507119","3.862065","3.527575","3.915823","3.193790","3.566828","3.629789"
"2006-10-18","18 Oct 2006","3.975520","3.600848","3.730058","3.501973","3.871877","3.525652","3.923181","3.191460","3.576736","3.643264"
"2006-10-19","19 Oct 2006","4.007527","3.629288","3.759127","3.519545","3.902699","3.549122","3.954660","3.194137","3.603791","3.671282"
"2006-10-20","20 Oct 2006","3.990738","3.654686","3.753030","3.535639","3.894353","3.569095","3.946629","3.202959","3.611181","3.670909"
"2006-10-23","23 Oct 2006","4.022427","3.685497","3.790118","3.553017","3.926590","3.596006","3.976622","3.207361","3.648108","3.708976"
"2006-10-24","24 Oct 2006","4.000309","3.691131","3.780981","3.560584","3.910857","3.602445","3.958768","3.213058","3.648664","3.704875"
"2006-10-25","25 Oct 2006","4.017730","3.703321","3.796368","3.574129","3.926886","3.614711","3.974868","3.219711","3.661966","3.719298"
"2006-10-26","26 Oct 2006","3.983897","3.696439","3.773245","3.575610","3.899111","3.610828","3.945862","3.226636","3.648381","3.700738"
"2006-10-27","27 Oct 2006","3.920576","3.669123","3.718448","3.570540","3.842872","3.589348","3.890175","3.232427","3.605348","3.650683"
"2006-10-30","30 Oct 2006","3.893788","3.664675","3.702513","3.571560","3.821661","3.587350","3.867402","3.227694","3.597666","3.639008"
"2006-10-31","31 Oct 2006","3.899237","3.737610","3.721678","3.593478","3.842573","3.634640","3.892882","3.219194","3.635801","3.666355"
"2006-11-01","01 Nov 2006","3.884792","3.655235","3.681375","3.553797","3.812407","3.572881","3.864186","3.241752","3.575573","3.615551"
"2006-11-02","02 Nov 2006","3.879136","3.681163","3.685098","3.578760","3.812475","3.594576","3.863615","3.247881","3.587707","3.623302"
"2006-11-03","03 Nov 2006","3.930784","3.732419","3.722958","3.612736","3.862442","3.633708","3.919573","3.246722","3.622116","3.657847"
"2006-11-06","06 Nov 2006","3.934569","3.764983","3.746355","3.625728","3.874351","3.661118","3.927485","3.258337","3.655987","3.687806"
"2006-11-07","07 Nov 2006","3.884959","3.747687","3.704290","3.622924","3.831478","3.645779","3.885859","3.258262","3.623452","3.649747"
"2006-11-08","08 Nov 2006","3.875942","3.758747","3.702554","3.630917","3.826584","3.654358","3.880363","3.268315","3.627381","3.650908"
"2006-11-09","09 Nov 2006","3.876643","3.776862","3.705503","3.644868","3.829986","3.668641","3.884715","3.289598","3.634152","3.655314"
"2006-11-10","10 Nov 2006","3.882048","3.722209","3.680714","3.612531","3.822507","3.625189","3.883044","3.293609","3.591829","3.620155"
"2006-11-13","13 Nov 2006","3.891230","3.731662","3.692488","3.611680","3.832362","3.632228","3.892093","3.293306","3.604136","3.632587"
"2006-11-14","14 Nov 2006","3.866897","3.716036","3.671553","3.606854","3.809875","3.620124","3.869215","3.295442","3.586180","3.613054"
"2006-11-15","15 Nov 2006","3.888561","3.746049","3.698049","3.625077","3.833697","3.645475","3.892232","3.298795","3.615097","3.641154"
"2006-11-16","16 Nov 2006","3.879377","3.741959","3.690812","3.624599","3.825696","3.642721","3.884121","3.304389","3.609624","3.634748"
"2006-11-17","17 Nov 2006","3.872154","3.737272","3.695018","3.619628","3.820288","3.641891","3.874028","3.311005","3.616804","3.641807"
"2006-11-20","20 Nov 2006","3.866253","3.694185","3.673663","3.588790","3.807210","3.607891","3.863486","3.324338","3.585750","3.614928"
"2006-11-21","21 Nov 2006","3.855512","3.706173","3.672091","3.600362","3.801291","3.618136","3.856484","3.328672","3.590893","3.616884"
"2006-11-22","22 Nov 2006","3.876092","3.683909","3.675239","3.586311","3.813671","3.602682","3.871706","3.338496","3.582380","3.613655"
"2006-11-23","23 Nov 2006","3.884558","3.720482","3.695762","3.613107","3.829374","3.634854","3.886781","3.353518","3.612004","3.638992"
"2006-11-24","24 Nov 2006","3.881156","3.683479","3.665173","3.596380","3.816920","3.602453","3.881591","3.349547","3.569172","3.600042"
"2006-11-27","27 Nov 2006","3.909639","3.694965","3.688085","3.595608","3.843247","3.612358","3.909280","3.353165","3.588025","3.620923"
"2006-11-28","28 Nov 2006","3.887802","3.649544","3.658879","3.573403","3.815990","3.577311","3.881589","3.354502","3.552467","3.588490"
"2006-11-29","29 Nov 2006","3.879263","3.661838","3.659118","3.582011","3.812196","3.586691","3.876874","3.347647","3.558986","3.592103"
"2006-11-30","30 Nov 2006","3.878174","3.672160","3.663722","3.592421","3.813962","3.596895","3.877870","3.356333","3.567448","3.598822"
"2006-12-01","01 Dec 2006","3.875213","3.659591","3.654628","3.586043","3.809027","3.587058","3.874636","3.361736","3.555616","3.587856"
"2006-12-04","04 Dec 2006","3.876667","3.602471","3.638186","3.543946","3.799998","3.543704","3.866910","3.373735","3.524711","3.564125"
"2006-12-05","05 Dec 2006","3.857350","3.617626","3.631351","3.560370","3.788429","3.556920","3.854775","3.380542","3.528422","3.562520"
"2006-12-06","06 Dec 2006","3.859600","3.651447","3.650986","3.579454","3.799375","3.585438","3.863463","3.381083","3.558883","3.588438"
"2006-12-07","07 Dec 2006","3.853150","3.677549","3.661671","3.603344","3.800804","3.609773","3.862086","3.389634","3.580145","3.605191"
"2006-12-08","08 Dec 2006","3.833049","3.681190","3.658441","3.605765","3.787788","3.615133","3.845819","3.399746","3.586268","3.607648"
"2006-12-11","11 Dec 2006","3.878891","3.730397","3.699506","3.632098","3.838928","3.656225","3.904592","3.412680","3.629685","3.648904"
"2006-12-12","12 Dec 2006","3.865611","3.736022","3.696814","3.638278","3.829680","3.661262","3.892979","3.411179","3.632758","3.649697"
"2006-12-13","13 Dec 2006","3.851090","3.747039","3.694595","3.645596","3.820443","3.668627","3.881586","3.394482","3.637640","3.651667"
"2006-12-14","14 Dec 2006","3.882150","3.787844","3.738330","3.665099","3.854872","3.703741","3.912153","3.400512","3.685232","3.698829"
"2006-12-15","15 Dec 2006","3.879770","3.778394","3.733278","3.657864","3.851537","3.696432","3.909472","3.404595","3.678732","3.692907"
"2006-12-18","18 Dec 2006","3.932816","3.824604","3.782053","3.685913","3.902960","3.734973","3.961976","3.407884","3.724341","3.740119"
"2006-12-19","19 Dec 2006","3.976060","3.842570","3.815072","3.693860","3.941783","3.751874","4.002699","3.421046","3.750463","3.769466"
"2006-12-20","20 Dec 2006","3.998159","3.856198","3.829575","3.706171","3.960447","3.762995","4.022472","3.421763","3.760787","3.781403"
"2006-12-21","21 Dec 2006","4.010259","3.868547","3.842318","3.717269","3.972148","3.774597","4.033439","3.428447","3.773300","3.794176"
"2006-12-22","22 Dec 2006","4.005467","3.877153","3.842342","3.728225","3.969583","3.782154","4.030109","3.428929","3.776660","3.795963"
"2006-12-27","27 Dec 2006","4.030484","3.915727","3.868669","3.746910","4.001354","3.812607","4.067758","3.430750","3.807686","3.824148"
"2006-12-28","28 Dec 2006","4.066804","3.917795","3.896801","3.750841","4.022045","3.813794","4.078505","3.406413","3.821377","3.846312"
"2006-12-29","29 Dec 2006","4.081211","3.924361","3.911845","3.758135","4.032419","3.822322","4.084956","3.443516","3.833257","3.860389"
"2007-01-02","02 Jan 2007","4.070460","3.894056","3.894216","3.749662","4.015953","3.800626","4.067412","3.451263","3.809569","3.839656"
"2007-01-03","03 Jan 2007","4.062976","3.879379","3.891308","3.745770","4.005694","3.791158","4.052439","3.448345","3.804535","3.836796"
"2007-01-04","04 Jan 2007","4.078675","3.890394","3.902953","3.754924","4.019866","3.800533","4.067573","3.450590","3.813993","3.847103"
"2007-01-05","05 Jan 2007","4.111456","3.937440","3.934915","3.776559","4.058143","3.837320","4.110828","3.459095","3.850664","3.880535"
"2007-01-08","08 Jan 2007","4.114244","3.925201","3.931026","3.769950","4.057740","3.828341","4.111429","3.464992","3.842545","3.874242"
"2007-01-09","09 Jan 2007","4.136156","3.930391","3.943786","3.777952","4.075568","3.834678","4.130887","3.477528","3.849770","3.883791"
"2007-01-10","10 Jan 2007","4.157782","3.952917","3.965383","3.798284","4.096868","3.855422","4.151939","3.487620","3.871007","3.905273"
"2007-01-11","11 Jan 2007","4.180555","3.919983","3.963503","3.770856","4.108112","3.828512","4.167274","3.490479","3.852858","3.894416"
"2007-01-12","12 Jan 2007","4.227628","3.951152","4.007384","3.792556","4.149499","3.854918","4.205983","3.487648","3.889521","3.935597"
"2007-01-15","15 Jan 2007","4.214274","3.953918","4.003988","3.796933","4.140553","3.859398","4.195158","3.499153","3.892346","3.935740"
"2007-01-16","16 Jan 2007","4.186539","3.941653","3.988625","3.787985","4.118208","3.851555","4.170439","3.509552","3.884375","3.924700"
"2007-01-17","17 Jan 2007","4.185137","3.943931","3.988762","3.788246","4.117771","3.853004","4.169940","3.507581","3.885722","3.925470"
"2007-01-18","18 Jan 2007","4.241173","3.978219","4.038201","3.806195","4.170355","3.883715","4.223445","3.517474","3.929180","3.972164"
"2007-01-19","19 Jan 2007","4.168578","3.962169","3.993439","3.805793","4.110347","3.873143","4.158357","3.537329","3.903267","3.937570"
"2007-01-22","22 Jan 2007","4.153653","3.959121","3.985386","3.803551","4.098040","3.870321","4.144433","3.534869","3.899091","3.931818"
"2007-01-23","23 Jan 2007","4.126145","3.948123","3.970799","3.801803","4.075075","3.864933","4.118124","3.551610","3.891425","3.921436"
"2007-01-24","24 Jan 2007","4.140613","3.974805","3.986745","3.812346","4.090108","3.880991","4.132821","3.522287","3.908091","3.937856"
"2007-01-25","25 Jan 2007","4.165597","3.980729","4.005108","3.816390","4.111912","3.888614","4.155693","3.534987","3.921581","3.953708"
"2007-01-26","26 Jan 2007","4.221799","4.010682","4.055093","3.832461","4.164860","3.918046","4.209525","3.553446","3.965640","4.001058"
"2007-01-29","29 Jan 2007","4.262270","4.010702","4.073805","3.833544","4.196550","3.919142","4.245959","3.558883","3.971495","4.012308"
"2007-01-30","30 Jan 2007","4.254846","4.007977","4.061819","3.835336","4.184665","3.910319","4.232967","3.530009","3.955221","3.998063"
"2007-01-31","31 Jan 2007","4.252726","4.013101","4.064024","3.840389","4.184290","3.915583","4.231644","3.535342","3.959948","4.001748"
"2007-02-01","01 Feb 2007","4.212343","3.965066","4.018988","3.820961","4.140176","3.876473","4.187094","3.536165","3.911321","3.954652"
"2007-02-02","02 Feb 2007","4.249122","3.941569","4.051237","3.801555","4.166948","3.863037","4.209276","3.542597","3.927569","3.981584"
"2007-02-05","05 Feb 2007","4.222782","3.910944","4.000436","3.787535","4.138029","3.834728","4.190698","3.549533","3.874563","3.925794"
"2007-02-06","06 Feb 2007","4.212636","3.926435","4.000575","3.803205","4.132708","3.848169","4.183571","3.554470","3.882022","3.929798"
"2007-02-07","07 Feb 2007","4.189268","3.937181","3.990431","3.815457","4.115875","3.856649","4.164665","3.552777","3.881742","3.924753"
"2007-02-08","08 Feb 2007","4.177330","3.970323","4.004048","3.837909","4.114857","3.886080","4.158507","3.559440","3.910638","3.947287"
"2007-02-09","09 Feb 2007","4.220140","3.987634","4.037526","3.843009","4.153162","3.901493","4.198369","3.568742","3.936837","3.977137"
"2007-02-12","12 Feb 2007","4.264324","3.989012","4.066857","3.837156","4.189971","3.904813","4.237500","3.576020","3.954574","4.000653"
"2007-02-13","13 Feb 2007","4.275258","4.000451","4.074729","3.846424","4.199990","3.913384","4.248414","3.574170","3.961262","4.007633"
"2007-02-14","14 Feb 2007","4.244632","3.985529","4.065377","3.848706","4.170715","3.902870","4.209380","3.557785","3.954753","4.002614"
"2007-02-15","15 Feb 2007","4.210213","3.957878","4.013239","3.838319","4.135398","3.876763","4.182196","3.567171","3.903051","3.947380"
"2007-02-16","16 Feb 2007","4.199581","3.957702","4.006098","3.841097","4.126936","3.877025","4.173495","3.569640","3.899225","3.941785"
"2007-02-19","19 Feb 2007","4.220104","3.989420","4.031917","3.860669","4.150479","3.904489","4.196536","3.581106","3.928851","3.969696"
"2007-02-20","20 Feb 2007","4.234530","3.997466","4.044832","3.861873","4.164309","3.911606","4.210734","3.586793","3.940451","3.982024"
"2007-02-21","21 Feb 2007","4.208345","3.985516","4.027911","3.854510","4.142256","3.903179","4.186928","3.595360","3.929547","3.968446"
"2007-02-22","22 Feb 2007","4.214132","3.995651","4.037725","3.861089","4.149799","3.913313","4.193699","3.605047","3.941602","3.979643"
"2007-02-23","23 Feb 2007","4.178878","3.987702","4.011604","3.864041","4.119357","3.906643","4.162030","3.607841","3.923178","3.957237"
"2007-02-26","26 Feb 2007","4.143892","3.945077","3.965187","3.846317","4.081659","3.871887","4.128163","3.620383","3.873904","3.907867"
"2007-02-27","27 Feb 2007","4.124032","3.912097","3.939619","3.827110","4.059432","3.845669","4.107114","3.624817","3.845287","3.880384"
"2007-02-28","28 Feb 2007","4.126157","3.853003","3.918204","3.791028","4.048417","3.798795","4.098603","3.626046","3.805601","3.849514"
"2007-03-01","01 Mar 2007","4.115334","3.855936","3.914270","3.787966","4.040681","3.799162","4.089576","3.614792","3.805979","3.848045"
"2007-03-02","02 Mar 2007","4.139967","3.838235","3.915145","3.779372","4.055764","3.785162","4.109912","3.620083","3.793128","3.840807"
"2007-03-05","05 Mar 2007","4.122599","3.813003","3.884462","3.767964","4.035444","3.762528","4.094210","3.619304","3.758838","3.806688"
"2007-03-06","06 Mar 2007","4.116451","3.854310","3.893080","3.792372","4.041837","3.796965","4.102303","3.633074","3.783857","3.822776"
"2007-03-07","07 Mar 2007","4.132278","3.861929","3.901127","3.800606","4.055588","3.803749","4.118561","3.639151","3.788736","3.828564"
"2007-03-08","08 Mar 2007","4.130241","3.879345","3.901378","3.823374","4.056471","3.819240","4.120438","3.652954","3.793404","3.830437"
"2007-03-09","09 Mar 2007","4.156510","3.913124","3.926353","3.856035","4.082811","3.848355","4.147504","3.657587","3.818556","3.855221"
"2007-03-12","12 Mar 2007","4.130095","3.909924","3.906569","3.856420","4.061539","3.844753","4.126712","3.658521","3.805846","3.838626"
"2007-03-13","13 Mar 2007","4.112843","3.906280","3.886131","3.855953","4.047162","3.839658","4.116320","3.661964","3.788793","3.818618"
"2007-03-14","14 Mar 2007","4.097185","3.876893","3.863021","3.841524","4.028561","3.816015","4.099331","3.658658","3.761880","3.793072"
"2007-03-15","15 Mar 2007","4.106510","3.893495","3.877700","3.850082","4.040549","3.830768","4.110634","3.665618","3.779616","3.809635"
"2007-03-16","16 Mar 2007","4.095969","3.907641","3.885431","3.851328","4.037324","3.842410","4.103564","3.662157","3.796760","3.823362"
"2007-03-19","19 Mar 2007","4.095810","3.944222","3.900858","3.868258","4.049855","3.872806","4.118497","3.669664","3.825897","3.845743"
"2007-03-20","20 Mar 2007","4.077062","3.934135","3.884068","3.866096","4.032517","3.864206","4.101229","3.669057","3.811362","3.829899"
"2007-03-21","21 Mar 2007","4.104606","3.944903","3.901118","3.876606","4.055562","3.873800","4.126206","3.671845","3.822280","3.843349"
"2007-03-22","22 Mar 2007","4.126097","3.912475","3.894654","3.861415","4.064336","3.849365","4.139514","3.682247","3.799188","3.827140"
"2007-03-23","23 Mar 2007","4.214692","3.957114","3.967463","3.879593","4.147040","3.890053","4.226237","3.698778","3.860998","3.894312"
"2007-03-26","26 Mar 2007","4.230174","3.968630","3.982362","3.882240","4.161928","3.898667","4.241006","3.692096","3.874646","3.908801"
"2007-03-27","27 Mar 2007","4.237895","3.985231","3.994365","3.892113","4.172249","3.912517","4.251219","3.692905","3.889529","3.922441"
"2007-03-28","28 Mar 2007","4.256682","3.986123","4.009359","3.890941","4.187999","3.915429","4.266554","3.698316","3.900226","3.935573"
"2007-03-29","29 Mar 2007","4.259424","4.010150","4.021284","3.910234","4.194654","3.935589","4.271439","3.703017","3.917712","3.950686"
"2007-03-30","30 Mar 2007","4.253113","4.026259","4.024396","3.921181","4.193160","3.947888","4.268851","3.699236","3.927126","3.957278"
"2007-04-02","02 Apr 2007","4.250429","4.050860","4.030000","3.934280","4.204120","3.969998","4.287639","3.711751","3.945002","3.968283"
"2007-04-03","03 Apr 2007","4.293398","4.059534","4.064232","3.941438","4.234304","3.978389","4.311176","3.709672","3.966270","3.997009"
"2007-04-04","04 Apr 2007","4.301348","4.041459","4.052252","3.936594","4.234595","3.963211","4.315807","3.714904","3.944578","3.978653"
"2007-04-05","05 Apr 2007","4.306160","4.043277","4.060667","3.938785","4.239597","3.967588","4.319013","3.726140","3.953399","3.987825"
"2007-04-10","10 Apr 2007","4.345771","4.091126","4.105856","3.967376","4.281554","4.007948","4.360010","3.729985","4.000802","4.034732"
"2007-04-11","11 Apr 2007","4.354660","4.104259","4.115249","3.978441","4.291863","4.019894","4.371287","3.737873","4.011539","4.044639"
"2007-04-12","12 Apr 2007","4.393064","4.124731","4.148375","3.986519","4.328595","4.038757","4.409693","3.744083","4.040727","4.075868"
"2007-04-13","13 Apr 2007","4.433303","4.138370","4.179370","3.991963","4.364170","4.052051","4.446507","3.749330","4.064549","4.103278"
"2007-04-16","16 Apr 2007","4.422684","4.144555","4.173485","3.998062","4.355775","4.055428","4.437320","3.745487","4.062284","4.099200"
"2007-04-17","17 Apr 2007","4.407487","4.133056","4.158108","3.993259","4.341591","4.046079","4.424074","3.748235","4.048233","4.084158"
"2007-04-18","18 Apr 2007","4.360372","4.125707","4.125636","3.993866","4.303590","4.039026","4.385791","3.749167","4.027831","4.057696"
"2007-04-19","19 Apr 2007","4.382147","4.140481","4.149399","4.003056","4.325183","4.054484","4.406221","3.761398","4.050907","4.081673"
"2007-04-20","20 Apr 2007","4.402283","4.155833","4.177227","4.012240","4.341602","4.068791","4.415036","3.761836","4.076461","4.110045"
"2007-04-23","23 Apr 2007","4.377090","4.143420","4.162465","4.007209","4.321313","4.061740","4.393223","3.774991","4.068024","4.098956"
"2007-04-24","24 Apr 2007","4.348686","4.123355","4.135537","4.000283","4.294540","4.045833","4.366949","3.781709","4.043767","4.072989"
"2007-04-25","25 Apr 2007","4.363453","4.143637","4.152538","4.009620","4.309981","4.060795","4.381772","3.773071","4.061475","4.090610"
"2007-04-26","26 Apr 2007","4.362399","4.152974","4.159127","4.015626","4.312330","4.069891","4.382904","3.778469","4.072194","4.099770"
"2007-04-27","27 Apr 2007","4.386301","4.171616","4.187469","4.028489","4.337937","4.090507","4.407721","3.798798","4.101603","4.129323"
"2007-04-30","30 Apr 2007","4.325459","4.139007","4.131063","4.013191","4.288234","4.064275","4.365756","3.811413","4.056495","4.077098"
"2007-05-02","02 May 2007","4.356525","4.165304","4.162831","4.030153","4.319368","4.088543","4.396715","3.821537","4.087528","4.108860"
"2007-05-03","03 May 2007","4.391062","4.201779","4.181530","4.044471","4.349588","4.107704","4.431802","3.784129","4.100329","4.123061"
"2007-05-04","04 May 2007","4.365473","4.161244","4.154582","4.031078","4.314220","4.076221","4.387844","3.788741","4.066579","4.093491"
"2007-05-07","07 May 2007","4.385681","4.198534","4.187972","4.051163","4.340211","4.108726","4.411775","3.795221","4.106421","4.131173"
"2007-05-08","08 May 2007","4.359215","4.181227","4.157685","4.043534","4.315962","4.092661","4.391602","3.794882","4.078356","4.100852"
"2007-05-09","09 May 2007","4.380491","4.192061","4.176029","4.048722","4.335964","4.103072","4.412213","3.799930","4.094302","4.118062"
"2007-05-10","10 May 2007","4.381907","4.183900","4.175863","4.045106","4.336346","4.098954","4.412583","3.809685","4.092647","4.117209"
"2007-05-11","11 May 2007","4.356667","4.157980","4.147741","4.035085","4.310490","4.078475","4.387656","3.817030","4.064395","4.088465"
"2007-05-14","14 May 2007","4.427810","4.222165","4.224219","4.065091","4.381912","4.132669","4.456690","3.813816","4.139547","4.165702"
"2007-05-15","15 May 2007","4.447915","4.255018","4.249954","4.088084","4.402759","4.159353","4.474978","3.815368","4.167188","4.192914"
"2007-05-16","16 May 2007","4.455841","4.297417","4.269748","4.116904","4.415402","4.191536","4.485080","3.812000","4.194196","4.216777"
"2007-05-17","17 May 2007","4.441103","4.301490","4.262637","4.125213","4.403711","4.195332","4.471734","3.818494","4.191998","4.212334"
"2007-05-18","18 May 2007","4.448926","4.309584","4.270272","4.132633","4.411239","4.202746","4.479085","3.823123","4.199388","4.219856"
"2007-05-21","21 May 2007","4.470020","4.321233","4.287176","4.140464","4.430729","4.213955","4.499538","3.831794","4.213729","4.235329"
"2007-05-22","22 May 2007","4.473717","4.323163","4.291846","4.140618","4.434575","4.216353","4.503006","3.834465","4.218460","4.240205"
"2007-05-23","23 May 2007","4.463642","4.353283","4.302724","4.160680","4.432717","4.240967","4.496800","3.837787","4.240798","4.258004"
"2007-05-24","24 May 2007","4.494284","4.349979","4.321459","4.154151","4.458595","4.241516","4.525237","3.846462","4.251826","4.272570"
"2007-05-25","25 May 2007","4.494346","4.368328","4.327258","4.169964","4.461041","4.255905","4.526530","3.849298","4.261423","4.280403"
"2007-05-28","28 May 2007","4.494299","4.363206","4.326198","4.178324","4.460784","4.258017","4.526577","3.882296","4.260448","4.279153"
"2007-05-29","29 May 2007","4.499166","4.404930","4.342074","4.189645","4.471122","4.283596","4.535653","3.849925","4.283870","4.299083"
"2007-05-30","30 May 2007","4.503158","4.402288","4.344259","4.188270","4.474366","4.282925","4.539245","3.855336","4.284921","4.300642"
"2007-05-31","31 May 2007","4.513022","4.436304","4.368949","4.205861","4.488730","4.310800","4.549344","3.855743","4.316455","4.329848"
"2007-06-01","01 Jun 2007","4.531511","4.468911","4.385455","4.224721","4.509672","4.335813","4.573617","3.858038","4.335646","4.346773"
"2007-06-04","04 Jun 2007","4.539238","4.474420","4.393506","4.226861","4.517260","4.341160","4.580890","3.860111","4.343550","4.354846"
"2007-06-05","05 Jun 2007","4.562355","4.484899","4.417749","4.228078","4.539598","4.352472","4.601999","3.862365","4.366307","4.378943"
"2007-06-06","06 Jun 2007","4.582971","4.455713","4.421746","4.214770","4.549480","4.331105","4.611581","3.863663","4.355811","4.375947"
"2007-06-07","07 Jun 2007","4.642198","4.484854","4.470797","4.231783","4.604489","4.359168","4.668767","3.875443","4.397414","4.421256"
"2007-06-08","08 Jun 2007","4.705935","4.477843","4.509503","4.224709","4.658258","4.360166","4.728085","3.887439","4.419433","4.451104"
"2007-06-11","11 Jun 2007","4.692991","4.476158","4.502066","4.223455","4.646843","4.357768","4.714870","3.884296","4.414822","4.445382"
"2007-06-12","12 Jun 2007","4.747053","4.519890","4.555232","4.244725","4.700031","4.394830","4.768026","3.883270","4.465356","4.497791"
"2007-06-13","13 Jun 2007","4.790649","4.542705","4.595732","4.251665","4.741564","4.415537","4.809711","3.880597","4.501526","4.536680"
"2007-06-14","14 Jun 2007","4.774960","4.507457","4.565681","4.235684","4.722311","4.388205","4.795200","3.890616","4.466546","4.502675"
"2007-06-15","15 Jun 2007","4.835392","4.533630","4.611068","4.250777","4.776524","4.411716","4.852547","3.895058","4.501810","4.542686"
"2007-06-18","18 Jun 2007","4.847545","4.525887","4.611332","4.249850","4.784505","4.406579","4.863503","3.902002","4.496002","4.539148"
"2007-06-19","19 Jun 2007","4.807303","4.475439","4.566873","4.222696","4.743193","4.366914","4.823496","3.907328","4.450506","4.493608"
"2007-06-20","20 Jun 2007","4.805391","4.540206","4.597515","4.254151","4.752585","4.417656","4.824197","3.900742","4.499967","4.535127"
"2007-06-21","21 Jun 2007","4.782095","4.507399","4.586144","4.243120","4.721704","4.392478","4.780067","3.904721","4.482873","4.523885"
"2007-06-22","22 Jun 2007","4.822464","4.523995","4.616581","4.253382","4.757801","4.407810","4.818154","3.909086","4.506332","4.550688"
"2007-06-25","25 Jun 2007","4.765254","4.471526","4.562138","4.231905","4.696372","4.362821","4.751513","3.907048","4.449927","4.495810"
"2007-06-26","26 Jun 2007","4.756535","4.476702","4.556606","4.238697","4.689525","4.366405","4.744398","3.909891","4.447480","4.491664"
"2007-06-27","27 Jun 2007","4.693187","4.456219","4.496318","4.230983","4.634489","4.345208","4.694352","3.910088","4.398682","4.435117"
"2007-06-28","28 Jun 2007","4.692352","4.491223","4.515040","4.250200","4.640619","4.373420","4.695565","3.909743","4.427694","4.460176"
"2007-06-29","29 Jun 2007","4.679874","4.510015","4.509836","4.264051","4.631628","4.384248","4.685399","3.900085","4.428274","4.457793"
"2007-07-02","02 Jul 2007","4.650895","4.497732","4.484342","4.264398","4.604645","4.373851","4.658047","3.906810","4.406590","4.433882"
"2007-07-03","03 Jul 2007","4.673488","4.484412","4.492098","4.257552","4.619555","4.364163","4.674690","3.905979","4.403622","4.435995"
"2007-07-04","04 Jul 2007","4.720354","4.531757","4.550757","4.276993","4.668990","4.405749","4.720016","3.906671","4.464658","4.497570"
"2007-07-05","05 Jul 2007","4.764861","4.563083","4.597072","4.292829","4.712746","4.435255","4.762313","3.915227","4.508906","4.543743"
"2007-07-06","06 Jul 2007","4.784771","4.597613","4.635545","4.310838","4.737117","4.467105","4.780335","3.922414","4.553651","4.587318"
"2007-07-09","09 Jul 2007","4.775925","4.572904","4.620858","4.298562","4.726430","4.449751","4.771319","3.932870","4.536137","4.570818"
"2007-07-10","10 Jul 2007","4.722057","4.530664","4.557438","4.280199","4.671445","4.409661","4.720385","3.925023","4.472615","4.505489"
"2007-07-11","11 Jul 2007","4.704525","4.503427","4.521684","4.274571","4.648533","4.384602","4.702783","3.926839","4.430417","4.464542"
"2007-07-12","12 Jul 2007","4.741708","4.556745","4.573495","4.303372","4.690814","4.431061","4.741441","3.934817","4.488370","4.520798"
"2007-07-13","13 Jul 2007","4.720446","4.563035","4.567783","4.307526","4.675542","4.436864","4.722617","3.939235","4.491567","4.520314"
"2007-07-16","16 Jul 2007","4.713858","4.549670","4.557808","4.294233","4.671632","4.429333","4.722874","3.950661","4.483942","4.510513"
"2007-07-17","17 Jul 2007","4.699961","4.562616","4.553898","4.304115","4.661901","4.438814","4.711068","3.952588","4.486805","4.510191"
"2007-07-18","18 Jul 2007","4.700943","4.568406","4.548494","4.306538","4.664213","4.441625","4.718065","3.950442","4.482288","4.503950"
"2007-07-19","19 Jul 2007","4.675589","4.567842","4.537964","4.309733","4.644037","4.443375","4.694005","3.961582","4.480235","4.498342"
"2007-07-20","20 Jul 2007","4.564906","4.484186","4.429046","4.282748","4.535723","4.375223","4.586338","3.986417","4.377452","4.391143"
"2007-07-23","23 Jul 2007","4.556535","4.466269","4.406110","4.278011","4.524206","4.358647","4.580139","3.988011","4.349737","4.364265"
"2007-07-24","24 Jul 2007","4.562134","4.454539","4.406782","4.275243","4.528246","4.353921","4.585592","4.005826","4.347779","4.363370"
"2007-07-25","25 Jul 2007","4.549521","4.437742","4.398730","4.266058","4.517061","4.344518","4.573090","4.017680","4.341827","4.356736"
"2007-07-26","26 Jul 2007","4.529639","4.378908","4.353431","4.235796","4.486060","4.292204","4.546554","4.004806","4.281623","4.302644"
"2007-07-27","27 Jul 2007","4.515549","4.338377","4.327699","4.220127","4.460310","4.253846","4.517289","3.971707","4.242674","4.270866"
"2007-07-30","30 Jul 2007","4.508806","4.313372","4.313602","4.206455","4.449559","4.234420","4.507232","3.974689","4.223525","4.253982"
"2007-07-31","31 Jul 2007","4.530366","4.363943","4.356365","4.233345","4.478695","4.277286","4.531161","3.975527","4.276054","4.303375"
"2007-08-01","01 Aug 2007","4.519065","4.340983","4.341217","4.219580","4.465732","4.259809","4.518924","3.980339","4.258635","4.286896"
"2007-08-02","02 Aug 2007","4.535603","4.391156","4.372096","4.253033","4.488180","4.299063","4.538453","3.967184","4.297529","4.322614"
"2007-08-03","03 Aug 2007","4.501700","4.336871","4.332744","4.228292","4.451631","4.260259","4.502635","3.990977","4.255126","4.281370"
"2007-08-06","06 Aug 2007","4.514028","4.317611","4.331673","4.211563","4.454883","4.241060","4.505786","3.959251","4.242540","4.274553"
"2007-08-07","07 Aug 2007","4.520377","4.343713","4.352443","4.227752","4.467648","4.265941","4.515990","3.978469","4.271423","4.300279"
"2007-08-08","08 Aug 2007","4.567353","4.415228","4.418110","4.268910","4.522856","4.328811","4.567972","3.999609","4.346531","4.372150"
"2007-08-09","09 Aug 2007","4.556391","4.323365","4.366004","4.210770","4.491339","4.251608","4.541981","3.998037","4.268204","4.305044"
"2007-08-10","10 Aug 2007","4.596610","4.243822","4.364512","4.140458","4.507184","4.184200","4.561507","3.964084","4.231378","4.286135"
"2007-08-13","13 Aug 2007","4.613844","4.251189","4.378340","4.151169","4.522622","4.193666","4.577403","3.980787","4.242534","4.298604"
"2007-08-14","14 Aug 2007","4.633352","4.275598","4.401762","4.162142","4.543523","4.213182","4.597338","3.975890","4.267418","4.323199"
"2007-08-15","15 Aug 2007","4.605056","4.133273","4.333360","4.072486","4.494333","4.100790","4.553780","3.974466","4.168454","4.238955"
"2007-08-16","16 Aug 2007","4.608458","3.956460","4.284009","3.976795","4.467255","3.968206","4.532532","3.992293","4.070047","4.166541"
"2007-08-17","17 Aug 2007","4.643857","3.915067","4.298980","3.929836","4.491286","3.931082","4.559224","3.947102","4.064218","4.172365"
"2007-08-20","20 Aug 2007","4.681194","3.936803","4.305832","3.938694","4.532061","3.949456","4.617381","3.948262","4.073567","4.175299"
"2007-08-21","21 Aug 2007","4.687614","3.793050","4.261657","3.850883","4.509041","3.832255","4.599603","3.926748","3.983036","4.109101"
"2007-08-22","22 Aug 2007","4.637509","4.008381","4.305278","3.965493","4.525111","4.004034","4.616284","3.928075","4.115971","4.195534"
"2007-08-23","23 Aug 2007","4.649209","3.984407","4.301167","3.992781","4.520037","3.996590","4.606075","4.007243","4.095586","4.183231"
"2007-08-24","24 Aug 2007","4.613303","3.985273","4.264607","3.973490","4.495261","3.987130","4.590206","3.963529","4.071955","4.150577"
"2007-08-27","27 Aug 2007","4.627496","4.064248","4.292973","4.012577","4.496801","4.037162","4.573582","3.935493","4.101358","4.179874"
"2007-08-28","28 Aug 2007","4.635437","4.002697","4.277238","3.964106","4.503106","3.990011","4.591140","3.917275","4.075042","4.157941"
"2007-08-29","29 Aug 2007","4.641891","3.987181","4.252685","3.947357","4.486642","3.958385","4.573903","3.867898","4.024993","4.119550"
"2007-08-30","30 Aug 2007","4.660134","4.006491","4.274914","3.961725","4.506816","3.977716","4.593447","3.880312","4.049255","4.143167"
"2007-08-31","31 Aug 2007","4.673216","4.070950","4.322620","3.977924","4.536865","4.030245","4.617968","3.855694","4.119312","4.203754"
"2007-09-03","03 Sep 2007","4.669634","4.065342","4.304201","3.984999","4.530690","4.025271","4.617415","3.870689","4.098054","4.181820"
"2007-09-04","04 Sep 2007","4.667777","4.038659","4.289873","3.976154","4.523792","4.005625","4.613273","3.882263","4.076324","4.163180"
"2007-09-05","05 Sep 2007","4.644125","3.999064","4.283764","3.966112","4.502028","3.985297","4.584096","3.918256","4.071237","4.160582"
"2007-09-06","06 Sep 2007","4.631986","3.955387","4.260598","3.940416","4.505053","3.957295","4.605452","3.927915","4.053053","4.138495"
"2007-09-07","07 Sep 2007","4.644799","3.862275","4.244449","3.890014","4.491818","3.884116","4.587742","3.927228","4.001776","4.106891"
"2007-09-10","10 Sep 2007","4.586484","3.820957","4.173341","3.869597","4.436829","3.845561","4.542022","3.924161","3.934912","4.034730"
"2007-09-11","11 Sep 2007","4.581071","3.840648","4.158806","3.883792","4.441896","3.859823","4.560550","3.929261","3.929900","4.021735"
"2007-09-12","12 Sep 2007","4.601302","3.906802","4.184615","3.911245","4.453624","3.904316","4.560474","3.904440","3.960719","4.048782"
"2007-09-13","13 Sep 2007","4.572895","3.970375","4.214048","3.931659","4.462245","3.958835","4.567983","3.889135","4.030219","4.101047"
"2007-09-14","14 Sep 2007","4.547276","3.942339","4.186225","3.914960","4.434601","3.934248","4.539807","3.883808","4.000801","4.072251"
"2007-09-17","17 Sep 2007","4.561573","3.981342","4.211089","3.940843","4.453781","3.967948","4.557032","3.895076","4.033372","4.101155"
"2007-09-18","18 Sep 2007","4.578353","4.034379","4.243022","3.964724","4.478465","4.009803","4.579671","3.887013","4.076937","4.139123"
"2007-09-19","19 Sep 2007","4.652389","4.036726","4.302052","3.948126","4.542983","4.012072","4.645301","3.857538","4.117198","4.190653"
"2007-09-20","20 Sep 2007","4.738525","4.094428","4.366146","3.973089","4.607148","4.052372","4.703116","3.837503","4.162342","4.244449"
"2007-09-21","21 Sep 2007","4.766151","4.049278","4.384847","3.952054","4.624366","4.024000","4.717590","3.852445","4.162530","4.256588"
"2007-09-24","24 Sep 2007","4.771849","4.040903","4.386535","3.948123","4.627600","4.018117","4.721142","3.854290","4.160157","4.256445"
"2007-09-25","25 Sep 2007","4.737317","4.008923","4.345966","3.934171","4.592575","3.990751","4.688822","3.857683","4.119571","4.214716"
"2007-09-26","26 Sep 2007","4.808974","4.081141","4.423111","3.966823","4.658155","4.047355","4.747010","3.843965","4.192087","4.291085"
"2007-09-27","27 Sep 2007","4.790454","4.107304","4.419476","3.977112","4.637583","4.058792","4.717509","3.820984","4.191031","4.289942"
"2007-09-28","28 Sep 2007","4.746388","4.079721","4.378139","3.955137","4.595965","4.031738","4.676136","3.803567","4.154333","4.250321"
"2007-10-01","01 Oct 2007","4.760498","4.035158","4.375585","3.932166","4.601204","3.999922","4.683725","3.810919","4.136528","4.240688"
"2007-10-02","02 Oct 2007","4.737644","4.037443","4.359603","3.937246","4.581969","4.001088","4.663480","3.816372","4.127180","4.227668"
"2007-10-03","03 Oct 2007","4.701760","4.003764","4.320657","3.914475","4.546051","3.970580","4.629005","3.804909","4.088876","4.188316"
"2007-10-04","04 Oct 2007","4.691409","3.999336","4.322053","3.913245","4.539538","3.970368","4.619322","3.812054","4.094787","4.193185"
"2007-10-05","05 Oct 2007","4.735670","4.027745","4.365137","3.928432","4.583395","3.996954","4.663545","3.817037","4.135359","4.235596"
"2007-10-08","08 Oct 2007","4.720720","4.041623","4.367744","3.930304","4.575289","4.007155","4.651387","3.807146","4.147826","4.244133"
"2007-10-09","09 Oct 2007","4.679689","4.051240","4.336699","3.934315","4.541941","4.010216","4.618154","3.799802","4.130599","4.218591"
"2007-10-10","10 Oct 2007","4.709423","4.108522","4.377311","3.959367","4.578007","4.055405","4.653103","3.789620","4.180268","4.263813"
"2007-10-11","11 Oct 2007","4.728123","4.142003","4.408370","3.967270","4.602924","4.082109","4.676157","3.773753","4.218750","4.299427"
"2007-10-12","12 Oct 2007","4.735129","4.207790","4.421618","4.022317","4.615557","4.135463","4.689389","3.805159","4.244282","4.316844"
"2007-10-15","15 Oct 2007","4.748591","4.284798","4.442889","4.067571","4.636204","4.191742","4.711023","3.801906","4.278884","4.342990"
"2007-10-16","16 Oct 2007","4.793999","4.245473","4.450700","4.050579","4.665994","4.163552","4.748938","3.812926","4.261825","4.337297"
"2007-10-17","17 Oct 2007","4.787199","4.212435","4.434419","4.039869","4.653257","4.139501","4.736810","3.827523","4.237242","4.316896"
"2007-10-18","18 Oct 2007","4.720718","4.118419","4.355670","4.004553","4.572553","4.061502","4.652439","3.844801","4.141536","4.230393"
"2007-10-19","19 Oct 2007","4.689906","4.056409","4.307340","3.966525","4.535392","4.008722","4.619624","3.834173","4.084063","4.176369"
"2007-10-22","22 Oct 2007","4.616841","4.009523","4.238876","3.940097","4.471838","3.971564","4.560139","3.838068","4.029753","4.112964"
"2007-10-23","23 Oct 2007","4.623007","4.030348","4.249181","3.952569","4.480763","3.988421","4.568885","3.840286","4.044313","4.125209"
"2007-10-24","24 Oct 2007","4.591606","3.957407","4.214711","3.914913","4.445412","3.934978","4.532415","3.851240","4.001964","4.088157"
"2007-10-25","25 Oct 2007","4.587615","3.926083","4.202829","3.903257","4.437014","3.912821","4.524972","3.863710","3.982809","4.072866"
"2007-10-26","26 Oct 2007","4.602803","3.959739","4.228239","3.924322","4.456373","3.942059","4.542088","3.871444","4.014286","4.101828"
"2007-10-29","29 Oct 2007","4.595560","3.966167","4.218400","3.930818","4.449956","3.945670","4.537468","3.874302","4.006995","4.092137"
"2007-10-30","30 Oct 2007","4.623301","4.028585","4.249214","3.974306","4.471904","3.988164","4.553966","3.872167","4.033751","4.121502"
"2007-10-31","31 Oct 2007","4.631646","4.113577","4.288441","4.014895","4.499357","4.058073","4.578951","3.869859","4.101199","4.174457"
"2007-11-01","01 Nov 2007","4.629858","4.068517","4.265267","3.995803","4.485611","4.020457","4.567724","3.873758","4.060988","4.142462"
"2007-11-02","02 Nov 2007","4.607076","4.003683","4.220459","3.966957","4.449281","3.964268","4.533220","3.873099","3.996997","4.087987"
"2007-11-05","05 Nov 2007","4.604716","3.992502","4.212700","3.958842","4.445092","3.954218","4.530455","3.868399","3.986554","4.078525"
"2007-11-06","06 Nov 2007","4.648033","4.025388","4.252620","3.969699","4.490179","3.983202","4.578383","3.863950","4.027735","4.118529"
"2007-11-07","07 Nov 2007","4.624118","3.973761","4.208520","3.944147","4.457832","3.938144","4.550301","3.861059","3.972170","4.067448"
"2007-11-08","08 Nov 2007","4.639037","3.923956","4.201487","3.916289","4.460965","3.900041","4.556412","3.862055","3.946395","4.051296"
"2007-11-09","09 Nov 2007","4.640731","3.846199","4.164135","3.878755","4.446424","3.838475","4.550221","3.870428","3.884773","4.000178"
"2007-11-12","12 Nov 2007","4.626969","3.863128","4.158805","3.892314","4.446396","3.859179","4.555273","3.894011","3.898232","4.002179"
"2007-11-13","13 Nov 2007","4.616459","3.864511","4.164982","3.891793","4.440754","3.863186","4.544672","3.896646","3.910684","4.013172"
"2007-11-14","14 Nov 2007","4.642715","3.939819","4.208095","3.923622","4.478574","3.921583","4.582030","3.880620","3.970168","4.064116"
"2007-11-15","15 Nov 2007","4.654825","3.881707","4.185268","3.903944","4.469834","3.874202","4.576358","3.894967","3.919037","4.026614"
"2007-11-16","16 Nov 2007","4.660571","3.842305","4.171729","3.883522","4.466246","3.842808","4.576022","3.896153","3.891340","4.005649"
"2007-11-19","19 Nov 2007","4.666343","3.797829","4.156449","3.864389","4.459776","3.807310","4.571733","3.902404","3.858151","3.981417"
"2007-11-20","20 Nov 2007","4.671757","3.781089","4.150833","3.851731","4.460426","3.792077","4.574636","3.893645","3.845227","3.971798"
"2007-11-21","21 Nov 2007","4.701289","3.716470","4.130825","3.828388","4.460482","3.731565","4.579535","3.884489","3.781926","3.930262"
"2007-11-22","22 Nov 2007","4.750074","3.694317","4.146251","3.827873","4.493230","3.712832","4.618078","3.877848","3.771699","3.932646"
"2007-11-23","23 Nov 2007","4.741855","3.712773","4.153178","3.814019","4.501719","3.734276","4.630132","3.881273","3.802071","3.949512"
"2007-11-26","26 Nov 2007","4.724119","3.727691","4.147979","3.810065","4.500061","3.748756","4.633341","3.874348","3.817106","3.952926"
"2007-11-27","27 Nov 2007","4.704441","3.692206","4.123070","3.795154","4.471048","3.717023","4.600410","3.872138","3.781273","3.923516"
"2007-11-28","28 Nov 2007","4.780642","3.768819","4.205755","3.824799","4.560455","3.785827","4.696067","3.869145","3.875875","4.011786"
"2007-11-29","29 Nov 2007","4.758386","3.749402","4.189619","3.812643","4.539398","3.770237","4.672775","3.866714","3.861391","3.997187"
"2007-11-30","30 Nov 2007","4.760958","3.812132","4.214501","3.842934","4.558783","3.820851","4.692966","3.863038","3.908134","4.032588"
"2007-12-03","03 Dec 2007","4.749860","3.763149","4.189631","3.822063","4.540103","3.783817","4.675887","3.875014","3.872102","4.002088"
"2007-12-04","04 Dec 2007","4.709440","3.721419","4.132013","3.808158","4.487708","3.743811","4.623222","3.878173","3.804800","3.937807"
"2007-12-05","05 Dec 2007","4.710692","3.738024","4.150422","3.809958","4.492543","3.756655","4.621940","3.865567","3.828268","3.960667"
"2007-12-06","06 Dec 2007","4.742878","3.798100","4.187971","3.857762","4.517434","3.799054","4.639035","3.869654","3.859624","3.996617"
"2007-12-07","07 Dec 2007","4.801719","3.916863","4.268699","3.909997","4.586053","3.891667","4.703298","3.850457","3.956995","4.085794"
"2007-12-10","10 Dec 2007","4.828455","3.966688","4.311829","3.942727","4.618351","3.936003","4.731289","3.865324","4.007712","4.134014"
"2007-12-11","11 Dec 2007","4.805383","3.997248","4.314165","3.967465","4.602274","3.949048","4.707629","3.818096","4.017048","4.142965"
"2007-12-12","12 Dec 2007","4.816461","4.036049","4.366701","3.985189","4.621654","3.980797","4.712585","3.790691","4.077206","4.205143"
"2007-12-13","13 Dec 2007","4.826655","4.076187","4.358505","4.003878","4.634646","4.008101","4.736093","3.793650","4.077327","4.196008"
"2007-12-14","14 Dec 2007","4.777008","4.071328","4.340176","4.008957","4.594103","4.004792","4.686328","3.787630","4.071946","4.186783"
"2007-12-17","17 Dec 2007","4.788887","4.057900","4.344885","3.989601","4.604241","3.996458","4.698824","3.797133","4.073355","4.189443"
"2007-12-18","18 Dec 2007","4.772845","4.082318","4.356194","3.979712","4.600016","4.011940","4.689113","3.761691","4.100501","4.210296"
"2007-12-19","19 Dec 2007","4.760192","4.027309","4.334659","3.951215","4.580040","3.971310","4.668694","3.775633","4.067425","4.183864"
"2007-12-20","20 Dec 2007","4.736861","4.042246","4.334048","3.969624","4.561663","3.978844","4.642672","3.748071","4.072863","4.188882"
"2007-12-21","21 Dec 2007","4.760801","4.049209","4.346494","3.977256","4.581899","3.986954","4.666010","3.764699","4.080430","4.197909"
"2007-12-24","24 Dec 2007","4.761609","4.051406","4.345980","3.987815","4.582386","3.991296","4.666910","3.780356","4.079944","4.197114"
"2007-12-27","27 Dec 2007","4.792002","4.108558","4.391646","4.000747","4.620786","4.035316","4.703130","3.761467","4.136428","4.248776"
"2007-12-28","28 Dec 2007","4.776834","4.077302","4.368734","3.990730","4.604123","4.016562","4.689196","3.797314","4.112154","4.224086"
"2007-12-31","31 Dec 2007","4.783862","4.059457","4.376064","4.000859","4.608655","4.014293","4.692019","3.852009","4.114826","4.230142"
"2008-01-02","02 Jan 2008","4.804655","3.972976","4.338746","3.944946","4.600659","3.929658","4.693524","3.785261","4.034390","4.170138"
"2008-01-03","03 Jan 2008","4.780422","3.878878","4.264879","3.893208","4.560184","3.853391","4.666272","3.802739","3.940281","4.081556"
"2008-01-04","04 Jan 2008","4.761292","3.799103","4.211568","3.865269","4.526422","3.792327","4.639483","3.833063","3.866983","4.016307"
"2008-01-07","07 Jan 2008","4.759696","3.840109","4.209143","3.896688","4.528777","3.820812","4.644673","3.827366","3.873237","4.016039"
"2008-01-08","08 Jan 2008","4.756491","3.885378","4.209648","3.904593","4.542012","3.858941","4.667011","3.839847","3.898210","4.024594"
"2008-01-09","09 Jan 2008","4.759355","3.812228","4.183797","3.880440","4.521899","3.797863","4.645573","3.840080","3.839962","3.983976"
"2008-01-10","10 Jan 2008","4.751291","3.841144","4.180970","3.886050","4.524802","3.820744","4.653201","3.839491","3.853477","3.986966"
"2008-01-11","11 Jan 2008","4.769207","3.796672","4.176275","3.867884","4.528654","3.787421","4.658741","3.850569","3.828124","3.972282"
"2008-01-14","14 Jan 2008","4.751993","3.733730","4.134104","3.815434","4.515026","3.743257","4.660106","3.858175","3.787576","3.926923"
"2008-01-15","15 Jan 2008","4.752279","3.688822","4.120159","3.789163","4.502896","3.705219","4.646454","3.849598","3.756667","3.905390"
"2008-01-16","16 Jan 2008","4.748784","3.642850","4.108494","3.754547","4.494260","3.669427","4.638441","3.838648","3.735748","3.889825"
"2008-01-17","17 Jan 2008","4.765638","3.546114","4.091588","3.709940","4.491921","3.600737","4.639921","3.865185","3.688227","3.858412"
"2008-01-18","18 Jan 2008","4.778554","3.477164","4.074691","3.676675","4.490920","3.549616","4.644364","3.877595","3.648687","3.830004"
"2008-01-21","21 Jan 2008","4.764512","3.351568","4.034791","3.593290","4.458626","3.447555","4.612864","3.849252","3.577126","3.776794"
"2008-01-22","22 Jan 2008","4.780839","3.284157","4.068032","3.523179","4.466460","3.392615","4.607435","3.790499","3.588702","3.807292"
"2008-01-23","23 Jan 2008","4.801614","3.221117","4.036064","3.455852","4.494254","3.345222","4.666156","3.755281","3.556988","3.768162"
"2008-01-24","24 Jan 2008","4.838339","3.444537","4.100679","3.617402","4.552013","3.522777","4.723879","3.816904","3.664044","3.848700"
"2008-01-25","25 Jan 2008","4.813129","3.529203","4.132881","3.672156","4.548560","3.594231","4.706688","3.835188","3.729284","3.900258"
"2008-01-28","28 Jan 2008","4.790888","3.378037","4.060753","3.595989","4.495947","3.469852","4.658317","3.833711","3.611369","3.806024"
"2008-01-29","29 Jan 2008","4.823099","3.416475","4.099649","3.623610","4.529842","3.505096","4.690040","3.850394","3.652451","3.846747"
"2008-01-30","30 Jan 2008","4.866454","3.455493","4.138065","3.630897","4.575558","3.533492","4.740060","3.824604","3.691485","3.884845"
"2008-01-31","31 Jan 2008","4.796794","3.318132","4.047324","3.547181","4.501205","3.423041","4.673479","3.810767","3.587661","3.787285"
"2008-02-01","01 Feb 2008","4.772779","3.333273","4.038403","3.561208","4.485112","3.436603","4.655275","3.822984","3.591203","3.784511"
"2008-02-04","04 Feb 2008","4.754289","3.326072","4.030304","3.569091","4.467081","3.435060","4.632138","3.847557","3.585837","3.778778"
"2008-02-05","05 Feb 2008","4.739576","3.178734","3.962530","3.487153","4.414534","3.308740","4.580044","3.827060","3.466011","3.685989"
"2008-02-06","06 Feb 2008","4.754109","3.159317","3.984995","3.468126","4.435592","3.302895","4.601696","3.830467","3.491672","3.711710"
"2008-02-07","07 Feb 2008","4.811463","3.035044","3.976592","3.388165","4.458084","3.201679","4.633408","3.804422","3.427328","3.676061"
"2008-02-08","08 Feb 2008","4.823754","2.971553","3.971513","3.326625","4.467738","3.155190","4.649819","3.775764","3.414341","3.666509"
"2008-02-11","11 Feb 2008","4.826186","2.932755","3.959930","3.332595","4.453120","3.125338","4.630810","3.811464","3.378442","3.644911"
"2008-02-12","12 Feb 2008","4.909157","3.008244","4.032457","3.371084","4.534127","3.185294","4.715719","3.805324","3.446947","3.714622"
"2008-02-13","13 Feb 2008","4.951915","3.030514","4.070399","3.396261","4.572204","3.209059","4.753088","3.833017","3.477433","3.749556"
"2008-02-14","14 Feb 2008","4.952727","3.093260","4.106641","3.426163","4.585383","3.259440","4.757108","3.826443","3.532327","3.797266"
"2008-02-15","15 Feb 2008","4.948362","3.020348","4.077093","3.396563","4.561840","3.200059","4.733386","3.836832","3.474631","3.754807"
"2008-02-18","18 Feb 2008","4.978695","3.113162","4.122184","3.452921","4.603604","3.275942","4.775335","3.849960","3.538669","3.807885"
"2008-02-19","19 Feb 2008","4.986306","3.123299","4.135444","3.461303","4.606652","3.282698","4.772692","3.850553","3.546929","3.820242"
"2008-02-20","20 Feb 2008","4.968179","3.164011","4.144347","3.493483","4.600610","3.319251","4.761387","3.872963","3.574567","3.839171"
"2008-02-21","21 Feb 2008","4.954256","3.292947","4.173370","3.566762","4.613644","3.421385","4.770917","3.880077","3.647823","3.888253"
"2008-02-22","22 Feb 2008","4.948040","3.270979","4.132995","3.552066","4.599843","3.396158","4.768676","3.866039","3.599399","3.839404"
"2008-02-25","25 Feb 2008","4.980020","3.254753","4.143067","3.539840","4.621693","3.382255","4.794554","3.858529","3.593958","3.841242"
"2008-02-26","26 Feb 2008","5.022271","3.312101","4.198103","3.569583","4.668483","3.431119","4.838104","3.860333","3.654799","3.900310"
"2008-02-27","27 Feb 2008","5.063322","3.239142","4.190961","3.529768","4.683149","3.371631","4.858833","3.856135","3.609080","3.873495"
"2008-02-28","28 Feb 2008","5.048923","3.181521","4.158177","3.502037","4.657361","3.324568","4.834480","3.859447","3.560509","3.832734"
"2008-02-29","29 Feb 2008","4.994681","3.039348","4.061381","3.417451","4.580986","3.202319","4.764277","3.834427","3.432481","3.719193"
"2008-03-03","03 Mar 2008","4.978172","3.064792","4.019212","3.437150","4.565885","3.215538","4.762057","3.837005","3.399802","3.674898"
"2008-03-04","04 Mar 2008","4.979812","3.114138","4.023553","3.474364","4.575825","3.256128","4.776026","3.856924","3.418668","3.683830"
"2008-03-05","05 Mar 2008","5.018468","3.131691","4.060146","3.488797","4.611255","3.274667","4.810377","3.870164","3.449271","3.718433"
"2008-03-06","06 Mar 2008","5.010712","3.154675","4.052575","3.519822","4.607496","3.296746","4.809064","3.905837","3.449979","3.713090"
"2008-03-07","07 Mar 2008","5.020497","3.155235","4.038460","3.512325","4.614934","3.291374","4.826641","3.886518","3.432953","3.694080"
"2008-03-10","10 Mar 2008","5.025499","3.117266","4.012400","3.486198","4.609661","3.256108","4.829728","3.870993","3.392387","3.658417"
"2008-03-11","11 Mar 2008","4.988039","3.244549","4.016919","3.562391","4.611855","3.357821","4.838649","3.886848","3.452475","3.686711"
"2008-03-12","12 Mar 2008","4.926974","3.261924","3.990666","3.568441","4.568196","3.369600","4.789737","3.879864","3.451645","3.673837"
"2008-03-13","13 Mar 2008","4.945694","3.171111","3.965753","3.518671","4.558247","3.295038","4.781242","3.874183","3.388579","3.629919"
"2008-03-14","14 Mar 2008","4.978371","3.207705","3.990701","3.533712","4.595516","3.323428","4.825885","3.866108","3.417025","3.654914"
"2008-03-17","17 Mar 2008","5.022897","3.091278","3.980089","3.448498","4.603719","3.223791","4.836377","3.818591","3.353718","3.619382"
"2008-03-18","18 Mar 2008","5.055913","3.202090","4.031010","3.513868","4.659073","3.315790","4.898653","3.834001","3.433113","3.682184"
"2008-03-19","19 Mar 2008","4.931251","3.291645","4.010742","3.562109","4.583231","3.388473","4.804764","3.837896","3.483187","3.700424"
"2008-03-20","20 Mar 2008","4.790436","3.405635","3.999038","3.625569","4.502397","3.483001","4.701890","3.848348","3.555801","3.735668"
"2008-03-25","25 Mar 2008","4.789153","3.521472","4.065106","3.704147","4.530339","3.586924","4.716957","3.889886","3.661790","3.825174"
"2008-03-26","26 Mar 2008","4.833699","3.538510","4.082881","3.716549","4.574593","3.601289","4.775900","3.896365","3.672812","3.836804"
"2008-03-27","27 Mar 2008","4.946919","3.509104","4.130562","3.686808","4.658730","3.575292","4.872367","3.869067","3.676203","3.860614"
"2008-03-28","28 Mar 2008","4.930904","3.551050","4.150853","3.703745","4.659008","3.609927","4.866478","3.861751","3.717098","3.893392"
"2008-03-31","31 Mar 2008","4.908293","3.532722","4.130928","3.699265","4.632440","3.595545","4.834738","3.870728","3.696378","3.873336"
"2008-04-01","01 Apr 2008","4.883144","3.594584","4.155037","3.731749","4.630602","3.648030","4.825368","3.874032","3.750665","3.914974"
"2008-04-02","02 Apr 2008","4.851771","3.591619","4.155546","3.742762","4.595044","3.650998","4.768365","3.900587","3.756306","3.921697"
"2008-04-03","03 Apr 2008","4.920232","3.580615","4.187031","3.733137","4.647351","3.642309","4.827926","3.893824","3.763022","3.939768"
"2008-04-04","04 Apr 2008","4.863375","3.552339","4.138629","3.712733","4.595063","3.614916","4.774490","3.879873","3.722726","3.895021"
"2008-04-07","07 Apr 2008","4.873052","3.612154","4.186460","3.741183","4.618817","3.666462","4.789112","3.878646","3.788910","3.955004"
"2008-04-08","08 Apr 2008","4.895494","3.607927","4.196961","3.744603","4.633996","3.665186","4.804922","3.890143","3.790161","3.960663"
"2008-04-09","09 Apr 2008","4.915783","3.585166","4.216300","3.729275","4.641349","3.648584","4.802913","3.885838","3.794370","3.975174"
"2008-04-10","10 Apr 2008","4.883142","3.528675","4.148774","3.708450","4.600232","3.599625","4.773377","3.897065","3.716544","3.898369"
"2008-04-11","11 Apr 2008","4.838592","3.494281","4.099048","3.690236","4.555860","3.568278","4.731678","3.893124","3.668587","3.848080"
"2008-04-14","14 Apr 2008","4.869702","3.525845","4.129412","3.714968","4.588449","3.597639","4.765820","3.910941","3.699880","3.878707"
"2008-04-15","15 Apr 2008","4.879788","3.594683","4.164271","3.752198","4.617205","3.655299","4.796020","3.915512","3.756729","3.924682"
"2008-04-16","16 Apr 2008","4.900719","3.639156","4.193329","3.772852","4.649837","3.691869","4.833980","3.912028","3.796441","3.958732"
"2008-04-17","17 Apr 2008","4.952958","3.714104","4.271804","3.801878","4.715644","3.755204","4.897393","3.897920","3.886969","4.045897"
"2008-04-18","18 Apr 2008","4.910309","3.858928","4.316580","3.880293","4.747065","3.877367","4.950700","3.909270","4.002179","4.128020"
"2008-04-21","21 Apr 2008","4.912793","3.835992","4.307858","3.868029","4.735179","3.857903","4.929737","3.907602","3.983041","4.113898"
"2008-04-22","22 Apr 2008","4.968724","4.065412","4.333554","4.003266","4.725161","4.003971","4.871937","3.873359","4.005805","4.126645"
"2008-04-23","23 Apr 2008","4.965151","3.973573","4.318829","3.942061","4.714265","3.935167","4.861942","3.861385","3.972713","4.105476"
"2008-04-24","24 Apr 2008","5.008322","3.945028","4.350846","3.931030","4.744975","3.918227","4.890143","3.874116","3.982797","4.129370"
"2008-04-25","25 Apr 2008","5.023621","3.944319","4.354501","3.931793","4.760940","3.920173","4.912190","3.880672","3.985719","4.131168"
"2008-04-28","28 Apr 2008","5.064806","3.918006","4.390121","3.914125","4.795699","3.905612","4.945727","3.882786","4.005629","4.161862"
"2008-04-29","29 Apr 2008","5.025115","3.862416","4.355441","3.886637","4.753981","3.862543","4.900380","3.888180","3.966466","4.126747"
"2008-04-30","30 Apr 2008","4.948837","3.857579","4.318280","3.891177","4.686355","3.856624","4.819518","3.895622","3.945167","4.100266"
"2008-05-02","02 May 2008","4.976269","3.914722","4.364595","3.907016","4.733650","3.906987","4.870648","3.881143","4.014249","4.157635"
"2008-05-05","05 May 2008","4.925288","3.907254","4.335685","3.917949","4.676882","3.896489","4.799497","3.895120","3.983578","4.130666"
"2008-05-06","06 May 2008","4.919231","3.801181","4.295405","3.866208","4.648666","3.810820","4.773864","3.899390","3.907653","4.073991"
"2008-05-07","07 May 2008","4.971551","3.835703","4.352835","3.881874","4.699729","3.840991","4.821914","3.896054","3.959639","4.130961"
"2008-05-08","08 May 2008","4.904775","3.803601","4.286411","3.874085","4.627757","3.802754","4.746774","3.887412","3.887718","4.062112"
"2008-05-09","09 May 2008","4.871149","3.735570","4.223707","3.848429","4.578644","3.739512","4.701906","3.886125","3.802547","3.987383"
"2008-05-12","12 May 2008","4.866594","3.795418","4.221127","3.867639","4.589522","3.790727","4.720622","3.884153","3.833639","3.994880"
"2008-05-13","13 May 2008","4.924781","3.917273","4.287559","3.924977","4.659764","3.886722","4.794215","3.871621","3.922098","4.069174"
"2008-05-14","14 May 2008","4.972836","3.990878","4.327162","3.956342","4.721759","3.949225","4.868995","3.869075","3.981840","4.113987"
"2008-05-15","15 May 2008","5.021020","4.081208","4.385564","4.005838","4.771367","4.018135","4.914495","3.863560","4.045898","4.175303"
"2008-05-16","16 May 2008","4.950267","4.094349","4.352633","4.008420","4.730424","4.033534","4.874758","3.868559","4.052795","4.161346"
"2008-05-19","19 May 2008","4.949002","4.073738","4.350029","4.004291","4.723233","4.019257","4.864298","3.881599","4.042051","4.155950"
"2008-05-20","20 May 2008","4.937931","4.092627","4.346337","4.019385","4.716224","4.034168","4.856295","3.889446","4.046137","4.155604"
"2008-05-21","21 May 2008","4.969237","4.197868","4.402812","4.080602","4.761361","4.120241","4.898166","3.899617","4.124869","4.222802"
"2008-05-22","22 May 2008","4.986778","4.284713","4.430062","4.129639","4.784132","4.183687","4.919447","3.894019","4.165615","4.255006"
"2008-05-23","23 May 2008","4.936139","4.318581","4.393669","4.147100","4.748191","4.204836","4.886177","3.886694","4.154120","4.228082"
"2008-05-26","26 May 2008","4.955995","4.314630","4.416187","4.145151","4.761440","4.203011","4.893737","3.886807","4.166877","4.248081"
"2008-05-27","27 May 2008","4.974332","4.303156","4.432040","4.134206","4.776189","4.195409","4.907403","3.880891","4.175348","4.261567"
"2008-05-28","28 May 2008","5.014737","4.333237","4.477584","4.146445","4.818595","4.223128","4.948699","3.879504","4.221184","4.308435"
"2008-05-29","29 May 2008","5.094249","4.439806","4.567346","4.197546","4.901631","4.307342","5.029052","3.866230","4.316620","4.401580"
"2008-05-30","30 May 2008","5.032976","4.411813","4.518585","4.196946","4.837160","4.281174","4.956382","3.881163","4.267615","4.354025"
"2008-06-02","02 Jun 2008","5.034922","4.367221","4.503613","4.179261","4.830329","4.248273","4.952085","3.894824","4.238685","4.332125"
"2008-06-03","03 Jun 2008","5.114360","4.471658","4.562456","4.234798","4.908191","4.325466","5.038761","3.883567","4.298979","4.387568"
"2008-06-04","04 Jun 2008","5.066616","4.399967","4.517390","4.198006","4.856233","4.269096","4.982826","3.887509","4.246687","4.340805"
"2008-06-05","05 Jun 2008","5.054555","4.695425","4.579448","4.392403","4.890310","4.501077","5.010657","3.937245","4.389946","4.437993"
"2008-06-06","06 Jun 2008","4.866228","4.795091","4.556465","4.501842","4.747016","4.587073","4.817103","4.022056","4.435483","4.461964"
"2008-06-09","09 Jun 2008","4.833658","4.873413","4.607948","4.535732","4.745862","4.655863","4.796114","4.017447","4.527565","4.540218"
"2008-06-10","10 Jun 2008","4.913990","4.768756","4.659612","4.479272","4.807035","4.590927","4.859416","4.043279","4.536513","4.575925"
"2008-06-11","11 Jun 2008","4.988884","4.685009","4.680647","4.433033","4.858790","4.535464","4.922169","4.061524","4.519306","4.577244"
"2008-06-12","12 Jun 2008","5.020998","4.721169","4.731635","4.445438","4.901474","4.574347","4.962435","4.068906","4.583614","4.635993"
"2008-06-13","13 Jun 2008","4.989008","4.741554","4.755698","4.461695","4.892436","4.604433","4.941418","4.098935","4.635621","4.678561"
"2008-06-16","16 Jun 2008","4.912061","4.870782","4.776331","4.539553","4.860325","4.713764","4.891072","4.123475","4.724605","4.735832"
"2008-06-17","17 Jun 2008","4.905084","4.776157","4.740592","4.495830","4.841565","4.645707","4.878552","4.147522","4.668666","4.689687"
"2008-06-18","18 Jun 2008","4.826696","4.775581","4.715463","4.483621","4.779654","4.636511","4.802321","4.110863","4.661755","4.679072"
"2008-06-19","19 Jun 2008","4.798807","4.835616","4.745837","4.509826","4.779071","4.692549","4.791194","4.116296","4.730363","4.731139"
"2008-06-20","20 Jun 2008","4.823780","4.750798","4.700197","4.481978","4.772660","4.622248","4.798478","4.139537","4.642189","4.660372"
"2008-06-23","23 Jun 2008","4.836013","4.702076","4.681924","4.457620","4.771947","4.583727","4.804038","4.143727","4.605327","4.631421"
"2008-06-24","24 Jun 2008","4.911057","4.641721","4.704979","4.438425","4.820069","4.540179","4.860248","4.166776","4.583309","4.632645"
"2008-06-25","25 Jun 2008","4.934737","4.693205","4.714697","4.463553","4.848451","4.583703","4.897419","4.173647","4.608971","4.644476"
"2008-06-26","26 Jun 2008","4.952570","4.629856","4.679480","4.449039","4.848926","4.538368","4.911960","4.214027","4.550255","4.593288"
"2008-06-27","27 Jun 2008","5.020912","4.586191","4.664425","4.417189","4.895750","4.498623","4.984867","4.196456","4.504016","4.555211"
"2008-06-30","30 Jun 2008","5.004717","4.728892","4.731762","4.494118","4.918068","4.619392","4.991816","4.207298","4.626691","4.653374"
"2008-07-01","01 Jul 2008","4.972966","4.675615","4.677504","4.480350","4.874630","4.575077","4.951520","4.228400","4.559594","4.590889"
"2008-07-02","02 Jul 2008","4.975199","4.748683","4.745059","4.515347","4.905735","4.644998","4.970132","4.238038","4.661184","4.680627"
"2008-07-03","03 Jul 2008","5.013068","4.598073","4.714602","4.439059","4.886226","4.512147","4.947238","4.217103","4.546377","4.612450"
"2008-07-04","04 Jul 2008","5.050497","4.555925","4.667974","4.404874","4.905877","4.471854","4.994955","4.196444","4.481117","4.546046"
"2008-07-07","07 Jul 2008","4.981387","4.512489","4.585257","4.374815","4.845771","4.431634","4.947211","4.182536","4.412043","4.465277"
"2008-07-08","08 Jul 2008","4.971011","4.501764","4.577596","4.370483","4.840110","4.425887","4.943488","4.189568","4.408425","4.459623"
"2008-07-09","09 Jul 2008","4.919135","4.535792","4.554004","4.390525","4.815189","4.455040","4.923160","4.198013","4.419326","4.451608"
"2008-07-10","10 Jul 2008","4.899768","4.498486","4.536608","4.376239","4.796003","4.429285","4.903364","4.212743","4.398999","4.433950"
"2008-07-11","11 Jul 2008","4.894087","4.457843","4.529419","4.356009","4.807610","4.405612","4.930130","4.227997","4.395101","4.429289"
"2008-07-14","14 Jul 2008","4.927530","4.449226","4.540463","4.338749","4.829923","4.393893","4.955592","4.200854","4.391715","4.432201"
"2008-07-15","15 Jul 2008","4.933858","4.367276","4.504001","4.290464","4.804148","4.321496","4.927738","4.183475","4.319175","4.376891"
"2008-07-16","16 Jul 2008","4.943729","4.403449","4.546326","4.306225","4.828564","4.356206","4.946584","4.185068","4.375682","4.429595"
"2008-07-17","17 Jul 2008","4.939594","4.448928","4.588190","4.328020","4.842852","4.398676","4.951185","4.188703","4.438354","4.485982"
"2008-07-18","18 Jul 2008","4.991705","4.570401","4.675175","4.396411","4.907426","4.500625","5.006360","4.199981","4.547003","4.585163"
"2008-07-21","21 Jul 2008","4.993275","4.717442","4.738555","4.478279","4.915251","4.613105","4.986063","4.196195","4.640365","4.665961"
"2008-07-22","22 Jul 2008","5.012911","4.652297","4.735754","4.448082","4.920107","4.565582","4.992330","4.208761","4.612324","4.652163"
"2008-07-23","23 Jul 2008","5.023175","4.684784","4.763147","4.455405","4.939514","4.591811","5.009525","4.193175","4.650362","4.685983"
"2008-07-24","24 Jul 2008","4.986020","4.510111","4.689860","4.376591","4.878497","4.459284","4.950882","4.225354","4.535885","4.594736"
"2008-07-25","25 Jul 2008","5.006728","4.488224","4.678621","4.380493","4.885952","4.443597","4.965047","4.252587","4.507886","4.572800"
"2008-07-28","28 Jul 2008","5.015583","4.425230","4.655976","4.355204","4.877779","4.394474","4.961067","4.267004","4.460388","4.537329"
"2008-07-29","29 Jul 2008","5.012644","4.417900","4.624421","4.345531","4.866617","4.379401","4.958092","4.246084","4.422395","4.498484"
"2008-07-30","30 Jul 2008","4.954602","4.397582","4.575344","4.322122","4.807342","4.351400","4.893505","4.209608","4.377175","4.451299"
"2008-07-31","31 Jul 2008","4.927849","4.364883","4.526609","4.310598","4.764223","4.313971","4.850427","4.200653","4.311081","4.392534"
"2008-08-01","01 Aug 2008","4.921841","4.364445","4.497853","4.320185","4.750020","4.307986","4.841703","4.207876","4.275923","4.357323"
"2008-08-04","04 Aug 2008","4.910285","4.343212","4.489979","4.316884","4.737640","4.294656","4.827160","4.225262","4.265286","4.349313"
"2008-08-05","05 Aug 2008","4.904048","4.327846","4.466911","4.313431","4.723617","4.277865","4.816200","4.225389","4.233339","4.320347"
"2008-08-06","06 Aug 2008","4.924115","4.325511","4.471496","4.312385","4.740619","4.277865","4.838504","4.229986","4.234040","4.321288"
"2008-08-07","07 Aug 2008","4.970693","4.152033","4.417635","4.214845","4.741294","4.135145","4.858127","4.215711","4.109514","4.229698"
"2008-08-08","08 Aug 2008","5.001455","4.088259","4.395293","4.191677","4.765486","4.096207","4.903483","4.255851","4.073609","4.195356"
"2008-08-11","11 Aug 2008","5.013853","4.117615","4.419347","4.210181","4.781974","4.122202","4.917001","4.263371","4.103361","4.223109"
"2008-08-12","12 Aug 2008","4.951971","4.079244","4.368110","4.199634","4.724519","4.093050","4.857267","4.282415","4.059442","4.175688"
"2008-08-13","13 Aug 2008","4.980657","4.033406","4.373770","4.182840","4.739190","4.061095","4.874111","4.300041","4.042046","4.170788"
"2008-08-14","14 Aug 2008","4.976326","4.005614","4.361577","4.177809","4.735843","4.045178","4.875363","4.325459","4.027752","4.157082"
"2008-08-15","15 Aug 2008","4.964141","4.047060","4.352018","4.169818","4.719390","4.056609","4.854522","4.245642","4.021142","4.147704"
"2008-08-18","18 Aug 2008","4.941507","4.008994","4.318192","4.154364","4.693795","4.026675","4.832388","4.255167","3.983229","4.110758"
"2008-08-19","19 Aug 2008","4.943668","3.927949","4.281446","4.112606","4.683664","3.964004","4.833185","4.262107","3.925216","4.061558"
"2008-08-20","20 Aug 2008","4.909583","3.967859","4.279053","4.136878","4.666895","3.997706","4.812328","4.270468","3.948441","4.072172"
"2008-08-21","21 Aug 2008","4.942182","4.080658","4.348864","4.189776","4.727901","4.093032","4.874258","4.267060","4.053527","4.159651"
"2008-08-22","22 Aug 2008","4.918940","4.136236","4.377979","4.212990","4.729963","4.141581","4.867893","4.262738","4.114131","4.207576"
"2008-08-25","25 Aug 2008","4.890042","4.052445","4.308988","4.172572","4.671738","4.064642","4.809072","4.255090","4.013989","4.121179"
"2008-08-26","26 Aug 2008","4.915600","3.978887","4.282708","4.130931","4.674740","4.002371","4.822507","4.246303","3.954557","4.076257"
"2008-08-27","27 Aug 2008","4.959694","4.125129","4.370241","4.195070","4.742715","4.118394","4.884978","4.222648","4.076946","4.181700"
"2008-08-28","28 Aug 2008","4.864322","4.197992","4.370985","4.225887","4.693811","4.181019","4.820184","4.217799","4.140356","4.217955"
"2008-08-29","29 Aug 2008","4.817680","4.129057","4.344467","4.198391","4.646117","4.133202","4.762165","4.241875","4.108836","4.193562"
"2008-09-01","01 Sep 2008","4.830726","4.022541","4.304177","4.156928","4.620177","4.045468","4.736389","4.260090","4.017861","4.128166"
"2008-09-02","02 Sep 2008","4.899318","4.111136","4.380000","4.196699","4.696062","4.117920","4.813466","4.249950","4.103156","4.208358"
"2008-09-03","03 Sep 2008","4.910297","4.081228","4.346046","4.193548","4.691994","4.091423","4.821156","4.267444","4.051539","4.161083"
"2008-09-04","04 Sep 2008","4.933949","4.071102","4.320231","4.197328","4.688086","4.069692","4.823067","4.259328","3.995195","4.116370"
"2008-09-05","05 Sep 2008","4.889881","3.948541","4.211331","4.147637","4.624306","3.969523","4.777639","4.284685","3.860656","3.988595"
"2008-09-08","08 Sep 2008","4.940848","4.010227","4.289392","4.176613","4.679495","4.022709","4.822666","4.280643","3.941873","4.072401"
"2008-09-09","09 Sep 2008","4.975766","4.012509","4.316036","4.178151","4.707344","4.025414","4.850058","4.280472","3.956666","4.094191"
"2008-09-10","10 Sep 2008","4.965202","3.980151","4.303108","4.154650","4.704450","4.006215","4.853249","4.284241","3.950405","4.083721"
"2008-09-11","11 Sep 2008","4.983812","3.906715","4.261969","4.122990","4.708485","3.949407","4.876866","4.301273","3.885228","4.025766"
"2008-09-12","12 Sep 2008","5.028998","3.954103","4.336400","4.138415","4.767206","3.995578","4.930683","4.296307","3.970491","4.109433"
"2008-09-15","15 Sep 2008","5.072223","3.743057","4.273748","4.022102","4.760613","3.825533","4.943278","4.287763","3.828610","4.005847"
"2008-09-16","16 Sep 2008","4.981874","3.651501","4.232043","3.933126","4.686441","3.747824","4.857317","4.217373","3.796397","3.976414"
"2008-09-17","17 Sep 2008","5.031653","3.746833","4.303796","3.997749","4.747367","3.832408","4.914850","4.250014","3.884106","4.056740"
"2008-09-18","18 Sep 2008","5.124408","3.795607","4.342576","4.003240","4.836608","3.863051","5.028904","4.206874","3.912765","4.083999"
"2008-09-19","19 Sep 2008","5.149495","3.952551","4.454839","4.093769","4.909268","4.002952","5.093808","4.236059","4.076985","4.227712"
"2008-09-22","22 Sep 2008","5.205794","4.093903","4.524121","4.132617","4.984930","4.104286","5.175029","4.163168","4.176903","4.308573"
"2008-09-23","23 Sep 2008","5.185973","4.014058","4.498364","4.071626","4.951589","4.035796","5.135104","4.126626","4.131651","4.276044"
"2008-09-24","24 Sep 2008","5.127651","3.884008","4.442104","3.977387","4.874212","3.924702","5.043076","4.076111","4.050319","4.212467"
"2008-09-25","25 Sep 2008","5.126470","3.894865","4.472051","3.959851","4.878214","3.930835","5.035074","4.034321","4.086254","4.249722"
"2008-09-26","26 Sep 2008","5.137571","3.789240","4.441432","3.864320","4.865004","3.833299","5.025955","3.953361","4.018684","4.201290"
"2008-09-29","29 Sep 2008","5.142014","3.556870","4.387560","3.742140","4.812917","3.650186","4.964255","3.956310","3.883861","4.113162"
"2008-09-30","30 Sep 2008","5.003824","3.522945","4.338168","3.597012","4.709880","3.586608","4.841706","3.705196","3.876793","4.092442"
"2008-10-01","01 Oct 2008","4.898909","3.475600","4.337461","3.585038","4.633391","3.567886","4.734362","3.750519","3.903711","4.118583"
"2008-10-02","02 Oct 2008","4.855259","3.309084","4.307556","3.532208","4.588579","3.465484","4.683130","3.850525","3.853528","4.086772"
"2008-10-03","03 Oct 2008","4.648256","3.016830","4.204874","3.395607","4.426058","3.294347","4.499651","3.987926","3.788316","4.016736"
"2008-10-06","06 Oct 2008","4.618149","2.741716","4.131793","3.312676","4.375674","3.133988","4.457023","4.198469","3.677085","3.926395"
"2008-10-07","07 Oct 2008","4.390130","2.380929","4.078564","3.194725","4.234347","3.079976","4.286275","3.258782","3.767573","3.945046"
"2008-10-08","08 Oct 2008","4.337795","2.289253","4.010676","3.202744","4.174236","3.004103","4.228756","3.287542","3.684479","3.870502"
"2008-10-09","09 Oct 2008","4.552717","2.259733","4.192018","3.161657","4.372368","3.044597","4.432485","3.482087","3.832118","4.037448"
"2008-10-10","10 Oct 2008","4.659137","2.201582","4.243184","3.115003","4.451163","2.979743","4.520489","3.637070","3.829075","4.064970"
"2008-10-13","13 Oct 2008","4.810547","2.541762","4.382147","3.107170","4.596349","3.086869","4.667750","3.397830","3.955730","4.198604"
"2008-10-14","14 Oct 2008","4.766637","2.667917","4.384898","3.112285","4.575768","3.175772","4.639392","3.486469","4.004222","4.221319"
"2008-10-15","15 Oct 2008","5.035529","2.941698","4.468478","3.139662","4.752955","3.201356","4.847859","3.603238","3.937570","4.229147"
"2008-10-16","16 Oct 2008","5.153050","2.875131","4.463902","3.076199","4.811317","3.109010","4.927391","3.481767","3.843358","4.176866"
"2008-10-17","17 Oct 2008","4.880789","2.484591","4.324309","3.100679","4.602597","2.911167","4.695362","3.006025","3.777778","4.086330"
"2008-10-20","20 Oct 2008","4.937563","2.552397","4.359338","3.112753","4.648669","2.976643","4.745127","3.027285","3.800637","4.112955"
"2008-10-21","21 Oct 2008","4.948680","2.583231","4.321715","3.122680","4.635711","2.945294","4.740413","2.818252","3.725679","4.055664"
"2008-10-22","22 Oct 2008","4.887140","2.532028","4.228075","3.009441","4.558503","2.851962","4.668715","2.813468","3.610193","3.949535"
"2008-10-23","23 Oct 2008","4.755727","2.494958","4.152428","2.968056","4.454624","2.829119","4.555396","2.802570","3.580136","3.896589"
"2008-10-24","24 Oct 2008","4.668804","2.354221","4.107181","2.926449","4.388204","2.772073","4.481892","2.771456","3.564594","3.867873"
"2008-10-27","27 Oct 2008","4.766661","2.278624","4.138923","2.894859","4.453124","2.701886","4.557880","2.590660","3.536347","3.871858"
"2008-10-28","28 Oct 2008","4.833387","2.187882","4.172734","2.864187","4.503354","2.645185","4.613580","2.558897","3.536580","3.891437"
"2008-10-29","29 Oct 2008","4.879942","2.270634","4.203854","2.894360","4.542263","2.675992","4.655090","2.488889","3.555396","3.916260"
"2008-10-30","30 Oct 2008","4.946988","2.347088","4.229568","2.915587","4.589098","2.714050","4.709003","2.539646","3.553687","3.925908"
"2008-10-31","31 Oct 2008","4.968243","2.266485","4.254813","2.863721","4.612086","2.675773","4.731217","2.516391","3.575729","3.951972"
"2008-11-03","03 Nov 2008","5.003694","2.363240","4.284397","2.912253","4.644781","2.734836","4.764963","2.568453","3.604393","3.979652"
"2008-11-04","04 Nov 2008","4.993888","2.336223","4.269697","2.904687","4.632524","2.713169","4.753521","2.507971","3.584951","3.962857"
"2008-11-05","05 Nov 2008","5.064140","2.460538","4.270147","2.920519","4.669004","2.734704","4.802114","2.399647","3.540679","3.936698"
"2008-11-06","06 Nov 2008","5.134831","2.626360","4.244278","2.758318","4.695560","2.726673","4.846608","2.385864","3.469869","3.877813"
"2008-11-07","07 Nov 2008","5.090506","2.502010","4.177828","2.741521","4.640164","2.644837","4.794889","2.384596","3.383793","3.802085"
"2008-11-10","10 Nov 2008","5.059688","2.506897","4.164669","2.730224","4.617872","2.646426","4.769519","2.390499","3.384067","3.795864"
"2008-11-11","11 Nov 2008","5.124789","2.553328","4.153279","2.620900","4.648502","2.609880","4.814635","2.357222","3.331833","3.757943"
"2008-11-12","12 Nov 2008","5.122520","2.438549","4.122155","2.401958","4.640371","2.539663","4.815535","2.469296","3.311961","3.723810"
"2008-11-13","13 Nov 2008","5.194708","2.407413","4.123466","2.384119","4.679737","2.498135","4.867967","2.424143","3.265339","3.698650"
"2008-11-14","14 Nov 2008","5.207966","2.484401","4.112564","2.411948","4.700866","2.562698","4.904037","2.432312","3.287340","3.692286"
"2008-11-17","17 Nov 2008","5.190749","2.426329","4.093467","2.338798","4.679906","2.504258","4.881813","2.348163","3.258034","3.670328"
"2008-11-18","18 Nov 2008","5.153421","2.435193","4.081387","2.339198","4.640939","2.487232","4.830774","2.282264","3.234711","3.659065"
"2008-11-19","19 Nov 2008","5.050504","2.364110","4.015784","2.278469","4.561634","2.444869","4.748079","2.289548","3.206474","3.611371"
"2008-11-20","20 Nov 2008","4.911707","2.225041","3.925457","2.141082","4.439225","2.320785","4.613510","2.172885","3.128135","3.534044"
"2008-11-21","21 Nov 2008","4.859268","2.279628","3.914498","2.154930","4.406527","2.356605","4.573412","2.138621","3.149356","3.539362"
"2008-11-24","24 Nov 2008","4.821486","2.245868","3.913562","2.165495","4.381749","2.349062","4.539729","2.211117","3.159021","3.548606"
"2008-11-25","25 Nov 2008","4.696345","2.371722","3.871110","2.210303","4.297732","2.431559","4.441875","2.152794","3.188213","3.540292"
"2008-11-26","26 Nov 2008","4.576137","2.367801","3.826964","2.171677","4.210695","2.420698","4.339767","2.085891","3.188326","3.522703"
"2008-11-27","27 Nov 2008","4.548390","2.393307","3.827527","2.160201","4.195803","2.433308","4.319530","2.035370","3.207066","3.533594"
"2008-11-28","28 Nov 2008","4.476742","2.326786","3.773932","2.102443","4.131743","2.375883","4.251774","1.996150","3.161135","3.485765"
"2008-12-01","01 Dec 2008","4.424751","2.292566","3.688635","2.108991","4.067465","2.342190","4.195195","2.028222","3.069090","3.391463"
"2008-12-02","02 Dec 2008","4.302226","2.294827","3.641582","2.094664","3.978486","2.342848","4.091592","2.004340","3.068474","3.371329"
"2008-12-03","03 Dec 2008","4.010185","2.205406","3.542448","2.014477","3.776009","2.306999","3.853800","2.029042","3.089179","3.342770"
"2008-12-04","04 Dec 2008","4.176216","2.219836","3.587733","1.972609","3.668002","2.298676","3.289771","2.004547","3.047671","3.332895"
"2008-12-05","05 Dec 2008","4.304220","2.345367","3.643526","2.055617","3.829475","2.392703","3.549640","2.048917","3.096725","3.375645"
"2008-12-08","08 Dec 2008","4.369509","2.450279","3.697604","2.109487","3.898313","2.467935","3.618102","2.068240","3.153976","3.428722"
"2008-12-09","09 Dec 2008","4.476536","2.574653","3.781088","2.169571","4.027579","2.560311","3.799773","2.108293","3.238078","3.509192"
"2008-12-10","10 Dec 2008","4.547336","2.555859","3.811435","2.128487","4.099359","2.542808","3.906231","2.085533","3.247856","3.527570"
"2008-12-11","11 Dec 2008","4.597173","2.477356","3.819849","2.104953","4.125346","2.496050","3.925298","2.085190","3.225791","3.520289"
"2008-12-12","12 Dec 2008","4.618119","2.429572","3.809221","2.085277","4.132366","2.458644","3.933644","2.061140","3.195208","3.498615"
"2008-12-15","15 Dec 2008","4.757105","2.452657","3.882345","2.103431","4.229931","2.469463","4.014057","2.017468","3.222852","3.547113"
"2008-12-16","16 Dec 2008","4.658002","2.411316","3.827225","2.065843","4.136217","2.435050","3.895598","2.001794","3.188258","3.505043"
"2008-12-17","17 Dec 2008","4.566189","2.187479","3.727936","1.936415","4.013411","2.261721","3.739149","1.931082","3.061416","3.396586"
"2008-12-18","18 Dec 2008","4.542697","2.176551","3.713308","1.923314","3.956423","2.234359","3.631218","1.854614","3.034456","3.378733"
"2008-12-19","19 Dec 2008","4.612833","2.138226","3.705812","1.897533","3.993686","2.180806","3.679695","1.781565","2.977034","3.343564"
"2008-12-22","22 Dec 2008","4.584748","2.127121","3.684746","1.874261","3.969264","2.166053","3.654938","1.748624","2.962106","3.325439"
"2008-12-23","23 Dec 2008","4.613856","2.152513","3.687038","1.866173","3.985494","2.166669","3.670804","1.678804","2.951667","3.319034"
"2008-12-24","24 Dec 2008","4.603062","2.122113","3.686072","1.871276","3.983389","2.158970","3.676210","1.740683","2.953946","3.321190"
"2008-12-29","29 Dec 2008","4.593299","2.105630","3.675781","1.817993","3.972257","2.134762","3.661790","1.664108","2.945213","3.311255"
"2008-12-30","30 Dec 2008","4.610048","2.106152","3.688220","1.843814","3.984346","2.142205","3.672123","1.707022","2.950697","3.320969"
"2008-12-31","31 Dec 2008","4.603899","2.086390","3.688186","1.849390","3.982746","2.137652","3.674164","1.751132","2.951955","3.322640"
"2009-01-02","02 Jan 2009","4.585259","2.052157","3.670464","1.788542","3.963312","2.101709","3.653435","1.682446","2.934726","3.305290"
"2009-01-05","05 Jan 2009","4.705801","2.014206","3.708792","1.781239","4.039394","2.063826","3.731406","1.671277","2.910637","3.311422"
"2009-01-06","06 Jan 2009","4.899074","2.075981","3.813922","1.797156","4.210660","2.106722","3.920267","1.632180","2.974300","3.390158"
"2009-01-07","07 Jan 2009","4.957322","1.943256","3.816084","1.654964","4.317198","2.023338","4.143363","1.620429","2.966778","3.383258"
"2009-01-08","08 Jan 2009","4.900700","1.849424","3.780327","1.590652","4.272615","1.963030","4.106797","1.642308","2.937475","3.353600"
"2009-01-09","09 Jan 2009","4.869385","1.743382","3.729062","1.472082","4.224142","1.860615","4.049343","1.527416","2.866637","3.293373"
"2009-01-12","12 Jan 2009","4.869490","1.753549","3.726418","1.448360","4.224975","1.858776","4.052115","1.484880","2.865499","3.290584"
"2009-01-13","13 Jan 2009","4.911441","1.745335","3.716710","1.437639","4.263619","1.838591","4.124217","1.438486","2.834478","3.266298"
"2009-01-14","14 Jan 2009","4.957127","1.733598","3.718794","1.444915","4.303553","1.825018","4.188962","1.428844","2.815140","3.255160"
"2009-01-15","15 Jan 2009","4.841511","1.760625","3.681348","1.416988","4.204580","1.839766","4.054302","1.404768","2.822222","3.243053"
"2009-01-16","16 Jan 2009","4.887676","1.770940","3.736815","1.404009","4.282966","1.871908","4.179513","1.487625","2.889411","3.304799"
"2009-01-19","19 Jan 2009","4.980120","1.800546","3.761454","1.417158","4.343145","1.871544","4.236111","1.404630","2.876282","3.306581"
"2009-01-20","20 Jan 2009","4.988479","1.761582","3.778898","1.370983","4.339353","1.845640","4.208108","1.391351","2.887426","3.323755"
"2009-01-21","21 Jan 2009","5.041669","1.741886","3.814981","1.321656","4.379245","1.827292","4.241826","1.354980","2.906466","3.352224"
"2009-01-22","22 Jan 2009","5.151776","1.670350","3.887601","1.274705","4.412434","1.771341","4.187548","1.281569","2.921071","3.400804"
"2009-01-23","23 Jan 2009","5.291614","1.634425","3.887002","1.236352","4.578015","1.730806","4.498297","1.243748","2.873188","3.365081"
"2009-01-26","26 Jan 2009","5.397965","1.954785","4.038641","1.378852","4.687202","1.953094","4.570840","1.249951","3.056304","3.532108"
"2009-01-27","27 Jan 2009","5.323490","1.971273","4.062825","1.378225","4.606078","1.983181","4.405794","1.297014","3.115557","3.582139"
"2009-01-28","28 Jan 2009","5.161571","1.897412","3.928293","1.310649","4.470148","1.905597","4.290383","1.235045","3.006663","3.459747"
"2009-01-29","29 Jan 2009","5.148831","1.802150","3.946842","1.296053","4.380058","1.848713","4.063490","1.200900","2.998303","3.473722"
"2009-01-30","30 Jan 2009","5.262948","1.697859","4.022975","1.265332","4.431585","1.787257","4.060091","1.193247","3.016111","3.526337"
"2009-02-02","02 Feb 2009","5.328620","1.666542","4.014131","1.302510","4.462963","1.749242","4.099221","1.176657","2.956978","3.490276"
"2009-02-03","03 Feb 2009","5.316477","1.599576","3.994264","1.240439","4.444749","1.693757","4.081264","1.138665","2.926663","3.466352"
"2009-02-04","04 Feb 2009","5.385626","1.662879","4.049896","1.268082","4.531824","1.753526","4.200588","1.170161","2.989297","3.522241"
"2009-02-05","05 Feb 2009","5.384396","1.545786","3.993980","1.181447","4.519903","1.647958","4.216781","1.101540","2.900160","3.448191"
"2009-02-06","06 Feb 2009","5.439971","1.569002","4.038055","1.158934","4.543877","1.649645","4.206801","1.013854","2.924368","3.483765"
"2009-02-09","09 Feb 2009","5.389289","1.622236","4.030854","1.179755","4.507154","1.690263","4.156300","1.015947","2.947169","3.492065"
"2009-02-10","10 Feb 2009","5.399794","1.601369","4.011109","1.211231","4.494242","1.664999","4.135505","1.024053","2.899947","3.458899"
"2009-02-11","11 Feb 2009","5.350728","1.535035","3.953380","1.186802","4.430978","1.605212","4.063968","1.021880","2.827195","3.394898"
"2009-02-12","12 Feb 2009","5.170683","1.476492","3.806675","1.118050","4.340076","1.559577","4.072306","1.003196","2.745986","3.274740"
"2009-02-13","13 Feb 2009","5.194789","1.491099","3.852179","1.126432","4.351672","1.580206","4.052339","1.021024","2.791243","3.323456"
"2009-02-16","16 Feb 2009","5.176141","1.395627","3.829257","1.077519","4.314449","1.508375","3.998006","1.021026","2.747725","3.294000"
"2009-02-17","17 Feb 2009","5.210017","1.349758","3.813252","1.064778","4.327424","1.462526","4.021760","1.008357","2.696391","3.259315"
"2009-02-18","18 Feb 2009","5.219383","1.369667","3.810980","1.086147","4.355803","1.482866","4.081543","1.035980","2.701848","3.257882"
"2009-02-19","19 Feb 2009","5.297042","1.551232","3.899250","1.148819","4.471913","1.627996","4.233056","1.028152","2.830036","3.359649"
"2009-02-20","20 Feb 2009","5.257774","1.494053","3.854401","1.114634","4.425147","1.575182","4.180966","0.995996","2.777146","3.311505"
"2009-02-23","23 Feb 2009","5.209344","1.514807","3.811338","1.104095","4.413328","1.586561","4.214743","0.990851","2.760109","3.277362"
"2009-02-24","24 Feb 2009","5.185421","1.439637","3.781244","1.057337","4.373701","1.523870","4.159257","0.958239","2.715406","3.241994"
"2009-02-25","25 Feb 2009","5.211768","1.403475","3.784203","1.021601","4.380771","1.492251","4.139810","0.930157","2.701275","3.236081"
"2009-02-26","26 Feb 2009","5.300986","1.539523","3.896736","1.044588","4.476691","1.600295","4.226552","0.935482","2.830025","3.356959"
"2009-02-27","27 Feb 2009","5.254044","1.483997","3.852831","1.008168","4.435293","1.556891","4.189889","0.926039","2.788909","3.314629"
"2009-03-02","02 Mar 2009","5.308422","1.403758","3.855141","0.992522","4.449785","1.491866","4.188018","0.892156","2.745158","3.294746"
"2009-03-03","03 Mar 2009","5.362422","1.388979","3.884851","0.960468","4.481778","1.473158","4.206781","0.841794","2.752359","3.313706"
"2009-03-04","04 Mar 2009","5.483473","1.350483","3.943825","0.933822","4.577630","1.446071","4.314745","0.826829","2.766933","3.349938"
"2009-03-05","05 Mar 2009","5.334692","1.362997","3.849284","0.936498","4.464185","1.448066","4.208480","0.825785","2.719354","3.277863"
"2009-03-06","06 Mar 2009","5.243785","1.394339","3.801131","0.943675","4.395384","1.465132","4.140133","0.818017","2.704588","3.246206"
"2009-03-09","09 Mar 2009","5.162997","1.501529","3.774983","0.993892","4.347501","1.538116","4.097159","0.832763","2.725308","3.242326"
"2009-03-10","10 Mar 2009","5.194093","1.513305","3.821723","0.982097","4.381016","1.557679","4.125426","0.860381","2.775337","3.292920"
"2009-03-11","11 Mar 2009","5.289975","1.596081","3.901258","1.036184","4.473799","1.626667","4.225180","0.894815","2.847201","3.367538"
"2009-03-12","12 Mar 2009","5.233679","1.517059","3.833030","0.986234","4.435571","1.565028","4.222937","0.885779","2.781273","3.298692"
"2009-03-13","13 Mar 2009","5.310248","1.547096","3.873231","0.981249","4.525731","1.586378","4.361027","0.892332","2.811294","3.330705"
"2009-03-16","16 Mar 2009","5.348478","1.533640","3.889374","0.961235","4.557691","1.573983","4.400978","0.874104","2.813610","3.339352"
"2009-03-17","17 Mar 2009","5.415480","1.559450","3.946712","0.963879","4.615141","1.597309","4.452383","0.879043","2.860116","3.391996"
"2009-03-18","18 Mar 2009","5.400723","1.578555","3.970256","0.954982","4.591796","1.612535","4.388849","0.874297","2.893900","3.424456"
"2009-03-19","19 Mar 2009","5.240206","1.584780","3.863987","0.947711","4.484401","1.607307","4.321282","0.890236","2.838610","3.342491"
"2009-03-20","20 Mar 2009","5.186033","1.471457","3.784221","0.893367","4.433928","1.520612","4.296538","0.864681","2.748838","3.255968"
"2009-03-23","23 Mar 2009","5.183261","1.504993","3.795038","0.922028","4.419366","1.543151","4.253096","0.858503","2.762161","3.269134"
"2009-03-24","24 Mar 2009","5.271116","1.584190","3.858009","0.971222","4.507498","1.602728","4.359664","0.877240","2.816202","3.325487"
"2009-03-25","25 Mar 2009","5.265374","1.613273","3.858576","0.969190","4.520718","1.620144","4.397787","0.882707","2.827995","3.330783"
"2009-03-26","26 Mar 2009","5.228502","1.630322","3.840717","0.968037","4.499805","1.628758","4.387453","0.886042","2.825986","3.320850"
"2009-03-27","27 Mar 2009","5.197725","1.482132","3.802892","0.918471","4.409267","1.524796","4.214590","0.830744","2.754743","3.270890"
"2009-03-30","30 Mar 2009","5.212256","1.434395","3.788091","0.896316","4.399639","1.480210","4.192371","0.777372","2.716113","3.243913"
"2009-03-31","31 Mar 2009","5.188793","1.406990","3.773289","0.880698","4.375760","1.461562","4.162337","0.777198","2.703401","3.231177"
"2009-04-01","01 Apr 2009","5.218107","1.407629","3.773086","0.860283","4.406048","1.450932","4.215497","0.740895","2.692094","3.223083"
"2009-04-02","02 Apr 2009","5.254141","1.568398","3.841857","0.935953","4.486179","1.578060","4.334528","0.827661","2.797475","3.308606"
"2009-04-03","03 Apr 2009","5.261593","1.703071","3.867912","1.011186","4.493984","1.658081","4.326234","0.805849","2.837778","3.341147"
"2009-04-06","06 Apr 2009","5.273670","1.786883","3.875596","1.020774","4.536923","1.698611","4.418325","0.782801","2.859146","3.352800"
"2009-04-07","07 Apr 2009","5.306703","1.709138","3.880464","0.970057","4.547098","1.646017","4.416536","0.758516","2.838491","3.345535"
"2009-04-08","08 Apr 2009","5.307901","1.676470","3.887225","0.971966","4.519364","1.629126","4.341882","0.751467","2.833845","3.349117"
"2009-04-09","09 Apr 2009","5.390123","1.657079","3.932757","0.989292","4.576397","1.627832","4.390561","0.765219","2.850680","3.380011"
"2009-04-14","14 Apr 2009","5.346526","1.589815","3.878119","0.980663","4.527975","1.580921","4.343313","0.760644","2.790516","3.321763"
"2009-04-15","15 Apr 2009","5.331942","1.525947","3.835288","0.960682","4.515319","1.534132","4.354335","0.754000","2.737008","3.271432"
"2009-04-16","16 Apr 2009","5.352849","1.586699","3.879573","1.009351","4.537273","1.590264","4.360211","0.800893","2.791873","3.322458"
"2009-04-17","17 Apr 2009","5.363657","1.634438","3.907785","1.068002","4.542618","1.635999","4.344116","0.841602","2.826478","3.354946"
"2009-04-20","20 Apr 2009","5.309141","1.576267","3.856091","1.073713","4.488653","1.600154","4.288961","0.862032","2.776670","3.304200"
"2009-04-21","21 Apr 2009","5.234202","1.570883","3.797416","1.060262","4.434840","1.586764","4.252917","0.849922","2.737573","3.254062"
"2009-04-22","22 Apr 2009","5.252500","1.627339","3.834474","1.067727","4.467577","1.630731","4.292703","0.872983","2.788433","3.298551"
"2009-04-23","23 Apr 2009","5.222757","1.633227","3.824288","1.040038","4.436818","1.623123","4.246426","0.834281","2.785681","3.293578"
"2009-04-24","24 Apr 2009","5.266951","1.581100","3.840339","1.007584","4.453930","1.584031","4.246680","0.796927","2.774399","3.296795"
"2009-04-27","27 Apr 2009","5.220839","1.499020","3.776320","0.974462","4.411368","1.521417","4.222767","0.782764","2.704437","3.228344"
"2009-04-28","28 Apr 2009","5.223050","1.497267","3.783957","0.966215","4.400515","1.516257","4.189441","0.758709","2.707723","3.235246"
"2009-04-29","29 Apr 2009","5.214036","1.484571","3.779721","0.948382","4.383342","1.502160","4.157381","0.733692","2.701027","3.230870"
"2009-04-30","30 Apr 2009","5.190797","1.517351","3.786677","0.961134","4.362286","1.526533","4.117271","0.740339","2.722236","3.246689"
"2009-05-04","04 May 2009","5.249352","1.509394","3.805853","0.944196","4.429938","1.521594","4.226856","0.746170","2.727757","3.256150"
"2009-05-05","05 May 2009","5.221746","1.512533","3.791742","0.943668","4.406098","1.521834","4.198320","0.744031","2.721767","3.246545"
"2009-05-06","06 May 2009","5.259401","1.471378","3.802110","0.920355","4.427314","1.491280","4.217599","0.720916","2.710573","3.246130"
"2009-05-07","07 May 2009","5.407907","1.538864","3.932354","0.907094","4.568046","1.547234","4.363160","0.729512","2.823223","3.368782"
"2009-05-08","08 May 2009","5.499810","1.424921","3.958716","0.867911","4.623203","1.474712","4.417823","0.714566","2.797953","3.369471"
"2009-05-11","11 May 2009","5.425988","1.396222","3.897989","0.872393","4.558426","1.451005","4.356001","0.718464","2.749032","3.314262"
"2009-05-12","12 May 2009","5.452753","1.448113","3.931088","0.898047","4.586968","1.491465","4.381881","0.731275","2.786854","3.349665"
"2009-05-13","13 May 2009","5.466962","1.362932","3.882583","0.858230","4.588562","1.413924","4.412103","0.672691","2.705783","3.281548"
"2009-05-14","14 May 2009","5.476116","1.369110","3.892284","0.861141","4.596326","1.419861","4.417606","0.675716","2.714787","3.291119"
"2009-05-15","15 May 2009","5.494097","1.350389","3.926557","0.839857","4.599715","1.413390","4.391037","0.678533","2.743849","3.326468"
"2009-05-18","18 May 2009","5.502292","1.322002","3.922473","0.817905","4.603671","1.390306","4.398775","0.664456","2.730923","3.317927"
"2009-05-19","19 May 2009","5.552126","1.364502","3.988844","0.870456","4.648066","1.443092","4.424831","0.736450","2.798704","3.387392"
"2009-05-20","20 May 2009","5.523919","1.445481","3.982962","0.927412","4.653978","1.509487","4.460276","0.792536","2.824459","3.394604"
"2009-05-21","21 May 2009","5.504224","1.356139","3.940373","0.904256","4.629480","1.445251","4.447917","0.800407","2.765770","3.343965"
"2009-05-22","22 May 2009","5.612841","1.396198","4.036203","0.927999","4.705267","1.481096","4.490275","0.796064","2.836623","3.429918"
"2009-05-25","25 May 2009","5.636765","1.548770","4.096361","0.977837","4.761740","1.598303","4.564162","0.831029","2.933912","3.506883"
"2009-05-26","26 May 2009","5.504727","1.496662","4.073135","0.962321","4.701124","1.571529","4.654184","0.820148","2.945213","3.512837"
"2009-05-27","27 May 2009","5.543524","1.525981","4.128235","0.981410","4.727215","1.599699","4.657134","0.823697","2.995783","3.569025"
"2009-05-28","28 May 2009","5.588573","1.513580","4.175726","0.980758","4.747641","1.593192","4.649931","0.806778","3.023640","3.610956"
"2009-05-29","29 May 2009","5.610975","1.428510","4.179407","0.932944","4.748630","1.528623","4.641911","0.785178","2.998543","3.603461"
"2009-06-01","01 Jun 2009","5.701693","1.442993","4.198378","0.927903","4.804756","1.538680","4.645176","0.795131","2.996100","3.603826"
"2009-06-02","02 Jun 2009","5.741127","1.397810","4.203835","0.915350","4.831817","1.505494","4.681313","0.796692","2.977200","3.596893"
"2009-06-03","03 Jun 2009","5.607298","1.356107","4.115207","0.910192","4.710644","1.469802","4.546341","0.806337","2.913322","3.522759"
"2009-06-04","04 Jun 2009","5.643701","1.502689","4.200385","0.996745","4.757782","1.594431","4.574588","0.852714","3.028417","3.624088"
"2009-06-05","05 Jun 2009","5.594704","1.699764","4.232599","1.085185","4.740963","1.738508","4.542234","0.873071","3.120824","3.686317"
"2009-06-08","08 Jun 2009","5.459979","1.744062","4.199973","1.122514","4.672349","1.777273","4.547099","0.890839","3.142823","3.687082"
"2009-06-09","09 Jun 2009","5.420497","1.719513","4.172572","1.099254","4.642276","1.758051","4.522722","0.888942","3.124098","3.664409"
"2009-06-10","10 Jun 2009","5.449476","1.718139","4.191531","1.076149","4.664619","1.751320","4.545237","0.856941","3.133558","3.678976"
"2009-06-11","11 Jun 2009","5.536714","1.797428","4.254417","1.083596","4.742640","1.794592","4.628456","0.808198","3.182908","3.733726"
"2009-06-12","12 Jun 2009","5.457409","1.737446","4.166955","1.043320","4.678077","1.739557","4.586142","0.789054","3.103623","3.647570"
"2009-06-15","15 Jun 2009","5.410991","1.674606","4.095579","1.011257","4.655332","1.696448","4.604172","0.830740","3.039672","3.575061"
"2009-06-16","16 Jun 2009","5.438973","1.648942","4.090804","1.008200","4.675156","1.676038","4.635392","0.819730","3.018073","3.560028"
"2009-06-17","17 Jun 2009","5.442974","1.561632","4.061448","0.975190","4.664028","1.610020","4.629875","0.791720","2.964379","3.518181"
"2009-06-18","18 Jun 2009","5.505683","1.576025","4.125704","0.956957","4.705447","1.616723","4.649908","0.740693","3.011207","3.577343"
"2009-06-19","19 Jun 2009","5.549374","1.540280","4.127352","0.944874","4.750033","1.596705","4.721394","0.768309","2.997051","3.568028"
"2009-06-22","22 Jun 2009","5.448759","1.479650","4.047005","0.919001","4.654635","1.543886","4.619506","0.745912","2.927732","3.494122"
"2009-06-23","23 Jun 2009","5.463419","1.523016","4.056378","0.926035","4.678530","1.572669","4.654985","0.748903","2.944293","3.504768"
"2009-06-24","24 Jun 2009","5.496213","1.437299","4.044769","0.843773","4.687245","1.491240","4.667230","0.650363","2.897112","3.475557"
"2009-06-25","25 Jun 2009","5.507699","1.389897","4.023495","0.817039","4.681827","1.443717","4.662797","0.596367","2.853046","3.442107"
"2009-06-26","26 Jun 2009","5.468756","1.366198","3.991265","0.833408","4.640647","1.427059","4.612992","0.613170","2.822283","3.411294"
"2009-06-29","29 Jun 2009","5.416030","1.418208","3.958319","0.886047","4.610268","1.469789","4.591408","0.662570","2.817590","3.389697"
"2009-06-30","30 Jun 2009","5.416340","1.472356","3.987464","0.896297","4.602316","1.501304","4.556976","0.615116","2.853217","3.424812"
"2009-07-01","01 Jul 2009","5.414807","1.416013","3.980366","0.876706","4.597646","1.468171","4.552186","0.642389","2.838182","3.414884"
"2009-07-02","02 Jul 2009","5.395042","1.297593","3.931290","0.783807","4.563331","1.365578","4.521531","0.573879","2.763912","3.353993"
"2009-07-03","03 Jul 2009","5.428026","1.294468","3.941102","0.772470","4.553549","1.361704","4.423210","0.570788","2.760954","3.355312"
"2009-07-06","06 Jul 2009","5.382717","1.263288","3.908869","0.756454","4.510075","1.336316","4.373855","0.565994","2.733748","3.326708"
"2009-07-07","07 Jul 2009","5.391532","1.275688","3.911598","0.741753","4.525303","1.342810","4.399447","0.552005","2.739976","3.329550"
"2009-07-08","08 Jul 2009","5.404946","1.289727","3.920833","0.738325","4.528930","1.343700","4.395716","0.509052","2.742341","3.335742"
"2009-07-09","09 Jul 2009","5.385069","1.329145","3.920861","0.749214","4.514709","1.368833","4.374920","0.497678","2.755925","3.342707"
"2009-07-10","10 Jul 2009","5.361835","1.303619","3.875501","0.736819","4.497027","1.341143","4.376858","0.480747","2.707895","3.293058"
"2009-07-13","13 Jul 2009","5.351870","1.305980","3.861601","0.736380","4.447139","1.340281","4.214486","0.488362","2.693344","3.277264"
"2009-07-14","14 Jul 2009","5.372443","1.365098","3.912519","0.747837","4.467516","1.387413","4.215407","0.495101","2.755192","3.336155"
"2009-07-15","15 Jul 2009","5.403954","1.423294","3.933881","0.765283","4.501147","1.420673","4.257396","0.477400","2.776381","3.355695"
"2009-07-16","16 Jul 2009","5.421676","1.369728","3.931940","0.725483","4.505096","1.378358","4.258922","0.443288","2.756362","3.345289"
"2009-07-17","17 Jul 2009","5.476162","1.416862","3.964907","0.734690","4.558937","1.405231","4.325863","0.427099","2.781615","3.372538"
"2009-07-20","20 Jul 2009","5.484308","1.499509","3.980105","0.754261","4.597345","1.459214","4.397594","0.452403","2.817384","3.395521"
"2009-07-21","21 Jul 2009","5.475540","1.473798","3.957769","0.741791","4.591874","1.438687","4.405547","0.447707","2.791785","3.370172"
"2009-07-22","22 Jul 2009","5.450042","1.458135","3.922155","0.741901","4.573317","1.423172","4.402279","0.444032","2.757776","3.333445"
"2009-07-23","23 Jul 2009","5.449737","1.455479","3.915917","0.743045","4.574460","1.420244","4.409285","0.443312","2.750405","3.325943"
"2009-07-24","24 Jul 2009","5.436012","1.511221","3.935624","0.766731","4.570701","1.461922","4.397260","0.462088","2.788441","3.356448"
"2009-07-27","27 Jul 2009","5.439195","1.619912","3.958112","0.798462","4.604247","1.528893","4.458423","0.471989","2.835597","3.389814"
"2009-07-28","28 Jul 2009","5.363561","1.553286","3.898086","0.776127","4.537223","1.488341","4.392192","0.493141","2.786613","3.335635"
"2009-07-29","29 Jul 2009","5.307626","1.549555","3.857846","0.772487","4.490096","1.478346","4.345358","0.481212","2.759044","3.301596"
"2009-07-30","30 Jul 2009","5.257439","1.568219","3.835632","0.771868","4.452451","1.485738","4.305986","0.476190","2.755146","3.289327"
"2009-07-31","31 Jul 2009","5.128049","1.492917","3.741084","0.742185","4.336961","1.433446","4.184423","0.485402","2.683288","3.207055"
"2009-08-03","03 Aug 2009","5.141006","1.556970","3.760159","0.777563","4.353324","1.472925","4.200491","0.480692","2.708434","3.228763"
"2009-08-04","04 Aug 2009","5.110696","1.605679","3.758324","0.800338","4.341811","1.507537","4.194752","0.503117","2.728560","3.238176"
"2009-08-05","05 Aug 2009","5.083580","1.716760","3.781580","0.864894","4.322379","1.580300","4.149428","0.503586","2.778756","3.277094"
"2009-08-06","06 Aug 2009","5.059492","1.771362","3.785892","0.873774","4.317965","1.613277","4.152884","0.505654","2.804401","3.292569"
"2009-08-07","07 Aug 2009","5.093159","1.885444","3.840014","0.912896","4.369829","1.687589","4.216876","0.505256","2.875375","3.355300"
"2009-08-10","10 Aug 2009","5.097583","1.877111","3.838089","0.908061","4.373781","1.681599","4.224902","0.504155","2.870469","3.351514"
"2009-08-11","11 Aug 2009","4.966833","1.715875","3.779802","0.864089","4.304825","1.588962","4.325911","0.453871","2.819711","3.308376"
"2009-08-12","12 Aug 2009","5.009643","1.704800","3.818926","0.847360","4.338385","1.587208","4.353844","0.450182","2.847495","3.343677"
"2009-08-13","13 Aug 2009","4.997448","1.628990","3.784401","0.803014","4.319060","1.530638","4.341971","0.425894","2.799099","3.301504"
"2009-08-14","14 Aug 2009","4.970493","1.553347","3.729440","0.780149","4.283267","1.473767","4.312089","0.408442","2.730790","3.237881"
"2009-08-17","17 Aug 2009","4.922987","1.542382","3.696896","0.783443","4.240720","1.465017","4.265248","0.410403","2.708154","3.210551"
"2009-08-18","18 Aug 2009","4.919551","1.563744","3.697027","0.798673","4.239485","1.478011","4.263791","0.410659","2.712098","3.212306"
"2009-08-19","19 Aug 2009","4.882493","1.515243","3.665053","0.776589","4.202064","1.445984","4.222663","0.410582","2.681448","3.181531"
"2009-08-20","20 Aug 2009","4.932345","1.537862","3.672185","0.774075","4.220924","1.453659","4.189299","0.427617","2.675527","3.177236"
"2009-08-21","21 Aug 2009","4.895443","1.640686","3.675452","0.798915","4.225860","1.522081","4.217858","0.471506","2.720128","3.199853"
"2009-08-24","24 Aug 2009","4.922582","1.651977","3.696757","0.797637","4.246532","1.527162","4.235273","0.454224","2.734433","3.218104"
"2009-08-25","25 Aug 2009","4.943006","1.591080","3.678970","0.779477","4.251791","1.483098","4.247786","0.433117","2.693300","3.187111"
"2009-08-26","26 Aug 2009","4.896752","1.561665","3.636412","0.762885","4.217479","1.462159","4.224392","0.446810","2.660393","3.148194"
"2009-08-27","27 Aug 2009","4.894916","1.569057","3.633246","0.761638","4.215717","1.461976","4.223493","0.431752","2.657169","3.144764"
"2009-08-28","28 Aug 2009","4.940790","1.577106","3.664973","0.756781","4.253956","1.467290","4.262408","0.421216","2.677550","3.170912"
"2009-08-31","31 Aug 2009","4.950525","1.553147","3.679817","0.741032","4.259131","1.459397","4.259556","0.435963","2.689295","3.185749"
"2009-09-01","01 Sep 2009","5.010065","1.511706","3.714421","0.733208","4.288635","1.436602","4.269735","0.414783","2.694486","3.207278"
"2009-09-02","02 Sep 2009","5.018465","1.473714","3.696215","0.731182","4.286494","1.409791","4.269795","0.407588","2.661924","3.180354"
"2009-09-03","03 Sep 2009","5.100325","1.417645","3.741768","0.681367","4.348273","1.375545","4.333463","0.388393","2.676405","3.211161"
"2009-09-04","04 Sep 2009","5.045073","1.369725","3.700503","0.664907","4.295204","1.343950","4.274071","0.391146","2.641565","3.174009"
"2009-09-07","07 Sep 2009","5.102052","1.324540","3.720372","0.631102","4.339849","1.313084","4.329131","0.376145","2.637216","3.180994"
"2009-09-08","08 Sep 2009","5.152163","1.319861","3.756648","0.627138","4.380776","1.315315","4.369215","0.379361","2.660352","3.211260"
"2009-09-09","09 Sep 2009","5.233973","1.354113","3.803114","0.649436","4.456195","1.342057","4.459025","0.389283","2.690322","3.247225"
"2009-09-10","10 Sep 2009","5.202076","1.264867","3.746574","0.638197","4.412563","1.279506","4.415528","0.381918","2.618732","3.182084"
"2009-09-11","11 Sep 2009","5.143989","1.249947","3.714144","0.634519","4.361782","1.269563","4.356504","0.389683","2.600690","3.158010"
"2009-09-14","14 Sep 2009","5.086481","1.284836","3.690117","0.654809","4.316711","1.291881","4.303525","0.397068","2.599513","3.145917"
"2009-09-15","15 Sep 2009","5.112504","1.328663","3.715691","0.675318","4.342681","1.322132","4.329420","0.398132","2.625872","3.171549"
"2009-09-16","16 Sep 2009","5.151355","1.347831","3.753178","0.689121","4.377146","1.342929","4.360164","0.414390","2.658806","3.207506"
"2009-09-17","17 Sep 2009","5.156502","1.386402","3.777809","0.720362","4.385472","1.378464","4.360002","0.443380","2.692577","3.237907"
"2009-09-18","18 Sep 2009","5.172156","1.394794","3.766250","0.713759","4.413003","1.379096","4.417985","0.450114","2.679787","3.221951"
"2009-09-21","21 Sep 2009","5.228628","1.342335","3.777831","0.694203","4.450269","1.342107","4.462522","0.427496","2.661120","3.217367"
"2009-09-22","22 Sep 2009","5.217461","1.356915","3.776943","0.683168","4.440005","1.344902","4.446722","0.403529","2.664787","3.219410"
"2009-09-23","23 Sep 2009","5.185947","1.352628","3.778443","0.666431","4.416490","1.347219","4.412343","0.419330","2.681030","3.230797"
"2009-09-24","24 Sep 2009","5.173830","1.283330","3.732820","0.648533","4.399573","1.295169","4.411598","0.407751","2.620522","3.175418"
"2009-09-25","25 Sep 2009","5.058683","1.309956","3.669280","0.674865","4.298175","1.306269","4.290644","0.402875","2.589742","3.129354"
"2009-09-28","28 Sep 2009","5.012885","1.294033","3.646909","0.675479","4.251071","1.295177","4.227255","0.397514","2.575276","3.112874"
"2009-09-29","29 Sep 2009","5.003038","1.343763","3.659158","0.697062","4.245396","1.328370","4.211893","0.397103","2.599635","3.132064"
"2009-09-30","30 Sep 2009","4.955506","1.340214","3.635107","0.700379","4.204893","1.327179","4.164182","0.407277","2.589285","3.115789"
"2009-10-01","01 Oct 2009","5.016267","1.354496","3.668980","0.713920","4.259877","1.341491","4.229236","0.419185","2.609515","3.141384"
"2009-10-02","02 Oct 2009","5.048209","1.314710","3.616802","0.689669","4.242365","1.299261","4.114249","0.426873","2.532024","3.067271"
"2009-10-05","05 Oct 2009","5.034060","1.311091","3.611125","0.688860","4.229083","1.297721","4.096226","0.429982","2.530145","3.064051"
"2009-10-06","06 Oct 2009","5.061151","1.343062","3.639848","0.712616","4.249801","1.323017","4.107203","0.435534","2.556522","3.092140"
"2009-10-07","07 Oct 2009","5.024866","1.346430","3.614735","0.749459","4.210851","1.328167","4.056748","0.447203","2.537339","3.070115"
"2009-10-08","08 Oct 2009","5.013102","1.340799","3.588961","0.748221","4.204146","1.317372","4.065278","0.435442","2.510642","3.041845"
"2009-10-09","09 Oct 2009","5.054824","1.525673","3.663795","0.848801","4.269582","1.449214","4.137168","0.483750","2.614384","3.130630"
"2009-10-12","12 Oct 2009","5.062558","1.483237","3.658571","0.819600","4.272012","1.420870","4.142334","0.477627","2.599613","3.120605"
"2009-10-13","13 Oct 2009","5.080646","1.419365","3.652267","0.794462","4.270064","1.377293","4.132875","0.454952","2.571429","3.103675"
"2009-10-14","14 Oct 2009","5.134165","1.453820","3.696464","0.817831","4.319906","1.407783","4.184545","0.472935","2.609283","3.144536"
"2009-10-15","15 Oct 2009","5.202141","1.522623","3.771302","0.847780","4.379199","1.461098","4.228758","0.481397","2.680480","3.219305"
"2009-10-16","16 Oct 2009","5.166258","1.573923","3.751247","0.866310","4.369142","1.489588","4.240325","0.490612","2.682730","3.208716"
"2009-10-19","19 Oct 2009","5.172822","1.579233","3.744737","0.870562","4.375957","1.487172","4.256118","0.474134","2.672150","3.198888"
"2009-10-20","20 Oct 2009","5.125840","1.534835","3.690474","0.867287","4.329463","1.453232","4.214162","0.468177","2.617733","3.143223"
"2009-10-21","21 Oct 2009","5.198500","1.568584","3.730955","0.868284","4.408551","1.474676","4.323812","0.469142","2.647579","3.175889"
"2009-10-22","22 Oct 2009","5.168524","1.560756","3.709833","0.861901","4.383855","1.466822","4.299632","0.466976","2.633339","3.158246"
"2009-10-23","23 Oct 2009","5.229496","1.590749","3.763148","0.870323","4.437061","1.492235","4.348503","0.472056","2.677619","3.207711"
"2009-10-26","26 Oct 2009","5.264066","1.578583","3.786028","0.849112","4.465576","1.485162","4.378113","0.467348","2.690418","3.225874"
"2009-10-27","27 Oct 2009","5.182798","1.464939","3.698801","0.795223","4.390518","1.406347","4.315800","0.468866","2.604278","3.138163"
"2009-10-28","28 Oct 2009","5.138418","1.441348","3.665930","0.779853","4.352152","1.387510","4.277335","0.465571","2.579538","3.109582"
"2009-10-29","29 Oct 2009","5.163603","1.545908","3.723313","0.833330","4.385306","1.465275","4.298814","0.493305","2.654182","3.177211"
"2009-10-30","30 Oct 2009","5.110100","1.490693","3.678018","0.811928","4.333889","1.429095","4.244549","0.498852","2.613528","3.134575"
"2009-11-02","02 Nov 2009","5.116055","1.468620","3.657381","0.817301","4.333600","1.409241","4.254228","0.483063","2.580730","3.105889"
"2009-11-03","03 Nov 2009","5.146141","1.433819","3.662341","0.802087","4.351337","1.385426","4.273822","0.469788","2.568148","3.101565"
"2009-11-04","04 Nov 2009","5.202548","1.488564","3.719847","0.818771","4.407776","1.427345","4.330425","0.481372","2.624379","3.159032"
"2009-11-05","05 Nov 2009","5.239778","1.494358","3.753381","0.806782","4.436107","1.431713","4.350544","0.469947","2.649580","3.189526"
"2009-11-06","06 Nov 2009","5.253024","1.497873","3.767095","0.790733","4.450833","1.432514","4.368193","0.462680","2.662513","3.203272"
"2009-11-09","09 Nov 2009","5.226443","1.400335","3.717779","0.757508","4.416741","1.367767","4.340853","0.459070","2.599664","3.146282"
"2009-11-10","10 Nov 2009","5.174837","1.390516","3.676969","0.761284","4.370525","1.356148","4.293689","0.452689","2.568194","3.109805"
"2009-11-11","11 Nov 2009","5.188060","1.391704","3.696237","0.759834","4.379288","1.361653","4.293047","0.459488","2.586094","3.129632"
"2009-11-12","12 Nov 2009","5.208061","1.383332","3.716351","0.752220","4.393018","1.360397","4.299412","0.463112","2.601016","3.148259"
"2009-11-13","13 Nov 2009","5.205884","1.347875","3.708507","0.742256","4.380686","1.336709","4.279199","0.453158","2.584487","3.136783"
"2009-11-16","16 Nov 2009","5.193251","1.336991","3.704150","0.738507","4.373825","1.334375","4.274745","0.472524","2.585471","3.135523"
"2009-11-17","17 Nov 2009","5.140340","1.346165","3.670762","0.757133","4.322509","1.336048","4.211545","0.463924","2.563621","3.108282"
"2009-11-18","18 Nov 2009","5.131271","1.338064","3.674705","0.753008","4.310989","1.333997","4.188653","0.469443","2.570161","3.115056"
"2009-11-19","19 Nov 2009","5.107591","1.303531","3.656790","0.742951","4.283627","1.311109","4.154043","0.467959","2.551310","3.097747"
"2009-11-20","20 Nov 2009","5.112525","1.393440","3.682755","0.775738","4.302324","1.370961","4.176692","0.474823","2.595105","3.132313"
"2009-11-23","23 Nov 2009","5.112616","1.433153","3.683755","0.802155","4.307842","1.395272","4.187821","0.476774","2.601625","3.134993"
"2009-11-24","24 Nov 2009","5.111613","1.400377","3.650839","0.805330","4.301880","1.366818","4.197466","0.459184","2.555497","3.092874"
"2009-11-25","25 Nov 2009","5.100585","1.467070","3.645922","0.836957","4.313407","1.406790","4.233457","0.470596","2.567608","3.094228"
"2009-11-26","26 Nov 2009","5.092205","1.348537","3.592798","0.790007","4.289262","1.321876","4.220852","0.442216","2.487713","3.025909"
"2009-11-27","27 Nov 2009","5.103496","1.353041","3.606503","0.780816","4.295721","1.322821","4.219869","0.428622","2.498801","3.039188"
"2009-11-30","30 Nov 2009","5.037431","1.378336","3.569885","0.796865","4.248941","1.337499","4.176607","0.443539","2.486814","3.014624"
"2009-12-01","01 Dec 2009","5.039281","1.353935","3.551574","0.790287","4.248068","1.316743","4.185867","0.430889","2.459853","2.990488"
"2009-12-02","02 Dec 2009","5.058554","1.358447","3.565804","0.788934","4.263358","1.319759","4.199630","0.426071","2.469369","3.002508"
"2009-12-03","03 Dec 2009","5.056276","1.429994","3.589146","0.787499","4.274667","1.357509","4.211056","0.402427","2.509483","3.035175"
"2009-12-04","04 Dec 2009","5.086242","1.514437","3.639135","0.817552","4.307547","1.412416","4.233975","0.390550","2.568514","3.091055"
"2009-12-07","07 Dec 2009","5.016466","1.472708","3.573699","0.801124","4.250060","1.378661","4.189003","0.390537","2.513290","3.029407"
"2009-12-08","08 Dec 2009","5.027316","1.336232","3.546891","0.751839","4.221954","1.289887","4.137381","0.367641","2.449144","2.984915"
"2009-12-09","09 Dec 2009","5.050006","1.336920","3.571605","0.754703","4.240008","1.298267","4.148779","0.383973","2.470646","3.009024"
"2009-12-10","10 Dec 2009","5.098495","1.373782","3.602146","0.780242","4.286610","1.324204","4.205101","0.387822","2.493593","3.034446"
"2009-12-11","11 Dec 2009","5.145594","1.421826","3.639993","0.805889","4.330827","1.355745","4.252137","0.379640","2.526222","3.069243"
"2009-12-14","14 Dec 2009","5.122847","1.388913","3.612356","0.788807","4.308492","1.330362","4.233754","0.372993","2.497207","3.040413"
"2009-12-15","15 Dec 2009","5.129563","1.384090","3.627970","0.800260","4.306749","1.336415","4.216402","0.391841","2.510885","3.056667"
"2009-12-16","16 Dec 2009","5.106914","1.341503","3.605254","0.760244","4.288923","1.304838","4.205881","0.384535","2.489070","3.034483"
"2009-12-17","17 Dec 2009","5.055073","1.253296","3.556338","0.724959","4.229363","1.242862","4.136494","0.371169","2.435009","2.984465"
"2009-12-18","18 Dec 2009","5.037050","1.255152","3.562126","0.722860","4.209001","1.246843","4.098102","0.373162","2.447590","2.995982"
"2009-12-21","21 Dec 2009","5.035942","1.261737","3.596768","0.734652","4.241113","1.254905","4.220943","0.360087","2.483837","3.037822"
"2009-12-22","22 Dec 2009","5.112377","1.276834","3.649048","0.744673","4.302699","1.268601","4.282235","0.360622","2.515518","3.080086"
"2009-12-23","23 Dec 2009","5.155032","1.277830","3.678352","0.741329","4.337618","1.271084","4.317557","0.356667","2.533333","3.103913"
"2009-12-24","24 Dec 2009","5.148890","1.268525","3.680472","0.740651","4.334518","1.270306","4.312847","0.376871","2.539013","3.108609"
"2009-12-28","28 Dec 2009","5.179983","1.333757","3.717576","0.766319","4.370175","1.320033","4.349631","0.368109","2.584844","3.149028"
"2009-12-29","29 Dec 2009","5.192659","1.398069","3.737954","0.794636","4.384716","1.361696","4.361512","0.353346","2.612223","3.172355"
"2009-12-30","30 Dec 2009","5.204040","1.418819","3.759165","0.810686","4.396370","1.382051","4.368014","0.369407","2.636462","3.196031"
"2009-12-31","31 Dec 2009","5.202846","1.408066","3.759529","0.811557","4.395653","1.378829","4.367474","0.382294","2.636762","3.196709"
"2010-01-04","04 Jan 2010","5.167466","1.523478","3.768965","0.833021","4.391144","1.445750","4.372019","0.376388","2.682613","3.224404"
"2010-01-05","05 Jan 2010","5.156105","1.477619","3.743664","0.793412","4.380055","1.408619","4.370925","0.359684","2.651431","3.195299"
"2010-01-06","06 Jan 2010","5.193982","1.470319","3.765515","0.778211","4.410158","1.402083","4.403109","0.344202","2.660899","3.210983"
"2010-01-07","07 Jan 2010","5.142336","1.452372","3.729893","0.749112","4.367467","1.382867","4.358089","0.334324","2.637719","3.181740"
"2010-01-08","08 Jan 2010","5.138060","1.401206","3.716697","0.741674","4.347227","1.350298","4.325317","0.320699","2.611123","3.162815"
"2010-01-11","11 Jan 2010","5.133269","1.361494","3.692294","0.705608","4.346907","1.318838","4.340990","0.317127","2.582406","3.134303"
"2010-01-12","12 Jan 2010","5.110584","1.357119","3.670956","0.714471","4.322431","1.312689","4.311668","0.310009","2.562714","3.113436"
"2010-01-13","13 Jan 2010","5.141309","1.362876","3.683624","0.716683","4.349880","1.315575","4.346150","0.307070","2.567011","3.120762"
"2010-01-14","14 Jan 2010","5.211027","1.350459","3.701898","0.694403","4.360706","1.303789","4.235131","0.322479","2.560407","3.122475"
"2010-01-15","15 Jan 2010","5.180461","1.294341","3.669549","0.662048","4.324199","1.261060","4.193149","0.299872","2.523325","3.088360"
"2010-01-18","18 Jan 2010","5.145419","1.329226","3.652736","0.672608","4.308659","1.282257","4.188541","0.314809","2.526113","3.080494"
"2010-01-19","19 Jan 2010","5.178755","1.364469","3.683727","0.697920","4.330356","1.305395","4.196918","0.302345","2.550368","3.108783"
"2010-01-20","20 Jan 2010","5.189864","1.336410","3.649622","0.705978","4.339037","1.279148","4.230804","0.288213","2.500466","3.062673"
"2010-01-21","21 Jan 2010","5.253746","1.345265","3.664270","0.693276","4.373351","1.280030","4.189630","0.298405","2.498975","3.064445"
"2010-01-22","22 Jan 2010","5.262308","1.247287","3.651728","0.666354","4.336882","1.215070","4.105373","0.263812","2.454947","3.038301"
"2010-01-25","25 Jan 2010","5.228528","1.282678","3.644315","0.667131","4.329105","1.239939","4.113432","0.288822","2.471453","3.042691"
"2010-01-26","26 Jan 2010","5.220209","1.277178","3.626209","0.679456","4.315100","1.231759","4.096837","0.275558","2.448842","3.021395"
"2010-01-27","27 Jan 2010","5.170565","1.284966","3.599463","0.688864","4.274713","1.235826","4.052835","0.281648","2.437468","3.002804"
"2010-01-28","28 Jan 2010","5.187105","1.297491","3.623068","0.705698","4.275785","1.247513","4.028199","0.276292","2.456009","3.025628"
"2010-01-29","29 Jan 2010","5.225447","1.282069","3.663043","0.714475","4.284075","1.247836","3.995347","0.280577","2.479838","3.060493"
"2010-02-01","01 Feb 2010","5.140568","1.315975","3.594382","0.715098","4.253674","1.258908","4.030129","0.293388","2.447326","3.006057"
"2010-02-02","02 Feb 2010","5.107695","1.365770","3.594144","0.715415","4.245160","1.289538","4.031689","0.302665","2.472298","3.018950"
"2010-02-03","03 Feb 2010","5.138132","1.381915","3.602784","0.719185","4.293830","1.303167","4.120204","0.328244","2.480961","3.024710"
"2010-02-04","04 Feb 2010","5.077624","1.351368","3.569554","0.692164","4.251848","1.288194","4.084630","0.359950","2.466984","3.001951"
"2010-02-05","05 Feb 2010","5.038408","1.294589","3.531149","0.673053","4.197374","1.245853","4.005944","0.337918","2.422774","2.961507"
"2010-02-08","08 Feb 2010","5.050286","1.210768","3.542405","0.643232","4.170616","1.197433","3.926328","0.324912","2.411514","2.965409"
"2010-02-09","09 Feb 2010","5.094480","1.216534","3.556734","0.647818","4.215814","1.200920","3.994009","0.325522","2.414256","2.971714"
"2010-02-10","10 Feb 2010","5.114178","1.211871","3.562546","0.647947","4.234567","1.198496","4.021381","0.327244","2.413661","2.973490"
"2010-02-11","11 Feb 2010","5.122606","1.255876","3.579398","0.670715","4.244912","1.228504","4.027683","0.331027","2.436193","2.993249"
"2010-02-12","12 Feb 2010","5.136001","1.187120","3.570657","0.628131","4.252009","1.181848","4.043469","0.321447","2.411956","2.976670"
"2010-02-15","15 Feb 2010","5.144090","1.176986","3.585059","0.603723","4.268187","1.179998","4.066977","0.337743","2.429913","2.993616"
"2010-02-16","16 Feb 2010","5.165252","1.199546","3.582727","0.634261","4.277740","1.187939","4.075352","0.312665","2.416118","2.983603"
"2010-02-17","17 Feb 2010","5.165805","1.125723","3.581547","0.606872","4.265672","1.144834","4.049588","0.327355","2.402620","2.978712"
"2010-02-18","18 Feb 2010","5.209585","1.129392","3.599402","0.615867","4.299880","1.145558","4.089273","0.318034","2.405031","2.987757"
"2010-02-19","19 Feb 2010","5.241403","1.180255","3.637845","0.646895","4.315441","1.180797","4.077938","0.302799","2.439762","3.025539"
"2010-02-22","22 Feb 2010","5.241443","1.170416","3.644548","0.635252","4.312631","1.175468","4.067343","0.302229","2.446121","3.033255"
"2010-02-23","23 Feb 2010","5.167695","1.052076","3.556063","0.592981","4.237068","1.080315","4.004527","0.307389","2.343865","2.938742"
"2010-02-24","24 Feb 2010","5.096975","1.073694","3.523808","0.584699","4.189672","1.094977","3.960638","0.291731","2.344172","2.922292"
"2010-02-25","25 Feb 2010","5.095757","1.007245","3.503210","0.559125","4.182095","1.045815","3.961537","0.302897","2.306440","2.893899"
"2010-02-26","26 Feb 2010","5.079679","0.981953","3.487951","0.542666","4.163847","1.024754","3.940829","0.296037","2.288816","2.878115"
"2010-03-01","01 Mar 2010","5.102137","1.012585","3.496082","0.573794","4.178782","1.043001","3.956538","0.299305","2.288716","2.881067"
"2010-03-02","02 Mar 2010","5.107752","0.993854","3.494549","0.564324","4.181354","1.029466","3.961075","0.302095","2.280862","2.876603"
"2010-03-03","03 Mar 2010","5.144027","1.050231","3.529489","0.589223","4.220221","1.071948","4.002351","0.290804","2.320552","2.912611"
"2010-03-04","04 Mar 2010","5.138047","1.032728","3.519363","0.582393","4.213931","1.058626","3.999538","0.295170","2.307263","2.900953"
"2010-03-05","05 Mar 2010","5.149302","1.065587","3.542868","0.588383","4.228569","1.085261","4.008589","0.283484","2.339984","2.929120"
"2010-03-08","08 Mar 2010","5.146856","1.045082","3.540440","0.577702","4.226674","1.073018","4.008338","0.292611","2.335794","2.926371"
"2010-03-09","09 Mar 2010","5.123226","1.025040","3.499187","0.573459","4.211689","1.051178","4.018166","0.289421","2.292554","2.881820"
"2010-03-10","10 Mar 2010","5.136464","1.056014","3.522288","0.585490","4.224617","1.076512","4.022779","0.286059","2.321268","2.908032"
"2010-03-11","11 Mar 2010","5.139329","1.091510","3.531556","0.607934","4.232350","1.104037","4.031413","0.291238","2.338441","2.920523"
"2010-03-12","12 Mar 2010","5.154492","1.139932","3.560673","0.635383","4.242829","1.141223","4.025548","0.289838","2.373005","2.953097"
"2010-03-15","15 Mar 2010","5.108318","1.112937","3.519991","0.619902","4.208588","1.118983","4.004315","0.290646","2.340703","2.915996"
"2010-03-16","16 Mar 2010","5.097581","1.099947","3.505544","0.620261","4.197579","1.107689","3.996393","0.295003","2.323735","2.900229"
"2010-03-17","17 Mar 2010","5.092291","1.012439","3.476980","0.584748","4.175603","1.040737","3.974728","0.311014","2.268777","2.860179"
"2010-03-18","18 Mar 2010","5.106600","1.055344","3.495363","0.605002","4.195600","1.072961","3.997813","0.304170","2.295041","2.881504"
"2010-03-19","19 Mar 2010","5.102734","1.067270","3.499452","0.608856","4.200138","1.084867","4.007374","0.307305","2.307715","2.889608"
"2010-03-22","22 Mar 2010","5.051740","1.051352","3.463928","0.600492","4.156574","1.070457","3.963205","0.305910","2.282777","2.859704"
"2010-03-23","23 Mar 2010","5.025589","1.021652","3.442893","0.584072","4.130311","1.047419","3.934502","0.306402","2.261862","2.839599"
"2010-03-24","24 Mar 2010","5.048333","1.048716","3.474561","0.597235","4.143601","1.069378","3.929225","0.303092","2.292332","2.872063"
"2010-03-25","25 Mar 2010","5.075263","1.040939","3.501447","0.590399","4.161583","1.068210","3.936553","0.307386","2.311671","2.896778"
"2010-03-26","26 Mar 2010","5.105859","1.061379","3.533527","0.600098","4.184672","1.085995","3.949651","0.306715","2.339844","2.927807"
"2010-03-29","29 Mar 2010","5.070884","1.035818","3.495470","0.591009","4.152622","1.061839","3.924931","0.305952","2.301721","2.889187"
"2010-03-30","30 Mar 2010","5.080093","1.048193","3.509152","0.600426","4.156774","1.072229","3.920327","0.309508","2.314209","2.903052"
"2010-03-31","31 Mar 2010","5.021503","1.021696","3.462697","0.600486","4.105531","1.052205","3.872553","0.333121","2.275743","2.860845"
"2010-04-01","01 Apr 2010","5.021612","1.026360","3.477214","0.613522","4.095097","1.060046","3.841488","0.353679","2.288376","2.876750"
"2010-04-06","06 Apr 2010","4.955738","1.055081","3.506911","0.632484","4.072143","1.077934","4.002956","0.344393","2.321013","2.920939"
"2010-04-07","07 Apr 2010","4.938920","1.043487","3.489865","0.618299","4.055734","1.064726","3.987027","0.326680","2.305271","2.904185"
"2010-04-08","08 Apr 2010","4.941040","1.001280","3.480015","0.601189","4.051759","1.034126","3.984741","0.339143","2.282588","2.888744"
"2010-04-09","09 Apr 2010","4.990795","1.071910","3.526909","0.636287","4.104073","1.089686","4.039867","0.333724","2.335696","2.936929"
"2010-04-12","12 Apr 2010","4.991034","1.094768","3.523134","0.649386","4.109480","1.106053","4.051425","0.333323","2.338833","2.934489"
"2010-04-13","13 Apr 2010","5.006545","1.048280","3.502078","0.633365","4.093813","1.067443","4.030471","0.345322","2.291359","2.898359"
"2010-04-14","14 Apr 2010","5.015553","1.043998","3.505545","0.620432","4.101596","1.060927","4.040798","0.324086","2.291476","2.900041"
"2010-04-15","15 Apr 2010","5.034956","1.034893","3.514698","0.622195","4.114946","1.056532","4.054917","0.338042","2.291281","2.904703"
"2010-04-16","16 Apr 2010","4.993028","0.983840","3.479744","0.595070","4.099322","1.017765","4.076170","0.340955","2.258965","2.872871"
"2010-04-19","19 Apr 2010","5.014595","0.971441","3.475500","0.584779","4.072027","1.000346","4.020568","0.324993","2.231058","2.854923"
"2010-04-20","20 Apr 2010","5.018090","1.008576","3.475769","0.603970","4.086303","1.028176","4.044124","0.322612","2.243984","2.858643"
"2010-04-21","21 Apr 2010","5.023688","1.013331","3.466690","0.605640","4.094706","1.029918","4.061278","0.319190","2.235898","2.847592"
"2010-04-22","22 Apr 2010","4.996365","1.060385","3.426441","0.620142","4.062392","1.058336","3.969788","0.293327","2.224104","2.813856"
"2010-04-23","23 Apr 2010","5.042905","1.056649","3.463313","0.622146","4.088911","1.059075","3.984421","0.303319","2.242455","2.843173"
"2010-04-26","26 Apr 2010","4.963047","1.104083","3.422589","0.644916","4.059002","1.094293","3.977044","0.297919","2.248752","2.824081"
"2010-04-27","27 Apr 2010","4.939023","1.088989","3.436979","0.625915","4.017267","1.081843","3.900038","0.278481","2.260952","2.843265"
"2010-04-28","28 Apr 2010","4.865797","1.097671","3.409327","0.614561","3.968921","1.083987","3.852576","0.247229","2.261381","2.831896"
"2010-04-29","29 Apr 2010","4.948618","1.067730","3.429632","0.620711","4.015152","1.065499","3.896335","0.289049","2.241737","2.829242"
"2010-04-30","30 Apr 2010","4.939207","0.996740","3.396532","0.601467","3.974824","1.011487","3.841422","0.321927","2.181532","2.782973"
"2010-05-03","03 May 2010","4.970928","1.004618","3.413187","0.604769","4.082155","1.020214","4.112980","0.323195","2.199631","2.799934"
"2010-05-04","04 May 2010","4.883260","0.967992","3.340877","0.572042","4.005953","0.982267","4.038166","0.292119","2.143195","2.734828"
"2010-05-05","05 May 2010","4.891178","0.837243","3.262176","0.483415","3.943804","0.862375","3.938908","0.242390","2.012390","2.624521"
"2010-05-06","06 May 2010","4.954002","0.748116","3.305173","0.453179","3.975415","0.801717","3.993703","0.280040","1.998420","2.646380"
"2010-05-07","07 May 2010","4.992302","0.679219","3.273199","0.421984","3.955088","0.741124","3.957007","0.282006","1.922618","2.587740"
"2010-05-10","10 May 2010","5.126786","0.771316","3.378167","0.459226","4.102759","0.817386","4.131973","0.265720","2.023952","2.688286"
"2010-05-11","11 May 2010","5.067167","0.781107","3.349942","0.467802","4.094983","0.826316","4.180554","0.273177","2.022053","2.674272"
"2010-05-12","12 May 2010","4.990640","0.759790","3.353293","0.446075","4.094757","0.814651","4.251748","0.261463","2.049809","2.700373"
"2010-05-13","13 May 2010","5.016981","0.767866","3.330325","0.454473","4.075063","0.814999","4.188981","0.261976","2.016158","2.664498"
"2010-05-14","14 May 2010","4.936029","0.701295","3.257722","0.423864","3.983719","0.758543","4.082797","0.266189","1.942390","2.592017"
"2010-05-17","17 May 2010","4.913727","0.779148","3.280296","0.449149","4.006084","0.819014","4.123174","0.238622","2.004882","2.635265"
"2010-05-18","18 May 2010","5.012793","0.863442","3.212426","0.514608","4.034413","0.875249","4.003396","0.264539","1.944177","2.542100"
"2010-05-19","19 May 2010","4.909628","0.846003","3.184364","0.498076","3.962780","0.860522","3.975631","0.251302","1.938825","2.532793"
"2010-05-20","20 May 2010","4.827474","0.802157","3.090359","0.495518","3.881634","0.823528","3.895851","0.284350","1.853446","2.438782"
"2010-05-21","21 May 2010","4.714842","0.820507","3.058975","0.482481","3.811566","0.832908","3.828878","0.241379","1.866673","2.434777"
"2010-05-24","24 May 2010","4.689662","0.816660","3.038126","0.473075","3.800832","0.826545","3.830454","0.225876","1.854946","2.417818"
"2010-05-25","25 May 2010","4.590131","0.832740","2.973219","0.488684","3.748549","0.837997","3.805896","0.237463","1.830760","2.371631"
"2010-05-26","26 May 2010","4.663399","0.892608","3.045314","0.530419","3.829042","0.893971","3.895723","0.262821","1.901824","2.443819"
"2010-05-27","27 May 2010","4.646404","0.941247","3.075876","0.544182","3.847279","0.933957","3.930126","0.244314","1.958243","2.490971"
"2010-05-28","28 May 2010","4.492558","0.485958","3.026388","0.280507","3.606278","0.577498","3.678097","0.208081","1.775680","2.414894"
"2010-05-31","31 May 2010","4.460476","0.473617","2.995305","0.277592","3.575076","0.566074","3.645732","0.212655","1.749549","2.385203"
"2010-06-01","01 Jun 2010","4.429599","0.466401","2.986138","0.273142","3.549590","0.560946","3.614234","0.212355","1.747459","2.381733"
"2010-06-02","02 Jun 2010","4.495208","0.481365","3.013977","0.276954","3.565889","0.569080","3.588401","0.200747","1.753496","2.395306"
"2010-06-03","03 Jun 2010","4.601564","0.518021","3.097096","0.290812","3.656413","0.601787","3.676046","0.194509","1.816353","2.468766"
"2010-06-04","04 Jun 2010","4.572712","0.493929","3.063379","0.280965","3.621867","0.580496","3.636359","0.197270","1.782052","2.433677"
"2010-06-07","07 Jun 2010","4.623877","0.504743","3.115852","0.281356","3.634673","0.590801","3.599490","0.189374","1.817461","2.480262"
"2010-06-08","08 Jun 2010","4.592467","0.492693","3.096380","0.272569","3.606210","0.579693","3.567220","0.183865","1.803447","2.464296"
"2010-06-09","09 Jun 2010","4.611647","0.471720","3.081723","0.269869","3.611711","0.562667","3.576302","0.197522","1.774527","2.439485"
"2010-06-10","10 Jun 2010","4.619317","0.492225","3.104004","0.276653","3.627430","0.580261","3.593789","0.192010","1.802461","2.466172"
"2010-06-11","11 Jun 2010","4.556952","0.443731","3.062875","0.261444","3.597413","0.545572","3.602274","0.214079","1.767525","2.431281"
"2010-06-14","14 Jun 2010","4.574605","0.473419","3.078397","0.279170","3.618461","0.570047","3.625843","0.218366","1.787969","2.448020"
"2010-06-15","15 Jun 2010","4.617492","0.516057","3.116276","0.298551","3.664800","0.604894","3.676717","0.213889","1.828264","2.486112"
"2010-06-16","16 Jun 2010","4.606327","0.499415","3.111557","0.300167","3.648396","0.595265","3.653085","0.235087","1.819541","2.480972"
"2010-06-17","17 Jun 2010","4.609360","0.530420","3.118427","0.309305","3.664672","0.617745","3.679142","0.220786","1.838235","2.492431"
"2010-06-18","18 Jun 2010","4.612631","0.576529","3.140686","0.335208","3.682305","0.656724","3.699141","0.225852","1.876304","2.522876"
"2010-06-21","21 Jun 2010","4.628282","0.626876","3.154394","0.375507","3.707499","0.700397","3.731210","0.252748","1.902494","2.540114"
"2010-06-22","22 Jun 2010","4.563058","0.612891","3.115596","0.370113","3.651630","0.688158","3.669469","0.255273","1.878570","2.509934"
"2010-06-23","23 Jun 2010","4.586926","0.627962","3.094372","0.379559","3.649055","0.694193","3.646953","0.251606","1.852769","2.479038"
"2010-06-24","24 Jun 2010","4.608016","0.584299","3.066356","0.369038","3.644669","0.658724","3.641553","0.271791","1.800744","2.435085"
"2010-06-25","25 Jun 2010","4.632045","0.621923","3.083002","0.392663","3.654015","0.689058","3.624028","0.278476","1.821267","2.451225"
"2010-06-28","28 Jun 2010","4.579681","0.619839","3.061273","0.405117","3.607516","0.691024","3.567143","0.305167","1.812653","2.438064"
"2010-06-29","29 Jun 2010","4.544077","0.579755","3.017826","0.380067","3.566536","0.654537","3.524162","0.294048","1.766055","2.392085"
"2010-06-30","30 Jun 2010","4.516891","0.617497","3.025257","0.423740","3.552314","0.693134","3.503932","0.342956","1.792705","2.410793"
"2010-07-01","01 Jul 2010","4.502464","0.653534","3.010328","0.469551","3.547418","0.727280","3.502934","0.393976","1.793595","2.400368"
"2010-07-02","02 Jul 2010","4.517541","0.657006","3.001697","0.466482","3.563419","0.726503","3.528966","0.382230","1.783537","2.387665"
"2010-07-05","05 Jul 2010","4.473112","0.614792","2.948422","0.446772","3.513306","0.689285","3.476381","0.383036","1.728427","2.331947"
"2010-07-06","06 Jul 2010","4.510513","0.657607","2.987057","0.470967","3.556865","0.726411","3.523807","0.388799","1.771404","2.372470"
"2010-07-07","07 Jul 2010","4.502283","0.631133","2.981678","0.464451","3.536364","0.707687","3.492300","0.403549","1.756539","2.364190"
"2010-07-08","08 Jul 2010","4.502631","0.702288","3.001709","0.533559","3.555526","0.774729","3.515898","0.467594","1.800029","2.394598"
"2010-07-09","09 Jul 2010","4.450387","0.738445","2.977673","0.547393","3.533059","0.800656","3.503210","0.456448","1.808032","2.385385"
"2010-07-12","12 Jul 2010","4.471980","0.705060","2.952715","0.502682","3.506920","0.761172","3.417895","0.397578","1.764802","2.346511"
"2010-07-13","13 Jul 2010","4.499358","0.711652","2.967091","0.503767","3.532102","0.766256","3.446936","0.393314","1.773907","2.357362"
"2010-07-14","14 Jul 2010","4.449939","0.772620","2.966473","0.542031","3.519123","0.818025","3.441602","0.407454","1.812031","2.377008"
"2010-07-15","15 Jul 2010","4.502190","0.801988","3.015996","0.561843","3.566829","0.846245","3.487344","0.419377","1.854970","2.424226"
"2010-07-16","16 Jul 2010","4.472804","0.786206","2.987636","0.571332","3.532328","0.836538","3.447119","0.452350","1.827305","2.395651"
"2010-07-19","19 Jul 2010","4.477099","0.844735","3.012057","0.625070","3.555037","0.891887","3.477154","0.499978","1.870361","2.429224"
"2010-07-20","20 Jul 2010","4.424329","0.785291","2.987988","0.580466","3.533896","0.842441","3.513587","0.475413","1.843763","2.409757"
"2010-07-21","21 Jul 2010","4.455818","0.736704","2.996051","0.550401","3.537981","0.802895","3.507325","0.466561","1.822761","2.404723"
"2010-07-22","22 Jul 2010","4.485951","0.715674","3.029115","0.540175","3.550967","0.790024","3.508441","0.471473","1.836474","2.432118"
"2010-07-23","23 Jul 2010","4.408247","0.725433","3.026427","0.558394","3.551523","0.808211","3.580306","0.504858","1.867744","2.453964"
"2010-07-26","26 Jul 2010","4.437209","0.794189","3.055137","0.578656","3.601861","0.858928","3.646924","0.473976","1.915771","2.489312"
"2010-07-27","27 Jul 2010","4.467066","0.886656","3.079522","0.622790","3.626804","0.929391","3.643034","0.463132","1.963387","2.519590"
"2010-07-28","28 Jul 2010","4.479230","0.851760","3.056110","0.604623","3.624206","0.898418","3.643874","0.460214","1.923796","2.485212"
"2010-07-29","29 Jul 2010","4.469207","0.863846","3.046705","0.604385","3.626369","0.905217","3.655761","0.446453","1.924237","2.479282"
"2010-07-30","30 Jul 2010","4.430947","0.823929","3.008491","0.587181","3.578597","0.871846","3.598882","0.451327","1.881774","2.439207"
"2010-08-02","02 Aug 2010","4.450952","0.846327","3.041723","0.596125","3.601911","0.892049","3.620123","0.448774","1.916782","2.475359"
"2010-08-03","03 Aug 2010","4.403617","0.755784","2.959833","0.561839","3.527859","0.816502","3.538232","0.467927","1.814075","2.380369"
"2010-08-04","04 Aug 2010","4.353371","0.755457","2.932114","0.565830","3.488841","0.816198","3.497767","0.475173","1.801543","2.360826"
"2010-08-05","05 Aug 2010","4.297537","0.765392","2.891292","0.578566","3.450485","0.823269","3.465128","0.487431","1.782300","2.329008"
"2010-08-06","06 Aug 2010","4.243211","0.771211","2.840479","0.588645","3.413192","0.825556","3.437501","0.497417","1.751894","2.285014"
"2010-08-09","09 Aug 2010","4.259534","0.741287","2.831814","0.568505","3.415225","0.798964","3.438990","0.487094","1.727436","2.267296"
"2010-08-10","10 Aug 2010","4.324606","0.733391","2.865604","0.557622","3.461872","0.792192","3.484765","0.474874","1.738317","2.289082"
"2010-08-11","11 Aug 2010","4.278136","0.635609","2.782041","0.501769","3.387446","0.705547","3.399821","0.458705","1.632966","2.191911"
"2010-08-12","12 Aug 2010","4.248927","0.611279","2.765534","0.471460","3.360872","0.680887","3.371515","0.423917","1.618130","2.178073"
"2010-08-13","13 Aug 2010","4.265802","0.609762","2.770085","0.473089","3.373255","0.680176","3.385950","0.428445","1.616800","2.178811"
"2010-08-16","16 Aug 2010","4.123457","0.589678","2.696130","0.463141","3.256128","0.661838","3.258347","0.427745","1.578917","2.126592"
"2010-08-17","17 Aug 2010","4.081837","0.616000","2.713901","0.474367","3.231900","0.686226","3.222743","0.426837","1.618102","2.160668"
"2010-08-18","18 Aug 2010","4.041533","0.593118","2.661282","0.469069","3.192473","0.665071","3.187318","0.435560","1.569903","2.107088"
"2010-08-19","19 Aug 2010","4.057248","0.590504","2.658537","0.471799","3.203290","0.662996","3.201805","0.442469","1.561374","2.099527"
"2010-08-20","20 Aug 2010","3.965010","0.562195","2.624031","0.435903","3.127296","0.635119","3.115663","0.401955","1.546236","2.080353"
"2010-08-23","23 Aug 2010","3.961029","0.570881","2.629557","0.439030","3.127943","0.642450","3.116180","0.399957","1.556322","2.088916"
"2010-08-24","24 Aug 2010","3.852635","0.501177","2.519969","0.413625","3.011610","0.581620","2.986649","0.414106","1.453162","1.980005"
"2010-08-25","25 Aug 2010","3.669460","0.530731","2.470677","0.425248","2.907654","0.607434","2.903452","0.410842","1.474960","1.975188"
"2010-08-26","26 Aug 2010","3.715624","0.562467","2.502185","0.439819","2.902392","0.631108","2.825336","0.405067","1.497069","1.999929"
"2010-08-27","27 Aug 2010","3.652174","0.568938","2.474865","0.447416","2.855635","0.636848","2.775782","0.413050","1.491380","1.984996"
"2010-08-30","30 Aug 2010","3.731191","0.542905","2.495263","0.438564","2.904408","0.616722","2.825791","0.421409","1.476918","1.984983"
"2010-08-31","31 Aug 2010","3.703515","0.551710","2.477799","0.447731","2.886991","0.623867","2.811817","0.429406","1.471474","1.972862"
"2010-09-01","01 Sep 2010","3.775712","0.575625","2.559180","0.446703","2.991258","0.647888","2.969908","0.411239","1.544583","2.055038"
"2010-09-02","02 Sep 2010","3.900885","0.570370","2.609945","0.442390","3.083312","0.643716","3.068138","0.408020","1.554606","2.081307"
"2010-09-03","03 Sep 2010","4.018828","0.605154","2.678106","0.462653","3.184284","0.674491","3.176930","0.413919","1.599046","2.134465"
"2010-09-06","06 Sep 2010","4.005126","0.598872","2.661996","0.461607","3.170770","0.668679","3.163582","0.417007","1.584850","2.118432"
"2010-09-07","07 Sep 2010","3.932010","0.542185","2.601587","0.438549","3.089602","0.621983","3.068353","0.427063","1.524332","2.059277"
"2010-09-08","08 Sep 2010","3.923020","0.606713","2.624951","0.460802","3.109588","0.672340","3.096004","0.406518","1.576698","2.097512"
"2010-09-09","09 Sep 2010","3.896994","0.663726","2.640941","0.491638","3.110795","0.720437","3.099604","0.410894","1.622303","2.129825"
"2010-09-10","10 Sep 2010","3.957585","0.704204","2.694107","0.510536","3.172847","0.755465","3.166796","0.409427","1.672132","2.181236"
"2010-09-13","13 Sep 2010","4.045684","0.734515","2.741565","0.524139","3.253862","0.780391","3.259943","0.405998","1.704993","2.218128"
"2010-09-14","14 Sep 2010","3.964366","0.712466","2.688946","0.513877","3.180748","0.760430","3.178106","0.406187","1.668873","2.174812"
"2010-09-15","15 Sep 2010","4.020201","0.748023","2.736581","0.534320","3.235232","0.792278","3.234752","0.412443","1.712160","2.220100"
"2010-09-16","16 Sep 2010","4.133692","0.821184","2.831315","0.574676","3.350085","0.857069","3.359958","0.421758","1.799299","2.310270"
"2010-09-17","17 Sep 2010","4.044098","0.775644","2.764496","0.558079","3.258005","0.818926","3.252642","0.432566","1.741258","2.249001"
"2010-09-20","20 Sep 2010","4.065157","0.809001","2.799979","0.569301","3.286734","0.846879","3.280840","0.423206","1.783079","2.289156"
"2010-09-21","21 Sep 2010","4.081802","0.818951","2.801789","0.566666","3.278259","0.850882","3.231256","0.405932","1.782392","2.287268"
"2010-09-22","22 Sep 2010","4.005675","0.788831","2.723597","0.555275","3.212871","0.821947","3.173288","0.409032","1.718332","2.212849"
"2010-09-23","23 Sep 2010","3.999240","0.715122","2.671896","0.521338","3.176446","0.759002","3.129985","0.412837","1.640196","2.144874"
"2010-09-24","24 Sep 2010","4.050939","0.731422","2.699661","0.534268","3.223217","0.774214","3.183452","0.422272","1.658299","2.166027"
"2010-09-27","27 Sep 2010","3.996559","0.726709","2.648876","0.556011","3.175265","0.773236","3.135939","0.466309","1.620923","2.119427"
"2010-09-28","28 Sep 2010","3.930436","0.737859","2.620714","0.557758","3.131648","0.780291","3.093740","0.457920","1.618490","2.105454"
"2010-09-29","29 Sep 2010","3.883734","0.806679","2.627540","0.593787","3.127389","0.837415","3.099625","0.460469","1.667506","2.134676"
"2010-09-30","30 Sep 2010","3.911079","0.860963","2.672249","0.675927","3.145225","0.899321","3.099088","0.569333","1.714901","2.182079"
"2010-10-01","01 Oct 2010","3.957960","0.885936","2.718026","0.713115","3.177541","0.929296","3.119252","0.619644","1.750423","2.224065"
"2010-10-04","04 Oct 2010","3.871276","0.833983","2.634602","0.663684","3.102327","0.875624","3.050752","0.570548","1.679085","2.144950"
"2010-10-05","05 Oct 2010","3.899233","0.819614","2.640641","0.659285","3.115583","0.864673","3.060927","0.576178","1.670260","2.142664"
"2010-10-06","06 Oct 2010","3.897226","0.786392","2.614113","0.643509","3.101383","0.835727","3.046453","0.576547","1.632099","2.108292"
"2010-10-07","07 Oct 2010","3.925429","0.804482","2.640352","0.663971","3.124389","0.855028","3.065395","0.599756","1.654321","2.132866"
"2010-10-08","08 Oct 2010","3.958652","0.814250","2.654107","0.665544","3.158307","0.861976","3.108745","0.592883","1.663190","2.142341"
"2010-10-11","11 Oct 2010","3.966708","0.790869","2.645886","0.659039","3.151539","0.843770","3.096200","0.602938","1.642318","2.127194"
"2010-10-12","12 Oct 2010","3.932390","0.759168","2.608402","0.641803","3.112768","0.815467","3.053972","0.599045","1.603681","2.088505"
"2010-10-13","13 Oct 2010","3.997131","0.772366","2.650822","0.641269","3.169486","0.826205","3.114403","0.586376","1.631960","2.123352"
"2010-10-14","14 Oct 2010","4.038195","0.777508","2.669213","0.668447","3.193661","0.837519","3.133144","0.634664","1.635948","2.133171"
"2010-10-15","15 Oct 2010","4.106700","0.799061","2.721555","0.679804","3.252036","0.857990","3.190318","0.637657","1.674450","2.178863"
"2010-10-18","18 Oct 2010","4.076225","0.882010","2.739823","0.736477","3.260577","0.930530","3.207616","0.666600","1.733313","2.218082"
"2010-10-19","19 Oct 2010","4.086265","0.914116","2.759141","0.757680","3.280075","0.958973","3.229630","0.676817","1.761524","2.241894"
"2010-10-20","20 Oct 2010","4.045085","0.955134","2.771310","0.787344","3.257644","0.996842","3.198255","0.695826","1.799485","2.270574"
"2010-10-21","21 Oct 2010","4.059988","0.981227","2.802207","0.800503","3.276010","1.020417","3.212024","0.697559","1.834658","2.305518"
"2010-10-22","22 Oct 2010","4.056417","1.020159","2.803992","0.822073","3.263301","1.051068","3.150937","0.699307","1.851921","2.312748"
"2010-10-25","25 Oct 2010","4.037089","0.988365","2.789957","0.809517","3.244405","1.026556","3.150533","0.706998","1.830356","2.296946"
"2010-10-26","26 Oct 2010","4.042588","1.047521","2.827148","0.852794","3.267509","1.080951","3.174000","0.734875","1.886371","2.345321"
"2010-10-27","27 Oct 2010","4.123856","1.068739","2.893071","0.857646","3.335148","1.100520","3.237364","0.726425","1.934452","2.403559"
"2010-10-28","28 Oct 2010","4.101543","1.050466","2.866247","0.865283","3.303149","1.088469","3.196962","0.758070","1.904973","2.374518"
"2010-10-29","29 Oct 2010","4.094376","1.020371","2.857754","0.843303","3.283587","1.062293","3.168620","0.745317","1.886598","2.362431"
"2010-11-01","01 Nov 2010","4.043722","1.018924","2.827473","0.844714","3.244517","1.060207","3.129236","0.748330","1.871619","2.340048"
"2010-11-02","02 Nov 2010","3.991667","1.018276","2.802472","0.848015","3.201442","1.059857","3.080317","0.754857","1.861615","2.323792"
"2010-11-03","03 Nov 2010","3.951423","1.000597","2.748031","0.834817","3.150216","1.039287","2.997859","0.742178","1.814591","2.268954"
"2010-11-04","04 Nov 2010","4.037416","0.983701","2.770306","0.836567","3.208116","1.027913","3.059276","0.761836","1.803296","2.270459"
"2010-11-05","05 Nov 2010","4.120413","0.948814","2.786346","0.817186","3.259130","0.998482","3.111938","0.758029","1.781101","2.263814"
"2010-11-08","08 Nov 2010","4.127580","0.954438","2.757542","0.828659","3.247075","1.000931","3.054308","0.770712","1.753493","2.229330"
"2010-11-09","09 Nov 2010","4.133527","0.954776","2.765316","0.819137","3.254811","0.999237","3.063647","0.752346","1.760714","2.237453"
"2010-11-10","10 Nov 2010","4.140232","0.962850","2.780015","0.822086","3.260389","1.006729","3.064955","0.751123","1.775613","2.253491"
"2010-11-11","11 Nov 2010","4.231632","0.939712","2.822180","0.812004","3.314174","0.990197","3.108663","0.755894","1.778559","2.275269"
"2010-11-12","12 Nov 2010","4.243627","1.000862","2.870528","0.822026","3.357819","1.037907","3.163883","0.717682","1.850051","2.337849"
"2010-11-15","15 Nov 2010","4.269452","1.050384","2.916759","0.838303","3.404094","1.079031","3.220736","0.702899","1.908924","2.392142"
"2010-11-16","16 Nov 2010","4.322288","1.033206","2.941144","0.823088","3.435655","1.064404","3.247418","0.691142","1.910091","2.404684"
"2010-11-17","17 Nov 2010","4.300512","1.035499","2.967345","0.814270","3.438226","1.068008","3.293159","0.675738","1.942599","2.440831"
"2010-11-18","18 Nov 2010","4.384889","1.072059","3.046898","0.823280","3.515550","1.100168","3.367665","0.661069","2.009559","2.516247"
"2010-11-19","19 Nov 2010","4.367828","1.088628","3.052259","0.841801","3.502296","1.117300","3.347270","0.681571","2.024078","2.527805"
"2010-11-22","22 Nov 2010","4.338777","1.033248","3.015624","0.817214","3.471256","1.072033","3.341670","0.687978","1.974791","2.485657"
"2010-11-23","23 Nov 2010","4.247322","0.937580","2.937894","0.758116","3.380463","0.989237","3.267830","0.666639","1.889841","2.407374"
"2010-11-24","24 Nov 2010","4.340011","0.947614","3.032739","0.744008","3.449037","0.999629","3.316897","0.635521","1.957928","2.494532"
"2010-11-25","25 Nov 2010","4.324657","0.962664","3.067895","0.751898","3.482042","1.018490","3.408236","0.642438","2.005954","2.543109"
"2010-11-26","26 Nov 2010","4.364204","0.960704","3.093908","0.742975","3.512463","1.016277","3.437920","0.628227","2.019416","2.563233"
"2010-11-29","29 Nov 2010","4.393667","0.936013","3.119902","0.729778","3.523044","0.999276","3.436251","0.630194","2.025288","2.582259"
"2010-11-30","30 Nov 2010","4.350190","0.917404","3.107874","0.719105","3.482206","0.985364","3.384379","0.629702","2.018896","2.576862"
"2010-12-01","01 Dec 2010","4.398111","0.922541","3.167471","0.721055","3.540110","0.996280","3.461782","0.635108","2.067095","2.635737"
"2010-12-02","02 Dec 2010","4.401343","0.860586","3.202665","0.677880","3.572938","0.954149","3.534298","0.625072","2.086866","2.673380"
"2010-12-03","03 Dec 2010","4.558809","0.870829","3.275398","0.678787","3.661450","0.960229","3.588170","0.614035","2.108108","2.715393"
"2010-12-06","06 Dec 2010","4.602288","0.817596","3.241743","0.655839","3.650185","0.911906","3.549954","0.616129","2.037588","2.656533"
"2010-12-07","07 Dec 2010","4.688075","0.847761","3.311182","0.666129","3.726028","0.938904","3.625926","0.609240","2.091421","2.718924"
"2010-12-08","08 Dec 2010","4.689576","0.935105","3.358332","0.692818","3.761479","1.007161","3.668991","0.575453","2.172338","2.784705"
"2010-12-09","09 Dec 2010","4.516967","1.007732","3.292268","0.718060","3.660495","1.059151","3.576116","0.548746","2.189683","2.762035"
"2010-12-10","10 Dec 2010","4.490923","1.030078","3.308169","0.740402","3.662352","1.084176","3.592890","0.574135","2.222609","2.790551"
"2010-12-13","13 Dec 2010","4.533117","1.049646","3.323312","0.742670","3.703212","1.096595","3.644434","0.557272","2.233370","2.800241"
"2010-12-14","14 Dec 2010","4.584098","1.033476","3.364122","0.726619","3.754144","1.086057","3.712117","0.546713","2.254887","2.834232"
"2010-12-15","15 Dec 2010","4.569430","1.034850","3.380266","0.728827","3.762717","1.092131","3.736618","0.554538","2.278849","2.858613"
"2010-12-16","16 Dec 2010","4.623713","1.060199","3.417723","0.736529","3.795475","1.111321","3.750237","0.543499","2.306019","2.889752"
"2010-12-17","17 Dec 2010","4.616843","1.052512","3.387731","0.733084","3.785691","1.101222","3.746579","0.540573","2.275663","2.855679"
"2010-12-20","20 Dec 2010","4.573049","1.029885","3.321265","0.723620","3.719263","1.075805","3.653335","0.537330","2.211661","2.785051"
"2010-12-21","21 Dec 2010","4.578487","1.047892","3.321577","0.725762","3.733230","1.087312","3.676286","0.522197","2.218749","2.786925"
"2010-12-22","22 Dec 2010","4.600194","0.982461","3.306917","0.654277","3.720168","1.022103","3.641743","0.446175","2.175135","2.757185"
"2010-12-23","23 Dec 2010","4.623321","0.930694","3.329693","0.635813","3.735126","0.987805","3.667203","0.467718","2.171177","2.771895"
"2010-12-24","24 Dec 2010","4.624660","0.925525","3.331850","0.637395","3.733373","0.985377","3.662828","0.476650","2.170338","2.773174"
"2010-12-27","27 Dec 2010","4.677035","0.949942","3.387806","0.641058","3.783643","1.006892","3.711341","0.462932","2.219403","2.828024"
"2010-12-28","28 Dec 2010","4.607234","0.861334","3.328691","0.605711","3.714882","0.938530","3.649117","0.484667","2.150589","2.767574"
"2010-12-29","29 Dec 2010","4.683444","0.874870","3.396477","0.609566","3.778862","0.954015","3.708818","0.483489","2.199467","2.828550"
"2010-12-30","30 Dec 2010","4.690964","0.856950","3.358578","0.599058","3.754076","0.932226","3.662194","0.473787","2.149476","2.778422"
"2010-12-31","31 Dec 2010","4.692645","0.848656","3.361703","0.602586","3.751318","0.928690","3.655529","0.490185","2.148071","2.780265"
"2011-01-03","03 Jan 2011","4.655203","0.813254","3.352627","0.580284","3.725906","0.902360","3.636185","0.486220","2.140025","2.776573"
"2011-01-04","04 Jan 2011","4.610076","0.832115","3.307664","0.601764","3.692420","0.915539","3.608878","0.504079","2.114890","2.737331"
"2011-01-05","05 Jan 2011","4.630480","0.885245","3.308689","0.611565","3.708531","0.948534","3.614520","0.463835","2.128838","2.738909"
"2011-01-06","06 Jan 2011","4.724012","0.927012","3.365845","0.625990","3.782787","0.981023","3.679121","0.449830","2.171798","2.785874"
"2011-01-07","07 Jan 2011","4.690204","0.899283","3.328732","0.607928","3.747692","0.955041","3.643275","0.440217","2.135604","2.748306"
"2011-01-10","10 Jan 2011","4.640374","0.896142","3.274024","0.605892","3.710492","0.947224","3.615818","0.434645","2.096985","2.697691"
"2011-01-11","11 Jan 2011","4.719000","0.895186","3.295761","0.608606","3.747852","0.945510","3.623751","0.438702","2.091841","2.701336"
"2011-01-12","12 Jan 2011","4.785569","0.990218","3.394832","0.651986","3.834122","1.027747","3.713903","0.433852","2.205648","2.811125"
"2011-01-13","13 Jan 2011","4.740229","1.107898","3.403502","0.720939","3.820210","1.124095","3.670500","0.449019","2.272029","2.846503"
"2011-01-14","14 Jan 2011","4.651317","1.181442","3.359474","0.767045","3.766665","1.181935","3.591440","0.461826","2.285548","2.827754"
"2011-01-17","17 Jan 2011","4.686487","1.190076","3.380505","0.776005","3.795883","1.191043","3.622033","0.471365","2.298424","2.844045"
"2011-01-18","18 Jan 2011","4.707554","1.254732","3.441884","0.831170","3.821836","1.254459","3.633522","0.518777","2.372157","2.915541"
"2011-01-19","19 Jan 2011","4.710315","1.218398","3.433533","0.797223","3.836526","1.221132","3.692629","0.489244","2.352419","2.902417"
"2011-01-20","20 Jan 2011","4.721584","1.322303","3.488672","0.869641","3.887740","1.314483","3.759874","0.530108","2.442684","2.976323"
"2011-01-21","21 Jan 2011","4.662574","1.369302","3.497470","0.904157","3.878959","1.358601","3.788654","0.553641","2.487169","3.007700"
"2011-01-24","24 Jan 2011","4.637543","1.365634","3.457467","0.899772","3.847822","1.350695","3.734554","0.544892","2.455460","2.967671"
"2011-01-25","25 Jan 2011","4.646938","1.343828","3.461787","0.929022","3.857340","1.345731","3.781069","0.625683","2.442970","2.965404"
"2011-01-26","26 Jan 2011","4.643650","1.401982","3.497934","0.930417","3.892854","1.388239","3.834844","0.572869","2.507357","3.018019"
"2011-01-27","27 Jan 2011","4.642655","1.421859","3.506199","0.944745","3.900235","1.406081","3.845374","0.581494","2.523324","3.030308"
"2011-01-28","28 Jan 2011","4.619631","1.530951","3.512767","1.034630","3.886594","1.502181","3.767715","0.646307","2.575938","3.055697"
"2011-01-31","31 Jan 2011","4.621226","1.506611","3.493013","1.026227","3.875186","1.481575","3.752123","0.652478","2.546051","3.029014"
"2011-02-01","01 Feb 2011","4.732559","1.504724","3.556807","1.012710","3.961283","1.479645","3.839475","0.630316","2.575492","3.074911"
"2011-02-02","02 Feb 2011","4.684615","1.519245","3.521654","1.033622","3.938929","1.492800","3.834799","0.654803","2.562060","3.048767"
"2011-02-03","03 Feb 2011","4.783396","1.474075","3.565726","1.005748","3.971558","1.456485","3.825484","0.646571","2.553662","3.066730"
"2011-02-04","04 Feb 2011","4.771205","1.506821","3.557552","1.017376","3.976588","1.480574","3.811033","0.635660","2.566307","3.066455"
"2011-02-07","07 Feb 2011","4.815889","1.501490","3.590875","1.002275","4.004452","1.474978","3.828775","0.613188","2.583426","3.092946"
"2011-02-08","08 Feb 2011","4.808976","1.528652","3.584330","1.040831","4.012212","1.502814","3.850386","0.660599","2.588408","3.090088"
"2011-02-09","09 Feb 2011","4.833769","1.555157","3.607555","1.058129","4.051648","1.526750","3.909927","0.669125","2.615227","3.114748"
"2011-02-10","10 Feb 2011","4.812000","1.575268","3.614178","1.062799","4.050913","1.542959","3.921228","0.659490","2.637359","3.131179"
"2011-02-11","11 Feb 2011","4.818717","1.530751","3.586265","1.037644","4.030078","1.503328","3.881836","0.652266","2.590255","3.091166"
"2011-02-14","14 Feb 2011","4.847270","1.542860","3.615150","1.033855","4.063148","1.512544","3.923167","0.634566","2.616229","3.119681"
"2011-02-15","15 Feb 2011","4.850756","1.553397","3.626192","1.040612","4.067926","1.522384","3.925726","0.638025","2.629512","3.132642"
"2011-02-16","16 Feb 2011","4.789687","1.510280","3.558697","1.018983","4.002292","1.482864","3.851258","0.634930","2.565418","3.064650"
"2011-02-17","17 Feb 2011","4.791317","1.468524","3.534896","0.994767","3.976424","1.445936","3.804360","0.627302","2.524275","3.030714"
"2011-02-18","18 Feb 2011","4.782056","1.513685","3.552533","1.019631","4.005763","1.485005","3.866958","0.632565","2.564430","3.060626"
"2011-02-21","21 Feb 2011","4.734160","1.511045","3.509956","1.040261","3.960947","1.485752","3.815678","0.672895","2.533792","3.022047"
"2011-02-22","22 Feb 2011","4.674071","1.561067","3.481590","1.082940","3.938353","1.529636","3.751394","0.705401","2.546577","3.012398"
"2011-02-23","23 Feb 2011","4.590209","1.570925","3.449844","1.092183","3.882824","1.538257","3.720818","0.713360","2.543410","2.997710"
"2011-02-24","24 Feb 2011","4.640675","1.546236","3.456340","1.071677","3.901848","1.515211","3.696678","0.697076","2.526199","2.989723"
"2011-02-25","25 Feb 2011","4.646462","1.563470","3.473883","1.085460","3.905865","1.531915","3.691604","0.707939","2.546680","3.009936"
"2011-02-28","28 Feb 2011","4.670075","1.560051","3.489910","1.075778","3.922132","1.527947","3.704447","0.693221","2.554468","3.022282"
"2011-03-01","01 Mar 2011","4.710089","1.577748","3.528405","1.084889","3.953459","1.544762","3.727288","0.695348","2.585865","3.058361"
"2011-03-02","02 Mar 2011","4.701913","1.567495","3.520356","1.073587","3.944591","1.534390","3.717992","0.683185","2.577163","3.050136"
"2011-03-03","03 Mar 2011","4.650399","1.762618","3.613424","1.253531","3.994142","1.723776","3.894705","0.847943","2.748297","3.190896"
"2011-03-04","04 Mar 2011","4.560174","1.782453","3.589166","1.252769","3.967538","1.737869","3.938053","0.827827","2.762834","3.190191"
"2011-03-07","07 Mar 2011","4.582573","1.794309","3.613675","1.256801","3.988007","1.748647","3.957233","0.825292","2.784400","3.214237"
"2011-03-08","08 Mar 2011","4.578595","1.764668","3.588456","1.233903","3.979558","1.720363","3.954221","0.808345","2.751372","3.183229"
"2011-03-09","09 Mar 2011","4.592239","1.765322","3.598114","1.234553","3.982805","1.721423","3.942461","0.809290","2.756119","3.190556"
"2011-03-10","10 Mar 2011","4.557507","1.729717","3.551868","1.213952","3.937062","1.688469","3.879042","0.801705","2.707846","3.141407"
"2011-03-11","11 Mar 2011","4.548621","1.692969","3.518955","1.189222","3.913151","1.654202","3.841069","0.787645","2.665080","3.101315"
"2011-03-14","14 Mar 2011","4.536076","1.679746","3.508704","1.173560","3.900064","1.640625","3.826469","0.769927","2.654632","3.091384"
"2011-03-15","15 Mar 2011","4.536239","1.584748","3.437158","1.114501","3.839783","1.553747","3.699945","0.743310","2.548124","2.996343"
"2011-03-16","16 Mar 2011","4.542805","1.546526","3.398717","1.094885","3.840285","1.518873","3.714799","0.739838","2.496159","2.946551"
"2011-03-17","17 Mar 2011","4.582541","1.605516","3.464776","1.131185","3.897423","1.573486","3.788074","0.756175","2.570701","3.020020"
"2011-03-18","18 Mar 2011","4.580560","1.646758","3.484190","1.162046","3.934532","1.611565","3.879831","0.777052","2.607431","3.049032"
"2011-03-21","21 Mar 2011","4.515154","1.744682","3.528763","1.226735","3.945435","1.701293","3.965939","0.811317","2.706813","3.129095"
"2011-03-22","22 Mar 2011","4.537833","1.747113","3.542543","1.230259","3.954334","1.704394","3.955473","0.816130","2.713340","3.139006"
"2011-03-23","23 Mar 2011","4.556044","1.727206","3.538280","1.218290","3.945496","1.686673","3.909450","0.811603","2.695162","3.126381"
"2011-03-24","24 Mar 2011","4.619619","1.731240","3.562081","1.231500","3.988558","1.693045","3.939717","0.833254","2.699946","3.137812"
"2011-03-25","25 Mar 2011","4.600877","1.760028","3.574325","1.249219","3.999456","1.719062","3.988559","0.840804","2.729021","3.160694"
"2011-03-28","28 Mar 2011","4.635824","1.796540","3.615080","1.281387","4.033744","1.754924","4.019642","0.869295","2.770209","3.202521"
"2011-03-29","29 Mar 2011","4.608437","1.803171","3.612573","1.282802","4.011835","1.760380","3.991495","0.866026","2.777831","3.207037"
"2011-03-30","30 Mar 2011","4.649883","1.815265","3.655605","1.278597","4.045439","1.770426","4.018827","0.848289","2.812147","3.247807"
"2011-03-31","31 Mar 2011","4.627924","1.836364","3.657761","1.299675","4.031505","1.790998","4.000812","0.868994","2.827138","3.257649"
"2011-04-01","01 Apr 2011","4.612348","1.881137","3.687709","1.320275","4.059901","1.830335","4.083607","0.867794","2.879857","3.302838"
"2011-04-04","04 Apr 2011","4.606052","1.869861","3.672499","1.314861","4.052992","1.820014","4.079590","0.867399","2.863055","3.285678"
"2011-04-05","05 Apr 2011","4.609061","1.862034","3.665011","1.311308","4.054187","1.812974","4.083575","0.867567","2.852251","3.275484"
"2011-04-06","06 Apr 2011","4.649163","1.888879","3.701149","1.325790","4.102147","1.837229","4.141715","0.870960","2.887022","3.311120"
"2011-04-07","07 Apr 2011","4.676077","1.897576","3.708893","1.345550","4.123201","1.848074","4.164802","0.900458","2.888496","3.313717"
"2011-04-08","08 Apr 2011","4.655736","1.977716","3.745222","1.405367","4.154933","1.922102","4.239344","0.940760","2.960819","3.371153"
"2011-04-11","11 Apr 2011","4.654283","1.975880","3.743542","1.391410","4.165043","1.917168","4.262828","0.915467","2.962047","3.370890"
"2011-04-12","12 Apr 2011","4.673002","1.918525","3.714134","1.362117","4.141477","1.867239","4.210219","0.912451","2.903678","3.323839"
"2011-04-13","13 Apr 2011","4.656700","1.950062","3.728592","1.383632","4.141729","1.896070","4.214404","0.924577","2.934187","3.348390"
"2011-04-14","14 Apr 2011","4.619322","1.912824","3.683585","1.363948","4.089241","1.862453","4.141364","0.920560","2.886113","3.300556"
"2011-04-15","15 Apr 2011","4.587280","1.929619","3.673592","1.380242","4.074697","1.878060","4.136129","0.935608","2.892189","3.299179"
"2011-04-18","18 Apr 2011","4.596417","1.848783","3.611014","1.345151","4.020569","1.807506","4.019016","0.941851","2.794440","3.212708"
"2011-04-19","19 Apr 2011","4.506137","1.894320","3.593899","1.377043","3.994332","1.847988","4.052925","0.960017","2.823366","3.222298"
"2011-04-20","20 Apr 2011","4.512727","1.905480","3.597929","1.393404","4.001385","1.859912","4.060418","0.980777","2.828567","3.226204"
"2011-04-21","21 Apr 2011","4.536027","1.866772","3.581579","1.368904","3.991148","1.824893","4.016668","0.969444","2.790407","3.196220"
"2011-04-26","26 Apr 2011","4.540417","1.853352","3.577595","1.354268","3.991565","1.811530","4.017231","0.953943","2.781045","3.189284"
"2011-04-27","27 Apr 2011","4.549593","1.893432","3.606681","1.391780","4.006077","1.850833","4.026790","0.989012","2.819387","3.224334"
"2011-04-28","28 Apr 2011","4.513244","1.884052","3.568142","1.398953","3.975566","1.843653","4.000410","1.010021","2.788575","3.187609"
"2011-04-29","29 Apr 2011","4.464979","1.900845","3.554150","1.413089","3.950294","1.858867","3.989530","1.021069","2.795532","3.185696"
"2011-05-02","02 May 2011","4.459785","1.912657","3.554107","1.429094","3.948318","1.871113","3.987208","1.040494","2.800468","3.187924"
"2011-05-03","03 May 2011","4.436504","1.931475","3.550774","1.439846","3.959803","1.887251","4.045654","1.043324","2.813544","3.193547"
"2011-05-04","04 May 2011","4.415277","2.023397","3.579414","1.494477","4.009490","1.966888","4.148847","1.060981","2.888064","3.246151"
"2011-05-05","05 May 2011","4.498673","1.881397","3.548174","1.395904","3.990480","1.839807","4.067589","1.005771","2.775952","3.169785"
"2011-05-06","06 May 2011","4.398884","1.867211","3.476685","1.399317","3.909602","1.827166","3.989271","1.023345","2.729990","3.110357"
"2011-05-09","09 May 2011","4.366791","1.813271","3.413718","1.374198","3.855153","1.778864","3.913470","1.023655","2.656794","3.038512"
"2011-05-10","10 May 2011","4.392076","1.815180","3.432823","1.365301","3.883649","1.779040","3.954865","1.005484","2.670376","3.055329"
"2011-05-11","11 May 2011","4.417305","1.824283","3.452352","1.371527","3.905207","1.787927","3.975905","1.009421","2.685065","3.072509"
"2011-05-12","12 May 2011","4.442426","1.780638","3.424645","1.351631","3.887327","1.749472","3.905505","1.010803","2.632807","3.027992"
"2011-05-13","13 May 2011","4.414091","1.800139","3.412645","1.377905","3.877795","1.769184","3.914989","1.042251","2.636065","3.023356"
"2011-05-16","16 May 2011","4.426014","1.824109","3.433675","1.396808","3.901313","1.792037","3.957252","1.056606","2.661822","3.047541"
"2011-05-17","17 May 2011","4.418833","1.816779","3.426915","1.388905","3.894430","1.784615","3.950990","1.048213","2.655065","3.040864"
"2011-05-18","18 May 2011","4.400944","1.821886","3.415743","1.399552","3.881625","1.790257","3.938990","1.063352","2.650741","3.032781"
"2011-05-19","19 May 2011","4.430675","1.871374","3.471469","1.431693","3.925560","1.836653","4.000601","1.080450","2.713858","3.095300"
"2011-05-20","20 May 2011","4.388424","1.807652","3.397141","1.392014","3.862467","1.777188","3.907129","1.061602","2.630813","3.012588"
"2011-05-23","23 May 2011","4.409339","1.753276","3.365880","1.355531","3.841101","1.727033","3.832953","1.041357","2.573665","2.964368"
"2011-05-24","24 May 2011","4.449219","1.761597","3.391302","1.360911","3.874615","1.735298","3.867517","1.044506","2.589694","2.984692"
"2011-05-25","25 May 2011","4.499576","1.702993","3.372816","1.321412","3.871492","1.681806","3.808356","1.022787","2.534330","2.943110"
"2011-05-26","26 May 2011","4.470020","1.680425","3.334435","1.313847","3.837057","1.661669","3.765274","1.028080","2.496835","2.903254"
"2011-05-27","27 May 2011","4.488571","1.643191","3.317806","1.289992","3.826654","1.627976","3.730202","1.016691","2.460424","2.874380"
"2011-05-30","30 May 2011","4.474138","1.647388","3.314686","1.293552","3.815127","1.631866","3.715670","1.019568","2.462797","2.874697"
"2011-05-31","31 May 2011","4.508116","1.690779","3.365377","1.317816","3.866821","1.671528","3.790525","1.026968","2.519149","2.930435"
"2011-06-01","01 Jun 2011","4.494785","1.671333","3.336355","1.316142","3.840656","1.655380","3.748365","1.040837","2.486124","2.897171"
"2011-06-02","02 Jun 2011","4.473934","1.676610","3.316884","1.329883","3.833727","1.661275","3.758206","1.061271","2.475574","2.880780"
"2011-06-03","03 Jun 2011","4.469662","1.689733","3.319313","1.343480","3.837793","1.674054","3.770288","1.074966","2.483926","2.886201"
"2011-06-06","06 Jun 2011","4.475014","1.725576","3.349780","1.368495","3.855103","1.707612","3.793542","1.090331","2.524655","2.924044"
"2011-06-07","07 Jun 2011","4.531761","1.756777","3.392548","1.399516","3.906743","1.739106","3.846721","1.121417","2.559772","2.962286"
"2011-06-08","08 Jun 2011","4.562462","1.736732","3.385041","1.401742","3.903480","1.724184","3.810130","1.143846","2.532839","2.941878"
"2011-06-09","09 Jun 2011","4.552924","1.671482","3.362042","1.378052","3.870895","1.672534","3.833647","1.161501","2.481354","2.906377"
"2011-06-10","10 Jun 2011","4.535940","1.629119","3.320214","1.359122","3.838371","1.635468","3.795445","1.163871","2.428635","2.856646"
"2011-06-13","13 Jun 2011","4.528553","1.604955","3.323546","1.347237","3.831999","1.617473","3.816717","1.166197","2.422717","2.858539"
"2011-06-14","14 Jun 2011","4.574194","1.643309","3.364326","1.378584","3.881398","1.653956","3.872651","1.190882","2.462922","2.898651"
"2011-06-15","15 Jun 2011","4.614263","1.607718","3.358897","1.360547","3.897197","1.623576","3.887229","1.189757","2.431682","2.877634"
"2011-06-16","16 Jun 2011","4.564595","1.521038","3.339857","1.324546","3.860821","1.559493","3.909420","1.210471","2.392447","2.857049"
"2011-06-17","17 Jun 2011","4.559255","1.559591","3.352448","1.350522","3.872203","1.593208","3.926751","1.223263","2.421225","2.877817"
"2011-06-20","20 Jun 2011","4.562548","1.581145","3.369974","1.354308","3.886215","1.610155","3.944356","1.210331","2.446910","2.900544"
"2011-06-21","21 Jun 2011","4.567074","1.573590","3.371619","1.356972","3.913629","1.607347","4.012911","1.224886","2.447091","2.902065"
"2011-06-22","22 Jun 2011","4.568032","1.550191","3.370798","1.342051","3.932450","1.589674","4.063326","1.221626","2.441242","2.900285"
"2011-06-23","23 Jun 2011","4.519597","1.425494","3.303761","1.276401","3.844487","1.486160","3.950548","1.217199","2.340679","2.818742"
"2011-06-24","24 Jun 2011","4.520416","1.428732","3.296271","1.274244","3.848620","1.486364","3.961493","1.208351","2.335204","2.810641"
"2011-06-27","27 Jun 2011","4.561604","1.428950","3.324163","1.274462","3.879584","1.488367","3.991147","1.210110","2.349877","2.832367"
"2011-06-28","28 Jun 2011","4.578656","1.525784","3.358786","1.335195","3.927684","1.570028","4.055414","1.231386","2.415635","2.880023"
"2011-06-29","29 Jun 2011","4.608732","1.564464","3.395221","1.355465","3.965644","1.603592","4.097464","1.233944","2.457336","2.919491"
"2011-06-30","30 Jun 2011","4.599140","1.625812","3.407358","1.388328","3.985091","1.653640","4.130687","1.236438","2.497027","2.944231"
"2011-07-01","01 Jul 2011","4.536907","1.685783","3.421193","1.416054","3.957368","1.704346","4.093200","1.233311","2.552500","2.983586"
"2011-07-04","04 Jul 2011","4.531286","1.703361","3.405749","1.431446","3.935746","1.716666","4.046966","1.241962","2.542273","2.967319"
"2011-07-05","05 Jul 2011","4.519566","1.694068","3.403992","1.426318","3.919149","1.709608","4.020528","1.241837","2.539490","2.966615"
"2011-07-06","06 Jul 2011","4.537610","1.627810","3.348311","1.392469","3.870978","1.648306","3.916710","1.234759","2.450345","2.887005"
"2011-07-07","07 Jul 2011","4.566678","1.653526","3.391810","1.401636","3.900325","1.671505","3.940389","1.229900","2.493589","2.932965"
"2011-07-08","08 Jul 2011","4.512827","1.545501","3.298180","1.363553","3.803765","1.582133","3.820238","1.258121","2.372106","2.822591"
"2011-07-11","11 Jul 2011","4.415913","1.421133","3.185715","1.266849","3.669965","1.465165","3.643520","1.187530","2.244521","2.701732"
"2011-07-12","12 Jul 2011","4.400750","1.399584","3.216700","1.231769","3.693685","1.448154","3.720399","1.147518","2.276503","2.741869"
"2011-07-13","13 Jul 2011","4.392200","1.328433","3.211943","1.210698","3.724555","1.401593","3.823146","1.185868","2.255600","2.734614"
"2011-07-14","14 Jul 2011","4.430745","1.340517","3.248653","1.207255","3.777703","1.412573","3.896903","1.170827","2.289279","2.771203"
"2011-07-15","15 Jul 2011","4.336655","1.268490","3.170801","1.157653","3.683545","1.347703","3.794120","1.143980","2.215692","2.696931"
"2011-07-18","18 Jul 2011","4.286061","1.251079","3.146939","1.141162","3.642222","1.331866","3.747476","1.129961","2.202530","2.680785"
"2011-07-19","19 Jul 2011","4.333302","1.307399","3.182064","1.160536","3.698519","1.374187","3.816773","1.109830","2.244676","2.716528"
"2011-07-20","20 Jul 2011","4.394080","1.334155","3.204101","1.169907","3.755273","1.392785","3.889302","1.098847","2.258384","2.729928"
"2011-07-21","21 Jul 2011","4.491984","1.472547","3.287695","1.239392","3.859946","1.503713","3.995119","1.093455","2.360830","2.817225"
"2011-07-22","22 Jul 2011","4.500529","1.449087","3.256352","1.239471","3.817219","1.482427","3.901809","1.111501","2.311959","2.772254"
"2011-07-25","25 Jul 2011","4.496133","1.434601","3.238655","1.234866","3.808694","1.469795","3.895470","1.115539","2.290359","2.751054"
"2011-07-26","26 Jul 2011","4.499656","1.434515","3.203335","1.216421","3.776467","1.458374","3.798091","1.073377","2.255697","2.709051"
"2011-07-27","27 Jul 2011","4.414051","1.343698","3.101424","1.162969","3.673006","1.376123","3.680489","1.054125","2.146804","2.601395"
"2011-07-28","28 Jul 2011","4.427509","1.337892","3.116904","1.152386","3.678879","1.370751","3.679529","1.040473","2.155466","2.615052"
"2011-07-29","29 Jul 2011","4.392148","1.284857","3.057386","1.112429","3.640251","1.319797","3.648553","1.011636","2.090328","2.549846"
"2011-08-01","01 Aug 2011","4.416061","1.261523","3.028684","1.104715","3.629211","1.297536","3.593009","1.015739","2.045943","2.507276"
"2011-08-02","02 Aug 2011","4.380955","1.206670","2.992577","1.048276","3.585558","1.243637","3.542952","0.958955","2.002582","2.468659"
"2011-08-03","03 Aug 2011","4.366908","1.194330","3.005593","1.043510","3.553957","1.236383","3.483784","0.964101","2.010549","2.483686"
"2011-08-04","04 Aug 2011","4.323168","1.108584","2.955502","0.941311","3.504357","1.148705","3.436686","0.848356","1.948529","2.429241"
"2011-08-05","05 Aug 2011","4.305967","0.958516","2.971546","0.810638","3.479838","1.021240","3.457981","0.752168","1.915349","2.435827"
"2011-08-08","08 Aug 2011","4.234920","0.842446","2.950513","0.726202","3.467505","0.930049","3.529321","0.714766","1.885332","2.422625"
"2011-08-09","09 Aug 2011","4.166638","0.820579","2.936189","0.710589","3.482309","0.920039","3.613826","0.717440","1.901361","2.429746"
"2011-08-10","10 Aug 2011","4.231516","0.657821","2.843153","0.615967","3.437696","0.770542","3.543603","0.680585","1.719259","2.280720"
"2011-08-11","11 Aug 2011","4.173235","0.659596","2.831537","0.609606","3.444845","0.775591","3.599462","0.673516","1.738882","2.288706"
"2011-08-12","12 Aug 2011","4.281207","0.756915","2.870389","0.687125","3.494917","0.852074","3.611658","0.714909","1.763915","2.309366"
"2011-08-15","15 Aug 2011","4.329804","0.795916","2.859597","0.730562","3.522262","0.882999","3.635625","0.753135","1.748255","2.286506"
"2011-08-16","16 Aug 2011","4.383143","0.795780","2.862908","0.732722","3.541751","0.880099","3.632801","0.753765","1.732772","2.275227"
"2011-08-17","17 Aug 2011","4.334963","0.794693","2.808896","0.734213","3.507479","0.874676","3.610414","0.753106","1.695130","2.225274"
"2011-08-18","18 Aug 2011","4.110698","0.593524","2.645947","0.617210","3.319627","0.708004","3.460743","0.729086","1.535118","2.073684"
"2011-08-19","19 Aug 2011","4.082459","0.713818","2.674672","0.648941","3.300487","0.794571","3.391615","0.666339","1.614075","2.126565"
"2011-08-22","22 Aug 2011","4.088174","0.749660","2.704736","0.674069","3.314156","0.828086","3.400168","0.681871","1.654232","2.163777"
"2011-08-23","23 Aug 2011","4.148330","0.714418","2.665120","0.657993","3.305860","0.791007","3.336150","0.676689","1.580314","2.095957"
"2011-08-24","24 Aug 2011","4.177400","0.791450","2.746259","0.687035","3.381055","0.858094","3.451874","0.663016","1.683718","2.193870"
"2011-08-25","25 Aug 2011","4.190892","0.753161","2.744612","0.658745","3.377896","0.825165","3.442496","0.646626","1.663781","2.183989"
"2011-08-26","26 Aug 2011","4.103357","0.681708","2.680315","0.621084","3.320290","0.766991","3.426884","0.645781","1.604192","2.125462"
"2011-08-29","29 Aug 2011","4.203887","0.859737","2.780004","0.707895","3.428585","0.909991","3.507017","0.635254","1.737941","2.235943"
"2011-08-30","30 Aug 2011","4.162753","0.751108","2.703089","0.645440","3.352689","0.815388","3.413104","0.618153","1.632991","2.143624"
"2011-08-31","31 Aug 2011","4.221869","0.802915","2.763444","0.667379","3.418175","0.859441","3.483782","0.611780","1.694958","2.205279"
"2011-09-01","01 Sep 2011","4.179109","0.793886","2.772030","0.651754","3.427882","0.854495","3.555013","0.595946","1.718301","2.228161"
"2011-09-02","02 Sep 2011","4.115513","0.660031","2.657324","0.576123","3.326746","0.736242","3.439669","0.575628","1.574118","2.094938"
"2011-09-05","05 Sep 2011","4.016317","0.580560","2.559797","0.508021","3.228188","0.658468","3.338484","0.517169","1.481542","1.998921"
"2011-09-06","06 Sep 2011","4.016736","0.591472","2.558978","0.502294","3.236895","0.663412","3.355101","0.494126","1.486660","2.000055"
"2011-09-07","07 Sep 2011","3.999059","0.587766","2.583009","0.532026","3.253852","0.676565","3.409101","0.564149","1.515817","2.033365"
"2011-09-08","08 Sep 2011","3.812417","0.517415","2.451650","0.479878","3.145350","0.613094","3.358855","0.533217","1.430768","1.927171"
"2011-09-09","09 Sep 2011","3.824705","0.478680","2.421592","0.401833","3.114311","0.557789","3.298261","0.410286","1.380523","1.882836"
"2011-09-12","12 Sep 2011","3.626232","0.515944","2.337531","0.413975","3.026895","0.587332","3.259586","0.400036","1.386018","1.847349"
"2011-09-13","13 Sep 2011","3.758063","0.623139","2.436512","0.490056","3.064031","0.676142","3.189730","0.434359","1.462072","1.930340"
"2011-09-14","14 Sep 2011","3.789218","0.673936","2.483235","0.519438","3.104609","0.721210","3.230855","0.443367","1.517399","1.982585"
"2011-09-15","15 Sep 2011","3.894130","0.804158","2.605163","0.570410","3.239089","0.828923","3.382306","0.417588","1.658456","2.114771"
"2011-09-16","16 Sep 2011","3.791297","0.723179","2.493512","0.514225","3.133147","0.751773","3.272924","0.382476","1.551198","2.002478"
"2011-09-19","19 Sep 2011","3.601618","0.612717","2.400035","0.438122","2.998016","0.660803","3.169149","0.350185","1.482826","1.933368"
"2011-09-20","20 Sep 2011","3.605233","0.615506","2.406395","0.430420","3.004090","0.661036","3.176212","0.332701","1.490175","1.940680"
"2011-09-21","21 Sep 2011","3.619012","0.624643","2.428466","0.426900","3.018958","0.668188","3.188147","0.318443","1.511948","1.964243"
"2011-09-22","22 Sep 2011","3.565634","0.630067","2.374225","0.400660","2.928636","0.655642","3.031207","0.252137","1.471493","1.912249"
"2011-09-23","23 Sep 2011","3.604433","0.598220","2.348895","0.376332","2.908782","0.621961","2.946738","0.230836","1.420859","1.867605"
"2011-09-26","26 Sep 2011","3.673662","0.603597","2.391911","0.379600","2.962499","0.628660","3.000303","0.233614","1.443777","1.900303"
"2011-09-27","27 Sep 2011","3.835518","0.762604","2.564854","0.498479","3.135921","0.778127","3.179790","0.315369","1.621098","2.077265"
"2011-09-28","28 Sep 2011","3.885064","0.777849","2.560032","0.490292","3.175071","0.782663","3.187956","0.280770","1.613433","2.063595"
"2011-09-29","29 Sep 2011","3.895936","0.783561","2.572745","0.484883","3.188977","0.785998","3.204096","0.265323","1.626108","2.076884"
"2011-09-30","30 Sep 2011","3.793560","0.738510","2.483376","0.469022","3.088772","0.745900","3.093895","0.274796","1.550982","1.993217"
"2011-10-03","03 Oct 2011","3.761753","0.700775","2.439028","0.458601","3.042686","0.714481","3.036500","0.289405","1.500695","1.944282"
"2011-10-04","04 Oct 2011","3.702549","0.634974","2.355656","0.438001","2.968175","0.658648","2.956091","0.309850","1.409854","1.853748"
"2011-10-05","05 Oct 2011","3.815354","0.717035","2.480795","0.469789","3.085662","0.730824","3.074746","0.296942","1.530700","1.980571"
"2011-10-06","06 Oct 2011","3.882979","0.769385","2.507412","0.531070","3.139425","0.781802","3.087674","0.363332","1.555154","1.999997"
"2011-10-07","07 Oct 2011","3.966353","0.805546","2.609591","0.550830","3.227029","0.819615","3.226508","0.372755","1.640574","2.100239"
"2011-10-10","10 Oct 2011","4.017716","0.833938","2.679774","0.564109","3.261888","0.847753","3.237339","0.374940","1.701391","2.170337"
"2011-10-11","11 Oct 2011","4.038901","0.828970","2.697335","0.551649","3.275995","0.842328","3.247777","0.356660","1.710786","2.184874"
"2011-10-12","12 Oct 2011","4.147280","0.882108","2.786554","0.568434","3.389065","0.887647","3.378532","0.340458","1.788766","2.268659"
"2011-10-13","13 Oct 2011","4.103753","0.840371","2.743568","0.531305","3.343298","0.847078","3.329955","0.307652","1.745468","2.225515"
"2011-10-14","14 Oct 2011","4.194836","0.866211","2.858517","0.554156","3.432120","0.880942","3.454266","0.335566","1.835819","2.336833"
"2011-10-17","17 Oct 2011","4.109324","0.777613","2.764965","0.517894","3.349430","0.807016","3.395618","0.349978","1.736207","2.239584"
"2011-10-18","18 Oct 2011","4.102450","0.819545","2.755677","0.541069","3.342991","0.838508","3.362565","0.350257","1.745297","2.235500"
"2011-10-19","19 Oct 2011","4.158062","0.846120","2.811345","0.555468","3.391209","0.864050","3.405103","0.354996","1.792146","2.288610"
"2011-10-20","20 Oct 2011","4.128047","0.918042","2.815198","0.594226","3.405680","0.922748","3.441727","0.358550","1.835531","2.311069"
"2011-10-21","21 Oct 2011","4.176562","0.914565","2.848021","0.603527","3.430854","0.924986","3.453178","0.381914","1.848434","2.334755"
"2011-10-24","24 Oct 2011","4.212252","0.874610","2.834690","0.584385","3.446839","0.890904","3.475820","0.382651","1.809874","2.305578"
"2011-10-25","25 Oct 2011","4.182565","0.833371","2.813860","0.572735","3.396636","0.860058","3.402042","0.401437","1.778842","2.282108"
"2011-10-26","26 Oct 2011","4.163534","0.737496","2.763099","0.524230","3.345655","0.780308","3.337643","0.401186","1.697428","2.216002"
"2011-10-27","27 Oct 2011","4.301561","0.841387","2.833391","0.566350","3.467396","0.859690","3.411799","0.376687","1.768549","2.276591"
"2011-10-28","28 Oct 2011","4.365662","0.845804","2.870759","0.570286","3.517662","0.865496","3.463267","0.381365","1.787231","2.303997"
"2011-10-31","31 Oct 2011","4.290200","0.782729","2.788549","0.537435","3.437663","0.809018","3.380517","0.375984","1.705485","2.220241"
"2011-11-01","01 Nov 2011","4.091345","0.668273","2.604445","0.488178","3.243425","0.707846","3.180710","0.385328","1.540368","2.042999"
"2011-11-02","02 Nov 2011","4.195072","0.708648","2.680757","0.511806","3.339286","0.745298","3.283997","0.394237","1.599509","2.110133"
"2011-11-03","03 Nov 2011","4.339965","0.644664","2.751797","0.452510","3.431035","0.690773","3.370374","0.346364","1.602634","2.148483"
"2011-11-04","04 Nov 2011","4.228563","0.647420","2.674832","0.445351","3.353545","0.685501","3.302661","0.325122","1.564611","2.089239"
"2011-11-07","07 Nov 2011","4.286846","0.672939","2.677437","0.458679","3.383116","0.702443","3.273968","0.321726","1.560851","2.080889"
"2011-11-08","08 Nov 2011","4.218775","0.680587","2.683286","0.461757","3.349581","0.712075","3.299143","0.323568","1.587190","2.104828"
"2011-11-09","09 Nov 2011","4.070872","0.683347","2.624486","0.452853","3.230829","0.710339","3.161637","0.302731","1.574566","2.074271"
"2011-11-10","10 Nov 2011","4.181517","0.766809","2.737207","0.501656","3.344969","0.786682","3.279745","0.320431","1.682969","2.186774"
"2011-11-11","11 Nov 2011","4.261614","0.818225","2.824113","0.533446","3.416598","0.835714","3.341796","0.336020","1.761270","2.272299"
"2011-11-14","14 Nov 2011","4.230629","0.819979","2.825436","0.549859","3.401295","0.843194","3.357501","0.368152","1.769340","2.280628"
"2011-11-15","15 Nov 2011","4.282414","0.914224","2.920606","0.606482","3.470287","0.928947","3.423362","0.390516","1.881179","2.388506"
"2011-11-16","16 Nov 2011","4.252785","0.962017","2.956954","0.622062","3.459732","0.969681","3.398988","0.377064","1.943203","2.443637"
"2011-11-17","17 Nov 2011","4.258365","0.955585","2.965433","0.617164","3.457282","0.964948","3.388191","0.374742","1.946337","2.450737"
"2011-11-18","18 Nov 2011","4.251396","0.983367","2.977028","0.606795","3.452994","0.981311","3.348545","0.327023","1.973694","2.470659"
"2011-11-21","21 Nov 2011","4.138841","0.928473","2.903876","0.578238","3.358324","0.934266","3.279611","0.324471","1.913723","2.407369"
"2011-11-22","22 Nov 2011","4.221944","0.948511","2.973015","0.575119","3.429088","0.951197","3.346801","0.301909","1.964922","2.469168"
"2011-11-23","23 Nov 2011","4.278296","1.031617","3.079768","0.616323","3.494879","1.026746","3.399995","0.306610","2.082218","2.587780"
"2011-11-24","24 Nov 2011","4.317013","1.090372","3.120227","0.605640","3.588267","1.065543","3.551028","0.228850","2.144443","2.637779"
"2011-11-25","25 Nov 2011","4.317187","1.088818","3.185549","0.599753","3.610757","1.072213","3.612113","0.227593","2.205821","2.712773"
"2011-11-28","28 Nov 2011","4.289357","0.968439","3.167566","0.552581","3.609798","0.986949","3.673397","0.266063","2.158476","2.688878"
"2011-11-29","29 Nov 2011","4.292973","0.929333","3.167157","0.519949","3.602889","0.953434","3.660856","0.243320","2.143892","2.683552"
"2011-11-30","30 Nov 2011","4.405517","0.690073","3.071947","0.383436","3.557776","0.742733","3.556478","0.203646","1.918098","2.511178"
"2011-12-01","01 Dec 2011","4.296243","0.626755","2.982077","0.321139","3.486761","0.679803","3.524086","0.143048","1.847257","2.431255"
"2011-12-02","02 Dec 2011","4.227948","0.626190","2.931845","0.336219","3.429097","0.680066","3.463925","0.170068","1.816467","2.389441"
"2011-12-05","05 Dec 2011","4.254873","0.648814","2.898621","0.306407","3.396854","0.675331","3.351798","0.076255","1.780492","2.343961"
"2011-12-06","06 Dec 2011","4.253878","0.679762","2.943700","0.318757","3.426428","0.705399","3.406940","0.075060","1.838540","2.401364"
"2011-12-07","07 Dec 2011","4.081570","0.627382","2.872751","0.289840","3.314666","0.666153","3.325428","0.076412","1.806757","2.359810"
"2011-12-08","08 Dec 2011","4.135349","0.602684","2.888165","0.276817","3.347287","0.646480","3.358742","0.076087","1.796371","2.361019"
"2011-12-09","09 Dec 2011","4.051714","0.625490","2.861056","0.294637","3.289304","0.666455","3.294304","0.088179","1.802955","2.353346"
"2011-12-12","12 Dec 2011","3.981432","0.588640","2.822977","0.277953","3.209776","0.637108","3.182504","0.093033","1.771108","2.321688"
"2011-12-13","13 Dec 2011","4.021960","0.612550","2.830456","0.288926","3.211802","0.651652","3.141142","0.085167","1.769574","2.319814"
"2011-12-14","14 Dec 2011","3.813187","0.584543","2.722550","0.259316","3.069187","0.622745","3.022134","0.054727","1.721551","2.247276"
"2011-12-15","15 Dec 2011","3.734671","0.465441","2.674187","0.175595","3.016949","0.528566","2.987114","0.022473","1.669876","2.204891"
"2011-12-16","16 Dec 2011","3.801175","0.366339","2.636322","0.125395","3.052151","0.455417","2.997680","0.038636","1.600479","2.142344"
"2011-12-19","19 Dec 2011","3.776016","0.453024","2.655171","0.174588","3.058643","0.513270","3.080406","0.024955","1.630349","2.169552"
"2011-12-20","20 Dec 2011","3.816877","0.442878","2.707248","0.159460","3.128739","0.512014","3.185776","0.016307","1.676290","2.223761"
"2011-12-21","21 Dec 2011","3.823722","0.449379","2.687010","0.169035","3.117486","0.513101","3.167461","0.021783","1.650846","2.196451"
"2011-12-22","22 Dec 2011","3.806387","0.448651","2.692364","0.165060","3.119563","0.515063","3.178795","0.018982","1.665855","2.209308"
"2011-12-23","23 Dec 2011","3.848023","0.393764","2.675028","0.136300","3.094817","0.464962","3.111929","0.011563","1.606955","2.167619"
"2011-12-27","27 Dec 2011","3.800207","0.340883","2.654591","0.099039","3.056377","0.423459","3.072144","-0.002790","1.587194","2.152486"
"2011-12-28","28 Dec 2011","3.791322","0.332065","2.648529","0.095466","3.039484","0.415020","3.050194","-0.003136","1.576498","2.144841"
"2011-12-29","29 Dec 2011","3.758759","0.298538","2.633834","0.068025","3.053666","0.390953","3.109916","-0.015178","1.573412","2.138959"
"2011-12-30","30 Dec 2011","3.836411","0.324603","2.645128","0.093778","3.061985","0.406217","3.070926","-0.002528","1.555175","2.127631"
"2012-01-02","02 Jan 2012","3.889047","0.399740","2.717862","0.135763","3.150317","0.473966","3.191198","0.009721","1.643013","2.209752"
"2012-01-03","03 Jan 2012","3.933644","0.378902","2.744522","0.117707","3.200951","0.460245","3.260990","0.001536","1.655824","2.230554"
"2012-01-04","04 Jan 2012","3.937279","0.372175","2.776691","0.103733","3.233604","0.461564","3.309651","-0.007277","1.696250","2.271880"
"2012-01-05","05 Jan 2012","3.968959","0.443101","2.784807","0.161397","3.216684","0.512643","3.250951","0.017917","1.697940","2.270814"
"2012-01-06","06 Jan 2012","3.912209","0.454046","2.788371","0.187312","3.221091","0.535837","3.291441","0.068492","1.733516","2.296170"
"2012-01-09","09 Jan 2012","3.911669","0.450767","2.757489","0.183462","3.219172","0.527176","3.303662","0.058537","1.701191","2.259665"
"2012-01-10","10 Jan 2012","3.934603","0.466750","2.746027","0.199107","3.200439","0.534098","3.255394","0.063320","1.676942","2.236542"
"2012-01-11","11 Jan 2012","3.934973","0.392630","2.690639","0.156550","3.173599","0.467329","3.232186","0.049370","1.594099","2.163035"
"2012-01-12","12 Jan 2012","3.950280","0.333375","2.607854","0.127248","3.112582","0.405207","3.125180","0.036528","1.475893","2.050688"
"2012-01-13","13 Jan 2012","3.924911","0.356446","2.579932","0.149164","3.082213","0.422059","3.078172","0.051520","1.461470","2.025751"
"2012-01-16","16 Jan 2012","4.005717","0.337453","2.579413","0.168635","3.107172","0.410493","3.071054","0.104337","1.423511","1.999244"
"2012-01-17","17 Jan 2012","4.016233","0.384875","2.595342","0.203849","3.128709","0.451607","3.097465","0.125045","1.452836","2.020261"
"2012-01-18","18 Jan 2012","4.055640","0.408643","2.621515","0.207470","3.169680","0.468935","3.145583","0.108310","1.476967","2.044044"
"2012-01-19","19 Jan 2012","4.146727","0.416891","2.658553","0.213620","3.216063","0.475434","3.151213","0.110805","1.486456","2.063293"
"2012-01-20","20 Jan 2012","4.178269","0.429292","2.704383","0.209398","3.243915","0.486737","3.171747","0.093812","1.526694","2.109944"
"2012-01-23","23 Jan 2012","4.318611","0.441681","2.765793","0.219274","3.293510","0.496630","3.115778","0.098605","1.542784","2.143125"
"2012-01-24","24 Jan 2012","4.406837","0.456342","2.811981","0.224033","3.341513","0.508614","3.109226","0.093551","1.566144","2.175270"
"2012-01-25","25 Jan 2012","4.391691","0.434215","2.792213","0.221561","3.318878","0.492099","3.081720","0.110149","1.541486","2.152861"
"2012-01-26","26 Jan 2012","4.367450","0.423821","2.719418","0.206332","3.284183","0.471318","3.050051","0.081548","1.474728","2.073544"
"2012-01-27","27 Jan 2012","4.302561","0.408456","2.675928","0.211199","3.238667","0.460620","3.026278","0.105230","1.444993","2.037579"
"2012-01-30","30 Jan 2012","4.261845","0.415778","2.634370","0.227335","3.191177","0.465783","2.949776","0.125676","1.417668","1.999659"
"2012-01-31","31 Jan 2012","4.261722","0.393133","2.665752","0.206149","3.207770","0.449891","3.020710","0.111648","1.438854","2.033188"
"2012-02-01","01 Feb 2012","4.187445","0.356184","2.633599","0.193255","3.170518","0.423334","3.037644","0.125721","1.416449","2.011203"
"2012-02-02","02 Feb 2012","4.177711","0.322057","2.627758","0.166268","3.157837","0.394091","3.030268","0.108277","1.401277","2.003116"
"2012-02-03","03 Feb 2012","4.168639","0.325847","2.649814","0.157899","3.205497","0.399315","3.161209","0.093146","1.433223","2.034983"
"2012-02-06","06 Feb 2012","4.148169","0.291544","2.637691","0.174243","3.179261","0.381969","3.146641","0.160914","1.408829","2.019614"
"2012-02-07","07 Feb 2012","4.163095","0.307967","2.665410","0.180065","3.215377","0.397581","3.211216","0.158638","1.439721","2.051131"
"2012-02-08","08 Feb 2012","4.182129","0.332974","2.677400","0.191560","3.231635","0.416794","3.221816","0.155103","1.454921","2.062942"
"2012-02-09","09 Feb 2012","4.204719","0.355606","2.682373","0.198928","3.250361","0.432186","3.236694","0.144839","1.462122","2.065786"
"2012-02-10","10 Feb 2012","4.155680","0.338599","2.659373","0.191190","3.208509","0.418791","3.191871","0.147166","1.447415","2.049384"
"2012-02-13","13 Feb 2012","4.125081","0.341651","2.631230","0.202021","3.186053","0.421499","3.173774","0.163277","1.429919","2.024794"
"2012-02-14","14 Feb 2012","4.102606","0.353539","2.641740","0.201878","3.176059","0.431690","3.161151","0.153266","1.452102","2.044472"
"2012-02-15","15 Feb 2012","4.056020","0.347071","2.636132","0.201457","3.144407","0.429638","3.129652","0.161538","1.458026","2.049137"
"2012-02-16","16 Feb 2012","4.039922","0.375676","2.644555","0.213095","3.140603","0.452800","3.122018","0.156292","1.482327","2.066595"
"2012-02-17","17 Feb 2012","4.054814","0.393625","2.681881","0.220547","3.167876","0.471361","3.154534","0.157201","1.522791","2.109138"
"2012-02-20","20 Feb 2012","4.072645","0.408157","2.680416","0.220023","3.188041","0.478947","3.182747","0.139477","1.523192","2.105369"
"2012-02-21","21 Feb 2012","4.121423","0.409439","2.695294","0.222087","3.193941","0.478433","3.148154","0.139834","1.519047","2.107825"
"2012-02-22","22 Feb 2012","4.125138","0.401052","2.674352","0.209226","3.189092","0.466054","3.138908","0.119950","1.495318","2.081928"
"2012-02-23","23 Feb 2012","4.080748","0.380344","2.634475","0.201539","3.151985","0.447789","3.108358","0.123837","1.462111","2.044710"
"2012-02-24","24 Feb 2012","4.094728","0.358218","2.630551","0.191637","3.160523","0.430084","3.125768","0.126600","1.446048","2.034182"
"2012-02-27","27 Feb 2012","4.071003","0.324312","2.600288","0.171094","3.142284","0.400481","3.122550","0.119583","1.412498","2.002009"
"2012-02-28","28 Feb 2012","4.065888","0.311867","2.592481","0.161487","3.141679","0.389421","3.131787","0.113323","1.402965","1.993439"
"2012-02-29","29 Feb 2012","4.063346","0.291901","2.590988","0.147002","3.137451","0.372706","3.133239","0.105646","1.394641","1.989982"
"2012-03-01","01 Mar 2012","4.024905","0.287488","2.561503","0.135225","3.117183","0.364795","3.126596","0.085633","1.378629","1.966497"
"2012-03-02","02 Mar 2012","4.008416","0.257355","2.532225","0.111864","3.102047","0.336284","3.121479","0.068576","1.345520","1.934096"
"2012-03-05","05 Mar 2012","4.063220","0.262822","2.557438","0.117974","3.130267","0.341430","3.132266","0.074457","1.353298","1.948675"
"2012-03-06","06 Mar 2012","4.077477","0.267577","2.565187","0.118783","3.135002","0.344626","3.126314","0.070902","1.357573","1.954105"
"2012-03-07","07 Mar 2012","4.066423","0.262756","2.552143","0.114059","3.119662","0.338761","3.103386","0.065227","1.346006","1.940987"
"2012-03-08","08 Mar 2012","4.059432","0.244548","2.536555","0.105941","3.102711","0.323014","3.079099","0.066413","1.324988","1.921987"
"2012-03-09","09 Mar 2012","4.052751","0.260811","2.537306","0.122548","3.098062","0.338269","3.069247","0.082372","1.332691","1.925932"
"2012-03-12","12 Mar 2012","4.035903","0.260425","2.527566","0.115313","3.092749","0.335712","3.073389","0.068410","1.329985","1.919826"
"2012-03-13","13 Mar 2012","4.114538","0.285077","2.562065","0.134518","3.142034","0.356695","3.101561","0.079980","1.347384","1.941552"
"2012-03-14","14 Mar 2012","4.212531","0.327143","2.629046","0.151087","3.219127","0.391660","3.160812","0.071685","1.399399","1.999109"
"2012-03-15","15 Mar 2012","4.237587","0.371555","2.675381","0.165458","3.248045","0.428583","3.175569","0.057967","1.454493","2.051914"
"2012-03-16","16 Mar 2012","4.369680","0.460045","2.764680","0.210145","3.325429","0.501438","3.152010","0.056953","1.534066","2.130988"
"2012-03-19","19 Mar 2012","4.320155","0.445716","2.733106","0.196078","3.284337","0.486594","3.110114","0.042718","1.513366","2.105600"
"2012-03-20","20 Mar 2012","4.332245","0.447875","2.746433","0.197346","3.283614","0.489219","3.089999","0.043689","1.522057","2.117401"
"2012-03-21","21 Mar 2012","4.306011","0.419553","2.711534","0.190753","3.250405","0.465938","3.056087","0.057041","1.483517","2.079478"
"2012-03-22","22 Mar 2012","4.316126","0.396646","2.690367","0.178529","3.232063","0.444308","3.001792","0.053366","1.450375","2.049029"
"2012-03-23","23 Mar 2012","4.253656","0.361590","2.643707","0.164930","3.191617","0.415414","3.004480","0.060722","1.410121","2.006833"
"2012-03-26","26 Mar 2012","4.297155","0.351742","2.672746","0.159263","3.210519","0.408979","3.006350","0.060876","1.419446","2.027055"
"2012-03-27","27 Mar 2012","4.311223","0.358109","2.669325","0.164031","3.215924","0.413139","2.995849","0.062460","1.414802","2.020410"
"2012-03-28","28 Mar 2012","4.327361","0.334141","2.663938","0.151676","3.217674","0.392866","2.996188","0.061538","1.394916","2.006815"
"2012-03-29","29 Mar 2012","4.317808","0.329651","2.637662","0.152521","3.201281","0.387183","2.963120","0.065088","1.370975","1.978421"
"2012-03-30","30 Mar 2012","4.258788","0.337884","2.599159","0.160187","3.166480","0.392591","2.938985","0.070063","1.355798","1.950660"
"2012-04-02","02 Apr 2012","4.210024","0.302903","2.568136","0.156252","3.128335","0.367634","2.935980","0.097290","1.323725","1.921667"
"2012-04-03","03 Apr 2012","4.233097","0.314359","2.584466","0.154785","3.156146","0.375708","2.971114","0.083591","1.339160","1.937091"
"2012-04-04","04 Apr 2012","4.239259","0.307031","2.587506","0.148662","3.156844","0.369371","2.969112","0.079166","1.337202","1.937997"
"2012-04-05","05 Apr 2012","4.257190","0.295208","2.603025","0.145285","3.176284","0.362300","3.011279","0.086038","1.341699","1.949771"
"2012-04-10","10 Apr 2012","4.221997","0.285208","2.578627","0.139042","3.146354","0.352664","2.980905","0.082869","1.324728","1.929294"
"2012-04-11","11 Apr 2012","4.205298","0.293771","2.565910","0.135479","3.145609","0.356462","2.991035","0.066514","1.323515","1.921267"
"2012-04-12","12 Apr 2012","4.173982","0.278378","2.521797","0.123578","3.125352","0.339288","2.983763","0.055572","1.286841","1.877650"
"2012-04-13","13 Apr 2012","4.128489","0.269562","2.515501","0.116872","3.104911","0.333539","2.994454","0.053360","1.291046","1.881132"
"2012-04-16","16 Apr 2012","4.136585","0.302360","2.542798","0.128293","3.127839","0.360929","3.022821","0.044829","1.329225","1.915403"
"2012-04-17","17 Apr 2012","4.144744","0.317323","2.554341","0.139076","3.139536","0.374627","3.035788","0.051529","1.343669","1.928499"
"2012-04-18","18 Apr 2012","4.118502","0.312232","2.541976","0.137381","3.115783","0.370489","3.008297","0.053166","1.336816","1.919893"
"2012-04-19","19 Apr 2012","4.121856","0.356449","2.550101","0.157283","3.127881","0.405005","3.004002","0.047137","1.362720","1.934698"
"2012-04-20","20 Apr 2012","4.213352","0.352358","2.600920","0.158601","3.159153","0.404168","2.970681","0.054743","1.378692","1.967209"
"2012-04-23","23 Apr 2012","4.188756","0.365132","2.589309","0.161424","3.152456","0.412962","2.973077","0.047074","1.381716","1.962619"
"2012-04-24","24 Apr 2012","4.193873","0.347681","2.568784","0.150120","3.155312","0.395919","2.983491","0.040458","1.355234","1.936256"
"2012-04-25","25 Apr 2012","4.164391","0.317644","2.555327","0.133524","3.146196","0.372235","3.024396","0.039237","1.339591","1.924869"
"2012-04-26","26 Apr 2012","4.206500","0.281926","2.551122","0.116874","3.140822","0.341651","2.976570","0.040371","1.306433","1.903326"
"2012-04-27","27 Apr 2012","4.080986","0.279301","2.501595","0.111164","3.114100","0.339719","3.070457","0.033923","1.301196","1.881449"
"2012-04-30","30 Apr 2012","4.098041","0.259157","2.471095","0.101865","3.088175","0.318577","2.990298","0.031061","1.256945","1.838103"
"2012-05-02","02 May 2012","4.101846","0.231287","2.452640","0.092845","3.076276","0.295593","2.973543","0.039703","1.225816","1.811697"
"2012-05-03","03 May 2012","4.082770","0.236749","2.437547","0.100998","3.065095","0.300360","2.966160","0.049226","1.219070","1.799850"
"2012-05-04","04 May 2012","4.041099","0.204377","2.395729","0.082416","3.019246","0.270954","2.914861","0.043117","1.178056","1.757865"
"2012-05-07","07 May 2012","4.024026","0.187793","2.369283","0.079580","2.998340","0.256923","2.892986","0.052334","1.150439","1.729269"
"2012-05-08","08 May 2012","3.987392","0.200999","2.329514","0.083497","2.962331","0.262763","2.824682","0.043109","1.129701","1.694879"
"2012-05-09","09 May 2012","3.970346","0.222883","2.352901","0.098867","2.963242","0.284963","2.840938","0.054290","1.164526","1.728419"
"2012-05-10","10 May 2012","4.001755","0.214447","2.345026","0.096251","2.969627","0.276080","2.818369","0.055214","1.144236","1.710098"
"2012-05-11","11 May 2012","3.853590","0.202955","2.295206","0.096876","2.880440","0.270041","2.785083","0.069944","1.134302","1.688487"
"2012-05-14","14 May 2012","3.699396","0.200499","2.231995","0.096281","2.782829","0.267994","2.718051","0.071689","1.118821","1.654930"
"2012-05-15","15 May 2012","3.705387","0.219408","2.258494","0.092643","2.801127","0.282339","2.741748","0.048010","1.152034","1.687340"
"2012-05-16","16 May 2012","3.697593","0.222129","2.282477","0.091408","2.819399","0.288135","2.793094","0.047054","1.180354","1.718484"
"2012-05-17","17 May 2012","3.642099","0.171044","2.238955","0.076166","2.762375","0.248773","2.739346","0.068052","1.132977","1.675156"
"2012-05-18","18 May 2012","3.624051","0.189498","2.223842","0.086851","2.759205","0.262369","2.745716","0.068899","1.132098","1.665174"
"2012-05-21","21 May 2012","3.632262","0.177400","2.232623","0.080680","2.757231","0.253684","2.735408","0.069980","1.132357","1.671183"
"2012-05-22","22 May 2012","3.654718","0.173625","2.230201","0.075055","2.754907","0.247495","2.707271","0.060523","1.120430","1.661280"
"2012-05-23","23 May 2012","3.566963","0.145352","2.169335","0.062551","2.677531","0.222253","2.626456","0.062165","1.076001","1.609417"
"2012-05-24","24 May 2012","3.464456","0.130879","2.070716","0.050963","2.582410","0.201083","2.512839","0.046610","1.006202","1.519829"
"2012-05-25","25 May 2012","3.465909","0.125267","2.053131","0.045354","2.586656","0.193645","2.526487","0.039325","0.988338","1.499296"
"2012-05-28","28 May 2012","3.492388","0.106598","2.057176","0.041529","2.594218","0.179833","2.527521","0.050257","0.975438","1.494098"
"2012-05-29","29 May 2012","3.453375","0.114740","2.045460","0.053337","2.563837","0.188615","2.491870","0.065397","0.977314","1.490760"
"2012-05-30","30 May 2012","3.352544","0.113252","2.003235","0.054270","2.484174","0.187194","2.403858","0.068446","0.964676","1.466823"
"2012-05-31","31 May 2012","3.232291","0.100308","1.887070","0.051215","2.399428","0.168816","2.340370","0.067823","0.886337","1.363182"
"2012-06-01","01 Jun 2012","3.117997","0.070780","1.764327","0.042582","2.293439","0.136730","2.219887","0.071875","0.791012","1.247018"
"2012-06-04","04 Jun 2012","3.165100","0.092533","1.839348","0.043838","2.329670","0.158255","2.239601","0.058273","0.856284","1.323517"
"2012-06-05","05 Jun 2012","3.154282","0.087498","1.841837","0.040091","2.330060","0.155145","2.257275","0.057283","0.860423","1.328864"
"2012-06-06","06 Jun 2012","3.278064","0.143906","1.945174","0.074763","2.441747","0.208389","2.368776","0.073458","0.944830","1.423551"
"2012-06-07","07 Jun 2012","3.426539","0.178782","2.080572","0.085925","2.575068","0.244695","2.513821","0.068845","1.045221","1.546738"
"2012-06-08","08 Jun 2012","3.388100","0.149854","2.031280","0.064011","2.541242","0.215586","2.487901","0.051771","0.999661","1.496861"
"2012-06-11","11 Jun 2012","3.442296","0.171192","2.075626","0.085796","2.608982","0.239240","2.591379","0.076061","1.035687","1.537743"
"2012-06-12","12 Jun 2012","3.552759","0.218684","2.178756","0.109297","2.706353","0.284253","2.682853","0.080104","1.120343","1.634402"
"2012-06-13","13 Jun 2012","3.647266","0.226642","2.222763","0.105970","2.786056","0.289660","2.773255","0.066161","1.140038","1.663244"
"2012-06-14","14 Jun 2012","3.666857","0.212584","2.211770","0.101423","2.796678","0.277049","2.788857","0.069542","1.118425","1.643973"
"2012-06-15","15 Jun 2012","3.582084","0.171567","2.154030","0.072133","2.717628","0.239211","2.703426","0.051609","1.071866","1.593654"
"2012-06-18","18 Jun 2012","3.552508","0.152083","2.139527","0.056620","2.700772","0.222456","2.702041","0.041564","1.060514","1.582797"
"2012-06-19","19 Jun 2012","3.655295","0.184427","2.213830","0.064132","2.795749","0.250039","2.805773","0.026926","1.116391","1.647520"
"2012-06-20","20 Jun 2012","3.739171","0.243381","2.292738","0.098087","2.882522","0.303482","2.898847","0.038088","1.191040","1.724944"
"2012-06-21","21 Jun 2012","3.657243","0.209594","2.238723","0.074714","2.808466","0.272297","2.819278","0.024640","1.150052","1.679122"
"2012-06-22","22 Jun 2012","3.672927","0.214365","2.246036","0.081279","2.821364","0.277372","2.833471","0.032712","1.153947","1.684022"
"2012-06-25","25 Jun 2012","3.635705","0.172227","2.184348","0.064927","2.776032","0.239551","2.789169","0.038494","1.088501","1.616721"
"2012-06-26","26 Jun 2012","3.707519","0.191998","2.230782","0.070938","2.839436","0.256457","2.856856","0.031965","1.120807","1.655087"
"2012-06-27","27 Jun 2012","3.731473","0.196418","2.252352","0.071427","2.858221","0.261078","2.873147","0.029788","1.136088","1.674378"
"2012-06-28","28 Jun 2012","3.748744","0.188952","2.244021","0.072802","2.868148","0.254753","2.886756","0.038361","1.119873","1.659391"
"2012-06-29","29 Jun 2012","3.818447","0.198693","2.315738","0.077058","2.930614","0.268638","2.955417","0.042445","1.171851","1.725660"
"2012-07-02","02 Jul 2012","3.769435","0.164887","2.248423","0.071573","2.878202","0.238982","2.904670","0.060799","1.107036","1.655597"
"2012-07-03","03 Jul 2012","3.808780","0.131012","2.208747","0.043255","2.906482","0.202395","2.955234","0.033655","1.048122","1.597586"
"2012-07-04","04 Jul 2012","3.763419","0.124047","2.166209","0.044121","2.871318","0.194826","2.925048","0.039642","1.018135","1.559298"
"2012-07-05","05 Jul 2012","3.683967","0.051086","2.107256","-0.019176","2.808057","0.127429","2.885660","-0.011523","0.960356","1.504290"
"2012-07-06","06 Jul 2012","3.608870","-0.052451","2.003005","-0.042852","2.727978","0.045860","2.833502","0.041584","0.839453","1.389357"
"2012-07-09","09 Jul 2012","3.642370","-0.058745","2.014189","-0.046156","2.719039","0.039512","2.777537","0.039860","0.833520","1.390558"
"2012-07-10","10 Jul 2012","3.676745","-0.049744","2.008910","-0.041500","2.729418","0.043343","2.763494","0.036390","0.820811","1.376173"
"2012-07-11","11 Jul 2012","3.580915","-0.081522","1.949220","-0.064184","2.626484","0.012906","2.623278","0.021443","0.776971","1.326274"
"2012-07-12","12 Jul 2012","3.610926","-0.081827","1.922705","-0.071439","2.620172","0.004845","2.564731","0.001876","0.742936","1.287853"
"2012-07-13","13 Jul 2012","3.598664","-0.099806","1.906850","-0.081304","2.602941","-0.010913","2.545087","-0.000254","0.723864","1.270203"
"2012-07-16","16 Jul 2012","3.567160","-0.115619","1.862742","-0.073139","2.570723","-0.022952","2.514922","0.028381","0.682969","1.224640"
"2012-07-17","17 Jul 2012","3.530203","-0.105659","1.836955","-0.071270","2.555112","-0.017457","2.511448","0.020667","0.675288","1.206672"
"2012-07-18","18 Jul 2012","3.497520","-0.105811","1.822227","-0.067178","2.527175","-0.016849","2.479222","0.028548","0.669590","1.197405"
"2012-07-19","19 Jul 2012","3.428063","-0.106741","1.814889","-0.066667","2.504474","-0.014111","2.509793","0.033838","0.683683","1.207267"
"2012-07-20","20 Jul 2012","3.365880","-0.118874","1.768614","-0.081004","2.458771","-0.028855","2.469765","0.015748","0.654668","1.169017"
"2012-07-23","23 Jul 2012","3.374486","-0.070757","1.818843","-0.055586","2.480761","0.015064","2.486619","0.021408","0.718582","1.230480"
"2012-07-24","24 Jul 2012","3.500971","-0.036343","1.921149","-0.047115","2.588328","0.046665","2.591100","0.008632","0.793893","1.321078"
"2012-07-25","25 Jul 2012","3.521795","-0.020816","1.945119","-0.036182","2.608932","0.061771","2.611455","0.015918","0.816390","1.345183"
"2012-07-26","26 Jul 2012","3.517026","-0.056426","1.926720","-0.051456","2.585048","0.032460","2.576264","0.020639","0.784232","1.319726"
"2012-07-27","27 Jul 2012","3.588393","-0.050357","1.964219","-0.056793","2.645388","0.036378","2.642608","0.005052","0.803490","1.346544"
"2012-07-30","30 Jul 2012","3.607855","-0.102184","1.947768","-0.080531","2.633058","-0.006560","2.618449","0.009016","0.759512","1.315058"
"2012-07-31","31 Jul 2012","3.521985","-0.114194","1.871463","-0.087881","2.540268","-0.022894","2.482895","0.001098","0.705619","1.246447"
"2012-08-01","01 Aug 2012","3.536606","-0.142050","1.896456","-0.097342","2.567047","-0.039808","2.555270","0.014714","0.714396","1.268413"
"2012-08-02","02 Aug 2012","3.474859","-0.130355","1.829207","-0.083248","2.500413","-0.035063","2.451206","0.024217","0.671199","1.207070"
"2012-08-03","03 Aug 2012","3.476457","-0.094225","1.844507","-0.061592","2.537261","-0.003408","2.528555","0.031810","0.702436","1.230471"
"2012-08-06","06 Aug 2012","3.551557","-0.119076","1.902705","-0.073088","2.570408","-0.018751","2.537337","0.038034","0.722574","1.273459"
"2012-08-07","07 Aug 2012","3.622241","-0.093632","1.958918","-0.065311","2.635003","0.003642","2.604235","0.030377","0.766766","1.324066"
"2012-08-08","08 Aug 2012","3.559937","-0.114164","1.914403","-0.079441","2.581197","-0.016250","2.549069","0.021503","0.734557","1.286027"
"2012-08-09","09 Aug 2012","3.571834","-0.106921","1.905543","-0.079065","2.601074","-0.013095","2.583344","0.013304","0.727900","1.274964"
"2012-08-10","10 Aug 2012","3.510966","-0.126883","1.849761","-0.088927","2.550465","-0.032915","2.537001","0.010868","0.685053","1.223866"
"2012-08-13","13 Aug 2012","3.585401","-0.112215","1.928553","-0.071246","2.596562","-0.012155","2.559965","0.035977","0.740018","1.295479"
"2012-08-14","14 Aug 2012","3.592084","-0.090670","1.930178","-0.059199","2.615638","0.004979","2.590935","0.037359","0.749678","1.299205"
"2012-08-15","15 Aug 2012","3.617331","-0.082975","1.989057","-0.055550","2.659059","0.018289","2.666033","0.043444","0.802451","1.362246"
"2012-08-16","16 Aug 2012","3.592031","-0.095068","1.984608","-0.067284","2.634196","0.007951","2.633718","0.033629","0.800604","1.361821"
"2012-08-17","17 Aug 2012","3.603876","-0.086705","1.994386","-0.058349","2.631884","0.016035","2.610317","0.042585","0.807593","1.369975"
"2012-08-20","20 Aug 2012","3.603790","-0.080768","1.990230","-0.051898","2.634806","0.021091","2.616907","0.048614","0.806029","1.366015"
"2012-08-21","21 Aug 2012","3.634490","-0.067618","2.021035","-0.059945","2.668266","0.029835","2.654226","0.021498","0.834065","1.396489"
"2012-08-22","22 Aug 2012","3.559273","-0.061210","1.967070","-0.051900","2.596762","0.032089","2.556440","0.027032","0.805196","1.353126"
"2012-08-23","23 Aug 2012","3.498586","-0.075151","1.901172","-0.052557","2.537810","0.017024","2.486922","0.034838","0.753744","1.290419"
"2012-08-24","24 Aug 2012","3.461589","-0.075216","1.849408","-0.076335","2.504808","0.005056","2.431970","-0.016502","0.719749","1.242156"
"2012-08-27","27 Aug 2012","3.478821","-0.074467","1.869731","-0.060213","2.519084","0.011961","2.457181","0.016064","0.731611","1.260080"
"2012-08-28","28 Aug 2012","3.484713","-0.068305","1.870433","-0.043840","2.521290","0.020234","2.457276","0.041582","0.731138","1.259342"
"2012-08-29","29 Aug 2012","3.534316","-0.058782","1.916786","-0.042571","2.559609","0.030270","2.490305","0.037322","0.764250","1.301131"
"2012-08-30","30 Aug 2012","3.522181","-0.081108","1.895506","-0.063032","2.545916","0.008153","2.479354","0.018344","0.740044","1.277509"
"2012-08-31","31 Aug 2012","3.552979","-0.076387","1.914441","-0.053211","2.566773","0.014852","2.496767","0.033474","0.749647","1.291497"
"2012-09-03","03 Sep 2012","3.554735","-0.066645","1.909228","-0.042632","2.560538","0.022998","2.472169","0.043165","0.746955","1.285705"
"2012-09-04","04 Sep 2012","3.616806","-0.068378","1.947899","-0.047763","2.605760","0.022505","2.515284","0.036532","0.765179","1.314349"
"2012-09-05","05 Sep 2012","3.646671","-0.078420","1.967705","-0.060524","2.644312","0.014185","2.587270","0.023386","0.773764","1.329630"
"2012-09-06","06 Sep 2012","3.833846","-0.009560","2.033391","-0.026272","2.769082","0.066750","2.616342","0.017843","0.812034","1.367742"
"2012-09-07","07 Sep 2012","3.824275","0.001747","2.022051","-0.018762","2.775012","0.075361","2.635643","0.020360","0.810290","1.359522"
"2012-09-10","10 Sep 2012","3.862961","0.014946","2.047104","-0.013733","2.814062","0.086780","2.681863","0.017942","0.829414","1.380930"
"2012-09-11","11 Sep 2012","3.838705","0.009490","2.024343","-0.007985","2.791411","0.083075","2.658363","0.033275","0.811471","1.359653"
"2012-09-12","12 Sep 2012","3.916329","0.030105","2.082242","-0.016034","2.870049","0.098141","2.749405","-0.000236","0.856412","1.411329"
"2012-09-13","13 Sep 2012","3.821211","0.012907","2.009848","-0.011198","2.788638","0.083578","2.666556","0.022855","0.806382","1.348979"
"2012-09-14","14 Sep 2012","3.962772","0.058517","2.119992","0.018975","2.906682","0.128632","2.780613","0.041247","0.886965","1.445207"
"2012-09-17","17 Sep 2012","3.943292","0.066378","2.117005","0.006878","2.885061","0.130695","2.721805","0.009838","0.894897","1.448424"
"2012-09-18","18 Sep 2012","3.893694","0.045119","2.075959","0.000368","2.835606","0.112187","2.667798","0.016336","0.860407","1.410320"
"2012-09-19","19 Sep 2012","3.907966","0.040545","2.076311","-0.004205","2.848550","0.107481","2.685609","0.011611","0.855779","1.407057"
"2012-09-20","20 Sep 2012","3.897304","0.032235","2.066656","-0.015370","2.840700","0.098367","2.679810","-0.002287","0.847546","1.398119"
"2012-09-21","21 Sep 2012","3.919712","0.031515","2.073937","-0.011566","2.856070","0.098858","2.694671","0.005748","0.847245","1.400570"
"2012-09-24","24 Sep 2012","3.902463","0.032329","2.060383","-0.011640","2.847855","0.098560","2.692299","0.004131","0.840584","1.389913"
"2012-09-25","25 Sep 2012","3.878172","0.030267","2.043602","-0.006425","2.825461","0.097606","2.666620","0.015567","0.829712","1.375935"
"2012-09-26","26 Sep 2012","3.786020","0.020244","1.970939","-0.014318","2.749074","0.084116","2.565611","0.006381","0.785190","1.315160"
"2012-09-27","27 Sep 2012","3.765252","0.012912","1.958805","-0.009924","2.720104","0.079763","2.524378","0.021759","0.774022","1.304127"
"2012-09-28","28 Sep 2012","3.752403","0.004000","1.940148","-0.013759","2.710423","0.071301","2.519508","0.021967","0.757000","1.285076"
"2012-10-01","01 Oct 2012","3.780620","0.025334","1.969138","-0.007240","2.746392","0.089371","2.564113","0.015054","0.786554","1.314880"
"2012-10-02","02 Oct 2012","3.787674","0.021171","1.966487","-0.013017","2.755766","0.084583","2.580372","0.007566","0.781680","1.310210"
"2012-10-03","03 Oct 2012","3.778277","0.013213","1.953797","-0.016101","2.745946","0.077450","2.571115","0.008690","0.769108","1.296949"
"2012-10-04","04 Oct 2012","3.803368","0.011805","1.975094","-0.011213","2.751321","0.079100","2.560542","0.020633","0.778649","1.313455"
"2012-10-05","05 Oct 2012","3.828214","0.017625","2.011333","-0.005369","2.783044","0.087904","2.633043","0.029085","0.806685","1.348971"
"2012-10-08","08 Oct 2012","3.790711","0.002277","1.985942","-0.022788","2.752091","0.071732","2.602909","0.009526","0.788489","1.327778"
"2012-10-09","09 Oct 2012","3.783965","0.006770","1.979783","-0.016454","2.750214","0.075973","2.604393","0.016995","0.786387","1.323025"
"2012-10-10","10 Oct 2012","3.761151","-0.006973","1.956096","-0.020805","2.726345","0.063947","2.578951","0.020874","0.764423","1.299499"
"2012-10-11","11 Oct 2012","3.746579","0.005990","1.951870","-0.012874","2.724939","0.074747","2.584554","0.023410","0.770616","1.300425"
"2012-10-12","12 Oct 2012","3.706040","-0.007913","1.920498","-0.021985","2.690178","0.061178","2.549921","0.018087","0.747246","1.272891"
"2012-10-15","15 Oct 2012","3.690041","-0.006837","1.906677","-0.017570","2.680237","0.062147","2.543300","0.024849","0.739215","1.261236"
"2012-10-16","16 Oct 2012","3.777366","0.023949","1.977406","-0.006801","2.760766","0.089962","2.627821","0.018577","0.794674","1.325123"
"2012-10-17","17 Oct 2012","3.852408","0.048227","2.038483","0.003249","2.826849","0.112657","2.695415","0.016941","0.841036","1.379732"
"2012-10-18","18 Oct 2012","3.822702","0.067591","2.034868","0.013100","2.815903","0.128838","2.690328","0.017359","0.854649","1.385919"
"2012-10-19","19 Oct 2012","3.778993","0.068951","2.013965","0.011762","2.785337","0.128720","2.661275","0.012926","0.848377","1.373249"
"2012-10-22","22 Oct 2012","3.761027","0.091852","2.013751","0.024215","2.788492","0.147916","2.676275","0.014815","0.863953","1.381246"
"2012-10-23","23 Oct 2012","3.751318","0.077417","1.997161","0.016613","2.775321","0.134865","2.662031","0.013290","0.845175","1.362731"
"2012-10-24","24 Oct 2012","3.781422","0.060720","2.000837","0.006499","2.790399","0.120390","2.674548","0.009691","0.833288","1.357221"
"2012-10-25","25 Oct 2012","3.828772","0.057021","2.027863","0.002800","2.821113","0.118141","2.700168","0.007110","0.843344","1.375640"
"2012-10-26","26 Oct 2012","3.770309","0.032019","1.976015","-0.004793","2.764721","0.096008","2.640658","0.014545","0.799874","1.326992"
"2012-10-29","29 Oct 2012","3.731193","0.022704","1.949254","-0.006346","2.729047","0.087916","2.602113","0.019678","0.781113","1.304413"
"2012-10-30","30 Oct 2012","3.702657","0.009589","1.943555","-0.017334","2.717359","0.077132","2.629778","0.012342","0.778660","1.303416"
"2012-10-31","31 Oct 2012","3.721713","0.020542","1.949500","-0.010770","2.717196","0.085641","2.582378","0.013542","0.782853","1.306550"
"2012-11-01","01 Nov 2012","3.717936","0.015402","1.946770","-0.010819","2.707850","0.082031","2.567462","0.018450","0.778170","1.303127"
"2012-11-02","02 Nov 2012","3.698001","-0.002122","1.926781","-0.020014","2.683014","0.066500","2.537710","0.016943","0.757253","1.282539"
"2012-11-05","05 Nov 2012","3.690319","-0.012125","1.911812","-0.016521","2.668765","0.059411","2.519525","0.032612","0.739645","1.265221"
"2012-11-06","06 Nov 2012","3.695109","-0.018870","1.908257","-0.029356","2.677581","0.051021","2.536339","0.013976","0.734433","1.260159"
"2012-11-07","07 Nov 2012","3.645278","-0.054958","1.861441","-0.047476","2.620764","0.018976","2.471313","0.012246","0.688558","1.213503"
"2012-11-08","08 Nov 2012","3.654861","-0.052665","1.857334","-0.039320","2.631102","0.021869","2.487142","0.025110","0.682784","1.206747"
"2012-11-09","09 Nov 2012","3.614326","-0.057962","1.823963","-0.043889","2.606419","0.015036","2.472482","0.019836","0.662298","1.178748"
"2012-11-12","12 Nov 2012","3.616428","-0.056588","1.822845","-0.038050","2.606916","0.017285","2.472433","0.029628","0.660478","1.176799"
"2012-11-13","13 Nov 2012","3.579990","-0.059046","1.798225","-0.046699","2.588150","0.012080","2.464733","0.014273","0.648965","1.158508"
"2012-11-14","14 Nov 2012","3.613001","-0.043851","1.822111","-0.034050","2.618801","0.026908","2.497416","0.024739","0.667929","1.179539"
"2012-11-15","15 Nov 2012","3.636289","-0.053127","1.817872","-0.037822","2.637944","0.018475","2.523830","0.025570","0.654501","1.168195"
"2012-11-16","16 Nov 2012","3.643236","-0.058168","1.809334","-0.042613","2.649016","0.012735","2.544789","0.020343","0.644099","1.156896"
"2012-11-19","19 Nov 2012","3.651431","-0.049355","1.821386","-0.033789","2.654283","0.021899","2.545535","0.029471","0.655594","1.169275"
"2012-11-20","20 Nov 2012","3.690607","-0.027824","1.865182","-0.024299","2.688261","0.042010","2.574399","0.029056","0.693988","1.212244"
"2012-11-21","21 Nov 2012","3.728901","-0.006407","1.904484","-0.018376","2.727758","0.060693","2.616489","0.021478","0.729783","1.251001"
"2012-11-22","22 Nov 2012","3.745615","-0.010286","1.906727","-0.020163","2.740755","0.057291","2.632083","0.021555","0.725953","1.249110"
"2012-11-23","23 Nov 2012","3.761026","-0.017050","1.902547","-0.025156","2.755897","0.050510","2.655125","0.017776","0.716186","1.240281"
"2012-11-26","26 Nov 2012","3.751239","-0.023694","1.882308","-0.021188","2.747346","0.045316","2.650319","0.030616","0.696853","1.218568"
"2012-11-27","27 Nov 2012","3.717883","-0.009910","1.880309","-0.016557","2.727216","0.056691","2.629116","0.026724","0.710139","1.226412"
"2012-11-28","28 Nov 2012","3.604488","-0.043076","1.791520","-0.027189","2.634408","0.026440","2.550728","0.034972","0.644657","1.148369"
"2012-11-29","29 Nov 2012","3.620132","-0.028227","1.808132","-0.020809","2.655948","0.039257","2.578053","0.033539","0.662774","1.165922"
"2012-11-30","30 Nov 2012","3.602339","-0.031280","1.795105","-0.020727","2.641030","0.036480","2.562738","0.036141","0.654112","1.154935"
"2012-12-03","03 Dec 2012","3.641981","-0.019531","1.827844","-0.017684","2.675446","0.047201","2.596907","0.031988","0.678789","1.184255"
"2012-12-04","04 Dec 2012","3.614374","-0.014672","1.813064","-0.015500","2.660987","0.050443","2.588429","0.030951","0.675487","1.175269"
"2012-12-05","05 Dec 2012","3.570257","-0.038670","1.770241","-0.023274","2.614895","0.029371","2.537524","0.037369","0.636831","1.133497"
"2012-12-06","06 Dec 2012","3.567791","-0.063588","1.757009","-0.033435","2.593737","0.008707","2.502734","0.041373","0.612945","1.114618"
"2012-12-07","07 Dec 2012","3.603702","-0.108982","1.732483","-0.052296","2.602695","-0.030409","2.511012","0.046744","0.560786","1.071446"
"2012-12-10","10 Dec 2012","3.597175","-0.111269","1.727098","-0.051744","2.595660","-0.032138","2.502704","0.049820","0.556249","1.066413"
"2012-12-11","11 Dec 2012","3.627128","-0.105079","1.753106","-0.050383","2.617534","-0.025953","2.520146","0.047650","0.574382","1.089338"
"2012-12-12","12 Dec 2012","3.609724","-0.104987","1.746482","-0.048011","2.601011","-0.025374","2.499384","0.052113","0.572258","1.085654"
"2012-12-13","13 Dec 2012","3.612796","-0.105887","1.747275","-0.048342","2.602856","-0.026086","2.501095","0.052341","0.571738","1.085665"
"2012-12-14","14 Dec 2012","3.597548","-0.105422","1.747551","-0.047318","2.585321","-0.024960","2.475054","0.054362","0.575244","1.089156"
"2012-12-17","17 Dec 2012","3.613852","-0.083333","1.776870","-0.039157","2.606683","-0.005536","2.497021","0.050258","0.607609","1.121767"
"2012-12-18","18 Dec 2012","3.623116","-0.066965","1.798783","-0.032454","2.618598","0.009141","2.506988","0.048590","0.632179","1.146645"
"2012-12-19","19 Dec 2012","3.643365","-0.054297","1.817865","-0.028938","2.642458","0.019844","2.535731","0.043840","0.650528","1.165625"
"2012-12-20","20 Dec 2012","3.587054","-0.068478","1.786417","-0.033250","2.585953","0.007869","2.467270","0.048590","0.629149","1.140707"
"2012-12-21","21 Dec 2012","3.577565","-0.070972","1.770973","-0.033691","2.583478","0.004795","2.472726","0.049149","0.617280","1.125602"
"2012-12-24","24 Dec 2012","3.587418","-0.079130","1.773755","-0.035913","2.582715","-0.001296","2.465393","0.052911","0.612677","1.124686"
"2012-12-27","27 Dec 2012","3.533460","-0.073151","1.750463","-0.025950","2.539790","0.004716","2.417824","0.065897","0.606988","1.111495"
"2012-12-28","28 Dec 2012","3.496770","-0.089211","1.722031","-0.036196","2.505060","-0.010418","2.380316","0.060664","0.584034","1.085878"
"2012-12-31","31 Dec 2012","3.498193","-0.092344","1.722533","-0.038158","2.503319","-0.013024","2.376012","0.059982","0.582569","1.085540"
"2013-01-02","02 Jan 2013","3.635571","-0.045509","1.833628","-0.027612","2.631316","0.027952","2.509892","0.039251","0.670012","1.186099"
"2013-01-03","03 Jan 2013","3.689464","-0.016411","1.879277","-0.010629","2.684920","0.054768","2.567333","0.045526","0.709890","1.229031"
"2013-01-04","04 Jan 2013","3.717415","0.037209","1.928053","0.002212","2.747003","0.098205","2.655040","0.020464","0.774753","1.287568"
"2013-01-07","07 Jan 2013","3.683547","0.036203","1.909509","0.006360","2.717778","0.097828","2.622316","0.028923","0.765442","1.274111"
"2013-01-08","08 Jan 2013","3.645046","0.021459","1.880086","-0.003300","2.683280","0.083687","2.586790","0.023484","0.742795","1.248086"
"2013-01-09","09 Jan 2013","3.662467","0.009545","1.875604","-0.005540","2.690679","0.074049","2.593363","0.030066","0.728316","1.236845"
"2013-01-10","10 Jan 2013","3.742966","0.042373","1.939365","0.016107","2.762785","0.105564","2.666708","0.042452","0.778410","1.293997"
"2013-01-11","11 Jan 2013","3.748348","0.072467","1.963021","0.031195","2.782256","0.131949","2.692202","0.043659","0.812153","1.324127"
"2013-01-14","14 Jan 2013","3.673316","0.073121","1.917318","0.035383","2.729667","0.131291","2.644956","0.049445","0.790953","1.290733"
"2013-01-15","15 Jan 2013","3.661569","0.082490","1.901237","0.031815","2.719398","0.135051","2.595124","0.031803","0.786045","1.277894"
"2013-01-16","16 Jan 2013","3.662549","0.081389","1.897468","0.038926","2.715095","0.135708","2.586575","0.046302","0.780346","1.272515"
"2013-01-17","17 Jan 2013","3.660661","0.151330","1.944995","0.075187","2.752297","0.197151","2.642591","0.051319","0.855940","1.337676"
"2013-01-18","18 Jan 2013","3.558808","0.164888","1.908090","0.079367","2.682272","0.206992","2.573598","0.045862","0.855872","1.322640"
"2013-01-21","21 Jan 2013","3.550303","0.158248","1.910709","0.069343","2.667110","0.200439","2.547172","0.033466","0.857592","1.326529"
"2013-01-22","22 Jan 2013","3.574188","0.142203","1.907244","0.061434","2.679777","0.186445","2.560616","0.033059","0.841224","1.314615"
"2013-01-23","23 Jan 2013","3.577424","0.127988","1.889997","0.059148","2.677878","0.174420","2.561113","0.041173","0.818104","1.292152"
"2013-01-24","24 Jan 2013","3.606196","0.125751","1.896121","0.060987","2.701652","0.173074","2.589899","0.046638","0.815114","1.291932"
"2013-01-25","25 Jan 2013","3.567772","0.238438","1.957262","0.129660","2.723831","0.274290","2.629997","0.074299","0.929498","1.386591"
"2013-01-28","28 Jan 2013","3.604641","0.301821","2.014669","0.154644","2.774437","0.327945","2.639519","0.063489","1.002349","1.453207"
"2013-01-29","29 Jan 2013","3.606221","0.270856","2.001328","0.130596","2.756192","0.299372","2.606060","0.046341","0.976470","1.433164"
"2013-01-30","30 Jan 2013","3.625747","0.307312","2.044011","0.155422","2.776169","0.333982","2.616663","0.061259","1.024012","1.481021"
"2013-01-31","31 Jan 2013","3.615230","0.284770","2.020655","0.150103","2.749113","0.315292","2.575359","0.071538","0.993750","1.452841"
"2013-02-01","01 Feb 2013","3.623109","0.225111","1.978888","0.115239","2.728494","0.261527","2.546158","0.059335","0.927908","1.395094"
"2013-02-04","04 Feb 2013","3.649800","0.220912","1.991540","0.110115","2.746698","0.257773","2.563126","0.053851","0.930811","1.402497"
"2013-02-05","05 Feb 2013","3.660239","0.241754","2.012044","0.116080","2.772569","0.275186","2.603321","0.046258","0.957517","1.427116"
"2013-02-06","06 Feb 2013","3.652247","0.230055","1.992288","0.110768","2.767980","0.264233","2.607056","0.046179","0.937297","1.405429"
"2013-02-07","07 Feb 2013","3.709999","0.183199","1.984445","0.091162","2.780855","0.224766","2.600953","0.052167","0.892433","1.374824"
"2013-02-08","08 Feb 2013","3.697036","0.178701","1.975132","0.081672","2.776908","0.218823","2.605488","0.037897","0.887294","1.367671"
"2013-02-11","11 Feb 2013","3.703547","0.176793","1.972391","0.081272","2.785462","0.216975","2.620424","0.038626","0.882747","1.363034"
"2013-02-12","12 Feb 2013","3.713279","0.196756","2.000952","0.088063","2.797202","0.234740","2.627147","0.034095","0.914757","1.395775"
"2013-02-13","13 Feb 2013","3.764043","0.211447","2.040446","0.097038","2.837255","0.249265","2.662863","0.038729","0.942869","1.429981"
"2013-02-14","14 Feb 2013","3.770154","0.178341","2.016153","0.077662","2.830075","0.219280","2.655617","0.031785","0.905208","1.396462"
"2013-02-15","15 Feb 2013","3.762683","0.175547","2.009613","0.074212","2.826409","0.216111","2.655676","0.027563","0.900665","1.390782"
"2013-02-18","18 Feb 2013","3.767721","0.172052","2.007630","0.075182","2.827150","0.213625","2.654698","0.032575","0.895461","1.386568"
"2013-02-19","19 Feb 2013","3.775156","0.174982","2.010240","0.077568","2.837240","0.216263","2.670156","0.034322","0.897450","1.388358"
"2013-02-20","20 Feb 2013","3.795318","0.192962","2.032461","0.088906","2.861154","0.232919","2.698249","0.039766","0.920049","1.411245"
"2013-02-21","21 Feb 2013","3.742549","0.162011","1.978471","0.072377","2.811700","0.204063","2.650867","0.035435","0.871923","1.358623"
"2013-02-22","22 Feb 2013","3.768908","0.118393","1.962339","0.046487","2.807800","0.165406","2.634343","0.026321","0.830883","1.327428"
"2013-02-25","25 Feb 2013","3.807661","0.147620","2.005285","0.058793","2.853683","0.191410","2.688699","0.023719","0.873299","1.371398"
"2013-02-26","26 Feb 2013","3.746346","0.078415","1.918728","0.028724","2.770918","0.130162","2.592228","0.028498","0.778880","1.277263"
"2013-02-27","27 Feb 2013","3.693115","0.048483","1.866287","0.011736","2.721986","0.102054","2.546080","0.022420","0.732884","1.226722"
"2013-02-28","28 Feb 2013","3.716794","0.047644","1.880492","0.012597","2.734373","0.102337","2.551720","0.025389","0.738305","1.236514"
"2013-03-01","01 Mar 2013","3.677689","0.024799","1.839016","0.002121","2.697890","0.081329","2.517786","0.025405","0.701138","1.195790"
"2013-03-04","04 Mar 2013","3.678371","0.026939","1.833209","0.012618","2.697528","0.084860","2.517895","0.043095","0.695266","1.188791"
"2013-03-05","05 Mar 2013","3.688208","0.043029","1.847687","0.016164","2.721202","0.097833","2.554798","0.035015","0.714693","1.206110"
"2013-03-06","06 Mar 2013","3.716486","0.036887","1.860953","0.007959","2.740523","0.091989","2.573008","0.025501","0.717231","1.213700"
"2013-03-07","07 Mar 2013","3.714940","0.072782","1.880909","0.030369","2.760663","0.124106","2.606065","0.035113","0.751858","1.242180"
"2013-03-08","08 Mar 2013","3.716371","0.087560","1.890997","0.036234","2.773630","0.136607","2.627796","0.032684","0.768068","1.255917"
"2013-03-11","11 Mar 2013","3.734225","0.069253","1.882907","0.031483","2.772774","0.121559","2.614078","0.040350","0.746741","1.239185"
"2013-03-12","12 Mar 2013","3.733430","0.061334","1.873012","0.030208","2.769041","0.114914","2.611038","0.044917","0.734169","1.226902"
"2013-03-13","13 Mar 2013","3.733234","0.057387","1.866980","0.027570","2.770998","0.110993","2.617811","0.043242","0.727574","1.219864"
"2013-03-14","14 Mar 2013","3.743509","0.057020","1.868900","0.032293","2.775958","0.111802","2.620394","0.052595","0.725510","1.219083"
"2013-03-15","15 Mar 2013","3.744452","0.043917","1.852348","0.028720","2.774298","0.100355","2.622899","0.057257","0.704518","1.198314"
"2013-03-18","18 Mar 2013","3.694876","0.020312","1.805630","0.016206","2.730746","0.078128","2.582741","0.053950","0.665391","1.154239"
"2013-03-19","19 Mar 2013","3.657937","0.014279","1.787515","0.014662","2.692493","0.072981","2.532900","0.056435","0.654887","1.141088"
"2013-03-20","20 Mar 2013","3.659993","0.023949","1.803429","0.014017","2.696734","0.080872","2.534207","0.046876","0.673536","1.160171"
"2013-03-21","21 Mar 2013","3.583937","0.029996","1.767636","0.018441","2.644967","0.084994","2.487709","0.048690","0.664062","1.139020"
"2013-03-22","22 Mar 2013","3.595513","0.038499","1.783562","0.020813","2.655869","0.092564","2.496595","0.045852","0.679255","1.155486"
"2013-03-25","25 Mar 2013","3.610951","0.024560","1.774323","0.014633","2.666155","0.080153","2.512200","0.046491","0.661142","1.139590"
"2013-03-26","26 Mar 2013","3.643749","0.030539","1.800575","0.012249","2.693579","0.085150","2.538613","0.037201","0.679604","1.162548"
"2013-03-27","27 Mar 2013","3.571240","0.007881","1.743487","0.001683","2.631202","0.063754","2.477119","0.036512","0.637139","1.112189"
"2013-03-28","28 Mar 2013","3.601016","0.010920","1.759226","0.002257","2.657651","0.066587","2.507422","0.035086","0.645350","1.123529"
"2013-04-02","02 Apr 2013","3.606190","0.035602","1.779443","0.013185","2.677849","0.087984","2.537604","0.033401","0.674141","1.149287"
"2013-04-03","03 Apr 2013","3.614298","0.024146","1.748307","0.009878","2.685306","0.075960","2.522916","0.035461","0.640867","1.111700"
"2013-04-04","04 Apr 2013","3.571369","0.004567","1.695641","0.004459","2.659717","0.057565","2.520476","0.041320","0.597057","1.060425"
"2013-04-05","05 Apr 2013","3.349038","0.002367","1.577776","0.007510","2.499883","0.052348","2.378562","0.046101","0.548280","0.980544"
"2013-04-08","08 Apr 2013","3.325577","0.008885","1.581329","0.010515","2.473709","0.058555","2.337803","0.046352","0.559154","0.990315"
"2013-04-09","09 Apr 2013","3.372157","0.027246","1.630294","0.011820","2.513417","0.074680","2.372211","0.033423","0.599908","1.037330"
"2013-04-10","10 Apr 2013","3.453517","0.050455","1.697821","0.020153","2.578652","0.096601","2.430134","0.029825","0.649539","1.097270"
"2013-04-11","11 Apr 2013","3.463471","0.039466","1.685926","0.018716","2.585677","0.087318","2.443715","0.036668","0.631289","1.079918"
"2013-04-12","12 Apr 2013","3.453002","0.028278","1.664056","0.013388","2.582572","0.076608","2.454191","0.035981","0.610398","1.056722"
"2013-04-15","15 Apr 2013","3.433060","0.028598","1.648441","0.018923","2.569064","0.077343","2.444683","0.045670","0.601148","1.043737"
"2013-04-16","16 Apr 2013","3.424434","0.033907","1.648103","0.017760","2.571319","0.080938","2.455856","0.038449","0.606716","1.046855"
"2013-04-17","17 Apr 2013","3.436016","0.022120","1.642402","0.010017","2.578759","0.070056","2.466935","0.034335","0.593979","1.036258"
"2013-04-18","18 Apr 2013","3.411731","0.012650","1.615288","0.004090","2.563484","0.060250","2.454175","0.030728","0.572964","1.010785"
"2013-04-19","19 Apr 2013","3.437345","0.028760","1.642714","0.015742","2.583140","0.076006","2.466542","0.038840","0.596960","1.037379"
"2013-04-22","22 Apr 2013","3.388423","0.005852","1.597577","0.001692","2.542944","0.054016","2.434243","0.032006","0.559880","0.995278"
"2013-04-23","23 Apr 2013","3.376366","0.012244","1.599395","0.003640","2.535499","0.059407","2.425358","0.029949","0.567554","1.001151"
"2013-04-24","24 Apr 2013","3.385118","-0.002411","1.596947","-0.002939","2.527141","0.047193","2.404733","0.031166","0.555328","0.993425"
"2013-04-25","25 Apr 2013","3.366533","0.005147","1.600156","-0.002826","2.513776","0.053239","2.387172","0.024693","0.566612","1.002617"
"2013-04-26","26 Apr 2013","3.355764","-0.000999","1.587219","-0.003747","2.503767","0.047905","2.379035","0.028230","0.554805","0.989603"
"2013-04-29","29 Apr 2013","3.323487","-0.006394","1.571189","-0.008762","2.475245","0.042392","2.347744","0.023439","0.546403","0.978378"
"2013-04-30","30 Apr 2013","3.283680","-0.005536","1.550318","-0.006268","2.446680","0.042826","2.322370","0.026843","0.538203","0.964419"
"2013-05-02","02 May 2013","3.281795","-0.030991","1.541745","-0.018157","2.418070","0.021628","2.273784","0.028212","0.517260","0.950039"
"2013-05-03","03 May 2013","3.382931","-0.031452","1.589657","-0.018787","2.495747","0.022688","2.353943","0.028530","0.534024","0.979984"
"2013-05-06","06 May 2013","3.377321","-0.012053","1.600352","-0.011339","2.507458","0.039041","2.378131","0.024881","0.554984","0.996940"
"2013-05-07","07 May 2013","3.402186","0.002323","1.629473","-0.007693","2.531145","0.051806","2.400511","0.019418","0.581443","1.026086"
"2013-05-08","08 May 2013","3.391255","0.001727","1.624059","-0.006603","2.520213","0.051475","2.386311","0.021963","0.578691","1.022261"
"2013-05-09","09 May 2013","3.403476","-0.011787","1.617558","-0.010105","2.520180","0.040357","2.380899","0.027624","0.562777","1.009579"
"2013-05-10","10 May 2013","3.498517","0.021709","1.705251","-0.005509","2.605941","0.069901","2.466135","0.007950","0.633419","1.091393"
"2013-05-13","13 May 2013","3.530533","0.013747","1.711854","-0.001551","2.618869","0.065095","2.469366","0.023046","0.625498","1.089047"
"2013-05-14","14 May 2013","3.522696","0.011101","1.706611","-0.001329","2.608784","0.063067","2.455152","0.025860","0.621074","1.084313"
"2013-05-15","15 May 2013","3.536681","0.009209","1.709356","0.001150","2.617305","0.062238","2.462923","0.032346","0.618456","1.083521"
"2013-05-16","16 May 2013","3.496401","-0.011603","1.668486","-0.012292","2.586920","0.041986","2.443496","0.024741","0.584269","1.044689"
"2013-05-17","17 May 2013","3.491685","-0.028161","1.655920","-0.018820","2.569339","0.027951","2.415385","0.027516","0.565690","1.028562"
"2013-05-20","20 May 2013","3.498248","-0.016848","1.664960","-0.013087","2.584272","0.037810","2.439252","0.028030","0.577768","1.039239"
"2013-05-21","21 May 2013","3.562591","0.001562","1.738464","-0.004449","2.640065","0.057925","2.534822","0.030974","0.633313","1.108374"
"2013-05-22","22 May 2013","3.476951","-0.015706","1.673614","-0.013812","2.579006","0.040185","2.487896","0.027071","0.590969","1.053919"
"2013-05-23","23 May 2013","3.513996","0.002591","1.709799","-0.004488","2.611754","0.057362","2.518330","0.028947","0.621665","1.088393"
"2013-05-24","24 May 2013","3.502819","0.022690","1.727861","0.003749","2.606674","0.075210","2.506998","0.026803","0.649429","1.114156"
"2013-05-27","27 May 2013","3.551329","0.026613","1.758166","0.002949","2.644663","0.079123","2.544649","0.022497","0.666099","1.137443"
"2013-05-28","28 May 2013","3.599154","0.028090","1.791955","0.000676","2.674332","0.081333","2.563559","0.018030","0.684208","1.163987"
"2013-05-29","29 May 2013","3.610016","0.076859","1.838245","0.026721","2.701811","0.125278","2.593631","0.023731","0.744496","1.220724"
"2013-05-30","30 May 2013","3.575918","0.091737","1.830405","0.035191","2.685460","0.137851","2.582795","0.025756","0.753265","1.222437"
"2013-05-31","31 May 2013","3.619135","0.080020","1.842756","0.027672","2.713328","0.127834","2.609433","0.022575","0.748110","1.224398"
"2013-06-03","03 Jun 2013","3.627857","0.103191","1.864477","0.041156","2.730083","0.148862","2.629096","0.027314","0.775567","1.250217"
"2013-06-04","04 Jun 2013","3.631434","0.113975","1.876349","0.047453","2.735187","0.158833","2.632229","0.029706","0.789768","1.264166"
"2013-06-05","05 Jun 2013","3.584780","0.112174","1.844161","0.046847","2.708673","0.155810","2.619588","0.029047","0.773259","1.239394"
"2013-06-06","06 Jun 2013","3.631493","0.166886","1.892252","0.072351","2.768616","0.202578","2.646805","0.026865","0.831238","1.291961"
"2013-06-07","07 Jun 2013","3.572148","0.178927","1.875219","0.082322","2.721912","0.213449","2.591651","0.034499","0.835444","1.288031"
"2013-06-10","10 Jun 2013","3.600591","0.195286","1.901305","0.094314","2.747927","0.229271","2.616921","0.042868","0.858040","1.312740"
"2013-06-11","11 Jun 2013","3.623016","0.254078","1.980350","0.113838","2.781639","0.281200","2.641687","0.028401","0.949871","1.405219"
"2013-06-12","12 Jun 2013","3.638286","0.229114","1.960547","0.102725","2.787514","0.259011","2.652812","0.029520","0.917331","1.375797"
"2013-06-13","13 Jun 2013","3.618600","0.189891","1.910480","0.087270","2.758202","0.224136","2.624186","0.034799","0.859617","1.318125"
"2013-06-14","14 Jun 2013","3.565746","0.159552","1.848656","0.076907","2.712311","0.196523","2.587513","0.041177","0.804366","1.256710"
"2013-06-17","17 Jun 2013","3.584399","0.155303","1.849000","0.072968","2.734013","0.192146","2.622281","0.037326","0.799246","1.252758"
"2013-06-18","18 Jun 2013","3.609767","0.188329","1.894065","0.087023","2.765878","0.221790","2.654891","0.034892","0.848088","1.302480"
"2013-06-19","19 Jun 2013","3.598465","0.180864","1.878353","0.086202","2.755041","0.215327","2.645305","0.039710","0.833296","1.286262"
"2013-06-20","20 Jun 2013","3.664380","0.292999","2.027820","0.135518","2.837345","0.316602","2.714995","0.034726","0.999759","1.455087"
"2013-06-21","21 Jun 2013","3.735417","0.306194","2.083792","0.141671","2.882520","0.330287","2.740274","0.036065","1.035951","1.502285"
"2013-06-24","24 Jun 2013","3.801567","0.391272","2.239534","0.185128","2.949703","0.412543","2.844752","0.047184","1.191543","1.671816"
"2013-06-25","25 Jun 2013","3.814801","0.345906","2.221579","0.158780","2.925889","0.372771","2.791623","0.039082","1.150468","1.640826"
"2013-06-26","26 Jun 2013","3.799347","0.279927","2.152379","0.122364","2.896099","0.312420","2.769250","0.028597","1.064338","1.557486"
"2013-06-27","27 Jun 2013","3.723275","0.244133","2.080871","0.103235","2.834206","0.278701","2.724285","0.023322","1.004974","1.490320"
"2013-06-28","28 Jun 2013","3.777194","0.265306","2.137255","0.113809","2.871316","0.299586","2.745547","0.025933","1.049546","1.543265"
"2013-07-01","01 Jul 2013","3.758364","0.241161","2.104018","0.100701","2.851652","0.277193","2.730171","0.022244","1.014472","1.507070"
"2013-07-02","02 Jul 2013","3.759182","0.208077","2.078969","0.085510","2.834200","0.248376","2.704328","0.023451","0.976221","1.473298"
"2013-07-03","03 Jul 2013","3.713369","0.204420","2.051910","0.087118","2.795505","0.245072","2.661810","0.029234","0.961462","1.452831"
"2013-07-04","04 Jul 2013","3.749828","0.136065","2.016618","0.045639","2.797098","0.183513","2.659562","0.012609","0.890892","1.394673"
"2013-07-05","05 Jul 2013","3.880727","0.143697","2.104258","0.043508","2.889000","0.192658","2.737100","0.004449","0.938453","1.462904"
"2013-07-08","08 Jul 2013","3.898526","0.100208","2.073012","0.028923","2.881921","0.155834","2.726878","0.016169","0.884935","1.416323"
"2013-07-09","09 Jul 2013","3.841494","0.094931","2.038408","0.028160","2.837011","0.150449","2.682373","0.018676","0.866117","1.390060"
"2013-07-10","10 Jul 2013","3.855529","0.099820","2.045899","0.030183","2.853159","0.154572","2.703722","0.017973","0.871897","1.396181"
"2013-07-11","11 Jul 2013","3.791351","0.121625","2.021894","0.045034","2.819576","0.172789","2.680197","0.024981","0.877074","1.387962"
"2013-07-12","12 Jul 2013","3.720071","0.104023","1.961219","0.038782","2.766754","0.155536","2.638489","0.027319","0.833922","1.334421"
"2013-07-15","15 Jul 2013","3.527151","0.083885","1.849240","0.027816","2.615732","0.134154","2.490352","0.022281","0.774889","1.251421"
"2013-07-16","16 Jul 2013","3.545827","0.069555","1.846315","0.020776","2.623912","0.121768","2.497888","0.022058","0.760951","1.241510"
"2013-07-17","17 Jul 2013","3.537080","0.057384","1.831635","0.013317","2.613847","0.110445","2.488810","0.018700","0.744955","1.225411"
"2013-07-18","18 Jul 2013","3.528785","0.049304","1.816398","0.010506","2.607258","0.103012","2.486294","0.020234","0.730023","1.209168"
"2013-07-19","19 Jul 2013","3.542937","0.036727","1.800881","0.013744","2.614662","0.093335","2.498549","0.037251","0.705775","1.186077"
"2013-07-22","22 Jul 2013","3.496217","0.058248","1.795067","0.020489","2.593159","0.110550","2.483527","0.029879","0.723511","1.194476"
"2013-07-23","23 Jul 2013","3.498209","0.112956","1.841811","0.048014","2.617654","0.159214","2.512198","0.032850","0.789542","1.254910"
"2013-07-24","24 Jul 2013","3.542052","0.137012","1.899139","0.055075","2.650455","0.181580","2.531023","0.026195","0.839763","1.312154"
"2013-07-25","25 Jul 2013","3.614028","0.131498","1.939367","0.049180","2.696417","0.178029","2.567712","0.021505","0.854322","1.339194"
"2013-07-26","26 Jul 2013","3.613038","0.130555","1.934326","0.043518","2.704676","0.175498","2.588082","0.011118","0.851456","1.334562"
"2013-07-29","29 Jul 2013","3.612959","0.135842","1.947329","0.042848","2.702067","0.180195","2.578427","0.005668","0.865338","1.349831"
"2013-07-30","30 Jul 2013","3.581882","0.131230","1.939241","0.039620","2.683169","0.176671","2.583669","0.004450","0.864040","1.347416"
"2013-07-31","31 Jul 2013","3.588513","0.139276","1.954950","0.043684","2.686426","0.184509","2.580411","0.005470","0.879376","1.364356"
"2013-08-01","01 Aug 2013","3.554469","0.138728","1.939327","0.047771","2.655218","0.184722","2.542881","0.013605","0.872709","1.354158"
"2013-08-02","02 Aug 2013","3.553008","0.128329","1.927810","0.044776","2.649661","0.175820","2.537129","0.017184","0.857773","1.339839"
"2013-08-05","05 Aug 2013","3.600049","0.133664","1.953312","0.047890","2.689135","0.181264","2.580332","0.018704","0.870975","1.358259"
"2013-08-06","06 Aug 2013","3.594445","0.149664","1.966876","0.051762","2.693200","0.194618","2.586899","0.011662","0.892516","1.377608"
"2013-08-07","07 Aug 2013","3.589521","0.147545","1.964113","0.056029","2.682675","0.194166","2.569663","0.021936","0.888903","1.374618"
"2013-08-08","08 Aug 2013","3.583006","0.146872","1.956455","0.054497","2.682206","0.192764","2.575633","0.019186","0.884165","1.367855"
"2013-08-09","09 Aug 2013","3.576905","0.144312","1.948736","0.058656","2.673841","0.191524","2.564981","0.029302","0.876620","1.359742"
"2013-08-12","12 Aug 2013","3.592130","0.143953","1.957748","0.051858","2.690014","0.189955","2.586326","0.016818","0.882044","1.366907"
"2013-08-13","13 Aug 2013","3.676018","0.196259","2.050766","0.074414","2.771774","0.237706","2.667134","0.014045","0.967248","1.459500"
"2013-08-14","14 Aug 2013","3.724443","0.202870","2.078026","0.081625","2.809265","0.245189","2.704186","0.022333","0.981360","1.479326"
"2013-08-15","15 Aug 2013","3.805986","0.222065","2.146103","0.086962","2.872884","0.263729","2.760679","0.017007","1.029655","1.539225"
"2013-08-16","16 Aug 2013","3.779145","0.207195","2.131269","0.077955","2.851576","0.250979","2.755988","0.014079","1.016756","1.526726"
"2013-08-19","19 Aug 2013","3.837073","0.226853","2.182755","0.087962","2.898238","0.270136","2.797369","0.016634","1.056032","1.573463"
"2013-08-20","20 Aug 2013","3.785323","0.210516","2.141117","0.079473","2.854792","0.254415","2.755628","0.014390","1.025121","1.536630"
"2013-08-21","21 Aug 2013","3.838500","0.228181","2.183529","0.088759","2.900919","0.271273","2.801995","0.016890","1.057050","1.574257"
"2013-08-22","22 Aug 2013","3.824414","0.229027","2.198780","0.087478","2.897646","0.273992","2.823894","0.015797","1.074771","1.594899"
"2013-08-23","23 Aug 2013","3.827293","0.280392","2.247823","0.115892","2.915976","0.320853","2.839476","0.023999","1.140080","1.656647"
"2013-08-26","26 Aug 2013","3.766396","0.237120","2.179667","0.092353","2.855739","0.280713","2.780619","0.017348","1.075996","1.588233"
"2013-08-27","27 Aug 2013","3.734233","0.228880","2.148711","0.088674","2.831624","0.272056","2.759754","0.016634","1.053367","1.560091"
"2013-08-28","28 Aug 2013","3.743160","0.232889","2.158289","0.090739","2.836543","0.275935","2.758542","0.017172","1.061096","1.569148"
"2013-08-29","29 Aug 2013","3.761539","0.224111","2.159343","0.085688","2.847966","0.268217","2.771210","0.015640","1.053548","1.564753"
"2013-08-30","30 Aug 2013","3.783164","0.228602","2.173576","0.088808","2.865614","0.272782","2.788980","0.017799","1.062530","1.576220"
"2013-09-02","02 Sep 2013","3.811160","0.248039","2.204514","0.098572","2.894088","0.290619","2.818157","0.019231","1.091648","1.607266"
"2013-09-03","03 Sep 2013","3.832339","0.245930","2.217620","0.096864","2.906623","0.289409","2.826812","0.018525","1.096708","1.616498"
"2013-09-04","04 Sep 2013","3.832652","0.257171","2.225763","0.103267","2.911736","0.299443","2.833230","0.020448","1.108916","1.627268"
"2013-09-05","05 Sep 2013","3.920847","0.313261","2.338728","0.132206","2.984879","0.353379","2.886828","0.027981","1.210333","1.740630"
"2013-09-06","06 Sep 2013","3.858577","0.252917","2.250544","0.099672","2.920139","0.297392","2.827370","0.019142","1.121490","1.647716"
"2013-09-09","09 Sep 2013","3.891078","0.255042","2.264476","0.101484","2.947749","0.299617","2.859167","0.020744","1.126667","1.656106"
"2013-09-10","10 Sep 2013","3.986208","0.282767","2.350572","0.114080","3.021987","0.327257","2.923177","0.022258","1.190622","1.733937"
"2013-09-11","11 Sep 2013","3.961328","0.255829","2.305142","0.100033","3.000073","0.301632","2.911054","0.018580","1.145296","1.685268"
"2013-09-12","12 Sep 2013","3.907777","0.224952","2.240911","0.090788","2.950963","0.273656","2.867614","0.027399","1.087398","1.621010"
"2013-09-13","13 Sep 2013","3.870489","0.232883","2.226618","0.092017","2.930028","0.279074","2.851700","0.021773","1.088684","1.615431"
"2013-09-16","16 Sep 2013","3.847872","0.215925","2.187547","0.090372","2.910491","0.263961","2.839842","0.032714","1.051565","1.574248"
"2013-09-17","17 Sep 2013","3.872784","0.227149","2.217296","0.090076","2.932798","0.273666","2.859546","0.022816","1.077451","1.603728"
"2013-09-18","18 Sep 2013","3.904917","0.242751","2.250093","0.095768","2.962251","0.287926","2.887851","0.020207","1.105655","1.635377"
"2013-09-19","19 Sep 2013","3.895707","0.191433","2.183883","0.073646","2.944994","0.241158","2.884184","0.022842","1.026509","1.555915"
"2013-09-20","20 Sep 2013","3.939792","0.208826","2.219703","0.080901","2.986503","0.256919","2.928173","0.021360","1.055343","1.588539"
"2013-09-23","23 Sep 2013","3.915566","0.184799","2.190090","0.067813","2.957444","0.235154","2.895571","0.018060","1.024311","1.557332"
"2013-09-24","24 Sep 2013","3.863429","0.175661","2.125180","0.061628","2.910594","0.221960","2.816794","0.010545","0.976945","1.496029"
"2013-09-25","25 Sep 2013","3.795623","0.191269","2.101875","0.073825","2.864131","0.235483","2.769395","0.018704","0.979894","1.487938"
"2013-09-26","26 Sep 2013","3.782434","0.191079","2.097886","0.071033","2.854302","0.234667","2.758910","0.013538","0.980030","1.486712"
"2013-09-27","27 Sep 2013","3.742213","0.164683","2.053248","0.058695","2.814654","0.210492","2.719701","0.013224","0.938663","1.442119"
"2013-09-30","30 Sep 2013","3.736895","0.173853","2.054939","0.067654","2.813343","0.219326","2.718792","0.021779","0.944975","1.446363"
"2013-10-01","01 Oct 2013","3.749884","0.167729","2.057781","0.060643","2.823114","0.213259","2.730790","0.014139","0.942215","1.445932"
"2013-10-02","02 Oct 2013","3.766789","0.165799","2.064056","0.061921","2.833464","0.212366","2.739661","0.018560","0.942084","1.448442"
"2013-10-03","03 Oct 2013","3.794305","0.170239","2.085933","0.059851","2.856595","0.216151","2.763298","0.011203","0.957147","1.467437"
"2013-10-04","04 Oct 2013","3.815088","0.169607","2.109536","0.063822","2.884326","0.218939","2.833196","0.021434","0.972099","1.488811"
"2013-10-07","07 Oct 2013","3.790216","0.151684","2.075121","0.059531","2.859946","0.203073","2.811549","0.028707","0.939247","1.453167"
"2013-10-08","08 Oct 2013","3.799712","0.172433","2.092564","0.075976","2.873939","0.222745","2.826417","0.041167","0.960744","1.473233"
"2013-10-09","09 Oct 2013","3.785938","0.171032","2.084218","0.076932","2.861848","0.221655","2.812986","0.044109","0.955851","1.466735"
"2013-10-10","10 Oct 2013","3.862661","0.180101","2.140920","0.077022","2.918475","0.231038","2.862292","0.037859","0.990799","1.513531"
"2013-10-11","11 Oct 2013","3.860181","0.170738","2.135646","0.068333","2.913447","0.222045","2.856481","0.029954","0.983107","1.507027"
"2013-10-14","14 Oct 2013","3.878950","0.169350","2.140927","0.069502","2.927675","0.221324","2.872385","0.033484","0.982179","1.508244"
"2013-10-15","15 Oct 2013","3.893875","0.178279","2.158786","0.071313","2.942434","0.229132","2.886725","0.029211","0.998658","1.526271"
"2013-10-16","16 Oct 2013","3.930289","0.214436","2.211400","0.089427","2.981165","0.262314","2.922852","0.031825","1.052179","1.582022"
"2013-10-17","17 Oct 2013","3.904258","0.175967","2.166065","0.073725","2.943271","0.228611","2.879864","0.036513","1.000220","1.531005"
"2013-10-18","18 Oct 2013","3.859575","0.155246","2.114630","0.065682","2.908035","0.208790","2.853548","0.038401","0.956984","1.481023"
"2013-10-21","21 Oct 2013","3.854278","0.161629","2.116398","0.070691","2.905653","0.214733","2.850496","0.042074","0.962459","1.485073"
"2013-10-22","22 Oct 2013","3.806890","0.138164","2.070429","0.062333","2.859536","0.193656","2.802233","0.046657","0.922478","1.440838"
"2013-10-23","23 Oct 2013","3.787222","0.133485","2.045697","0.059333","2.851425","0.187832","2.805516","0.043925","0.904515","1.417672"
"2013-10-24","24 Oct 2013","3.753660","0.142295","2.028362","0.068763","2.831399","0.195527","2.789390","0.052947","0.901226","1.407353"
"2013-10-25","25 Oct 2013","3.772111","0.163174","2.035767","0.080715","2.841865","0.212380","2.760809","0.054990","0.912291","1.414331"
"2013-10-28","28 Oct 2013","3.750466","0.161323","2.019822","0.081159","2.826760","0.210344","2.748542","0.056974","0.902857","1.401332"
"2013-10-29","29 Oct 2013","3.753644","0.162067","2.019303","0.078185","2.835086","0.209935","2.763779","0.050350","0.903051","1.400701"
"2013-10-30","30 Oct 2013","3.736020","0.135674","1.985577","0.064114","2.814315","0.185683","2.745634","0.046940","0.866062","1.363243"
"2013-10-31","31 Oct 2013","3.736098","0.092664","1.951829","0.046533","2.790482","0.148713","2.711253","0.052664","0.815166","1.318080"
"2013-11-01","01 Nov 2013","3.774753","0.079971","1.956850","0.044255","2.813540","0.138803","2.733727","0.060122","0.803289","1.312341"
"2013-11-04","04 Nov 2013","3.748155","0.077430","1.942938","0.041580","2.792523","0.135865","2.711999","0.057067","0.796774","1.302708"
"2013-11-05","05 Nov 2013","3.782569","0.124288","2.005796","0.059857","2.836859","0.177407","2.756911","0.050307","0.865821","1.372551"
"2013-11-06","06 Nov 2013","3.793960","0.123720","2.016150","0.049040","2.850557","0.174926","2.775006","0.030476","0.873938","1.382357"
"2013-11-07","07 Nov 2013","3.814971","0.052946","1.961857","0.020414","2.835972","0.113643","2.756567","0.040006","0.786912","1.305089"
"2013-11-08","08 Nov 2013","3.864748","0.084437","2.027700","0.031040","2.878380","0.142644","2.788716","0.033465","0.846813","1.371770"
"2013-11-11","11 Nov 2013","3.854970","0.080914","2.020459","0.033472","2.865518","0.140482","2.771380","0.041345","0.840201","1.364883"
"2013-11-12","12 Nov 2013","3.890183","0.064308","2.060363","0.028555","2.895518","0.131723","2.850059","0.051534","0.857975","1.398243"
"2013-11-13","13 Nov 2013","3.871547","0.043204","2.027817","0.019073","2.876085","0.112349","2.834224","0.051868","0.824423","1.363048"
"2013-11-14","14 Nov 2013","3.813402","0.051705","1.993667","0.025372","2.842410","0.118088","2.810490","0.054380","0.813333","1.340143"
"2013-11-15","15 Nov 2013","3.801348","0.061543","1.995023","0.029293","2.838369","0.126248","2.807805","0.052669","0.822381","1.346164"
"2013-11-18","18 Nov 2013","3.783611","0.055732","1.979258","0.031605","2.819819","0.121914","2.786228","0.062102","0.809213","1.331285"
"2013-11-19","19 Nov 2013","3.786300","0.064489","1.990255","0.030496","2.827800","0.128545","2.796205","0.052106","0.823344","1.344819"
"2013-11-20","20 Nov 2013","3.807802","0.068283","2.007396","0.035952","2.840096","0.133558","2.802047","0.059753","0.833684","1.358976"
"2013-11-21","21 Nov 2013","3.873093","0.069490","2.049402","0.037729","2.882728","0.136985","2.835490","0.063688","0.853877","1.390303"
"2013-11-22","22 Nov 2013","3.820411","0.085818","2.026576","0.053748","2.850459","0.151501","2.807179","0.078095","0.853516","1.379269"
"2013-11-25","25 Nov 2013","3.784052","0.086284","1.992063","0.046890","2.822212","0.147329","2.759601","0.062033","0.834067","1.350027"
"2013-11-26","26 Nov 2013","3.782328","0.079240","1.986783","0.042205","2.818012","0.140899","2.754671","0.059555","0.826757","1.343486"
"2013-11-27","27 Nov 2013","3.798312","0.081494","1.993419","0.051455","2.826684","0.144953","2.760173","0.075333","0.827954","1.346739"
"2013-11-28","28 Nov 2013","3.787431","0.077390","1.984244","0.050556","2.816238","0.141385","2.749037","0.077208","0.820480","1.338275"
"2013-11-29","29 Nov 2013","3.785475","0.078367","1.986584","0.051160","2.813207","0.142508","2.743369","0.077674","0.823256","1.341365"
"2013-12-02","02 Dec 2013","3.818910","0.086301","2.021489","0.056514","2.831832","0.151711","2.749425","0.082194","0.847984","1.373070"
"2013-12-03","03 Dec 2013","3.790959","0.080930","2.014172","0.062465","2.815895","0.150285","2.762357","0.099788","0.844946","1.370140"
"2013-12-04","04 Dec 2013","3.838545","0.102473","2.060605","0.074735","2.855911","0.171137","2.797751","0.104749","0.883117","1.413903"
"2013-12-05","05 Dec 2013","3.866329","0.150367","2.114459","0.092601","2.900134","0.212522","2.848174","0.095531","0.947001","1.475753"
"2013-12-06","06 Dec 2013","3.861737","0.162743","2.128213","0.105058","2.893039","0.225674","2.831035","0.108753","0.964170","1.493213"
"2013-12-09","09 Dec 2013","3.845844","0.162566","2.108412","0.113379","2.882262","0.226172","2.824645","0.123785","0.949532","1.474341"
"2013-12-10","10 Dec 2013","3.833852","0.165336","2.099613","0.110086","2.881074","0.226638","2.831554","0.114202","0.947484","1.468472"
"2013-12-11","11 Dec 2013","3.835688","0.176547","2.103039","0.131636","2.879078","0.240045","2.823685","0.145075","0.952034","1.472155"
"2013-12-12","12 Dec 2013","3.822084","0.198976","2.112674","0.146708","2.876207","0.260461","2.820465","0.153223","0.973571","1.489298"
"2013-12-13","13 Dec 2013","3.810113","0.201198","2.110884","0.145230","2.868438","0.261791","2.812288","0.148359","0.976462","1.490632"
"2013-12-16","16 Dec 2013","3.812888","0.197545","2.107390","0.150445","2.864847","0.260243","2.804675","0.161727","0.969516","1.484803"
"2013-12-17","17 Dec 2013","3.824469","0.186043","2.106509","0.144389","2.867274","0.250482","2.804153","0.161017","0.960381","1.479211"
"2013-12-18","18 Dec 2013","3.807681","0.190168","2.114221","0.138643","2.853951","0.253163","2.784837","0.147001","0.974234","1.492740"
"2013-12-19","19 Dec 2013","3.842245","0.197164","2.152465","0.126123","2.885050","0.257427","2.814686","0.118072","1.005056","1.529616"
"2013-12-20","20 Dec 2013","3.814960","0.196575","2.160389","0.128781","2.872848","0.260137","2.828528","0.126093","1.018723","1.544867"
"2013-12-23","23 Dec 2013","3.813610","0.189520","2.161962","0.114635","2.871768","0.251954","2.827571","0.105881","1.019064","1.546663"
"2013-12-24","24 Dec 2013","3.815839","0.187612","2.163011","0.113644","2.871880","0.250463","2.826379","0.105898","1.018476","1.546968"
"2013-12-27","27 Dec 2013","3.866843","0.206820","2.235528","0.121286","2.926824","0.272001","2.903401","0.107373","1.079584","1.619691"
"2013-12-30","30 Dec 2013","3.877532","0.188504","2.238369","0.099530","2.929349","0.254055","2.903328","0.083410","1.073043","1.618394"
"2013-12-31","31 Dec 2013","3.882233","0.181716","2.240880","0.094158","2.928827","0.248269","2.899587","0.079901","1.071142","1.619091"
"2014-01-02","02 Jan 2014","3.899109","0.186373","2.242075","0.106865","2.941846","0.254174","2.914718","0.099407","1.068321","1.616442"
"2014-01-03","03 Jan 2014","3.908087","0.183947","2.235404","0.099099","2.955230","0.249343","2.937995","0.085677","1.060670","1.607324"
"2014-01-06","06 Jan 2014","3.871569","0.173581","2.199954","0.100561","2.923109","0.240272","2.906670","0.096788","1.032791","1.574175"
"2014-01-07","07 Jan 2014","3.842919","0.178533","2.178978","0.105697","2.906727","0.243615","2.896160","0.100729","1.023688","1.558231"
"2014-01-08","08 Jan 2014","3.839100","0.182209","2.179112","0.105363","2.907016","0.246106","2.898348","0.096513","1.026947","1.560087"
"2014-01-09","09 Jan 2014","3.862235","0.181659","2.198130","0.106603","2.919209","0.247341","2.903334","0.100532","1.036946","1.575459"
"2014-01-10","10 Jan 2014","3.863498","0.153212","2.160339","0.096285","2.913539","0.221477","2.905845","0.105337","0.989995","1.528466"
"2014-01-13","13 Jan 2014","3.818818","0.148163","2.128555","0.091689","2.881760","0.215049","2.878538","0.099963","0.971602","1.502973"
"2014-01-14","14 Jan 2014","3.798420","0.162391","2.119306","0.107032","2.872095","0.228249","2.872109","0.115295","0.973912","1.499131"
"2014-01-15","15 Jan 2014","3.809042","0.181660","2.141215","0.120389","2.884536","0.246570","2.881479","0.123621","0.998566","1.523735"
"2014-01-16","16 Jan 2014","3.773242","0.154497","2.089288","0.112589","2.848980","0.222083","2.850132","0.132015","0.948632","1.469581"
"2014-01-17","17 Jan 2014","3.764374","0.137703","2.073714","0.099589","2.836798","0.206121","2.837238","0.122430","0.930210","1.451976"
"2014-01-20","20 Jan 2014","3.764129","0.132917","2.039989","0.106330","2.816137","0.200364","2.776640","0.136423","0.895516","1.412168"
"2014-01-21","21 Jan 2014","3.760723","0.131872","2.045723","0.098473","2.813351","0.198356","2.771602","0.122858","0.902060","1.419675"
"2014-01-22","22 Jan 2014","3.784128","0.142471","2.070952","0.100773","2.834496","0.207899","2.791416","0.118269","0.923649","1.444195"
"2014-01-23","23 Jan 2014","3.725718","0.133902","2.025131","0.098370","2.791771","0.198719","2.755267","0.119882","0.894251","1.405494"
"2014-01-24","24 Jan 2014","3.680483","0.107493","1.981667","0.079370","2.751051","0.173098","2.716908","0.106919","0.856436","1.363961"
"2014-01-27","27 Jan 2014","3.673149","0.116752","1.981943","0.094261","2.744011","0.183462","2.705889","0.126838","0.860742","1.366481"
"2014-01-28","28 Jan 2014","3.685176","0.112092","1.988873","0.087681","2.751277","0.178950","2.711759","0.118969","0.862305","1.370944"
"2014-01-29","29 Jan 2014","3.660425","0.096504","1.961751","0.079349","2.728180","0.164354","2.690301","0.116715","0.837715","1.344122"
"2014-01-30","30 Jan 2014","3.661329","0.067979","1.943330","0.067742","2.712535","0.140302","2.667070","0.121018","0.807200","1.318369"
"2014-01-31","31 Jan 2014","3.612362","0.036165","1.894604","0.037111","2.672571","0.107592","2.634633","0.090507","0.765108","1.271890"
"2014-02-03","03 Feb 2014","3.607808","0.032591","1.879779","0.045296","2.666348","0.105917","2.629480","0.108758","0.749922","1.255127"
"2014-02-04","04 Feb 2014","3.610635","0.034576","1.883789","0.045467","2.669094","0.107611","2.631700","0.107375","0.753767","1.259301"
"2014-02-05","05 Feb 2014","3.599893","0.036516","1.879515","0.048727","2.660317","0.109682","2.621419","0.111724","0.753118","1.257113"
"2014-02-06","06 Feb 2014","3.631718","0.084969","1.931766","0.078677","2.701260","0.154277","2.662777","0.125125","0.812401","1.315173"
"2014-02-07","07 Feb 2014","3.633565","0.050641","1.905600","0.060910","2.688330","0.123867","2.647245","0.122516","0.773073","1.280106"
"2014-02-10","10 Feb 2014","3.641969","0.063944","1.916332","0.062733","2.705951","0.134046","2.672402","0.113429","0.787888","1.292904"
"2014-02-11","11 Feb 2014","3.658609","0.065433","1.930820","0.062776","2.716214","0.136009","2.678350","0.112805","0.796958","1.305298"
"2014-02-12","12 Feb 2014","3.677357","0.057077","1.940886","0.058065","2.722419","0.129622","2.677417","0.112338","0.796857","1.310591"
"2014-02-13","13 Feb 2014","3.660601","0.041878","1.915027","0.051757","2.705901","0.115659","2.663734","0.113471","0.771316","1.283284"
"2014-02-14","14 Feb 2014","3.665531","0.056162","1.928132","0.056076","2.717869","0.127532","2.678976","0.108591","0.788897","1.299358"
"2014-02-17","17 Feb 2014","3.684816","0.055315","1.932890","0.058162","2.732688","0.127328","2.695632","0.113284","0.787529","1.299915"
"2014-02-18","18 Feb 2014","3.686403","0.057866","1.920357","0.065413","2.740364","0.129516","2.713271","0.123596","0.776944","1.285921"
"2014-02-19","19 Feb 2014","3.662991","0.048929","1.903124","0.057264","2.720692","0.120413","2.693977","0.115906","0.764247","1.271062"
"2014-02-20","20 Feb 2014","3.679206","0.063614","1.929926","0.059370","2.738145","0.133046","2.709410","0.107221","0.791268","1.299813"
"2014-02-21","21 Feb 2014","3.665677","0.058030","1.911848","0.063925","2.724568","0.129058","2.696157","0.120437","0.774965","1.281374"
"2014-02-24","24 Feb 2014","3.686687","0.071320","1.932414","0.071051","2.745792","0.141235","2.718338","0.122166","0.793862","1.301508"
"2014-02-25","25 Feb 2014","3.645691","0.066914","1.904460","0.078195","2.708555","0.138631","2.676797","0.139231","0.775674","1.278307"
"2014-02-26","26 Feb 2014","3.597181","0.040572","1.861486","0.066027","2.658651","0.115010","2.621388","0.139618","0.737450","1.237257"
"2014-02-27","27 Feb 2014","3.532323","0.022033","1.805591","0.055187","2.608596","0.096127","2.578116","0.134115","0.696891","1.187560"
"2014-02-28","28 Feb 2014","3.558661","0.087916","1.880142","0.087182","2.650726","0.155475","2.616897","0.136282","0.786064","1.274868"
"2014-03-03","03 Mar 2014","3.493157","0.064907","1.817981","0.078629","2.596652","0.133566","2.568435","0.139144","0.737232","1.217227"
"2014-03-04","04 Mar 2014","3.532159","0.053363","1.838041","0.067589","2.618239","0.123731","2.583388","0.129810","0.740202","1.228826"
"2014-03-05","05 Mar 2014","3.572527","0.066349","1.852390","0.066960","2.646725","0.131904","2.581932","0.115131","0.749709","1.237879"
"2014-03-06","06 Mar 2014","3.594546","0.110264","1.891786","0.102620","2.675615","0.173947","2.609652","0.143314","0.796557","1.282480"
"2014-03-07","07 Mar 2014","3.598183","0.127381","1.901123","0.122528","2.680880","0.191434","2.613102","0.165572","0.809630","1.293781"
"2014-03-10","10 Mar 2014","3.568071","0.110899","1.862491","0.125285","2.650143","0.178105","2.582893","0.184871","0.773794","1.254296"
"2014-03-11","11 Mar 2014","3.627890","0.112966","1.895464","0.120868","2.699373","0.179735","2.635738","0.175293","0.789882","1.278019"
"2014-03-12","12 Mar 2014","3.561297","0.100356","1.841944","0.113997","2.652308","0.166208","2.598849","0.171893","0.754661","1.232381"
"2014-03-13","13 Mar 2014","3.532427","0.095033","1.816361","0.112279","2.632883","0.160522","2.585399","0.172512","0.737291","1.209950"
"2014-03-14","14 Mar 2014","3.497300","0.084068","1.786108","0.105139","2.606251","0.149373","2.563288","0.168023","0.715137","1.183019"
"2014-03-17","17 Mar 2014","3.516747","0.096001","1.800762","0.118951","2.622579","0.161811","2.578091","0.183597","0.727177","1.196047"
"2014-03-18","18 Mar 2014","3.535509","0.099866","1.813609","0.129663","2.630167","0.167860","2.577110","0.201048","0.733390","1.205560"
"2014-03-19","19 Mar 2014","3.557383","0.113847","1.842277","0.128867","2.653845","0.179266","2.601216","0.187421","0.760917","1.235261"
"2014-03-20","20 Mar 2014","3.575642","0.162684","1.900638","0.152982","2.680578","0.223713","2.620693","0.190097","0.829618","1.303479"
"2014-03-21","21 Mar 2014","3.540937","0.159780","1.871537","0.156286","2.656565","0.220785","2.602270","0.197916","0.811050","1.278554"
"2014-03-24","24 Mar 2014","3.504847","0.141484","1.836897","0.145112","2.624797","0.203246","2.572521","0.192546","0.781782","1.245718"
"2014-03-25","25 Mar 2014","3.497238","0.118948","1.822855","0.125380","2.610098","0.181803","2.553932","0.175724","0.762188","1.228789"
"2014-03-26","26 Mar 2014","3.494168","0.098472","1.802256","0.113806","2.602002","0.163028","2.547679","0.171958","0.735828","1.203512"
"2014-03-27","27 Mar 2014","3.488996","0.074779","1.781714","0.100279","2.588294","0.141661","2.531679","0.167672","0.708317","1.178127"
"2014-03-28","28 Mar 2014","3.480423","0.086910","1.794942","0.101854","2.584587","0.151869","2.523936","0.160068","0.728171","1.196963"
"2014-03-31","31 Mar 2014","3.495350","0.109265","1.822119","0.111933","2.604660","0.171793","2.544383","0.159271","0.758831","1.227420"
"2014-04-01","01 Apr 2014","3.502702","0.115187","1.826511","0.117115","2.613736","0.177313","2.555866","0.163578","0.763392","1.231486"
"2014-04-02","02 Apr 2014","3.539734","0.127927","1.857253","0.124983","2.643743","0.189822","2.582689","0.167689","0.786492","1.258897"
"2014-04-03","03 Apr 2014","3.549580","0.125970","1.855391","0.129999","2.649140","0.189277","2.588083","0.178891","0.780455","1.253761"
"2014-04-04","04 Apr 2014","3.544729","0.106304","1.804669","0.121750","2.634055","0.168469","2.539025","0.177784","0.728546","1.195504"
"2014-04-07","07 Apr 2014","3.515845","0.096483","1.783750","0.109532","2.613994","0.157548","2.524059","0.162958","0.714546","1.178154"
"2014-04-08","08 Apr 2014","3.533881","0.112025","1.808495","0.115924","2.632752","0.171586","2.541804","0.161487","0.739063","1.204044"
"2014-04-09","09 Apr 2014","3.512992","0.132337","1.825100","0.114528","2.627703","0.187303","2.537858","0.140676","0.770300","1.231548"
"2014-04-10","10 Apr 2014","3.470817","0.112851","1.779630","0.105106","2.595741","0.168546","2.515701","0.139172","0.732647","1.188014"
"2014-04-11","11 Apr 2014","3.432213","0.101083","1.745372","0.109209","2.556679","0.159443","2.471269","0.157000","0.704727","1.155965"
"2014-04-14","14 Apr 2014","3.435792","0.101391","1.751617","0.108301","2.556574","0.159922","2.466851","0.155350","0.709303","1.162026"
"2014-04-15","15 Apr 2014","3.432070","0.094690","1.743195","0.103782","2.553160","0.153517","2.465748","0.152648","0.700121","1.152636"
"2014-04-16","16 Apr 2014","3.390755","0.088570","1.717719","0.097225","2.523001","0.146490","2.438819","0.145090","0.686146","1.133307"
"2014-04-17","17 Apr 2014","3.377370","0.113159","1.735097","0.097234","2.532526","0.165316","2.459460","0.122633","0.719048","1.161111"
"2014-04-22","22 Apr 2014","3.420231","0.132445","1.771167","0.113322","2.567390","0.184691","2.490085","0.136438","0.747428","1.193697"
"2014-04-23","23 Apr 2014","3.403335","0.139719","1.767658","0.123878","2.551995","0.192494","2.469269","0.149848","0.750325","1.194085"
"2014-04-24","24 Apr 2014","3.376529","0.136516","1.747838","0.125545","2.531061","0.189640","2.449850","0.155368","0.737715","1.177539"
"2014-04-25","25 Apr 2014","3.320656","0.131985","1.717607","0.118471","2.491000","0.183552","2.413252","0.145264","0.724190","1.156660"
"2014-04-28","28 Apr 2014","3.328675","0.145316","1.736961","0.122964","2.500659","0.195391","2.420455","0.142144","0.745509","1.178528"
"2014-04-29","29 Apr 2014","3.377626","0.122430","1.750401","0.100481","2.530661","0.173922","2.449444","0.120993","0.736325","1.179319"
"2014-04-30","30 Apr 2014","3.359743","0.104153","1.720765","0.094310","2.511839","0.157599","2.433268","0.125188","0.706065","1.147461"
"2014-05-02","02 May 2014","3.355063","0.091895","1.706466","0.092405","2.500368","0.147533","2.418020","0.132565","0.688043","1.130198"
"2014-05-05","05 May 2014","3.343316","0.081379","1.691080","0.089926","2.484940","0.138618","2.399411","0.137224","0.671932","1.113778"
"2014-05-06","06 May 2014","3.344421","0.099118","1.697565","0.107690","2.492861","0.155779","2.410787","0.154555","0.684252","1.123016"
"2014-05-07","07 May 2014","3.349804","0.113042","1.722112","0.104777","2.502725","0.166729","2.418608","0.137027","0.712429","1.151994"
"2014-05-08","08 May 2014","3.346193","0.080612","1.689707","0.086066","2.492213","0.136893","2.413005","0.130327","0.670754","1.112022"
"2014-05-09","09 May 2014","3.371717","0.068970","1.688634","0.078248","2.512248","0.126100","2.439521","0.125905","0.658900","1.103504"
"2014-05-12","12 May 2014","3.388465","0.075885","1.699018","0.090581","2.522144","0.134419","2.444645","0.143296","0.665126","1.111382"
"2014-05-13","13 May 2014","3.368678","0.045641","1.663928","0.076660","2.493224","0.107522","2.411751","0.143925","0.624857","1.071849"
"2014-05-14","14 May 2014","3.297706","0.024947","1.606624","0.063397","2.438914","0.086707","2.365577","0.136024","0.583941","1.021829"
"2014-05-15","15 May 2014","3.242183","0.004085","1.560763","0.049893","2.392436","0.066352","2.322015","0.128325","0.548753","0.980720"
"2014-05-16","16 May 2014","3.235026","0.022451","1.574348","0.059544","2.392347","0.082826","2.319749","0.130156","0.570723","1.000308"
"2014-05-19","19 May 2014","3.240703","0.020223","1.582526","0.048227","2.398504","0.079055","2.326137","0.110978","0.577292","1.008583"
"2014-05-20","20 May 2014","3.300854","0.015350","1.608859","0.056988","2.429314","0.078663","2.342535","0.133181","0.580085","1.021673"
"2014-05-21","21 May 2014","3.320037","0.025840","1.631968","0.059377","2.446247","0.088055","2.356739","0.128790","0.600689","1.044721"
"2014-05-22","22 May 2014","3.270220","0.012170","1.597501","0.040302","2.413751","0.072108","2.334216","0.103990","0.579514","1.017147"
"2014-05-23","23 May 2014","3.293517","0.005974","1.601933","0.043063","2.424500","0.068305","2.340441","0.115151","0.573360","1.015037"
"2014-05-26","26 May 2014","3.275959","0.000294","1.592031","0.028951","2.416718","0.060442","2.339504","0.093159","0.568944","1.008383"
"2014-05-27","27 May 2014","3.279441","-0.011509","1.574419","0.034662","2.411708","0.052042","2.333233","0.114316","0.545085","0.985138"
"2014-05-28","28 May 2014","3.201157","-0.015335","1.526818","0.024066","2.365615","0.044545","2.303703","0.095927","0.523971","0.951141"
"2014-05-29","29 May 2014","3.195147","-0.006566","1.527902","0.024191","2.371993","0.050831","2.318644","0.087777","0.531958","0.955903"
"2014-05-30","30 May 2014","3.231232","0.007418","1.557918","0.030940","2.403206","0.063835","2.346523","0.088440","0.555714","0.983159"
"2014-06-02","02 Jun 2014","3.244141","-0.008563","1.556670","0.024969","2.397255","0.050911","2.326749","0.092174","0.542709","0.975519"
"2014-06-03","03 Jun 2014","3.318484","0.009046","1.618615","0.032177","2.451215","0.068427","2.368299","0.091679","0.585944","1.029630"
"2014-06-04","04 Jun 2014","3.336575","-0.001346","1.633651","0.011270","2.461788","0.056961","2.375253","0.062232","0.592263","1.041593"
"2014-06-05","05 Jun 2014","3.363555","-0.010623","1.632538","0.007330","2.483962","0.048714","2.404951","0.062936","0.580714","1.032906"
"2014-06-06","06 Jun 2014","3.296308","-0.043599","1.524617","0.019365","2.439560","0.020977","2.396434","0.111912","0.485197","0.922344"
"2014-06-09","09 Jun 2014","3.269485","-0.023879","1.538822","0.013183","2.435509","0.035088","2.399705","0.082470","0.516822","0.949105"
"2014-06-10","10 Jun 2014","3.296673","-0.013462","1.575589","0.005172","2.455989","0.042804","2.409492","0.058854","0.548743","0.986047"
"2014-06-11","11 Jun 2014","3.312307","-0.028032","1.576567","-0.004747","2.457878","0.029975","2.403587","0.053677","0.538916","0.981104"
"2014-06-12","12 Jun 2014","3.357556","-0.043721","1.582566","-0.010805","2.486352","0.016953","2.432773","0.056673","0.525378","0.974695"
"2014-06-13","13 Jun 2014","3.320173","-0.045938","1.569258","-0.020942","2.459559","0.012736","2.405971","0.039222","0.523628","0.968921"
"2014-06-16","16 Jun 2014","3.281484","-0.049241","1.539644","-0.017439","2.431578","0.009698","2.382488","0.047931","0.505281","0.944213"
"2014-06-17","17 Jun 2014","3.332924","-0.037403","1.582300","-0.007420","2.462531","0.022820","2.397290","0.057617","0.533429","0.980654"
"2014-06-18","18 Jun 2014","3.301688","-0.038229","1.565027","-0.014199","2.446283","0.019830","2.388972","0.044803","0.527489","0.969430"
"2014-06-19","19 Jun 2014","3.206100","-0.050038","1.491351","-0.014586","2.385986","0.007592","2.356939","0.052495","0.481983","0.908227"
"2014-06-20","20 Jun 2014","3.269107","-0.034096","1.537123","-0.006619","2.433631","0.022879","2.391837","0.054052","0.513346","0.946864"
"2014-06-23","23 Jun 2014","3.231895","-0.044789","1.507952","-0.018771","2.411115","0.010869","2.380602","0.039810","0.494134","0.922336"
"2014-06-24","24 Jun 2014","3.231047","-0.040003","1.511543","-0.015973","2.414285","0.015237","2.389396","0.040844","0.499755","0.927336"
"2014-06-25","25 Jun 2014","3.157744","-0.052017","1.457136","-0.017058","2.358722","0.003793","2.342020","0.048249","0.464447","0.881757"
"2014-06-26","26 Jun 2014","3.091654","-0.051861","1.427263","-0.020454","2.311416","0.002194","2.298077","0.040962","0.455568","0.864197"
"2014-06-27","27 Jun 2014","3.089262","-0.037065","1.438230","-0.012624","2.314658","0.015370","2.299509","0.042445","0.472564","0.879288"
"2014-06-30","30 Jun 2014","3.094641","-0.036631","1.438463","-0.009091","2.318106","0.016415","2.302798","0.048715","0.471047","0.878108"
"2014-07-01","01 Jul 2014","3.109497","-0.054097","1.426295","-0.015588","2.324221","0.001247","2.311273","0.051987","0.448411","0.858284"
"2014-07-02","02 Jul 2014","3.150818","-0.046564","1.454487","-0.008206","2.352384","0.009685","2.332351","0.059941","0.465150","0.880704"
"2014-07-03","03 Jul 2014","3.208466","-0.055291","1.479677","-0.017479","2.392641","0.002060","2.371256","0.051060","0.469556","0.894320"
"2014-07-04","04 Jul 2014","3.141344","-0.065040","1.429919","-0.018150","2.342970","-0.007486","2.329053","0.057231","0.438019","0.852937"
"2014-07-07","07 Jul 2014","3.145473","-0.060939","1.434442","-0.015286","2.347975","-0.003656","2.334827","0.058974","0.442766","0.857637"
"2014-07-08","08 Jul 2014","3.089766","-0.066436","1.395233","-0.019695","2.313714","-0.010569","2.313210","0.054283","0.421044","0.826739"
"2014-07-09","09 Jul 2014","3.072777","-0.061568","1.391879","-0.018836","2.303797","-0.006837","2.304103","0.051348","0.424956","0.827892"
"2014-07-10","10 Jul 2014","3.016929","-0.066197","1.359656","-0.021259","2.260862","-0.012003","2.261851","0.050170","0.408631","0.804296"
"2014-07-11","11 Jul 2014","3.022308","-0.063890","1.367411","-0.023098","2.265644","-0.010315","2.265435","0.044818","0.415599","0.812240"
"2014-07-14","14 Jul 2014","3.032809","-0.058464","1.378074","-0.014512","2.267121","-0.003772","2.255904","0.056593","0.423101","0.821659"
"2014-07-15","15 Jul 2014","2.980851","-0.066317","1.349230","-0.024538","2.231382","-0.012801","2.230966","0.044116","0.408587","0.801048"
"2014-07-16","16 Jul 2014","2.981524","-0.061770","1.355806","-0.017778","2.225066","-0.007412","2.213049","0.053174","0.414760","0.808144"
"2014-07-17","17 Jul 2014","2.929045","-0.061832","1.330168","-0.027960","2.198023","-0.010853","2.201046","0.032990","0.408177","0.793173"
"2014-07-18","18 Jul 2014","2.889444","-0.057646","1.308139","-0.015002","2.163737","-0.005661","2.160584","0.053198","0.398454","0.777438"
"2014-07-21","21 Jul 2014","2.872350","-0.053646","1.302780","-0.018844","2.160259","-0.003872","2.166672","0.041906","0.401574","0.776932"
"2014-07-22","22 Jul 2014","2.899266","-0.047213","1.325015","-0.016147","2.179353","0.002498","2.180329","0.041809","0.417041","0.796292"
"2014-07-23","23 Jul 2014","2.862743","-0.052346","1.295323","-0.014158","2.152959","-0.002231","2.159324","0.049342","0.397387","0.770778"
"2014-07-24","24 Jul 2014","2.914293","-0.046795","1.335354","-0.018477","2.190358","0.002726","2.189443","0.037306","0.422900","0.804532"
"2014-07-25","25 Jul 2014","2.867453","-0.055019","1.305731","-0.025699","2.154917","-0.006120","2.156837","0.030369","0.405603","0.781486"
"2014-07-28","28 Jul 2014","2.833154","-0.050505","1.289876","-0.019547","2.129758","-0.001971","2.131175","0.037474","0.401670","0.772195"
"2014-07-29","29 Jul 2014","2.785048","-0.052518","1.265897","-0.021728","2.092544","-0.004738","2.092936","0.034636","0.391894","0.756399"
"2014-07-30","30 Jul 2014","2.815401","-0.044369","1.292014","-0.022033","2.119118","0.002331","2.119401","0.027285","0.411708","0.780060"
"2014-07-31","31 Jul 2014","2.907701","-0.043405","1.338315","-0.017955","2.183752","0.005639","2.177572","0.035375","0.428619","0.809812"
"2014-08-01","01 Aug 2014","2.884690","-0.054994","1.316108","-0.026581","2.166176","-0.005864","2.164813","0.028987","0.410386","0.789012"
"2014-08-04","04 Aug 2014","2.836012","-0.054725","1.282944","-0.017813","2.130762","-0.005165","2.133551","0.044349","0.392403","0.762925"
"2014-08-05","05 Aug 2014","2.875931","-0.044443","1.319757","-0.014690","2.157224","0.004931","2.148707","0.042079","0.419011","0.795976"
"2014-08-06","06 Aug 2014","2.774292","-0.062915","1.258555","-0.033290","2.079644","-0.015130","2.076785","0.022233","0.384200","0.749421"
"2014-08-07","07 Aug 2014","2.755558","-0.061277","1.242624","-0.022770","2.064200","-0.012322","2.061393","0.040180","0.374002","0.735540"
"2014-08-08","08 Aug 2014","2.670034","-0.062081","1.202852","-0.027110","2.001542","-0.015176","2.000660","0.031750","0.360916","0.711338"
"2014-08-11","11 Aug 2014","2.695010","-0.066012","1.212842","-0.031333","2.020020","-0.018720","2.020172","0.027584","0.362074","0.716258"
"2014-08-12","12 Aug 2014","2.708187","-0.063284","1.217149","-0.031032","2.038237","-0.016740","2.049005","0.025499","0.364713","0.718932"
"2014-08-13","13 Aug 2014","2.715699","-0.070402","1.205990","-0.026674","2.041498","-0.021793","2.054845","0.039834","0.348594","0.703136"
"2014-08-14","14 Aug 2014","2.648428","-0.071292","1.170820","-0.025314","1.990325","-0.023387","2.003842","0.042361","0.333858","0.679309"
"2014-08-15","15 Aug 2014","2.626833","-0.071084","1.161030","-0.026669","1.975314","-0.023867","1.989999","0.039351","0.331107","0.673617"
"2014-08-18","18 Aug 2014","2.647217","-0.072087","1.177676","-0.029895","1.983828","-0.024417","1.987875","0.034843","0.339916","0.687061"
"2014-08-19","19 Aug 2014","2.622722","-0.076756","1.161486","-0.032905","1.964443","-0.029169","1.969233","0.033004","0.329870","0.674067"
"2014-08-20","20 Aug 2014","2.578761","-0.081854","1.139583","-0.039752","1.929686","-0.035142","1.933273","0.024240","0.319971","0.659362"
"2014-08-21","21 Aug 2014","2.565908","-0.076710","1.138582","-0.036285","1.920068","-0.030470","1.921234","0.026136","0.324358","0.661876"
"2014-08-22","22 Aug 2014","2.541107","-0.068404","1.131903","-0.030002","1.904624","-0.023102","1.906816","0.030246","0.328223","0.661379"
"2014-08-25","25 Aug 2014","2.512833","-0.107936","1.089897","-0.063507","1.876137","-0.061678","1.884278","0.001870","0.283045","0.616237"
"2014-08-26","26 Aug 2014","2.472553","-0.088709","1.077615","-0.053161","1.865824","-0.045840","1.893857","0.003126","0.292393","0.615668"
"2014-08-27","27 Aug 2014","2.407386","-0.098670","1.025425","-0.056919","1.826761","-0.056542","1.875188","0.003363","0.259506","0.571827"
"2014-08-28","28 Aug 2014","2.358007","-0.085929","1.014556","-0.050136","1.791952","-0.045687","1.837000","0.004396","0.267898","0.573034"
"2014-08-29","29 Aug 2014","2.381955","-0.087781","1.031518","-0.055359","1.805075","-0.047397","1.841900","-0.003203","0.276186","0.586115"
"2014-09-01","01 Sep 2014","2.424672","-0.104710","1.036369","-0.062481","1.828680","-0.061599","1.861436","-0.001101","0.261553","0.578718"
"2014-09-02","02 Sep 2014","2.513596","-0.098101","1.089338","-0.057943","1.891107","-0.053602","1.913794","0.002924","0.287958","0.617631"
"2014-09-03","03 Sep 2014","2.560618","-0.093436","1.110803","-0.049061","1.926809","-0.047552","1.949393","0.015918","0.296054","0.630856"
"2014-09-04","04 Sep 2014","2.618767","-0.145445","1.102027","-0.097432","1.966536","-0.097800","2.003645","-0.028565","0.254762","0.601718"
"2014-09-05","05 Sep 2014","2.599383","-0.150832","1.075635","-0.099851","1.963691","-0.103973","2.018332","-0.029444","0.235421","0.576828"
"2014-09-08","08 Sep 2014","2.574993","-0.151672","1.068597","-0.100410","1.936949","-0.104668","1.978647","-0.029646","0.234198","0.574062"
"2014-09-09","09 Sep 2014","2.703695","-0.146818","1.147779","-0.099594","2.021106","-0.097540","2.040675","-0.030123","0.272512","0.632395"
"2014-09-10","10 Sep 2014","2.723713","-0.140034","1.166626","-0.093670","2.031528","-0.090247","2.041369","-0.024435","0.286063","0.649222"
"2014-09-11","11 Sep 2014","2.697266","-0.140382","1.158129","-0.096406","2.008826","-0.091199","2.013949","-0.029352","0.285177","0.645847"
"2014-09-12","12 Sep 2014","2.757373","-0.121123","1.208048","-0.086450","2.057238","-0.072597","2.057454","-0.026740","0.322353","0.690276"
"2014-09-15","15 Sep 2014","2.720324","-0.136237","1.174311","-0.094391","2.026841","-0.087010","2.031448","-0.028875","0.295412","0.659111"
"2014-09-16","16 Sep 2014","2.743808","-0.127127","1.186040","-0.084026","2.050878","-0.077750","2.062094","-0.017499","0.303447","0.667965"
"2014-09-17","17 Sep 2014","2.754197","-0.139526","1.180733","-0.096117","2.060642","-0.090059","2.079682","-0.029330","0.292021","0.658449"
"2014-09-18","18 Sep 2014","2.782775","-0.114985","1.222310","-0.083064","2.083787","-0.066929","2.092822","-0.025762","0.331781","0.701505"
"2014-09-19","19 Sep 2014","2.725679","-0.131943","1.171465","-0.091515","2.044578","-0.083730","2.068480","-0.027846","0.294632","0.656035"
"2014-09-22","22 Sep 2014","2.679535","-0.136780","1.142730","-0.093669","2.010216","-0.088917","2.037307","-0.028271","0.278909","0.634087"
"2014-09-23","23 Sep 2014","2.624231","-0.113052","1.134184","-0.077006","1.975716","-0.067663","2.002198","-0.018610","0.295290","0.640750"
"2014-09-24","24 Sep 2014","2.600658","-0.121950","1.111688","-0.084355","1.962429","-0.076994","1.999302","-0.025159","0.278567","0.620409"
"2014-09-25","25 Sep 2014","2.592883","-0.136165","1.093149","-0.092072","1.954305","-0.090171","1.995110","-0.027331","0.258089","0.599534"
"2014-09-26","26 Sep 2014","2.591704","-0.140851","1.090568","-0.094791","1.948726","-0.094285","1.984511","-0.028166","0.253733","0.596048"
"2014-09-29","29 Sep 2014","2.545315","-0.137952","1.071657","-0.092815","1.912833","-0.092222","1.945582","-0.027457","0.249798","0.586058"
"2014-09-30","30 Sep 2014","2.531990","-0.142255","1.058850","-0.094943","1.904386","-0.096502","1.941762","-0.027975","0.240229","0.574394"
"2014-10-01","01 Oct 2014","2.465876","-0.151213","1.013325","-0.099017","1.858164","-0.105963","1.906003","-0.028817","0.213306","0.537991"
"2014-10-02","02 Oct 2014","2.490206","-0.141545","1.036362","-0.094007","1.876496","-0.096650","1.919092","-0.027499","0.231513","0.559313"
"2014-10-03","03 Oct 2014","2.485387","-0.121217","1.055803","-0.082864","1.875036","-0.077979","1.910357","-0.024322","0.258457","0.584918"
"2014-10-06","06 Oct 2014","2.463974","-0.130396","1.037633","-0.087800","1.855011","-0.086584","1.889244","-0.025696","0.243642","0.568191"
"2014-10-07","07 Oct 2014","2.465243","-0.131469","1.034226","-0.088234","1.859699","-0.087769","1.900250","-0.025758","0.240234","0.564168"
"2014-10-08","08 Oct 2014","2.432795","-0.129758","1.015899","-0.086755","1.841013","-0.086970","1.889543","-0.025127","0.233469","0.551817"
"2014-10-09","09 Oct 2014","2.443760","-0.143498","1.008132","-0.094449","1.845648","-0.099362","1.895708","-0.027383","0.217858","0.538591"
"2014-10-10","10 Oct 2014","2.423003","-0.127991","1.010721","-0.085569","1.836741","-0.085649","1.888971","-0.024704","0.232392","0.548729"
"2014-10-13","13 Oct 2014","2.429120","-0.112245","1.024174","-0.076665","1.851762","-0.071520","1.911697","-0.022057","0.250218","0.564985"
"2014-10-14","14 Oct 2014","2.350759","-0.125216","0.971664","-0.083011","1.791860","-0.084603","1.857864","-0.023577","0.218111","0.522845"
"2014-10-15","15 Oct 2014","2.201033","-0.134165","0.893228","-0.086767","1.672182","-0.094644","1.733322","-0.024219","0.182109","0.468541"
"2014-10-16","16 Oct 2014","2.217015","-0.110119","0.931408","-0.074041","1.680335","-0.071916","1.722626","-0.020768","0.221325","0.510367"
"2014-10-17","17 Oct 2014","2.356257","-0.102207","1.007873","-0.071037","1.790472","-0.062627","1.841097","-0.020417","0.257446","0.564576"
"2014-10-20","20 Oct 2014","2.343885","-0.112902","0.985971","-0.076448","1.778796","-0.073047","1.822301","-0.021780","0.236908","0.541643"
"2014-10-21","21 Oct 2014","2.382396","-0.105250","1.009129","-0.072412","1.814520","-0.065730","1.864825","-0.020685","0.251455","0.559912"
"2014-10-22","22 Oct 2014","2.387095","-0.102820","1.011028","-0.070963","1.822786","-0.063641","1.879458","-0.020225","0.253394","0.561522"
"2014-10-23","23 Oct 2014","2.409136","-0.104972","1.019735","-0.072355","1.838942","-0.065296","1.896062","-0.020702","0.254613","0.565805"
"2014-10-24","24 Oct 2014","2.398125","-0.105158","1.019497","-0.072656","1.823362","-0.065229","1.869595","-0.020869","0.256383","0.567653"
"2014-10-27","27 Oct 2014","2.366512","-0.098205","1.008071","-0.068381","1.805511","-0.059513","1.858151","-0.019473","0.257646","0.563492"
"2014-10-28","28 Oct 2014","2.377130","-0.103700","1.013628","-0.071832","1.804486","-0.063967","1.846249","-0.020629","0.256746","0.565982"
"2014-10-29","29 Oct 2014","2.379137","-0.099720","1.014564","-0.069439","1.812750","-0.060583","1.863352","-0.019862","0.259340","0.567460"
"2014-10-30","30 Oct 2014","2.326924","-0.118060","0.973261","-0.079193","1.766343","-0.077938","1.816271","-0.022534","0.227748","0.530686"
"2014-10-31","31 Oct 2014","2.329754","-0.122781","0.963836","-0.081477","1.776267","-0.082669","1.841114","-0.023065","0.217512","0.519331"
"2014-11-03","03 Nov 2014","2.334264","-0.117990","0.964809","-0.078551","1.789417","-0.078652","1.867196","-0.022110","0.220134","0.520548"
"2014-11-04","04 Nov 2014","2.268117","-0.115582","0.930847","-0.076397","1.746027","-0.077669","1.833080","-0.021178","0.208363","0.498704"
"2014-11-05","05 Nov 2014","2.302764","-0.121108","0.942950","-0.079791","1.769846","-0.082196","1.855908","-0.022284","0.207861","0.503305"
"2014-11-06","06 Nov 2014","2.326147","-0.126835","0.946460","-0.083034","1.789295","-0.087277","1.880918","-0.023245","0.202913","0.501143"
"2014-11-07","07 Nov 2014","2.327299","-0.128365","0.945455","-0.083884","1.789901","-0.088665","1.881915","-0.023492","0.201082","0.499539"
"2014-11-10","10 Nov 2014","2.295217","-0.121841","0.936415","-0.080006","1.766788","-0.083130","1.856989","-0.022273","0.203949","0.497826"
"2014-11-11","11 Nov 2014","2.297826","-0.119105","0.938903","-0.078429","1.770081","-0.080708","1.858920","-0.021792","0.206811","0.500468"
"2014-11-12","12 Nov 2014","2.252965","-0.122088","0.914722","-0.079698","1.734577","-0.084021","1.822466","-0.022016","0.195340","0.483422"
"2014-11-13","13 Nov 2014","2.249640","-0.119315","0.915913","-0.078145","1.732526","-0.081524","1.819592","-0.021561","0.198413","0.485915"
"2014-11-14","14 Nov 2014","2.235204","-0.121216","0.906897","-0.079054","1.721293","-0.083474","1.808788","-0.021770","0.193265","0.478941"
"2014-11-17","17 Nov 2014","2.237548","-0.109769","0.918050","-0.072696","1.727067","-0.073057","1.814094","-0.019924","0.207640","0.492585"
"2014-11-18","18 Nov 2014","2.224290","-0.111924","0.909137","-0.073760","1.718761","-0.075225","1.811957","-0.020184","0.202295","0.485491"
"2014-11-19","19 Nov 2014","2.267352","-0.080144","0.957255","-0.056417","1.764612","-0.045831","1.861570","-0.015262","0.248328","0.534117"
"2014-11-20","20 Nov 2014","2.214829","-0.090241","0.921499","-0.061491","1.722989","-0.055823","1.822279","-0.016535","0.225599","0.504981"
"2014-11-21","21 Nov 2014","2.175927","-0.102828","0.889307","-0.068025","1.691970","-0.067949","1.795346","-0.018261","0.201605","0.476349"
"2014-11-24","24 Nov 2014","2.191143","-0.105769","0.893583","-0.069769","1.702989","-0.070448","1.806978","-0.018807","0.200313","0.477177"
"2014-11-25","25 Nov 2014","2.146058","-0.107102","0.865865","-0.069856","1.675529","-0.072613","1.790697","-0.018586","0.187230","0.456916"
"2014-11-26","26 Nov 2014","2.105894","-0.104800","0.849599","-0.068280","1.644156","-0.070992","1.756406","-0.018019","0.183801","0.448341"
"2014-11-27","27 Nov 2014","2.035488","-0.107833","0.811182","-0.069281","1.595430","-0.074804","1.720985","-0.018056","0.166573","0.421598"
"2014-11-28","28 Nov 2014","2.007700","-0.098078","0.801524","-0.063317","1.581154","-0.066701","1.705244","-0.016115","0.169892","0.419055"
"2014-12-01","01 Dec 2014","2.009364","-0.088917","0.807899","-0.058105","1.590164","-0.058533","1.721597","-0.014554","0.179604","0.427421"
"2014-12-02","02 Dec 2014","2.078853","-0.082726","0.854252","-0.055646","1.632039","-0.051460","1.741147","-0.014210","0.204715","0.463262"
"2014-12-03","03 Dec 2014","2.119462","-0.094756","0.863881","-0.062722","1.656280","-0.061796","1.760487","-0.016410","0.197503","0.462651"
"2014-12-04","04 Dec 2014","2.098884","-0.093694","0.855612","-0.061988","1.639873","-0.061060","1.742075","-0.016145","0.195725","0.458296"
"2014-12-05","05 Dec 2014","2.125092","-0.089034","0.874000","-0.059710","1.658757","-0.056358","1.756573","-0.015600","0.207230","0.473296"
"2014-12-08","08 Dec 2014","2.041077","-0.095689","0.823360","-0.062455","1.599623","-0.063837","1.708772","-0.016041","0.181242","0.435656"
"2014-12-09","09 Dec 2014","1.985215","-0.092649","0.803054","-0.060483","1.551876","-0.061556","1.650272","-0.015367","0.178075","0.426067"
"2014-12-10","10 Dec 2014","1.960604","-0.090831","0.794119","-0.059327","1.531771","-0.060145","1.626765","-0.014978","0.176970","0.421969"
"2014-12-11","11 Dec 2014","1.918376","-0.092163","0.776209","-0.059889","1.493179","-0.061672","1.577973","-0.015079","0.170587","0.411247"
"2014-12-12","12 Dec 2014","1.865544","-0.096918","0.746134","-0.062053","1.452161","-0.066734","1.538306","-0.015530","0.155212","0.389262"
"2014-12-15","15 Dec 2014","1.867732","-0.094878","0.748912","-0.060934","1.454827","-0.064856","1.541575","-0.015211","0.158048","0.392177"
"2014-12-16","16 Dec 2014","1.755481","-0.098613","0.691779","-0.062055","1.368825","-0.069739","1.457423","-0.015183","0.134067","0.353908"
"2014-12-17","17 Dec 2014","1.775889","-0.104606","0.696604","-0.065572","1.380492","-0.074895","1.464907","-0.016274","0.130432","0.353578"
"2014-12-18","18 Dec 2014","1.869864","-0.111720","0.735518","-0.070340","1.448685","-0.080096","1.531644","-0.017960","0.138039","0.374095"
"2014-12-19","19 Dec 2014","1.862390","-0.119398","0.723225","-0.074444","1.443105","-0.087306","1.530464","-0.019091","0.125899","0.361104"
"2014-12-22","22 Dec 2014","1.860122","-0.122232","0.716775","-0.075852","1.445162","-0.090110","1.540572","-0.019435","0.119943","0.354263"
"2014-12-23","23 Dec 2014","1.853451","-0.125615","0.710672","-0.077680","1.438586","-0.093266","1.533367","-0.019947","0.114691","0.348471"
"2014-12-24","24 Dec 2014","1.857590","-0.128529","0.711262","-0.079399","1.438682","-0.095775","1.530154","-0.020484","0.112690","0.347616"
"2014-12-29","29 Dec 2014","1.773896","-0.135957","0.664449","-0.082859","1.378949","-0.103595","1.489937","-0.021245","0.089305","0.313863"
"2014-12-30","30 Dec 2014","1.761830","-0.146744","0.648034","-0.088695","1.367119","-0.113634","1.479471","-0.022881","0.073146","0.296780"
"2014-12-31","31 Dec 2014","1.766267","-0.149791","0.648632","-0.090489","1.367385","-0.116260","1.476286","-0.023440","0.071021","0.295845"
"2015-01-02","02 Jan 2015","1.685149","-0.148279","0.611411","-0.088973","1.306117","-0.115942","1.415258","-0.022751","0.059107","0.273335"
"2015-01-05","05 Jan 2015","1.636647","-0.145159","0.591801","-0.086870","1.269190","-0.113690","1.376671","-0.022004","0.055208","0.263106"
"2015-01-06","06 Jan 2015","1.477978","-0.136753","0.530988","-0.081262","1.140710","-0.107605","1.232496","-0.020038","0.043906","0.232680"
"2015-01-07","07 Jan 2015","1.501282","-0.150669","0.564407","-0.091803","1.164678","-0.116792","1.334876","-0.024220","0.060279","0.261942"
"2015-01-08","08 Jan 2015","1.559340","-0.154044","0.598710","-0.094902","1.206593","-0.118221","1.381609","-0.025596","0.074207","0.286069"
"2015-01-09","09 Jan 2015","1.592031","-0.164007","0.610213","-0.101037","1.223900","-0.126450","1.392848","-0.027609","0.071343","0.289578"
"2015-01-12","12 Jan 2015","1.487707","-0.163688","0.555439","-0.099623","1.148216","-0.127972","1.321186","-0.026731","0.049625","0.252925"
"2015-01-13","13 Jan 2015","1.485829","-0.167066","0.552197","-0.101523","1.144575","-0.131016","1.315585","-0.027293","0.045641","0.249178"
"2015-01-14","14 Jan 2015","1.392751","-0.169641","0.492938","-0.101325","1.082277","-0.135622","1.265522","-0.026609","0.016449","0.204822"
"2015-01-15","15 Jan 2015","1.429015","-0.199452","0.495677","-0.118987","1.087588","-0.161262","1.251877","-0.032166","-0.004612","0.194285"
"2015-01-16","16 Jan 2015","1.424894","-0.202560","0.485742","-0.120271","1.083069","-0.164625","1.242741","-0.032361","-0.013624","0.183741"
"2015-01-19","19 Jan 2015","1.408970","-0.206333","0.484039","-0.122952","1.068783","-0.167410","1.232900","-0.033381","-0.013099","0.184811"
"2015-01-20","20 Jan 2015","1.410944","-0.187378","0.501299","-0.112374","1.076528","-0.150224","1.239688","-0.030289","0.010067","0.206471"
"2015-01-21","21 Jan 2015","1.433287","-0.075114","0.545735","-0.181616","1.103834","-0.112239","1.320691","-0.175670","0.051013","0.250656"
"2015-01-22","22 Jan 2015","1.609311","-0.129165","0.614790","-0.189962","1.220461","-0.153460","1.449225","-0.160880","0.037098","0.276686"
"2015-01-23","23 Jan 2015","1.285700","-0.122377","0.421745","-0.186998","0.990170","-0.143175","1.220305","-0.151636","-0.030018","0.143687"
"2015-01-26","26 Jan 2015","1.241976","-0.111350","0.423434","-0.172409","0.967055","-0.123167","1.189352","-0.134952","-0.002313","0.161151"
"2015-01-27","27 Jan 2015","1.256238","-0.097633","0.439318","-0.168865","0.971955","-0.118075","1.185891","-0.142110","0.005546","0.174508"
"2015-01-28","28 Jan 2015","1.231783","-0.103327","0.433166","-0.178971","0.946019","-0.127211","1.149102","-0.153620","0.000923","0.171631"
"2015-01-29","29 Jan 2015","1.206429","-0.133972","0.414661","-0.184275","0.921680","-0.145217","1.121964","-0.140901","-0.015966","0.154777"
"2015-01-30","30 Jan 2015","1.152699","-0.126658","0.393620","-0.183657","0.879359","-0.142098","1.071085","-0.145534","-0.019233","0.144408"
"2015-02-02","02 Feb 2015","1.088798","-0.122697","0.353177","-0.190844","0.818978","-0.154230","1.000903","-0.166935","-0.049666","0.110371"
"2015-02-03","03 Feb 2015","1.143340","-0.132961","0.384821","-0.194893","0.859247","-0.159357","1.042569","-0.164551","-0.038482","0.132108"
"2015-02-04","04 Feb 2015","1.177088","-0.132824","0.408738","-0.204522","0.876042","-0.170964","1.052253","-0.187632","-0.036495","0.147574"
"2015-02-05","05 Feb 2015","1.171523","-0.127443","0.416132","-0.203620","0.871162","-0.168558","1.041378","-0.191482","-0.027939","0.157475"
"2015-02-06","06 Feb 2015","1.158197","-0.134725","0.409176","-0.203360","0.855209","-0.177987","1.020461","-0.190698","-0.037949","0.150547"
"2015-02-09","09 Feb 2015","1.163833","-0.134099","0.418105","-0.198934","0.862835","-0.170895","1.027828","-0.172701","-0.026705","0.160809"
"2015-02-10","10 Feb 2015","1.190667","-0.125387","0.441895","-0.206540","0.880394","-0.176312","1.040729","-0.213460","-0.017329","0.179818"
"2015-02-11","11 Feb 2015","1.167311","-0.117929","0.429262","-0.205209","0.862610","-0.173561","1.021378","-0.219397","-0.021277","0.171519"
"2015-02-12","12 Feb 2015","1.129128","-0.136278","0.401667","-0.211804","0.831697","-0.181943","0.990092","-0.175853","-0.037706","0.148997"
"2015-02-13","13 Feb 2015","1.144868","-0.159549","0.397890","-0.192399","0.840353","-0.187457","1.003561","-0.162342","-0.051038","0.138984"
"2015-02-16","16 Feb 2015","1.170491","-0.150062","0.405519","-0.198534","0.859440","-0.188599","1.027098","-0.183070","-0.052657","0.140793"
"2015-02-17","17 Feb 2015","1.181216","-0.134474","0.415549","-0.202600","0.873411","-0.177589","1.043621","-0.193666","-0.038548","0.152046"
"2015-02-18","18 Feb 2015","1.273074","-0.147053","0.450530","-0.201361","0.941163","-0.185513","1.123164","-0.178234","-0.038745","0.166961"
"2015-02-19","19 Feb 2015","1.296984","-0.155163","0.448995","-0.202836","0.963037","-0.185174","1.156293","-0.162091","-0.043840","0.160190"
"2015-02-20","20 Feb 2015","1.255201","-0.153693","0.410882","-0.203140","0.929808","-0.188955","1.127135","-0.176006","-0.068909","0.126475"
"2015-02-23","23 Feb 2015","1.311898","-0.140752","0.431326","-0.202266","0.976362","-0.182788","1.184867","-0.183537","-0.063855","0.136279"
"2015-02-24","24 Feb 2015","1.329092","-0.092810","0.447935","-0.218373","0.987860","-0.174780","1.192583","-0.173588","-0.053782","0.150641"
"2015-02-25","25 Feb 2015","1.244873","-0.143324","0.393757","-0.213613","0.924860","-0.188516","1.129470","-0.196091","-0.079271","0.110290"
"2015-02-26","26 Feb 2015","1.160965","-0.167574","0.346397","-0.231838","0.856997","-0.206767","1.054498","-0.196655","-0.103618","0.075964"
"2015-02-27","27 Feb 2015","1.186386","-0.164611","0.369133","-0.246645","0.884986","-0.201012","1.085900","-0.207679","-0.080536","0.098745"
"2015-03-02","02 Mar 2015","1.212629","-0.147442","0.380265","-0.225042","0.907260","-0.186023","1.113003","-0.187543","-0.074674","0.105664"
"2015-03-03","03 Mar 2015","1.245728","-0.134460","0.414454","-0.229186","0.931174","-0.181566","1.129689","-0.202946","-0.052263","0.136456"
"2015-03-04","04 Mar 2015","1.249830","-0.129985","0.421917","-0.212223","0.932758","-0.174466","1.127723","-0.176812","-0.047092","0.143654"
"2015-03-05","05 Mar 2015","1.205078","-0.121920","0.393721","-0.211682","0.894626","-0.177421","1.085822","-0.191261","-0.064182","0.121355"
"2015-03-06","06 Mar 2015","1.202466","-0.133437","0.412651","-0.226101","0.890073","-0.186128","1.069144","-0.199074","-0.048420","0.143059"
"2015-03-09","09 Mar 2015","1.125546","-0.148692","0.353057","-0.215871","0.829483","-0.191952","1.011182","-0.197850","-0.083655","0.093526"
"2015-03-10","10 Mar 2015","0.948345","-0.172528","0.268223","-0.221198","0.684166","-0.210801","0.841614","-0.195137","-0.119939","0.038453"
"2015-03-11","11 Mar 2015","0.871762","-0.162001","0.239706","-0.230668","0.628011","-0.206722","0.775588","-0.206226","-0.119152","0.026819"
"2015-03-12","12 Mar 2015","0.899806","-0.176156","0.267535","-0.234406","0.648052","-0.212277","0.790241","-0.207308","-0.103594","0.051054"
"2015-03-13","13 Mar 2015","0.920064","-0.180841","0.298004","-0.247559","0.667892","-0.210487","0.804840","-0.203340","-0.075940","0.082691"
"2015-03-16","16 Mar 2015","0.870212","-0.164249","0.292570","-0.237618","0.629986","-0.200905","0.753154","-0.208492","-0.064311","0.089793"
"2015-03-17","17 Mar 2015","0.908549","-0.146193","0.319061","-0.207834","0.664240","-0.178131","0.790475","-0.189065","-0.043498","0.112570"
"2015-03-18","18 Mar 2015","0.842579","-0.168740","0.256372","-0.226305","0.604556","-0.205113","0.733284","-0.204898","-0.094810","0.053573"
"2015-03-19","19 Mar 2015","0.814388","-0.184685","0.244472","-0.253505","0.587470","-0.212619","0.715743","-0.214549","-0.092414","0.048970"
"2015-03-20","20 Mar 2015","0.818443","-0.201237","0.240699","-0.238273","0.589112","-0.214320","0.719611","-0.180797","-0.099372","0.042884"
"2015-03-23","23 Mar 2015","0.845746","-0.170322","0.277438","-0.235225","0.614089","-0.197261","0.738373","-0.201736","-0.066723","0.080061"
"2015-03-24","24 Mar 2015","0.844087","-0.158877","0.290332","-0.238064","0.612439","-0.195649","0.729658","-0.221643","-0.054778","0.095169"
"2015-03-25","25 Mar 2015","0.843720","-0.168233","0.297855","-0.241578","0.610973","-0.201751","0.723726","-0.220592","-0.050387","0.103197"
"2015-03-26","26 Mar 2015","0.874127","-0.202685","0.298326","-0.249507","0.628011","-0.224148","0.746552","-0.207745","-0.069599","0.092753"
"2015-03-27","27 Mar 2015","0.860865","-0.204466","0.289565","-0.259004","0.620024","-0.223847","0.739783","-0.211496","-0.070217","0.087214"
"2015-03-30","30 Mar 2015","0.826414","-0.187025","0.273161","-0.246054","0.592237","-0.216627","0.707580","-0.216565","-0.075880","0.076878"
"2015-03-31","31 Mar 2015","0.808462","-0.197733","0.263930","-0.248743","0.576091","-0.224370","0.688422","-0.214782","-0.082917","0.069779"
"2015-04-01","01 Apr 2015","0.774394","-0.182938","0.236727","-0.248645","0.544412","-0.230963","0.654949","-0.252386","-0.105281","0.044954"
"2015-04-02","02 Apr 2015","0.815439","-0.184271","0.262803","-0.254130","0.579412","-0.227160","0.693274","-0.245668","-0.088969","0.065748"
"2015-04-07","07 Apr 2015","0.863227","-0.190623","0.269269","-0.260119","0.617591","-0.227646","0.745118","-0.234214","-0.094934","0.061501"
"2015-04-08","08 Apr 2015","0.854693","-0.231084","0.255525","-0.291163","0.606729","-0.256233","0.735294","-0.239780","-0.113111","0.045706"
"2015-04-09","09 Apr 2015","0.841600","-0.192703","0.237590","-0.269753","0.594353","-0.242961","0.725658","-0.259808","-0.127176","0.027740"
"2015-04-10","10 Apr 2015","0.835001","-0.187431","0.235907","-0.277668","0.590973","-0.241898","0.722026","-0.272620","-0.124439","0.028257"
"2015-04-13","13 Apr 2015","0.808547","-0.186698","0.226723","-0.263027","0.568976","-0.238791","0.694526","-0.259818","-0.126695","0.023949"
"2015-04-14","14 Apr 2015","0.776664","-0.188296","0.210035","-0.273773","0.547650","-0.237700","0.672803","-0.261433","-0.128179","0.014431"
"2015-04-15","15 Apr 2015","0.706674","-0.189671","0.173189","-0.282658","0.495316","-0.238972","0.616053","-0.260657","-0.139276","-0.009144"
"2015-04-16","16 Apr 2015","0.650744","-0.190587","0.153234","-0.295467","0.452841","-0.242619","0.564926","-0.283664","-0.140138","-0.017279"
"2015-04-17","17 Apr 2015","0.626965","-0.184344","0.137662","-0.291479","0.435184","-0.239194","0.547373","-0.284076","-0.146420","-0.028754"
"2015-04-20","20 Apr 2015","0.597671","-0.193417","0.134185","-0.281621","0.419161","-0.227710","0.527714","-0.245376","-0.132073","-0.022383"
"2015-04-21","21 Apr 2015","0.662955","-0.196897","0.162676","-0.289373","0.468473","-0.233015","0.584372","-0.252402","-0.127143","-0.007058"
"2015-04-22","22 Apr 2015","0.706458","-0.186576","0.200108","-0.283918","0.505198","-0.222157","0.619470","-0.251629","-0.100242","0.026318"
"2015-04-23","23 Apr 2015","0.758673","-0.263255","0.224890","-0.276641","0.556717","-0.253373","0.684755","-0.281873","-0.091396","0.043612"
"2015-04-24","24 Apr 2015","0.767698","-0.257666","0.227453","-0.269415","0.564759","-0.248060","0.695333","-0.273847","-0.090106","0.044685"
"2015-04-27","27 Apr 2015","0.782348","-0.251610","0.233759","-0.274917","0.578784","-0.246189","0.713122","-0.291666","-0.085663","0.049161"
"2015-04-28","28 Apr 2015","0.783101","-0.263641","0.221897","-0.284592","0.576872","-0.258318","0.715704","-0.299899","-0.101648","0.033957"
"2015-04-29","29 Apr 2015","0.926502","-0.236948","0.324889","-0.271829","0.703793","-0.229779","0.852315","-0.295010","-0.031271","0.121266"
"2015-04-30","30 Apr 2015","1.046942","-0.218139","0.416846","-0.258792","0.807365","-0.206605","0.958974","-0.281804","0.030906","0.200095"
"2015-05-04","04 May 2015","1.152600","-0.210363","0.481695","-0.266267","0.897387","-0.200063","1.059086","-0.301437","0.067538","0.250242"
"2015-05-05","05 May 2015","1.209363","-0.217367","0.540274","-0.275643","0.941013","-0.200934","1.092580","-0.306507","0.106396","0.303440"
"2015-05-06","06 May 2015","1.402515","-0.221110","0.628512","-0.271804","1.075699","-0.204930","1.237918","-0.301691","0.121960","0.351438"
"2015-05-07","07 May 2015","1.428180","-0.221319","0.656926","-0.271318","1.091553","-0.204571","1.246082","-0.302428","0.137255","0.376103"
"2015-05-08","08 May 2015","1.404086","-0.228435","0.621843","-0.265630","1.066686","-0.211941","1.225798","-0.288391","0.105000","0.339614"
"2015-05-11","11 May 2015","1.481318","-0.224972","0.656877","-0.260871","1.129243","-0.207273","1.299188","-0.281573","0.117660","0.361073"
"2015-05-12","12 May 2015","1.668358","-0.211442","0.774014","-0.254246","1.277801","-0.193270","1.456750","-0.282999","0.175780","0.449033"
"2015-05-13","13 May 2015","1.629149","-0.207979","0.738179","-0.246343","1.246124","-0.191457","1.428106","-0.272628","0.153853","0.417708"
"2015-05-14","14 May 2015","1.740013","-0.200530","0.790024","-0.244603","1.336337","-0.185030","1.533400","-0.276230","0.174172","0.450509"
"2015-05-15","15 May 2015","1.619375","-0.207328","0.737627","-0.237638","1.231523","-0.192456","1.406102","-0.264141","0.148224","0.416638"
"2015-05-18","18 May 2015","1.654290","-0.206907","0.746218","-0.243889","1.262974","-0.192070","1.447795","-0.272396","0.151262","0.419494"
"2015-05-19","19 May 2015","1.577541","-0.222417","0.708658","-0.246020","1.198790","-0.202976","1.372957","-0.260406","0.132130","0.393855"
"2015-05-20","20 May 2015","1.564203","-0.229527","0.700453","-0.254276","1.186867","-0.210339","1.359504","-0.269814","0.125781","0.387068"
"2015-05-21","21 May 2015","1.625276","-0.237034","0.724828","-0.259799","1.230998","-0.218242","1.410392","-0.276313","0.125574","0.397873"
"2015-05-22","22 May 2015","1.598791","-0.229265","0.708951","-0.254506","1.210765","-0.212943","1.388993","-0.274918","0.120360","0.386829"
"2015-05-25","25 May 2015","1.597401","-0.228463","0.708476","-0.255181","1.210223","-0.212434","1.388548","-0.276677","0.121055","0.386884"
"2015-05-26","26 May 2015","1.558023","-0.238990","0.677674","-0.257193","1.177580","-0.220332","1.356030","-0.268650","0.100994","0.360696"
"2015-05-27","27 May 2015","1.539616","-0.231844","0.659333","-0.238559","1.155922","-0.216486","1.332203","-0.248967","0.082370","0.341565"
"2015-05-28","28 May 2015","1.488132","-0.243371","0.628073","-0.260867","1.120268","-0.227273","1.296920","-0.273512","0.072300","0.320526"
"2015-05-29","29 May 2015","1.460709","-0.246855","0.609009","-0.245578","1.094521","-0.226803","1.268204","-0.241859","0.057783","0.303875"
"2015-06-01","01 Jun 2015","1.424324","-0.241413","0.592291","-0.252854","1.064434","-0.228200","1.232713","-0.266233","0.051661","0.293399"
"2015-06-02","02 Jun 2015","1.642723","-0.215745","0.753046","-0.245186","1.248045","-0.200037","1.422221","-0.271906","0.151883","0.427283"
"2015-06-03","03 Jun 2015","1.937813","-0.203063","0.930550","-0.222506","1.488311","-0.175593","1.684083","-0.232837","0.241121","0.559551"
"2015-06-04","04 Jun 2015","1.926381","-0.224127","0.927183","-0.250112","1.475894","-0.198005","1.667431","-0.268482","0.233298","0.556372"
"2015-06-05","05 Jun 2015","1.962770","-0.208720","0.954035","-0.242546","1.507155","-0.186026","1.700042","-0.271530","0.251957","0.579208"
"2015-06-08","08 Jun 2015","2.007725","-0.209389","0.976711","-0.234980","1.543582","-0.181888","1.741636","-0.252213","0.261814","0.594431"
"2015-06-09","09 Jun 2015","2.122434","-0.187811","1.056273","-0.224499","1.639122","-0.163301","1.842026","-0.256701","0.309195","0.658796"
"2015-06-10","10 Jun 2015","2.173049","-0.210267","1.075466","-0.225621","1.673028","-0.179183","1.880510","-0.240005","0.301634","0.664784"
"2015-06-11","11 Jun 2015","2.090712","-0.213216","1.016462","-0.239865","1.606844","-0.186623","1.813064","-0.261529","0.271484","0.618028"
"2015-06-12","12 Jun 2015","2.028786","-0.224547","0.981910","-0.238458","1.553362","-0.196860","1.752063","-0.253023","0.248938","0.591444"
"2015-06-15","15 Jun 2015","1.933139","-0.216044","0.945138","-0.239350","1.482470","-0.190341","1.668864","-0.260238","0.247932","0.575273"
"2015-06-16","16 Jun 2015","1.974224","-0.226195","0.960975","-0.236227","1.511661","-0.196385","1.702607","-0.245401","0.245651","0.581465"
"2015-06-17","17 Jun 2015","1.996096","-0.223136","0.960945","-0.227584","1.526235","-0.194021","1.722827","-0.233942","0.237755","0.575156"
"2015-06-18","18 Jun 2015","1.973444","-0.235126","0.943301","-0.250478","1.508679","-0.206556","1.705954","-0.261062","0.228291","0.560936"
"2015-06-19","19 Jun 2015","1.929883","-0.233610","0.913872","-0.242277","1.471605","-0.206236","1.666204","-0.250230","0.210625","0.537078"
"2015-06-22","22 Jun 2015","2.113699","-0.225813","1.024730","-0.232477","1.620855","-0.193521","1.828548","-0.237119","0.265355","0.619487"
"2015-06-23","23 Jun 2015","2.141625","-0.233413","1.027030","-0.239920","1.639411","-0.202382","1.853275","-0.246280","0.255284","0.613701"
"2015-06-24","24 Jun 2015","2.063434","-0.237647","0.968250","-0.244859","1.575327","-0.208748","1.788567","-0.250131","0.222064","0.565481"
"2015-06-25","25 Jun 2015","2.131283","-0.240730","1.003144","-0.240944","1.626159","-0.210862","1.844456","-0.244232","0.230475","0.586956"
"2015-06-26","26 Jun 2015","2.251898","-0.242150","1.072826","-0.246092","1.723798","-0.209539","1.951912","-0.250058","0.262885","0.637405"
"2015-06-29","29 Jun 2015","2.120736","-0.242207","0.986158","-0.250720","1.617752","-0.215043","1.840261","-0.259796","0.219007","0.570490"
"2015-06-30","30 Jun 2015","2.088933","-0.254378","0.952841","-0.258849","1.587879","-0.228291","1.812211","-0.265922","0.190996","0.538274"
"2015-07-01","01 Jul 2015","2.204520","-0.262469","1.011664","-0.256514","1.675416","-0.233466","1.909194","-0.258228","0.206114","0.574646"
"2015-07-02","02 Jul 2015","2.263721","-0.288587","1.038621","-0.270539","1.716036","-0.255417","1.953631","-0.264235","0.202425","0.587220"
"2015-07-03","03 Jul 2015","2.184766","-0.300215","0.991797","-0.271000","1.648724","-0.266920","1.878461","-0.259158","0.173445","0.550845"
"2015-07-06","06 Jul 2015","2.107167","-0.291896","0.943953","-0.284066","1.588857","-0.266849","1.815383","-0.291160","0.155693","0.516744"
"2015-07-07","07 Jul 2015","1.914724","-0.295439","0.836204","-0.270342","1.433954","-0.268312","1.643783","-0.260289","0.107627","0.440439"
"2015-07-08","08 Jul 2015","1.888536","-0.291341","0.840105","-0.281412","1.417690","-0.266678","1.619645","-0.284249","0.123010","0.453096"
"2015-07-09","09 Jul 2015","1.977843","-0.291987","0.882676","-0.265307","1.485265","-0.263672","1.695811","-0.257098","0.132702","0.477994"
"2015-07-10","10 Jul 2015","2.338870","-0.268481","1.038098","-0.286247","1.687833","-0.226504","1.685624","-0.269216","0.227468","0.582173"
"2015-07-13","13 Jul 2015","2.355600","-0.267529","1.033385","-0.283043","1.711734","-0.226033","1.727080","-0.264820","0.220268","0.573659"
"2015-07-14","14 Jul 2015","2.311789","-0.276580","1.000934","-0.286857","1.677393","-0.234962","1.695665","-0.264685","0.198674","0.546325"
"2015-07-15","15 Jul 2015","2.194873","-0.294114","0.919754","-0.288702","1.583798","-0.251639","1.605203","-0.254296","0.147646","0.479871"
"2015-07-16","16 Jul 2015","2.219944","-0.270980","0.949221","-0.284214","1.621850","-0.232692","1.657143","-0.266759","0.180046","0.511630"
"2015-07-17","17 Jul 2015","2.064763","-0.277989","0.861389","-0.290028","1.510303","-0.242682","1.556197","-0.273904","0.139712","0.449334"
"2015-07-20","20 Jul 2015","2.021908","-0.274044","0.832493","-0.276962","1.479687","-0.238169","1.529413","-0.253688","0.125235","0.427010"
"2015-07-21","21 Jul 2015","2.056233","-0.271202","0.854151","-0.278527","1.507434","-0.235586","1.557599","-0.258711","0.137501","0.443861"
"2015-07-22","22 Jul 2015","2.020671","-0.274373","0.832393","-0.278697","1.479433","-0.238804","1.529790","-0.256689","0.125625","0.427285"
"2015-07-23","23 Jul 2015","2.013741","-0.277069","0.825769","-0.273431","1.466603","-0.239741","1.508845","-0.244207","0.118643","0.420269"
"2015-07-24","24 Jul 2015","1.929720","-0.285216","0.774318","-0.278950","1.404909","-0.249086","1.453173","-0.248676","0.091444","0.381544"
"2015-07-27","27 Jul 2015","1.888071","-0.281159","0.751779","-0.275956","1.380315","-0.246463","1.436771","-0.247551","0.084343","0.367002"
"2015-07-28","28 Jul 2015","1.934442","-0.282128","0.782165","-0.284939","1.414640","-0.247886","1.467783","-0.262791","0.100235","0.390475"
"2015-07-29","29 Jul 2015","1.951116","-0.287396","0.784903","-0.284086","1.422067","-0.251505","1.471403","-0.256193","0.095192","0.388405"
"2015-07-30","30 Jul 2015","1.895521","-0.298046","0.742441","-0.289000","1.382344","-0.262390","1.440961","-0.257067","0.067470","0.352659"
"2015-07-31","31 Jul 2015","1.836374","-0.288699","0.728639","-0.290629","1.340114","-0.255975","1.394370","-0.268931","0.075328","0.352850"
"2015-08-03","03 Aug 2015","1.799180","-0.292085","0.699712","-0.284081","1.310078","-0.258279","1.365646","-0.254245","0.056363","0.328147"
"2015-08-04","04 Aug 2015","1.851441","-0.294305","0.722386","-0.284263","1.348628","-0.259244","1.404573","-0.252016","0.062024","0.340860"
"2015-08-05","05 Aug 2015","2.034828","-0.285762","0.824900","-0.281442","1.485692","-0.248428","1.534856","-0.251779","0.109861","0.413683"
"2015-08-06","06 Aug 2015","1.992643","-0.292796","0.795606","-0.283667","1.452250","-0.255321","1.502878","-0.250345","0.091369","0.389707"
"2015-08-07","07 Aug 2015","1.934844","-0.309230","0.750347","-0.300096","1.414344","-0.273256","1.479493","-0.267931","0.060964","0.351344"
"2015-08-10","10 Aug 2015","1.940410","-0.308614","0.757635","-0.298127","1.411468","-0.271828","1.465320","-0.264327","0.065296","0.357742"
"2015-08-11","11 Aug 2015","1.856911","-0.311801","0.708550","-0.293838","1.349351","-0.275064","1.410666","-0.254518","0.040835","0.321621"
"2015-08-12","12 Aug 2015","1.830870","-0.317179","0.694132","-0.299461","1.323505","-0.280800","1.373149","-0.260588","0.032399","0.310780"
"2015-08-13","13 Aug 2015","1.865137","-0.310387","0.718213","-0.295861","1.349983","-0.273993","1.396801","-0.259336","0.047885","0.330606"
"2015-08-14","14 Aug 2015","1.877094","-0.307242","0.730097","-0.292429","1.353698","-0.270220","1.390692","-0.255197","0.055869","0.341076"
"2015-08-17","17 Aug 2015","1.818505","-0.300183","0.704745","-0.291928","1.318268","-0.265944","1.362698","-0.261615","0.052635","0.328130"
"2015-08-18","18 Aug 2015","1.851628","-0.285575","0.726380","-0.279151","1.350463","-0.251688","1.398875","-0.250488","0.069461","0.346623"
"2015-08-19","19 Aug 2015","1.882393","-0.284017","0.740655","-0.275252","1.373010","-0.249205","1.420558","-0.244188","0.074422","0.355357"
"2015-08-20","20 Aug 2015","1.766673","-0.297567","0.669270","-0.284626","1.286998","-0.264143","1.342695","-0.251496","0.035490","0.301095"
"2015-08-21","21 Aug 2015","1.767556","-0.291662","0.680354","-0.280048","1.280197","-0.257961","1.320415","-0.247649","0.046558","0.313520"
"2015-08-24","24 Aug 2015","1.678181","-0.293847","0.637287","-0.275292","1.200459","-0.259714","1.223048","-0.237366","0.028127","0.284914"
"2015-08-25","25 Aug 2015","1.960058","-0.268864","0.812543","-0.275647","1.418943","-0.234507","1.432490","-0.256332","0.124612","0.419328"
"2015-08-26","26 Aug 2015","1.962517","-0.263197","0.808759","-0.265171","1.425433","-0.228432","1.445121","-0.242034","0.122397","0.415098"
"2015-08-27","27 Aug 2015","2.006289","-0.264163","0.828685","-0.269274","1.462783","-0.229535","1.488246","-0.248601","0.129527","0.427504"
"2015-08-28","28 Aug 2015","1.924771","-0.262724","0.789268","-0.270264","1.404422","-0.230120","1.432609","-0.252865","0.116517","0.403016"
"2015-08-31","31 Aug 2015","1.971431","-0.250367","0.820057","-0.265150","1.448999","-0.218853","1.484215","-0.253950","0.138223","0.428800"
"2015-09-01","01 Sep 2015","2.080668","-0.239552","0.898658","-0.271593","1.530635","-0.208892","1.554900","-0.273763","0.186205","0.493211"
"2015-09-02","02 Sep 2015","2.088414","-0.248721","0.900774","-0.275890","1.524656","-0.216279","1.535669","-0.273102","0.181024","0.491809"
"2015-09-03","03 Sep 2015","2.052737","-0.281940","0.841704","-0.283637","1.489966","-0.245445","1.511090","-0.259072","0.121863","0.428704"
"2015-09-04","04 Sep 2015","1.933395","-0.282408","0.779230","-0.288641","1.409577","-0.249396","1.443580","-0.270011","0.098373","0.387629"
"2015-09-07","07 Sep 2015","1.927041","-0.280501","0.762572","-0.276097","1.409891","-0.246318","1.454185","-0.248789","0.084914","0.370361"
"2015-09-08","08 Sep 2015","1.942296","-0.271686","0.774652","-0.271956","1.428839","-0.238556","1.479299","-0.248907","0.096235","0.381942"
"2015-09-09","09 Sep 2015","2.030247","-0.279827","0.812987","-0.272225","1.483828","-0.243183","1.522446","-0.240765","0.102741","0.402214"
"2015-09-10","10 Sep 2015","1.974937","-0.280299","0.784042","-0.276942","1.448793","-0.245787","1.495806","-0.250207","0.092334","0.383440"
"2015-09-11","11 Sep 2015","1.952955","-0.285100","0.760263","-0.276514","1.437519","-0.250547","1.495716","-0.245928","0.075044","0.361536"
"2015-09-14","14 Sep 2015","1.921191","-0.287177","0.738626","-0.273042","1.412340","-0.252201","1.470972","-0.238039","0.062320","0.344161"
"2015-09-15","15 Sep 2015","2.040658","-0.278938","0.819150","-0.280303","1.500741","-0.244334","1.548434","-0.257025","0.108180","0.407906"
"2015-09-16","16 Sep 2015","2.097869","-0.273319","0.859217","-0.278347","1.537747","-0.237926","1.572193","-0.257169","0.130960","0.439731"
"2015-09-17","17 Sep 2015","2.089823","-0.253631","0.872245","-0.266476","1.537154","-0.220019","1.569529","-0.252372","0.153003","0.458992"
"2015-09-18","18 Sep 2015","1.878389","-0.284467","0.739905","-0.287944","1.375891","-0.252729","1.420558","-0.268273","0.077371","0.356716"
"2015-09-21","21 Sep 2015","1.943421","-0.276645","0.776373","-0.280617","1.426440","-0.244020","1.470316","-0.260677","0.096065","0.383180"
"2015-09-22","22 Sep 2015","1.878694","-0.306212","0.713160","-0.295029","1.372884","-0.271900","1.426251","-0.262667","0.043686","0.323440"
"2015-09-23","23 Sep 2015","1.833597","-0.295405","0.702160","-0.291731","1.344223","-0.263380","1.399300","-0.266585","0.050735","0.323575"
"2015-09-24","24 Sep 2015","1.761961","-0.289575","0.672085","-0.280463","1.281141","-0.257320","1.320307","-0.251062","0.042609","0.306443"
"2015-09-25","25 Sep 2015","1.899393","-0.284263","0.749857","-0.288351","1.391897","-0.252385","1.435229","-0.269048","0.081085","0.363025"
"2015-09-28","28 Sep 2015","1.834051","-0.292924","0.708891","-0.297619","1.346667","-0.262563","1.398336","-0.279897","0.058984","0.331954"
"2015-09-29","29 Sep 2015","1.807417","-0.298206","0.698459","-0.318722","1.338052","-0.271646","1.402520","-0.315528","0.058250","0.327704"
"2015-09-30","30 Sep 2015","1.764840","-0.216561","0.703349","-0.270506","1.308548","-0.236904","1.523918","-0.358134","0.040239","0.327629"
"2015-10-01","01 Oct 2015","1.699011","-0.261298","0.650413","-0.284793","1.254248","-0.266356","1.470753","-0.331182","0.001884","0.281643"
"2015-10-02","02 Oct 2015","1.614336","-0.282677","0.591074","-0.291410","1.197203","-0.276816","1.419402","-0.309803","-0.023096","0.237802"
"2015-10-05","05 Oct 2015","1.707748","-0.268233","0.653672","-0.280206","1.270837","-0.262738","1.495083","-0.303269","0.011025","0.286617"
"2015-10-06","06 Oct 2015","1.808515","-0.256380","0.718640","-0.265430","1.354915","-0.246618","1.585736","-0.282476","0.048871","0.337785"
"2015-10-07","07 Oct 2015","1.789130","-0.255352","0.711642","-0.275152","1.340940","-0.248816","1.569307","-0.302700","0.049251","0.335148"
"2015-10-08","08 Oct 2015","1.741586","-0.265465","0.681444","-0.283413","1.303562","-0.257908","1.530180","-0.307478","0.033102","0.312170"
"2015-10-09","09 Oct 2015","1.787687","-0.262769","0.711070","-0.282489","1.342172","-0.253815","1.571958","-0.306425","0.050008","0.335442"
"2015-10-12","12 Oct 2015","1.742895","-0.268199","0.677340","-0.285224","1.303933","-0.260740","1.532527","-0.308666","0.027853","0.306813"
"2015-10-13","13 Oct 2015","1.774697","-0.265497","0.691637","-0.280369","1.328308","-0.257851","1.560485","-0.302627","0.031939","0.315065"
"2015-10-14","14 Oct 2015","1.738906","-0.269289","0.658745","-0.274730","1.295334","-0.262257","1.527768","-0.291382","0.006641","0.284538"
"2015-10-15","15 Oct 2015","1.724110","-0.276797","0.651932","-0.295262","1.286365","-0.271922","1.518834","-0.322161","0.005622","0.281155"
"2015-10-16","16 Oct 2015","1.719151","-0.273280","0.654291","-0.299142","1.284663","-0.270041","1.515757","-0.332567","0.011777","0.285996"
"2015-10-19","19 Oct 2015","1.744977","-0.279988","0.666650","-0.287620","1.302038","-0.270307","1.534170","-0.302346","0.012161","0.292402"
"2015-10-20","20 Oct 2015","1.818964","-0.252308","0.733099","-0.271443","1.368229","-0.243097","1.599088","-0.295184","0.064593","0.353664"
"2015-10-21","21 Oct 2015","1.761280","-0.261805","0.686198","-0.286188","1.321277","-0.256546","1.553791","-0.316642","0.034409","0.313542"
"2015-10-22","22 Oct 2015","1.662263","-0.356391","0.576973","-0.345102","1.226645","-0.339283","1.467140","-0.336907","-0.070351","0.204109"
"2015-10-23","23 Oct 2015","1.701095","-0.329685","0.610697","-0.325847","1.251449","-0.319592","1.484889","-0.333423","-0.049871","0.232155"
"2015-10-26","26 Oct 2015","1.670049","-0.337397","0.595750","-0.338304","1.228743","-0.327152","1.459921","-0.347988","-0.054661","0.223187"
"2015-10-27","27 Oct 2015","1.602885","-0.346468","0.548717","-0.351439","1.174351","-0.339378","1.404040","-0.366295","-0.082186","0.185311"
"2015-10-28","28 Oct 2015","1.629699","-0.344984","0.567804","-0.344862","1.191533","-0.337057","1.418655","-0.356962","-0.075220","0.199171"
"2015-10-29","29 Oct 2015","1.659688","-0.335611","0.607062","-0.337877","1.217944","-0.325569","1.438503","-0.350377","-0.043403","0.237864"
"2015-10-30","30 Oct 2015","1.690403","-0.322299","0.629988","-0.329809","1.245599","-0.313431","1.467936","-0.347210","-0.025507","0.258072"
"2015-11-02","02 Nov 2015","1.754885","-0.311072","0.672168","-0.319086","1.298974","-0.301108","1.524927","-0.336365","-0.000564","0.291463"
"2015-11-03","03 Nov 2015","1.776790","-0.319030","0.673219","-0.326178","1.314025","-0.309291","1.545515","-0.343196","-0.009026","0.286178"
"2015-11-04","04 Nov 2015","1.813547","-0.330311","0.675918","-0.335509","1.338917","-0.321248","1.579016","-0.352341","-0.022417","0.278294"
"2015-11-05","05 Nov 2015","1.872617","-0.325836","0.708684","-0.330286","1.388128","-0.314832","1.634552","-0.344511","-0.005591","0.302107"
"2015-11-06","06 Nov 2015","1.972351","-0.300801","0.782245","-0.326376","1.477271","-0.292301","1.729598","-0.357559","0.048082","0.365924"
"2015-11-09","09 Nov 2015","2.074078","-0.319474","0.800010","-0.330455","1.547139","-0.310230","1.819023","-0.352648","0.023332","0.356556"
"2015-11-10","10 Nov 2015","2.037027","-0.352436","0.755828","-0.338375","1.506255","-0.337890","1.778986","-0.338480","-0.023198","0.310034"
"2015-11-11","11 Nov 2015","1.998241","-0.359490","0.736979","-0.346670","1.476478","-0.344207","1.745501","-0.346028","-0.030129","0.298224"
"2015-11-12","12 Nov 2015","1.952652","-0.365129","0.725572","-0.345371","1.438810","-0.346544","1.696640","-0.336934","-0.030415","0.295750"
"2015-11-13","13 Nov 2015","1.873331","-0.368852","0.666982","-0.369608","1.378476","-0.359051","1.638443","-0.382320","-0.060802","0.249226"
"2015-11-16","16 Nov 2015","1.856221","-0.370800","0.648388","-0.362863","1.362389","-0.360335","1.623634","-0.368933","-0.075905","0.231205"
"2015-11-17","17 Nov 2015","1.857105","-0.379269","0.649764","-0.368832","1.362433","-0.366634","1.622968","-0.370821","-0.076871","0.232065"
"2015-11-18","18 Nov 2015","1.839447","-0.376962","0.635971","-0.362952","1.346627","-0.365206","1.606405","-0.363642","-0.085968","0.220093"
"2015-11-19","19 Nov 2015","1.748700","-0.376290","0.595053","-0.356231","1.273181","-0.364084","1.520147","-0.352207","-0.099819","0.195294"
"2015-11-20","20 Nov 2015","1.703251","-0.388586","0.576551","-0.375007","1.234852","-0.377802","1.473538","-0.377228","-0.108445","0.184234"
"2015-11-23","23 Nov 2015","1.768598","-0.394016","0.629216","-0.378900","1.283569","-0.380325","1.517947","-0.379808","-0.082308","0.226833"
"2015-11-24","24 Nov 2015","1.777366","-0.379731","0.614693","-0.367619","1.294534","-0.369285","1.541170","-0.371849","-0.091445","0.210086"
"2015-11-25","25 Nov 2015","1.737503","-0.414808","0.572968","-0.403151","1.259064","-0.403475","1.509446","-0.405400","-0.128237","0.169783"
"2015-11-26","26 Nov 2015","1.762045","-0.411579","0.583079","-0.403354","1.277383","-0.402421","1.530621","-0.410860","-0.126179","0.174975"
"2015-11-27","27 Nov 2015","1.733409","-0.417678","0.555557","-0.402203","1.251666","-0.408428","1.506150","-0.404454","-0.147466","0.149300"
"2015-11-30","30 Nov 2015","1.774289","-0.412274","0.580391","-0.403232","1.288678","-0.402938","1.548480","-0.409204","-0.130889","0.169338"
"2015-12-01","01 Dec 2015","1.809557","-0.423587","0.585018","-0.422980","1.319954","-0.415153","1.592110","-0.434444","-0.135935","0.166492"
"2015-12-02","02 Dec 2015","1.828081","-0.432115","0.584745","-0.417867","1.321798","-0.423895","1.591845","-0.423029","-0.153668","0.156994"
"2015-12-03","03 Dec 2015","1.944085","-0.312978","0.709515","-0.324892","1.443401","-0.310749","1.712962","-0.353493","-0.023985","0.285155"
"2015-12-04","04 Dec 2015","1.978571","-0.297581","0.788763","-0.314571","1.474933","-0.289897","1.721574","-0.343578","0.045912","0.369254"
"2015-12-07","07 Dec 2015","1.896991","-0.304916","0.713062","-0.316162","1.405644","-0.301399","1.656993","-0.344214","-0.006524","0.301080"
"2015-12-08","08 Dec 2015","1.834794","-0.314364","0.686799","-0.329388","1.356611","-0.310765","1.599281","-0.359351","-0.014853","0.286284"
"2015-12-09","09 Dec 2015","1.867412","-0.325641","0.696485","-0.337676","1.374952","-0.323168","1.619426","-0.368963","-0.023984","0.286173"
"2015-12-10","10 Dec 2015","1.882547","-0.340321","0.692186","-0.344165","1.382907","-0.335520","1.632047","-0.367543","-0.038219","0.275604"
"2015-12-11","11 Dec 2015","1.825050","-0.354154","0.645013","-0.356973","1.333262","-0.351533","1.582349","-0.381325","-0.071708","0.234066"
"2015-12-14","14 Dec 2015","1.861217","-0.339661","0.687348","-0.347371","1.363693","-0.337442","1.606365","-0.377491","-0.039269","0.274441"
"2015-12-15","15 Dec 2015","1.946698","-0.340297","0.766645","-0.352012","1.434686","-0.333187","1.671630","-0.382320","0.011709","0.344704"
"2015-12-16","16 Dec 2015","1.959762","-0.341164","0.778075","-0.359697","1.445028","-0.335828","1.681113","-0.397334","0.018079","0.354412"
"2015-12-17","17 Dec 2015","1.881355","-0.348957","0.731707","-0.378311","1.384326","-0.346694","1.616260","-0.424307","-0.002042","0.321379"
"2015-12-18","18 Dec 2015","1.792444","-0.364737","0.673223","-0.380793","1.310065","-0.359767","1.536725","-0.413719","-0.037252","0.274732"
"2015-12-21","21 Dec 2015","1.794131","-0.369476","0.668759","-0.383082","1.309979","-0.364031","1.538405","-0.413743","-0.043811","0.268580"
"2015-12-22","22 Dec 2015","1.838648","-0.352305","0.705722","-0.377962","1.353085","-0.347481","1.584249","-0.416446","-0.011540","0.303291"
"2015-12-23","23 Dec 2015","1.923516","-0.345068","0.753329","-0.382248","1.427655","-0.339548","1.670052","-0.426278","0.017497","0.339736"
"2015-12-28","28 Dec 2015","1.888039","-0.345325","0.736978","-0.379299","1.398686","-0.339524","1.636110","-0.420946","0.011282","0.329483"
"2015-12-29","29 Dec 2015","1.944824","-0.336414","0.768795","-0.387029","1.450646","-0.333093","1.696943","-0.441341","0.033110","0.354665"
"2015-12-30","30 Dec 2015","1.976069","-0.348207","0.768970","-0.396811","1.469651","-0.346279","1.722870","-0.452143","0.017391","0.344696"
"2016-01-04","04 Jan 2016","1.888227","-0.364754","0.702713","-0.410613","1.392777","-0.366505","1.642502","-0.467927","-0.028807","0.287602"
"2016-01-05","05 Jan 2016","1.896505","-0.374165","0.696444","-0.414486","1.395370","-0.375382","1.648358","-0.467882","-0.042088","0.276659"
"2016-01-06","06 Jan 2016","1.858642","-0.384120","0.663953","-0.424328","1.363888","-0.386432","1.618325","-0.477923","-0.064523","0.248064"
"2016-01-07","07 Jan 2016","1.909839","-0.387984","0.701225","-0.425467","1.408340","-0.384620","1.665332","-0.470725","-0.041406","0.279244"
"2016-01-08","08 Jan 2016","1.871677","-0.394997","0.676140","-0.435440","1.376970","-0.393292","1.632031","-0.484062","-0.056175","0.259407"
"2016-01-11","11 Jan 2016","1.888642","-0.389351","0.703122","-0.428018","1.391850","-0.384841","1.640898","-0.473211","-0.033726","0.286755"
"2016-01-12","12 Jan 2016","1.886452","-0.379664","0.726434","-0.427354","1.392916","-0.375955","1.632028","-0.480549","-0.007701","0.315220"
"2016-01-13","13 Jan 2016","1.815679","-0.390692","0.676466","-0.421110","1.333192","-0.383545","1.569326","-0.458026","-0.039292","0.273965"
"2016-01-14","14 Jan 2016","1.784759","-0.402584","0.645982","-0.421408","1.306015","-0.392778","1.544259","-0.446759","-0.063155","0.245448"
"2016-01-15","15 Jan 2016","1.775809","-0.403352","0.629034","-0.419042","1.296037","-0.395331","1.537314","-0.444302","-0.079074","0.227225"
"2016-01-18","18 Jan 2016","1.791586","-0.395998","0.632434","-0.415988","1.310483","-0.390101","1.556771","-0.445999","-0.077281","0.228128"
"2016-01-19","19 Jan 2016","1.836420","-0.382250","0.645140","-0.398912","1.338761","-0.381713","1.589562","-0.435131","-0.082538","0.229329"
"2016-01-20","20 Jan 2016","1.719158","-0.408048","0.586292","-0.411889","1.246261","-0.400046","1.485134","-0.429171","-0.108120","0.190466"
"2016-01-21","21 Jan 2016","1.673786","-0.450709","0.536011","-0.442598","1.199353","-0.440355","1.439531","-0.449387","-0.159021","0.138975"
"2016-01-22","22 Jan 2016","1.784325","-0.445020","0.591490","-0.432537","1.284738","-0.433573","1.535138","-0.436988","-0.139655","0.174354"
"2016-01-25","25 Jan 2016","1.740001","-0.441650","0.570691","-0.431902","1.252154","-0.430970","1.498809","-0.438019","-0.143597","0.162596"
"2016-01-26","26 Jan 2016","1.700983","-0.451770","0.544196","-0.435537","1.216431","-0.440903","1.459163","-0.437585","-0.163439","0.139903"
"2016-01-27","27 Jan 2016","1.705637","-0.437190","0.551050","-0.423305","1.222097","-0.428154","1.464383","-0.429088","-0.154225","0.147735"
"2016-01-28","28 Jan 2016","1.625058","-0.443054","0.498150","-0.428203","1.157148","-0.435816","1.396081","-0.433995","-0.182542","0.106683"
"2016-01-29","29 Jan 2016","1.554441","-0.472746","0.439390","-0.450797","1.092154","-0.466102","1.328904","-0.452468","-0.230400","0.052842"
"2016-02-01","01 Feb 2016","1.537771","-0.455835","0.429523","-0.439866","1.080803","-0.453757","1.317574","-0.450312","-0.230361","0.046894"
"2016-02-02","02 Feb 2016","1.499534","-0.468163","0.405195","-0.444130","1.050780","-0.462137","1.286209","-0.443613","-0.243940","0.028264"
"2016-02-03","03 Feb 2016","1.496650","-0.476908","0.405749","-0.452116","1.049219","-0.468536","1.283946","-0.448111","-0.243399","0.029603"
"2016-02-04","04 Feb 2016","1.470109","-0.482292","0.401242","-0.458484","1.030942","-0.471347","1.260562","-0.451586","-0.238568","0.031850"
"2016-02-05","05 Feb 2016","1.479513","-0.483811","0.409796","-0.459241","1.037935","-0.471947","1.266451","-0.451197","-0.233946","0.039096"
"2016-02-08","08 Feb 2016","1.365781","-0.507284","0.346312","-0.477497","0.944370","-0.493682","1.161796","-0.463054","-0.268044","-0.007255"
"2016-02-09","09 Feb 2016","1.361992","-0.507895","0.359516","-0.485457","0.946292","-0.492617","1.159433","-0.473472","-0.250383","0.010544"
"2016-02-10","10 Feb 2016","1.390264","-0.507930","0.358189","-0.480706","0.966558","-0.493460","1.188618","-0.466398","-0.261454","0.001215"
"2016-02-11","11 Feb 2016","1.297817","-0.520531","0.310798","-0.502297","0.893347","-0.508533","1.106213","-0.495680","-0.281607","-0.030403"
"2016-02-12","12 Feb 2016","1.328288","-0.512807","0.335971","-0.485421","0.916269","-0.497867","1.126832","-0.470657","-0.266634","-0.009368"
"2016-02-15","15 Feb 2016","1.382769","-0.506982","0.361146","-0.477785","0.959150","-0.491985","1.176267","-0.462309","-0.257807","0.005977"
"2016-02-16","16 Feb 2016","1.437251","-0.499607","0.385287","-0.470233","1.002909","-0.485093","1.227629","-0.455473","-0.248870","0.020503"
"2016-02-17","17 Feb 2016","1.422937","-0.499509","0.377116","-0.472371","0.992814","-0.485541","1.217307","-0.459198","-0.251297","0.015153"
"2016-02-18","18 Feb 2016","1.361258","-0.504409","0.332321","-0.479227","0.946004","-0.492124","1.171977","-0.467405","-0.274794","-0.020310"
"2016-02-19","19 Feb 2016","1.308366","-0.515701","0.298880","-0.490351","0.903648","-0.503398","1.127128","-0.477531","-0.293485","-0.046013"
"2016-02-22","22 Feb 2016","1.304546","-0.517130","0.293124","-0.488115","0.898624","-0.504719","1.122188","-0.472938","-0.299721","-0.052386"
"2016-02-23","23 Feb 2016","1.321333","-0.501680","0.324820","-0.480984","0.915851","-0.489710","1.132593","-0.472438","-0.268658","-0.018296"
"2016-02-24","24 Feb 2016","1.204285","-0.507814","0.242126","-0.482882","0.819665","-0.499815","1.033168","-0.474537","-0.316957","-0.085352"
"2016-02-25","25 Feb 2016","1.243048","-0.510075","0.258033","-0.489518","0.849609","-0.503417","1.068393","-0.485969","-0.314107","-0.077113"
"2016-02-26","26 Feb 2016","1.268622","-0.525291","0.257149","-0.503962","0.863214","-0.520034","1.086861","-0.502402","-0.330435","-0.087249"
"2016-02-29","29 Feb 2016","1.234624","-0.540539","0.218828","-0.510551","0.830200","-0.535649","1.056421","-0.503489","-0.364537","-0.125325"
"2016-03-01","01 Mar 2016","1.319045","-0.537925","0.252332","-0.515471","0.900540","-0.534650","1.142269","-0.514984","-0.354030","-0.106828"
"2016-03-02","02 Mar 2016","1.415489","-0.531296","0.308599","-0.503896","0.978518","-0.524221","1.227707","-0.496753","-0.326254","-0.065635"
"2016-03-03","03 Mar 2016","1.417255","-0.555209","0.310642","-0.518564","0.966359","-0.546468","1.206229","-0.506274","-0.340334","-0.069012"
"2016-03-04","04 Mar 2016","1.421997","-0.539057","0.326647","-0.509017","0.977300","-0.530314","1.215858","-0.500313","-0.317685","-0.048835"
"2016-03-07","07 Mar 2016","1.446175","-0.525420","0.328901","-0.496088","0.993284","-0.521627","1.236848","-0.494310","-0.322929","-0.052953"
"2016-03-08","08 Mar 2016","1.405625","-0.553895","0.289074","-0.511662","0.960723","-0.544090","1.209251","-0.492622","-0.353977","-0.089659"
"2016-03-09","09 Mar 2016","1.445738","-0.527225","0.344390","-0.497253","1.000575","-0.517436","1.241774","-0.486994","-0.301966","-0.032520"
"2016-03-10","10 Mar 2016","1.404686","-0.520278","0.321002","-0.485286","0.960365","-0.514539","1.193385","-0.478019","-0.317941","-0.051559"
"2016-03-11","11 Mar 2016","1.427079","-0.464812","0.369672","-0.451413","1.007099","-0.458061","1.243684","-0.453209","-0.244325","0.010344"
"2016-03-14","14 Mar 2016","1.406998","-0.466642","0.356741","-0.457164","0.991342","-0.461594","1.227287","-0.463166","-0.250957","0.000509"
"2016-03-15","15 Mar 2016","1.466763","-0.457606","0.405931","-0.457263","1.047125","-0.450338","1.285922","-0.466579","-0.213337","0.045107"
"2016-03-16","16 Mar 2016","1.422518","-0.461006","0.376501","-0.456715","1.006728","-0.455538","1.240634","-0.465763","-0.233185","0.020572"
"2016-03-17","17 Mar 2016","1.344951","-0.471019","0.332522","-0.462999","0.941906","-0.465805","1.167813","-0.469478","-0.256835","-0.011941"
"2016-03-18","18 Mar 2016","1.291552","-0.487585","0.302116","-0.479809","0.899649","-0.481011","1.121856","-0.484032","-0.273091","-0.034058"
"2016-03-21","21 Mar 2016","1.327868","-0.481563","0.321816","-0.472499","0.925624","-0.475869","1.148963","-0.477923","-0.266072","-0.021197"
"2016-03-22","22 Mar 2016","1.314127","-0.487199","0.319251","-0.475403","0.910989","-0.480790","1.128315","-0.479037","-0.268607","-0.022103"
"2016-03-23","23 Mar 2016","1.329707","-0.490615","0.331572","-0.478729","0.923142","-0.482845","1.139880","-0.481110","-0.262230","-0.012025"
"2016-03-24","24 Mar 2016","1.250750","-0.491677","0.286489","-0.477216","0.861908","-0.484194","1.073801","-0.476859","-0.281107","-0.043634"
"2016-03-29","29 Mar 2016","1.195273","-0.503543","0.248642","-0.488539","0.815408","-0.497131","1.024587","-0.488465","-0.305017","-0.074453"
"2016-03-30","30 Mar 2016","1.219093","-0.493836","0.266185","-0.484104","0.834068","-0.489875","1.042854","-0.491049","-0.293804","-0.059989"
"2016-03-31","31 Mar 2016","1.213351","-0.493771","0.262592","-0.485655","0.829766","-0.490455","1.038446","-0.494270","-0.295311","-0.062587"
"2016-04-01","01 Apr 2016","1.147993","-0.491790","0.225442","-0.483781","0.776588","-0.491032","0.979461","-0.494942","-0.312388","-0.089282"
"2016-04-04","04 Apr 2016","1.119362","-0.483261","0.226647","-0.479808","0.758862","-0.481772","0.954559","-0.492618","-0.297392","-0.078759"
"2016-04-05","05 Apr 2016","1.065880","-0.493496","0.182375","-0.482601","0.710219","-0.493525","0.904430","-0.492173","-0.330815","-0.118677"
"2016-04-06","06 Apr 2016","1.111801","-0.427797","0.209669","-0.489456","0.747583","-0.481099","0.947045","-0.569197","-0.326672","-0.101336"
"2016-04-07","07 Apr 2016","1.081144","-0.470664","0.185750","-0.497821","0.718696","-0.503008","0.916037","-0.520771","-0.348194","-0.123387"
"2016-04-08","08 Apr 2016","1.113459","-0.461458","0.195364","-0.507525","0.742620","-0.506540","0.945489","-0.564548","-0.350649","-0.121210"
"2016-04-11","11 Apr 2016","1.192984","-0.467195","0.233862","-0.500840","0.806008","-0.503070","1.018258","-0.535260","-0.336497","-0.096758"
"2016-04-12","12 Apr 2016","1.190871","-0.451500","0.200908","-0.508391","0.803534","-0.506718","1.030785","-0.585416","-0.368548","-0.134806"
"2016-04-13","13 Apr 2016","1.188621","-0.456825","0.203506","-0.512722","0.803116","-0.507961","1.029244","-0.583465","-0.364018","-0.130714"
"2016-04-14","14 Apr 2016","1.179907","-0.444570","0.205326","-0.508988","0.797083","-0.501369","1.019786","-0.591884","-0.357924","-0.125895"
"2016-04-15","15 Apr 2016","1.151048","-0.481927","0.185694","-0.519251","0.776253","-0.514879","0.999986","-0.542845","-0.367762","-0.140805"
"2016-04-18","18 Apr 2016","1.168954","-0.457410","0.201526","-0.520120","0.791086","-0.505951","1.013701","-0.581220","-0.355898","-0.126566"
"2016-04-19","19 Apr 2016","1.223280","-0.466771","0.228404","-0.525690","0.834056","-0.509715","1.062591","-0.576926","-0.346706","-0.109421"
"2016-04-20","20 Apr 2016","1.180272","-0.468278","0.201025","-0.521539","0.801585","-0.508390","1.029603","-0.558773","-0.358567","-0.129587"
"2016-04-21","21 Apr 2016","1.250165","-0.456786","0.260510","-0.514791","0.859212","-0.494756","1.083983","-0.553459","-0.317878","-0.077301"
"2016-04-22","22 Apr 2016","1.310574","-0.459712","0.288494","-0.520165","0.908156","-0.495680","1.141261","-0.558643","-0.307880","-0.059962"
"2016-04-25","25 Apr 2016","1.385545","-0.466261","0.327169","-0.522389","0.967734","-0.496642","1.208402","-0.551734","-0.292942","-0.034291"
"2016-04-26","26 Apr 2016","1.397061","-0.457720","0.345320","-0.520353","0.977476","-0.490306","1.213627","-0.553121","-0.277429","-0.015803"
"2016-04-27","27 Apr 2016","1.432780","-0.453734","0.356780","-0.525261","1.005364","-0.491676","1.248222","-0.572305","-0.277569","-0.011855"
"2016-04-28","28 Apr 2016","1.386547","-0.467463","0.318318","-0.530820","0.968094","-0.502461","1.213251","-0.574288","-0.302932","-0.045119"
"2016-04-29","29 Apr 2016","1.391481","-0.503962","0.343195","-0.518085","0.978103","-0.502437","1.214932","-0.543334","-0.266758","-0.012745"
"2016-05-02","02 May 2016","1.349947","-0.492476","0.328669","-0.509217","0.949072","-0.492023","1.181043","-0.536679","-0.263400","-0.017377"
"2016-05-03","03 May 2016","1.246351","-0.513091","0.253946","-0.517171","0.856391","-0.513714","1.081189","-0.537393","-0.316276","-0.081420"
"2016-05-04","04 May 2016","1.286179","-0.512218","0.277075","-0.521078","0.889174","-0.513108","1.117508","-0.545056","-0.304740","-0.064386"
"2016-05-05","05 May 2016","1.239717","-0.528159","0.241569","-0.521752","0.842936","-0.527248","1.065883","-0.534310","-0.335320","-0.097160"
"2016-05-06","06 May 2016","1.205319","-0.532850","0.220684","-0.525526","0.816842","-0.531399","1.038738","-0.536054","-0.345051","-0.112339"
"2016-05-09","09 May 2016","1.170885","-0.530262","0.197204","-0.524216","0.790867","-0.530609","1.012982","-0.536856","-0.355915","-0.130223"
"2016-05-10","10 May 2016","1.122414","-0.526129","0.172027","-0.524496","0.757188","-0.527835","0.977862","-0.540319","-0.361458","-0.145419"
"2016-05-11","11 May 2016","1.137994","-0.529785","0.169889","-0.526856","0.771752","-0.531032","1.000577","-0.540739","-0.367414","-0.151412"
"2016-05-12","12 May 2016","1.190472","-0.536178","0.196965","-0.532201","0.811773","-0.535626","1.044754","-0.544034","-0.359211","-0.134139"
"2016-05-13","13 May 2016","1.169619","-0.532340","0.190387","-0.533063","0.797970","-0.532839","1.028750","-0.548750","-0.356658","-0.135481"
"2016-05-16","16 May 2016","1.175068","-0.530795","0.200719","-0.532754","0.804114","-0.530097","1.033066","-0.547895","-0.346670","-0.124302"
"2016-05-17","17 May 2016","1.151836","-0.528460","0.186795","-0.532608","0.786844","-0.529240","1.015232","-0.550461","-0.351980","-0.134088"
"2016-05-18","18 May 2016","1.224348","-0.525503","0.234419","-0.538724","0.848418","-0.525670","1.081927","-0.562313","-0.324087","-0.096100"
"2016-05-19","19 May 2016","1.183917","-0.524929","0.208821","-0.537515","0.816557","-0.526392","1.048510","-0.561627","-0.336605","-0.115385"
"2016-05-20","20 May 2016","1.210771","-0.522904","0.228127","-0.538180","0.839364","-0.523791","1.072389","-0.563623","-0.324468","-0.099343"
"2016-05-23","23 May 2016","1.214170","-0.522742","0.228587","-0.539600","0.842374","-0.524249","1.076593","-0.566757","-0.324807","-0.099584"
"2016-05-24","24 May 2016","1.209063","-0.522701","0.222300","-0.544198","0.838483","-0.526429","1.074078","-0.576809","-0.329250","-0.105508"
"2016-05-25","25 May 2016","1.190632","-0.533917","0.203604","-0.550372","0.821289","-0.536745","1.057849","-0.578479","-0.345852","-0.123674"
"2016-05-26","26 May 2016","1.171097","-0.539694","0.198924","-0.554809","0.806504","-0.540424","1.039101","-0.579455","-0.345117","-0.124125"
"2016-05-27","27 May 2016","1.144276","-0.538384","0.170860","-0.551166","0.783486","-0.541836","1.019091","-0.577000","-0.365414","-0.150306"
"2016-05-30","30 May 2016","1.212764","-0.529066","0.223634","-0.541394","0.835901","-0.530369","1.068222","-0.565905","-0.334012","-0.106712"
"2016-05-31","31 May 2016","1.194692","-0.525446","0.222408","-0.538703","0.825522","-0.525443","1.054929","-0.561839","-0.326369","-0.102255"
"2016-06-01","01 Jun 2016","1.123409","-0.541851","0.175503","-0.550175","0.768079","-0.540772","0.994975","-0.567892","-0.354397","-0.139369"
"2016-06-02","02 Jun 2016","1.106647","-0.537985","0.175786","-0.549601","0.758632","-0.536377","0.982278","-0.568493","-0.345754","-0.133527"
"2016-06-03","03 Jun 2016","1.027501","-0.551231","0.123702","-0.553725","0.689385","-0.549559","0.906105","-0.566219","-0.379438","-0.176016"
"2016-06-06","06 Jun 2016","1.026840","-0.563037","0.131380","-0.559712","0.683799","-0.557753","0.892992","-0.565047","-0.377276","-0.168767"
"2016-06-07","07 Jun 2016","0.983308","-0.557862","0.106091","-0.554021","0.651350","-0.553817","0.859049","-0.559675","-0.386434","-0.186203"
"2016-06-08","08 Jun 2016","0.948066","-0.559518","0.097205","-0.554622","0.624606","-0.553626","0.825174","-0.557200","-0.383900","-0.187201"
"2016-06-09","09 Jun 2016","0.867047","-0.567708","0.059594","-0.564638","0.557526","-0.562777","0.746021","-0.569216","-0.399379","-0.211140"
"2016-06-10","10 Jun 2016","0.824473","-0.569784","0.046563","-0.562957","0.519997","-0.563836","0.697237","-0.564317","-0.402218","-0.216512"
"2016-06-13","13 Jun 2016","0.846081","-0.560128","0.057765","-0.560223","0.538518","-0.557257","0.718719","-0.569778","-0.395022","-0.208260"
"2016-06-14","14 Jun 2016","0.809713","-0.589558","0.036635","-0.574616","0.494809","-0.583428","0.662604","-0.572724","-0.421588","-0.229195"
"2016-06-15","15 Jun 2016","0.815356","-0.600593","0.030736","-0.577278","0.494857","-0.592688","0.664545","-0.568302","-0.434454","-0.239270"
"2016-06-16","16 Jun 2016","0.769790","-0.614895","0.019077","-0.584158","0.453060","-0.604292","0.609080","-0.569000","-0.440542","-0.243867"
"2016-06-17","17 Jun 2016","0.846517","-0.618413","0.048406","-0.583089","0.510481","-0.607144","0.676757","-0.565154","-0.438425","-0.230684"
"2016-06-20","20 Jun 2016","0.924150","-0.600745","0.084387","-0.570248","0.574459","-0.592062","0.751790","-0.558538","-0.421353","-0.207308"
"2016-06-21","21 Jun 2016","0.917887","-0.602068","0.074358","-0.571812","0.567946","-0.594891","0.746845","-0.561915","-0.430487","-0.217812"
"2016-06-22","22 Jun 2016","0.936870","-0.594478","0.090428","-0.571434","0.587077","-0.588020","0.767506","-0.566672","-0.415814","-0.202410"
"2016-06-23","23 Jun 2016","0.976970","-0.585118","0.111738","-0.568002","0.624852","-0.578702","0.812845","-0.566153","-0.400213","-0.185562"
"2016-06-24","24 Jun 2016","0.769699","-0.668386","-0.024515","-0.636974","0.437327","-0.660915","0.603955","-0.625699","-0.503826","-0.300900"
"2016-06-27","27 Jun 2016","0.644534","-0.661190","-0.069989","-0.625443","0.338653","-0.653896","0.484333","-0.612154","-0.510525","-0.321757"
"2016-06-28","28 Jun 2016","0.685656","-0.653913","-0.063833","-0.628501","0.372809","-0.651064","0.530451","-0.625665","-0.512579","-0.323834"
"2016-06-29","29 Jun 2016","0.635328","-0.660665","-0.093658","-0.640866","0.335031","-0.658655","0.490871","-0.641040","-0.525006","-0.344817"
"2016-06-30","30 Jun 2016","0.600860","-0.664070","-0.104426","-0.649074","0.311612","-0.660945","0.463296","-0.650018","-0.522291","-0.347265"
"2016-07-01","01 Jul 2016","0.631256","-0.658886","-0.109504","-0.652010","0.333800","-0.662412","0.496997","-0.665730","-0.536312","-0.361135"
"2016-07-04","04 Jul 2016","0.653154","-0.667516","-0.107452","-0.656272","0.347277","-0.670604","0.514523","-0.667158","-0.545454","-0.365873"
"2016-07-05","05 Jul 2016","0.610773","-0.678190","-0.139593","-0.650635","0.305975","-0.679434","0.468887","-0.649465","-0.572260","-0.395240"
"2016-07-06","06 Jul 2016","0.584860","-0.692892","-0.154572","-0.676654","0.289098","-0.694376","0.452713","-0.681629","-0.577953","-0.405074"
"2016-07-07","07 Jul 2016","0.633023","-0.691780","-0.130928","-0.674250","0.326903","-0.692500","0.495621","-0.678023","-0.569628","-0.390077"
"2016-07-08","08 Jul 2016","0.605214","-0.697288","-0.160120","-0.673689","0.301322","-0.698937","0.472014","-0.674225","-0.593086","-0.418039"
"2016-07-11","11 Jul 2016","0.604102","-0.695061","-0.161821","-0.671815","0.300359","-0.697420","0.471400","-0.673389","-0.594061","-0.419671"
"2016-07-12","12 Jul 2016","0.704084","-0.679436","-0.094686","-0.658230","0.382245","-0.680315","0.557471","-0.660921","-0.554708","-0.366221"
"2016-07-13","13 Jul 2016","0.657861","-0.689046","-0.124496","-0.666224","0.346827","-0.688704","0.521195","-0.665154","-0.570031","-0.388773"
"2016-07-14","14 Jul 2016","0.747141","-0.674563","-0.065372","-0.656750","0.422015","-0.673248","0.601880","-0.658617","-0.533729","-0.341253"
"2016-07-15","15 Jul 2016","0.762986","-0.669894","-0.056795","-0.655173","0.435248","-0.669834","0.616901","-0.660634","-0.528818","-0.334984"
"2016-07-18","18 Jul 2016","0.752567","-0.673638","-0.075358","-0.653492","0.427625","-0.672788","0.615031","-0.653512","-0.543539","-0.353683"
"2016-07-19","19 Jul 2016","0.756707","-0.663251","-0.066591","-0.648511","0.436329","-0.662878","0.624598","-0.652013","-0.530276","-0.342539"
"2016-07-20","20 Jul 2016","0.762299","-0.647972","-0.059788","-0.640380","0.444948","-0.650363","0.634624","-0.651388","-0.519446","-0.334252"
"2016-07-21","21 Jul 2016","0.782515","-0.642028","-0.035896","-0.636035","0.464822","-0.642191","0.652643","-0.645591","-0.498480","-0.310377"
"2016-07-22","22 Jul 2016","0.747748","-0.642112","-0.052533","-0.631379","0.434185","-0.642194","0.615787","-0.637987","-0.506558","-0.321735"
"2016-07-25","25 Jul 2016","0.673001","-0.636377","-0.087806","-0.631629","0.379277","-0.638664","0.554824","-0.643355","-0.513928","-0.341948"
"2016-07-26","26 Jul 2016","0.664239","-0.634760","-0.084006","-0.625886","0.366252","-0.637274","0.532730","-0.636700","-0.512300","-0.337221"
"2016-07-27","27 Jul 2016","0.635430","-0.644128","-0.107934","-0.643529","0.342902","-0.649852","0.510561","-0.662801","-0.528589","-0.357954"
"2016-07-28","28 Jul 2016","0.589507","-0.642062","-0.121802","-0.644523","0.311042","-0.646781","0.472529","-0.663693","-0.524368","-0.360802"
"2016-07-29","29 Jul 2016","0.553918","-0.651275","-0.151797","-0.638916","0.278578","-0.653282","0.439310","-0.645031","-0.547644","-0.388126"
"2016-08-01","01 Aug 2016","0.552344","-0.646811","-0.154219","-0.635314","0.277400","-0.650093","0.438747","-0.643429","-0.548652","-0.390346"
"2016-08-02","02 Aug 2016","0.655373","-0.631624","-0.079924","-0.634353","0.361789","-0.636587","0.524943","-0.655486","-0.503157","-0.329298"
"2016-08-03","03 Aug 2016","0.634349","-0.625496","-0.093508","-0.636598","0.347214","-0.634245","0.510925","-0.666919","-0.507091","-0.338720"
"2016-08-04","04 Aug 2016","0.600723","-0.641282","-0.136261","-0.638646","0.313354","-0.649664","0.481132","-0.659290","-0.546576","-0.382410"
"2016-08-05","05 Aug 2016","0.642118","-0.648854","-0.113774","-0.641076","0.345376","-0.653627","0.516274","-0.654685","-0.539236","-0.367474"
"2016-08-08","08 Aug 2016","0.688697","-0.648905","-0.087980","-0.641331","0.383272","-0.652292","0.558622","-0.653813","-0.527499","-0.349196"
"2016-08-09","09 Aug 2016","0.655585","-0.652149","-0.113569","-0.640569","0.356266","-0.655683","0.531926","-0.649975","-0.543400","-0.370706"
"2016-08-10","10 Aug 2016","0.611807","-0.661927","-0.146100","-0.643647","0.319683","-0.664439","0.494593","-0.646841","-0.564886","-0.398125"
"2016-08-11","11 Aug 2016","0.612698","-0.664871","-0.146771","-0.636495","0.318719","-0.664199","0.493161","-0.629581","-0.567679","-0.399793"
"2016-08-12","12 Aug 2016","0.610383","-0.658163","-0.149384","-0.644039","0.321900","-0.661908","0.500197","-0.650721","-0.564419","-0.400402"
"2016-08-15","15 Aug 2016","0.651244","-0.639886","-0.113898","-0.633385","0.361111","-0.643950","0.541091","-0.645387","-0.533985","-0.367025"
"2016-08-16","16 Aug 2016","0.675660","-0.639196","-0.096889","-0.631902","0.381237","-0.641734","0.562049","-0.641889","-0.524160","-0.353310"
"2016-08-17","17 Aug 2016","0.669781","-0.644744","-0.094528","-0.639861","0.377675","-0.646107","0.556133","-0.649987","-0.520300","-0.348935"
"2016-08-18","18 Aug 2016","0.625840","-0.648762","-0.128683","-0.633965","0.336612","-0.650758","0.511923","-0.638450","-0.545537","-0.379311"
"2016-08-19","19 Aug 2016","0.648418","-0.639499","-0.108128","-0.629172","0.358020","-0.641564","0.533623","-0.636711","-0.528130","-0.359872"
"2016-08-22","22 Aug 2016","0.627209","-0.651068","-0.121885","-0.637951","0.339455","-0.651695","0.513223","-0.641871","-0.538482","-0.371337"
"2016-08-23","23 Aug 2016","0.595686","-0.649372","-0.137814","-0.643045","0.317027","-0.652214","0.489278","-0.653292","-0.542224","-0.380887"
"2016-08-24","24 Aug 2016","0.618996","-0.647306","-0.127157","-0.639261","0.335720","-0.649624","0.511085","-0.647933","-0.538390","-0.374370"
"2016-08-25","25 Aug 2016","0.663560","-0.640764","-0.097985","-0.635439","0.374152","-0.642294","0.553076","-0.645197","-0.520067","-0.350803"
"2016-08-26","26 Aug 2016","0.649280","-0.637458","-0.110260","-0.629813","0.359846","-0.640749","0.537559","-0.640278","-0.529224","-0.362138"
"2016-08-29","29 Aug 2016","0.673528","-0.639390","-0.103882","-0.637468","0.381038","-0.644183","0.565552","-0.653153","-0.529249","-0.360424"
"2016-08-30","30 Aug 2016","0.629020","-0.643932","-0.124288","-0.639549","0.342683","-0.648567","0.519399","-0.653530","-0.538671","-0.373753"
"2016-08-31","31 Aug 2016","0.638905","-0.649854","-0.117694","-0.643433","0.349462","-0.652791","0.525765","-0.654387","-0.537109","-0.369173"
"2016-09-01","01 Sep 2016","0.725926","-0.645224","-0.068116","-0.640324","0.418769","-0.647106","0.601620","-0.652094","-0.514137","-0.333706"
"2016-09-02","02 Sep 2016","0.735801","-0.654194","-0.072295","-0.646188","0.423809","-0.655753","0.610271","-0.655702","-0.524826","-0.342232"
"2016-09-05","05 Sep 2016","0.751330","-0.655085","-0.071920","-0.643977","0.435474","-0.656540","0.626736","-0.651302","-0.529776","-0.346005"
"2016-09-06","06 Sep 2016","0.711260","-0.674164","-0.105098","-0.655338","0.399190","-0.674032","0.589577","-0.655492","-0.556696","-0.376264"
"2016-09-07","07 Sep 2016","0.617183","-0.686535","-0.156121","-0.663734","0.317757","-0.687511","0.495329","-0.662639","-0.585237","-0.413853"
"2016-09-08","08 Sep 2016","0.652645","-0.663534","-0.125605","-0.647721","0.357647","-0.664011","0.540864","-0.649583","-0.553458","-0.383201"
"2016-09-09","09 Sep 2016","0.839594","-0.652369","-0.025405","-0.637629","0.507228","-0.650708","0.708037","-0.639584","-0.509470","-0.314069"
"2016-09-12","12 Sep 2016","0.848169","-0.647210","-0.002604","-0.629546","0.512109","-0.643232","0.703504","-0.628088","-0.490603","-0.290284"
"2016-09-13","13 Sep 2016","0.848876","-0.645483","-0.002031","-0.633677","0.515788","-0.642578","0.709289","-0.636762","-0.487503","-0.288750"
"2016-09-14","14 Sep 2016","0.876094","-0.664002","-0.001028","-0.644139","0.531073","-0.659048","0.729394","-0.640291","-0.502758","-0.297124"
"2016-09-15","15 Sep 2016","0.931697","-0.662542","0.029610","-0.643954","0.576688","-0.656438","0.780648","-0.639979","-0.488352","-0.275317"
"2016-09-16","16 Sep 2016","0.892172","-0.668202","-0.007230","-0.648231","0.543479","-0.664504","0.750200","-0.645387","-0.514518","-0.308649"
"2016-09-19","19 Sep 2016","0.903460","-0.663178","-0.002543","-0.644268","0.551555","-0.660966","0.759270","-0.644122","-0.513106","-0.306183"
"2016-09-20","20 Sep 2016","0.819266","-0.674905","-0.038920","-0.647061","0.481334","-0.669412","0.675009","-0.637186","-0.527925","-0.328340"
"2016-09-21","21 Sep 2016","0.825554","-0.673858","-0.025219","-0.653720","0.489919","-0.668186","0.681659","-0.648533","-0.513610","-0.312914"
"2016-09-22","22 Sep 2016","0.719014","-0.682801","-0.096530","-0.661597","0.398205","-0.682298","0.582278","-0.661292","-0.557762","-0.370826"
"2016-09-23","23 Sep 2016","0.698999","-0.685868","-0.102791","-0.675909","0.385557","-0.687223","0.567912","-0.684473","-0.555775","-0.372016"
"2016-09-26","26 Sep 2016","0.668250","-0.691943","-0.129321","-0.684602","0.360035","-0.695710","0.543727","-0.697103","-0.574074","-0.395415"
"2016-09-27","27 Sep 2016","0.644392","-0.714634","-0.163711","-0.707780","0.335439","-0.720594","0.523680","-0.722884","-0.608423","-0.431641"
"2016-09-28","28 Sep 2016","0.635164","-0.722986","-0.166124","-0.721464","0.338498","-0.725813","0.532277","-0.734786","-0.602288","-0.429412"
"2016-09-29","29 Sep 2016","0.653793","-0.716819","-0.141906","-0.726050","0.357396","-0.720360","0.548776","-0.747362","-0.580207","-0.404616"
"2016-09-30","30 Sep 2016","0.635051","-0.713788","-0.162052","-0.721780","0.341277","-0.719785","0.534953","-0.744811","-0.594515","-0.423453"
"2016-10-03","03 Oct 2016","0.658235","-0.708268","-0.138154","-0.724805","0.359865","-0.715654","0.550024","-0.755647","-0.576847","-0.401302"
"2016-10-04","04 Oct 2016","0.704254","-0.711810","-0.115330","-0.725634","0.395025","-0.717453","0.589299","-0.753269","-0.570134","-0.387136"
"2016-10-05","05 Oct 2016","0.786051","-0.704835","-0.059864","-0.729276","0.467298","-0.709355","0.668510","-0.762811","-0.534419","-0.341348"
"2016-10-06","06 Oct 2016","0.827379","-0.700943","-0.028150","-0.733582","0.511879","-0.703151","0.720904","-0.769151","-0.507812","-0.311847"
"2016-10-07","07 Oct 2016","0.847924","-0.702010","-0.025245","-0.738684","0.527128","-0.706597","0.741180","-0.779771","-0.512070","-0.314055"
"2016-10-10","10 Oct 2016","0.925270","-0.694419","0.026097","-0.729482","0.591642","-0.695485","0.810026","-0.766129","-0.481874","-0.273129"
"2016-10-11","11 Oct 2016","0.917821","-0.687631","0.023489","-0.721751","0.577822","-0.691528","0.788750","-0.761941","-0.485629","-0.275994"
"2016-10-12","12 Oct 2016","0.928080","-0.689661","0.037701","-0.728407","0.591556","-0.691570","0.803323","-0.768986","-0.471592","-0.260673"
"2016-10-13","13 Oct 2016","0.869001","-0.695556","0.004728","-0.736762","0.544816","-0.698837","0.752118","-0.779892","-0.486951","-0.284005"
"2016-10-14","14 Oct 2016","0.913882","-0.698872","0.032679","-0.732629","0.581062","-0.697345","0.791066","-0.765779","-0.473595","-0.263072"
"2016-10-17","17 Oct 2016","0.936108","-0.693201","0.039202","-0.726688","0.592964","-0.694475","0.803200","-0.763681","-0.476450","-0.262476"
"2016-10-18","18 Oct 2016","0.916514","-0.705488","0.025837","-0.744734","0.577437","-0.707669","0.787498","-0.786246","-0.485843","-0.273413"
"2016-10-19","19 Oct 2016","0.889879","-0.697811","-0.001886","-0.736552","0.555362","-0.704052","0.768804","-0.781927","-0.504100","-0.298769"
"2016-10-20","20 Oct 2016","0.836381","-0.704145","-0.006982","-0.752107","0.518863","-0.708155","0.720452","-0.800340","-0.490039","-0.289526"
"2016-10-21","21 Oct 2016","0.818837","-0.691081","-0.025054","-0.741193","0.505583","-0.699469","0.710107","-0.795448","-0.499513","-0.305344"
"2016-10-24","24 Oct 2016","0.855197","-0.692740","-0.007401","-0.735268","0.536846","-0.697212","0.747476","-0.780074","-0.492378","-0.293712"
"2016-10-25","25 Oct 2016","0.872395","-0.689127","0.010490","-0.740956","0.553210","-0.694769","0.763052","-0.793331","-0.477505","-0.276400"
"2016-10-26","26 Oct 2016","0.952007","-0.672930","0.069673","-0.737049","0.623019","-0.679002","0.836551","-0.798512","-0.436240","-0.225578"
"2016-10-27","27 Oct 2016","1.077239","-0.662704","0.147855","-0.736092","0.722556","-0.668866","0.941717","-0.805266","-0.395301","-0.166285"
"2016-10-28","28 Oct 2016","1.064038","-0.659310","0.155924","-0.739820","0.715107","-0.665367","0.927813","-0.813476","-0.380615","-0.152499"
"2016-10-31","31 Oct 2016","1.031952","-0.654692","0.142942","-0.740973","0.691224","-0.662980","0.900051","-0.820619","-0.381569","-0.158695"
"2016-11-01","01 Nov 2016","1.094878","-0.649220","0.176821","-0.702304","0.734754","-0.647545","0.944465","-0.750013","-0.370997","-0.137189"
"2016-11-02","02 Nov 2016","1.036755","-0.666494","0.140761","-0.703752","0.675077","-0.663118","0.872475","-0.740308","-0.401401","-0.168751"
"2016-11-03","03 Nov 2016","1.064656","-0.670923","0.161632","-0.735226","0.700102","-0.673600","0.899150","-0.796629","-0.387965","-0.150847"
"2016-11-04","04 Nov 2016","1.000331","-0.687795","0.118903","-0.745698","0.645999","-0.689167","0.841292","-0.800763","-0.415404","-0.185465"
"2016-11-07","07 Nov 2016","1.029448","-0.679257","0.142677","-0.741747","0.672317","-0.680628","0.868444","-0.799961","-0.397175","-0.164075"
"2016-11-08","08 Nov 2016","1.036966","-0.677111","0.146330","-0.743635","0.679169","-0.679806","0.876743","-0.805977","-0.394814","-0.161402"
"2016-11-09","09 Nov 2016","1.089259","-0.697174","0.165340","-0.757883","0.712729","-0.697724","0.914047","-0.815387","-0.401625","-0.155852"
"2016-11-10","10 Nov 2016","1.274561","-0.669696","0.304154","-0.753707","0.872296","-0.668543","1.079703","-0.826134","-0.308451","-0.037545"
"2016-11-11","11 Nov 2016","1.283029","-0.656325","0.313460","-0.744166","0.881183","-0.657032","1.088416","-0.821291","-0.297969","-0.027795"
"2016-11-14","14 Nov 2016","1.331229","-0.658797","0.362109","-0.743417","0.919714","-0.653807","1.120653","-0.813383","-0.266110","0.016076"
"2016-11-15","15 Nov 2016","1.268906","-0.683114","0.326454","-0.741206","0.863870","-0.669218","1.056251","-0.783728","-0.291704","-0.012351"
"2016-11-16","16 Nov 2016","1.280282","-0.684136","0.338762","-0.740696","0.874142","-0.667959","1.065458","-0.779710","-0.282526","-0.000685"
"2016-11-17","17 Nov 2016","1.258454","-0.691487","0.326136","-0.731366","0.847990","-0.673715","1.032199","-0.760134","-0.298394","-0.013379"
"2016-11-18","18 Nov 2016","1.215589","-0.719251","0.292232","-0.751928","0.809565","-0.698246","0.992336","-0.771594","-0.326262","-0.043922"
"2016-11-21","21 Nov 2016","1.263504","-0.727449","0.314188","-0.756082","0.841929","-0.706606","1.027305","-0.775770","-0.326782","-0.033233"
"2016-11-22","22 Nov 2016","1.233943","-0.770140","0.267406","-0.779040","0.802066","-0.748319","0.989135","-0.787228","-0.385324","-0.087018"
"2016-11-23","23 Nov 2016","1.314885","-0.737699","0.329146","-0.762316","0.875181","-0.718640","1.066439","-0.784003","-0.336839","-0.032154"
"2016-11-24","24 Nov 2016","1.296559","-0.781740","0.294404","-0.785543","0.846320","-0.759277","1.038847","-0.792271","-0.385832","-0.074289"
"2016-11-25","25 Nov 2016","1.289171","-0.800165","0.286332","-0.795976","0.836275","-0.775099","1.027598","-0.795684","-0.399018","-0.084010"
"2016-11-28","28 Nov 2016","1.218055","-0.810634","0.241508","-0.798652","0.775794","-0.785840","0.961372","-0.793914","-0.426946","-0.119649"
"2016-11-29","29 Nov 2016","1.282706","-0.799736","0.272263","-0.802319","0.828088","-0.779917","1.021788","-0.812666","-0.412859","-0.099537"
"2016-11-30","30 Nov 2016","1.294310","-0.800658","0.274346","-0.795554","0.835633","-0.779140","1.031272","-0.799224","-0.415925","-0.100697"
"2016-12-01","01 Dec 2016","1.395613","-0.796411","0.348299","-0.797584","0.920432","-0.772416","1.119003","-0.804971","-0.372208","-0.039835"
"2016-12-02","02 Dec 2016","1.417676","-0.780955","0.374597","-0.797736","0.947758","-0.756187","1.147498","-0.811125","-0.340072","-0.010562"
"2016-12-05","05 Dec 2016","1.418915","-0.752894","0.384298","-0.779228","0.953171","-0.733263","1.151470","-0.804894","-0.322937","0.002643"
"2016-12-06","06 Dec 2016","1.403273","-0.744124","0.380005","-0.778754","0.942508","-0.728002","1.138551","-0.813853","-0.319642","0.002489"
"2016-12-07","07 Dec 2016","1.429618","-0.727143","0.392176","-0.767006","0.964757","-0.714550","1.164791","-0.809427","-0.311258","0.011002"
"2016-12-08","08 Dec 2016","1.493044","-0.733564","0.429606","-0.773720","1.012780","-0.720715","1.215685","-0.818924","-0.299007","0.036652"
"2016-12-09","09 Dec 2016","1.581118","-0.790420","0.392885","-0.797781","1.052469","-0.779058","1.283522","-0.826120","-0.394318","-0.039763"
"2016-12-12","12 Dec 2016","1.696746","-0.781157","0.468199","-0.791022","1.148959","-0.766100","1.387230","-0.817730","-0.350892","0.019710"
"2016-12-13","13 Dec 2016","1.606443","-0.748905","0.411278","-0.762237","1.064782","-0.756701","1.291430","-0.828234","-0.392889","-0.028680"
"2016-12-14","14 Dec 2016","1.538030","-0.772741","0.374185","-0.742535","1.012200","-0.758973","1.233860","-0.749668","-0.407476","-0.053568"
"2016-12-15","15 Dec 2016","1.599119","-0.799379","0.411561","-0.770923","1.060544","-0.779873","1.285662","-0.773174","-0.394377","-0.026810"
"2016-12-16","16 Dec 2016","1.489138","-0.817195","0.363110","-0.796256","0.971818","-0.802362","1.181627","-0.812623","-0.416856","-0.057029"
"2016-12-19","19 Dec 2016","1.466782","-0.810678","0.342636","-0.780890","0.947869","-0.802096","1.155957","-0.804251","-0.438253","-0.077987"
"2016-12-20","20 Dec 2016","1.420829","-0.810723","0.323412","-0.798267","0.917064","-0.802117","1.121739","-0.826946","-0.434196","-0.085525"
"2016-12-21","21 Dec 2016","1.400496","-0.798075","0.309620","-0.798751","0.900109","-0.798107","1.103737","-0.847027","-0.440733","-0.096334"
"2016-12-22","22 Dec 2016","1.404087","-0.810992","0.317597","-0.819984","0.905134","-0.809162","1.107665","-0.870462","-0.433743","-0.087500"
"2016-12-23","23 Dec 2016","1.352189","-0.807183","0.284799","-0.836306","0.864278","-0.813228","1.064466","-0.906815","-0.447306","-0.111503"
"2016-12-27","27 Dec 2016","1.301324","-0.815599","0.268794","-0.836961","0.823200","-0.821831","1.013544","-0.908112","-0.454727","-0.118926"
"2016-12-28","28 Dec 2016","1.321097","-0.823744","0.256049","-0.846919","0.833032","-0.831543","1.032092","-0.917724","-0.475644","-0.139972"
"2016-12-29","29 Dec 2016","1.283609","-0.786504","0.246972","-0.834485","0.810901","-0.803855","1.005902","-0.929979","-0.459018","-0.136758"
"2016-12-30","30 Dec 2016","1.351704","-0.775387","0.258126","-0.822444","0.856789","-0.800098","1.064496","-0.927596","-0.473372","-0.143497"
"2017-01-02","02 Jan 2017","1.320838","-0.830720","0.227263","-0.790530","0.826311","-0.818167","1.034288","-0.791214","-0.505375","-0.174519"
"2017-01-03","03 Jan 2017","1.440636","-0.814979","0.315610","-0.778623","0.928684","-0.798726","1.140937","-0.779862","-0.448786","-0.100350"
"2017-01-04","04 Jan 2017","1.462786","-0.807463","0.328245","-0.792114","0.949323","-0.796286","1.164941","-0.810978","-0.437412","-0.089545"
"2017-01-05","05 Jan 2017","1.459087","-0.773312","0.344468","-0.770749","0.955634","-0.765219","1.168027","-0.799905","-0.406408","-0.065462"
"2017-01-06","06 Jan 2017","1.442174","-0.741928","0.345411","-0.748755","0.947337","-0.739340","1.156608","-0.790154","-0.391077","-0.057408"
"2017-01-09","09 Jan 2017","1.477295","-0.764912","0.347276","-0.751347","0.971282","-0.752512","1.189078","-0.765734","-0.404260","-0.065546"
"2017-01-10","10 Jan 2017","1.472002","-0.771185","0.347367","-0.772781","0.970660","-0.759632","1.188758","-0.795768","-0.398812","-0.062566"
"2017-01-11","11 Jan 2017","1.422286","-0.747606","0.319198","-0.762972","0.936617","-0.741953","1.154014","-0.798510","-0.400280","-0.079259"
"2017-01-12","12 Jan 2017","1.442189","-0.749564","0.319190","-0.767203","0.951280","-0.745147","1.174655","-0.804873","-0.406343","-0.084438"
"2017-01-13","13 Jan 2017","1.486247","-0.758606","0.329043","-0.775024","0.988076","-0.750644","1.222923","-0.805329","-0.407443","-0.083224"
"2017-01-16","16 Jan 2017","1.497226","-0.775500","0.334929","-0.754413","0.988685","-0.756514","1.219650","-0.750412","-0.416984","-0.083178"
"2017-01-17","17 Jan 2017","1.437352","-0.776752","0.288612","-0.751563","0.934936","-0.762581","1.163201","-0.751137","-0.449798","-0.123780"
"2017-01-18","18 Jan 2017","1.525227","-0.749874","0.356768","-0.739688","1.013397","-0.737066","1.245185","-0.751072","-0.398627","-0.063592"
"2017-01-19","19 Jan 2017","1.573181","-0.749878","0.402441","-0.746078","1.057025","-0.733393","1.287427","-0.757819","-0.364781","-0.021275"
"2017-01-20","20 Jan 2017","1.595052","-0.720623","0.414296","-0.723828","1.077132","-0.709773","1.310994","-0.746602","-0.352349","-0.011190"
"2017-01-23","23 Jan 2017","1.618460","-0.713756","0.422468","-0.652406","1.090083","-0.685565","1.324696","-0.615071","-0.356889","-0.010029"
"2017-01-24","24 Jan 2017","1.606025","-0.705718","0.417758","-0.660539","1.079307","-0.685997","1.311346","-0.645181","-0.358448","-0.012681"
"2017-01-25","25 Jan 2017","1.694317","-0.686769","0.488779","-0.645680","1.155523","-0.665369","1.388461","-0.633432","-0.309903","0.049093"
"2017-01-26","26 Jan 2017","1.659266","-0.698110","0.495228","-0.661498","1.134267","-0.671203","1.356593","-0.645449","-0.290584","0.067034"
"2017-01-27","27 Jan 2017","1.645650","-0.701744","0.497228","-0.660174","1.124178","-0.672522","1.341571","-0.639703","-0.286354","0.072448"
"2017-01-30","30 Jan 2017","1.616351","-0.700534","0.493383","-0.686601","1.105917","-0.677531","1.318236","-0.690325","-0.276533","0.077326"
"2017-01-31","31 Jan 2017","1.627684","-0.718941","0.496979","-0.702550","1.113657","-0.692097","1.327428","-0.699708","-0.280017","0.077753"
"2017-02-01","01 Feb 2017","1.679530","-0.745859","0.513337","-0.722582","1.149559","-0.714637","1.370163","-0.710817","-0.288338","0.080948"
"2017-02-02","02 Feb 2017","1.619980","-0.783827","0.457321","-0.758098","1.095597","-0.750593","1.317780","-0.739399","-0.333837","0.028649"
"2017-02-03","03 Feb 2017","1.660880","-0.794563","0.472977","-0.768006","1.126995","-0.758842","1.355098","-0.745240","-0.332514","0.035961"
"2017-02-06","06 Feb 2017","1.577125","-0.813982","0.408080","-0.768145","1.050876","-0.777772","1.274803","-0.733121","-0.382422","-0.021897"
"2017-02-07","07 Feb 2017","1.655781","-0.817561","0.446526","-0.761953","1.106714","-0.782262","1.335651","-0.727135","-0.378684","-0.000791"
"2017-02-08","08 Feb 2017","1.564065","-0.847841","0.378548","-0.793733","1.028431","-0.813128","1.254349","-0.757844","-0.424506","-0.058277"
"2017-02-09","09 Feb 2017","1.531594","-0.837306","0.359820","-0.786509","1.003861","-0.805308","1.228092","-0.754795","-0.429385","-0.070737"
"2017-02-10","10 Feb 2017","1.591250","-0.825100","0.399113","-0.776355","1.053590","-0.793104","1.281301","-0.747094","-0.405838","-0.039460"
"2017-02-13","13 Feb 2017","1.609724","-0.834826","0.398666","-0.793563","1.068989","-0.802043","1.303452","-0.765160","-0.409647","-0.043859"
"2017-02-14","14 Feb 2017","1.613807","-0.836083","0.398458","-0.797054","1.071758","-0.804167","1.307396","-0.771017","-0.411449","-0.045267"
"2017-02-15","15 Feb 2017","1.700774","-0.824911","0.443807","-0.793474","1.141060","-0.795980","1.385271","-0.777086","-0.391634","-0.014511"
"2017-02-16","16 Feb 2017","1.648437","-0.813265","0.417139","-0.799675","1.106152","-0.788490","1.348897","-0.795950","-0.391583","-0.028687"
"2017-02-17","17 Feb 2017","1.549082","-0.845244","0.355951","-0.814013","1.019440","-0.816394","1.252203","-0.794823","-0.434267","-0.078203"
"2017-02-20","20 Feb 2017","1.582392","-0.878835","0.370873","-0.833805","1.043086","-0.840094","1.278656","-0.794130","-0.437524","-0.071371"
"2017-02-21","21 Feb 2017","1.628011","-0.882578","0.387445","-0.842497","1.075822","-0.846978","1.317037","-0.811067","-0.439055","-0.065170"
"2017-02-22","22 Feb 2017","1.537800","-0.934684","0.308911","-0.874594","0.989711","-0.896020","1.227968","-0.827196","-0.509258","-0.139668"
"2017-02-23","23 Feb 2017","1.515438","-0.928616","0.294129","-0.871394","0.966126","-0.898282","1.200201","-0.839760","-0.524232","-0.153770"
"2017-02-24","24 Feb 2017","1.448441","-0.963426","0.250505","-0.904369","0.908852","-0.930353","1.138027","-0.867372","-0.555178","-0.189519"
"2017-02-27","27 Feb 2017","1.423906","-0.944982","0.240257","-0.902865","0.894049","-0.917714","1.122350","-0.881440","-0.549081","-0.192504"
"2017-02-28","28 Feb 2017","1.457861","-0.916928","0.252148","-0.881034","0.922703","-0.895217","1.157823","-0.869354","-0.540368","-0.185583"
"2017-03-01","01 Mar 2017","1.533411","-0.876257","0.305110","-0.858996","0.993784","-0.858238","1.236573","-0.861591","-0.493555","-0.137954"
"2017-03-02","02 Mar 2017","1.579233","-0.880016","0.345341","-0.871371","1.034893","-0.859190","1.277570","-0.876473","-0.465256","-0.101664"
"2017-03-03","03 Mar 2017","1.604267","-0.856296","0.385432","-0.860956","1.066216","-0.834505","1.305827","-0.872395","-0.420100","-0.056990"
"2017-03-06","06 Mar 2017","1.561281","-0.861411","0.371804","-0.863521","1.037297","-0.834253","1.271893","-0.864779","-0.415888","-0.059968"
"2017-03-07","07 Mar 2017","1.616276","-0.903118","0.371655","-0.895546","1.065699","-0.876078","1.309728","-0.893829","-0.453284","-0.080826"
"2017-03-08","08 Mar 2017","1.655839","-0.881444","0.420772","-0.891750","1.106148","-0.856283","1.346429","-0.904501","-0.407431","-0.030628"
"2017-03-09","09 Mar 2017","1.657130","-0.881247","0.432263","-0.901264","1.115664","-0.852592","1.356263","-0.913214","-0.387497","-0.014239"
"2017-03-10","10 Mar 2017","1.734948","-0.881830","0.503834","-0.907851","1.185915","-0.846008","1.425090","-0.915918","-0.335344","0.051345"
"2017-03-13","13 Mar 2017","1.677769","-0.851843","0.508858","-0.891805","1.151403","-0.818361","1.375602","-0.911518","-0.300759","0.075876"
"2017-03-14","14 Mar 2017","1.650454","-0.837762","0.495951","-0.872360","1.128526","-0.806737","1.348715","-0.892710","-0.305079","0.067550"
"2017-03-15","15 Mar 2017","1.629950","-0.851616","0.467313","-0.881208","1.106567","-0.821410","1.329541","-0.898902","-0.333001","0.037503"
"2017-03-16","16 Mar 2017","1.651798","-0.827804","0.497902","-0.858116","1.132047","-0.795086","1.353221","-0.872623","-0.299058","0.070807"
"2017-03-17","17 Mar 2017","1.624179","-0.818230","0.488707","-0.855004","1.112611","-0.788115","1.330188","-0.876327","-0.296045","0.068331"
"2017-03-20","20 Mar 2017","1.627499","-0.801162","0.486089","-0.820857","1.112277","-0.770921","1.330337","-0.832550","-0.300480","0.063610"
"2017-03-21","21 Mar 2017","1.642327","-0.760390","0.510062","-0.806974","1.138816","-0.735123","1.359623","-0.837805","-0.259452","0.094680"
"2017-03-22","22 Mar 2017","1.546164","-0.800218","0.437988","-0.827612","1.051846","-0.771164","1.267020","-0.841560","-0.316197","0.030877"
"2017-03-23","23 Mar 2017","1.562671","-0.782394","0.440358","-0.815327","1.065432","-0.758346","1.285274","-0.838464","-0.314855","0.030320"
"2017-03-24","24 Mar 2017","1.565168","-0.758884","0.449546","-0.800076","1.074185","-0.737020","1.294700","-0.829721","-0.296274","0.043557"
"2017-03-27","27 Mar 2017","1.503952","-0.732759","0.423181","-0.783802","1.033589","-0.714924","1.250434","-0.822038","-0.291321","0.032437"
"2017-03-28","28 Mar 2017","1.520668","-0.734929","0.426598","-0.781527","1.042532","-0.717906","1.260752","-0.819076","-0.297530","0.030472"
"2017-03-29","29 Mar 2017","1.528160","-0.782662","0.400139","-0.803288","1.030775","-0.761241","1.252998","-0.821730","-0.349368","-0.009823"
"2017-03-30","30 Mar 2017","1.518313","-0.769842","0.392187","-0.768063","1.022418","-0.743679","1.244602","-0.766251","-0.352478","-0.016365"
"2017-03-31","31 Mar 2017","1.519713","-0.746244","0.381402","-0.743541","1.018805","-0.728354","1.243418","-0.752569","-0.364296","-0.030295"
"2017-04-03","03 Apr 2017","1.528392","-0.820877","0.368814","-0.780192","1.010522","-0.787373","1.234968","-0.749373","-0.406373","-0.055129"
"2017-04-04","04 Apr 2017","1.453069","-0.838996","0.304547","-0.799640","0.945789","-0.808288","1.171332","-0.770367","-0.450859","-0.111874"
"2017-04-05","05 Apr 2017","1.481311","-0.835275","0.325282","-0.813854","0.975719","-0.805242","1.205803","-0.794544","-0.430282","-0.091843"
"2017-04-06","06 Apr 2017","1.451519","-0.815616","0.307751","-0.798507","0.945701","-0.796478","1.169863","-0.798509","-0.443425","-0.106880"
"2017-04-07","07 Apr 2017","1.402934","-0.835281","0.273969","-0.809507","0.900841","-0.815596","1.120439","-0.804525","-0.471391","-0.136675"
"2017-04-10","10 Apr 2017","1.412909","-0.859104","0.277838","-0.816822","0.904252","-0.832678","1.122861","-0.795030","-0.479886","-0.137432"
"2017-04-11","11 Apr 2017","1.401690","-0.871583","0.277539","-0.827701","0.894434","-0.843448","1.108990","-0.804291","-0.481191","-0.136035"
"2017-04-12","12 Apr 2017","1.377947","-0.873583","0.269397","-0.823738","0.877164","-0.842007","1.088442","-0.791723","-0.480835","-0.138928"
"2017-04-13","13 Apr 2017","1.332024","-0.893423","0.234562","-0.834835","0.838540","-0.857224","1.049014","-0.789337","-0.504048","-0.168394"
"2017-04-18","18 Apr 2017","1.320188","-0.878398","0.243672","-0.826643","0.831831","-0.846178","1.035865","-0.792712","-0.489622","-0.154192"
"2017-04-19","19 Apr 2017","1.296300","-0.831057","0.251062","-0.815472","0.830086","-0.805792","1.032761","-0.806647","-0.448196","-0.130963"
"2017-04-20","20 Apr 2017","1.348910","-0.816885","0.299550","-0.791467","0.876552","-0.785877","1.077601","-0.771255","-0.412513","-0.086769"
"2017-04-21","21 Apr 2017","1.342438","-0.809171","0.302579","-0.808445","0.874715","-0.785727","1.074157","-0.812799","-0.403404","-0.080166"
"2017-04-24","24 Apr 2017","1.467320","-0.718940","0.399682","-0.742047","0.997661","-0.699276","1.208649","-0.762043","-0.308221","0.012184"
"2017-04-25","25 Apr 2017","1.493247","-0.721359","0.410302","-0.751770","1.020779","-0.701831","1.237203","-0.775498","-0.302823","0.018983"
"2017-04-26","26 Apr 2017","1.505793","-0.727742","0.416949","-0.754992","1.029777","-0.706275","1.246813","-0.774723","-0.302165","0.022912"
"2017-04-27","27 Apr 2017","1.473530","-0.747366","0.379178","-0.771133","0.998539","-0.726834","1.218702","-0.789001","-0.336203","-0.014832"
"2017-04-28","28 Apr 2017","1.499422","-0.750851","0.381992","-0.767143","1.011721","-0.732080","1.234763","-0.784284","-0.348880","-0.020994"
"2017-05-02","02 May 2017","1.488982","-0.758895","0.375301","-0.773490","1.003281","-0.738389","1.225826","-0.787062","-0.353449","-0.026314"
"2017-05-03","03 May 2017","1.486926","-0.751352","0.373764","-0.771993","1.004980","-0.732349","1.229579","-0.790078","-0.349465","-0.025984"
"2017-05-04","04 May 2017","1.559630","-0.742799","0.433481","-0.770977","1.069353","-0.720751","1.295069","-0.790936","-0.306892","0.026973"
"2017-05-05","05 May 2017","1.580581","-0.722578","0.453712","-0.736603","1.086716","-0.697762","1.310543","-0.745351","-0.290654","0.045590"
"2017-05-08","08 May 2017","1.593337","-0.715675","0.467617","-0.729529","1.100176","-0.689148","1.323940","-0.735805","-0.276966","0.059784"
"2017-05-09","09 May 2017","1.638218","-0.698266","0.495223","-0.716217","1.135361","-0.675678","1.361207","-0.731506","-0.262143","0.080431"
"2017-05-10","10 May 2017","1.582940","-0.709091","0.456886","-0.742006","1.097056","-0.688034","1.325453","-0.764888","-0.277294","0.052408"
"2017-05-11","11 May 2017","1.622166","-0.691668","0.489226","-0.730906","1.131149","-0.672446","1.359603","-0.760885","-0.252889","0.081234"
"2017-05-12","12 May 2017","1.584424","-0.706898","0.456323","-0.747144","1.098760","-0.688624","1.328240","-0.777915","-0.277319","0.051684"
"2017-05-15","15 May 2017","1.632870","-0.691260","0.479816","-0.723831","1.133036","-0.674869","1.365320","-0.753978","-0.270906","0.065355"
"2017-05-16","16 May 2017","1.651377","-0.666119","0.491834","-0.699359","1.136759","-0.662513","1.362976","-0.752148","-0.275163","0.070203"
"2017-05-17","17 May 2017","1.608173","-0.711855","0.451125","-0.713890","1.104294","-0.688364","1.335902","-0.716839","-0.302890","0.034544"
"2017-05-18","18 May 2017","1.554352","-0.715441","0.404864","-0.715465","1.059809","-0.694148","1.293510","-0.717883","-0.332300","-0.005613"
"2017-05-19","19 May 2017","1.602171","-0.704028","0.435844","-0.694222","1.099269","-0.679065","1.335720","-0.686584","-0.313787","0.018802"
"2017-05-22","22 May 2017","1.626493","-0.699849","0.457936","-0.706539","1.126610","-0.675465","1.366127","-0.708774","-0.291447","0.041241"
"2017-05-23","23 May 2017","1.639716","-0.672627","0.465193","-0.685971","1.125222","-0.662698","1.358230","-0.715197","-0.297270","0.042215"
"2017-05-24","24 May 2017","1.634220","-0.699010","0.465640","-0.703714","1.122354","-0.679828","1.354345","-0.715145","-0.297563","0.044000"
"2017-05-25","25 May 2017","1.599456","-0.719276","0.432990","-0.714986","1.096338","-0.693828","1.332729","-0.709963","-0.318451","0.015606"
"2017-05-26","26 May 2017","1.560514","-0.726239","0.403180","-0.718198","1.058270","-0.704111","1.290817","-0.715924","-0.343624","-0.011810"
"2017-05-29","29 May 2017","1.543192","-0.752710","0.374773","-0.735765","1.037175","-0.728979","1.272537","-0.725873","-0.376094","-0.043444"
"2017-05-30","30 May 2017","1.541590","-0.759974","0.369263","-0.743661","1.035537","-0.735737","1.272710","-0.733063","-0.381977","-0.049620"
"2017-05-31","31 May 2017","1.544038","-0.757263","0.361687","-0.740429","1.034430","-0.735902","1.274007","-0.733283","-0.392116","-0.059931"
"2017-06-01","01 Jun 2017","1.577341","-0.753539","0.388510","-0.743474","1.062441","-0.732910","1.301855","-0.742453","-0.374779","-0.036884"
"2017-06-02","02 Jun 2017","1.529410","-0.771924","0.353101","-0.755807","1.023551","-0.748013","1.262687","-0.745259","-0.397397","-0.066220"
"2017-06-05","05 Jun 2017","1.552877","-0.754765","0.366700","-0.737524","1.044694","-0.731555","1.286975","-0.726868","-0.386063","-0.055025"
"2017-06-06","06 Jun 2017","1.525289","-0.778234","0.345820","-0.750941","1.020094","-0.749902","1.261146","-0.727230","-0.403945","-0.073748"
"2017-06-07","07 Jun 2017","1.508632","-0.787792","0.339493","-0.758923","1.009170","-0.755979","1.249033","-0.729135","-0.404430","-0.076278"
"2017-06-08","08 Jun 2017","1.509467","-0.777090","0.344331","-0.748708","1.010693","-0.746443","1.249065","-0.720899","-0.397755","-0.070345"
"2017-06-09","09 Jun 2017","1.531645","-0.788909","0.352251","-0.755009","1.026918","-0.754913","1.268352","-0.719782","-0.399716","-0.067628"
"2017-06-12","12 Jun 2017","1.502055","-0.780385","0.334246","-0.754032","1.003136","-0.751538","1.242633","-0.729587","-0.407059","-0.080728"
"2017-06-13","13 Jun 2017","1.501799","-0.746150","0.345027","-0.724097","1.007775","-0.721230","1.245034","-0.707047","-0.387061","-0.065578"
"2017-06-14","14 Jun 2017","1.448010","-0.738499","0.322745","-0.724486","0.968376","-0.716371","1.199759","-0.714980","-0.388409","-0.076291"
"2017-06-15","15 Jun 2017","1.482904","-0.678131","0.372701","-0.674590","1.009713","-0.659198","1.238021","-0.675326","-0.329500","-0.021065"
"2017-06-16","16 Jun 2017","1.487292","-0.700445","0.358069","-0.704961","1.011340","-0.683052","1.246938","-0.711777","-0.349294","-0.040139"
"2017-06-19","19 Jun 2017","1.496491","-0.685004","0.365865","-0.689756","1.019122","-0.669680","1.254409","-0.699583","-0.341716","-0.032870"
"2017-06-20","20 Jun 2017","1.446943","-0.689685","0.342727","-0.687997","0.979924","-0.671838","1.209247","-0.690168","-0.350081","-0.047186"
"2017-06-21","21 Jun 2017","1.415632","-0.676681","0.340383","-0.684455","0.961963","-0.659940","1.186054","-0.693007","-0.335075","-0.039220"
"2017-06-22","22 Jun 2017","1.397339","-0.680205","0.323214","-0.688571","0.945628","-0.665172","1.170363","-0.699269","-0.348099","-0.055078"
"2017-06-23","23 Jun 2017","1.413545","-0.663027","0.331197","-0.679051","0.965071","-0.650328","1.195821","-0.696208","-0.336440","-0.047119"
"2017-06-26","26 Jun 2017","1.397120","-0.667298","0.316562","-0.684275","0.950970","-0.655762","1.182323","-0.703120","-0.347137","-0.060315"
"2017-06-27","27 Jun 2017","1.459095","-0.623309","0.396673","-0.660377","1.019137","-0.610613","1.246175","-0.690448","-0.265879","0.024055"
"2017-06-28","28 Jun 2017","1.505720","-0.628636","0.445867","-0.663433","1.054845","-0.610739","1.273797","-0.688039","-0.235053","0.068280"
"2017-06-29","29 Jun 2017","1.585564","-0.614994","0.508294","-0.663909","1.122881","-0.598227","1.342761","-0.700296","-0.192980","0.122023"
"2017-06-30","30 Jun 2017","1.631847","-0.603723","0.540920","-0.652626","1.161808","-0.586036","1.383559","-0.688560","-0.171833","0.148990"
"2017-07-03","03 Jul 2017","1.638631","-0.628351","0.529051","-0.664346","1.161349","-0.606365","1.387382","-0.687006","-0.194049","0.130873"
"2017-07-04","04 Jul 2017","1.680763","-0.639726","0.546399","-0.674353","1.193322","-0.615726","1.424755","-0.694102","-0.192842","0.139417"
"2017-07-05","05 Jul 2017","1.709823","-0.616240","0.565135","-0.653008","1.206622","-0.602352","1.432926","-0.690995","-0.190612","0.150365"
"2017-07-06","06 Jul 2017","1.750872","-0.626913","0.635038","-0.659296","1.258971","-0.592398","1.479277","-0.667108","-0.119644","0.227252"
"2017-07-07","07 Jul 2017","1.787469","-0.641834","0.649733","-0.665656","1.280364","-0.606109","1.501586","-0.669163","-0.126756","0.231491"
"2017-07-10","10 Jul 2017","1.770550","-0.653911","0.633116","-0.663471","1.259792","-0.616812","1.478659","-0.658042","-0.147270","0.213365"
"2017-07-11","11 Jul 2017","1.776722","-0.641125","0.642235","-0.665831","1.271438","-0.606435","1.492233","-0.671006","-0.130937","0.225465"
"2017-07-12","12 Jul 2017","1.741310","-0.653095","0.612041","-0.675504","1.239951","-0.619018","1.460657","-0.679332","-0.153868","0.198186"
"2017-07-13","13 Jul 2017","1.747088","-0.658942","0.610335","-0.690928","1.247714","-0.625384","1.473162","-0.699814","-0.154126","0.196044"
"2017-07-14","14 Jul 2017","1.718150","-0.670705","0.594838","-0.693302","1.224367","-0.632513","1.447029","-0.690089","-0.162657","0.184987"
"2017-07-17","17 Jul 2017","1.727579","-0.672111","0.600842","-0.692422","1.232189","-0.632391","1.455490","-0.685947","-0.159620","0.189596"
"2017-07-18","18 Jul 2017","1.709241","-0.679297","0.586686","-0.698156","1.216461","-0.639214","1.439413","-0.689975","-0.169812","0.177324"
"2017-07-19","19 Jul 2017","1.683273","-0.675190","0.562771","-0.698540","1.193467","-0.640253","1.417167","-0.699124","-0.186199","0.155694"
"2017-07-20","20 Jul 2017","1.694578","-0.675927","0.559412","-0.701759","1.200155","-0.643699","1.427807","-0.707273","-0.194584","0.148235"
"2017-07-21","21 Jul 2017","1.678532","-0.673135","0.535187","-0.698686","1.186539","-0.643773","1.419464","-0.706344","-0.212660","0.124319"
"2017-07-24","24 Jul 2017","1.673594","-0.694328","0.527043","-0.698285","1.180139","-0.655685","1.413778","-0.680757","-0.224620","0.114627"
"2017-07-25","25 Jul 2017","1.730496","-0.691521","0.580128","-0.700868","1.233274","-0.647571","1.466648","-0.680656","-0.183594","0.164181"
"2017-07-26","26 Jul 2017","1.737462","-0.689638","0.581378","-0.703875","1.229444","-0.652824","1.458537","-0.698157","-0.193185","0.160486"
"2017-07-27","27 Jul 2017","1.720162","-0.704551","0.557976","-0.706834","1.212249","-0.664467","1.444240","-0.688821","-0.215385","0.136351"
"2017-07-28","28 Jul 2017","1.763247","-0.695130","0.586223","-0.701455","1.243387","-0.658819","1.474926","-0.693013","-0.203398","0.156943"
"2017-07-31","31 Jul 2017","1.746075","-0.700166","0.577101","-0.709923","1.225084","-0.667788","1.452199","-0.710362","-0.213489","0.148594"
"2017-08-01","01 Aug 2017","1.688218","-0.713962","0.544943","-0.687928","1.174831","-0.670855","1.394712","-0.653158","-0.234471","0.123805"
"2017-08-02","02 Aug 2017","1.660053","-0.715560","0.517289","-0.703521","1.147278","-0.682170","1.367191","-0.690197","-0.257879","0.097111"
"2017-08-03","03 Aug 2017","1.626350","-0.705631","0.501364","-0.709976","1.125722","-0.676401","1.344660","-0.709615","-0.255350","0.089855"
"2017-08-04","04 Aug 2017","1.627745","-0.700936","0.502579","-0.717076","1.132062","-0.672945","1.354069","-0.723593","-0.247642","0.093322"
"2017-08-07","07 Aug 2017","1.629524","-0.706182","0.499327","-0.707318","1.128852","-0.675331","1.350152","-0.702077","-0.257017","0.087102"
"2017-08-08","08 Aug 2017","1.626256","-0.696263","0.500081","-0.701547","1.128615","-0.667021","1.349863","-0.700364","-0.251364","0.089998"
"2017-08-09","09 Aug 2017","1.571638","-0.709777","0.453818","-0.709688","1.080468","-0.681468","1.301671","-0.705176","-0.285252","0.048572"
"2017-08-10","10 Aug 2017","1.556327","-0.707806","0.444193","-0.707242","1.068278","-0.680121","1.288713","-0.702872","-0.289552","0.041419"
"2017-08-11","11 Aug 2017","1.523850","-0.734151","0.416112","-0.726905","1.038501","-0.703180","1.258561","-0.713712","-0.314245","0.015170"
"2017-08-14","14 Aug 2017","1.566965","-0.741289","0.445465","-0.733191","1.075584","-0.705532","1.298495","-0.713605","-0.297297","0.038950"
"2017-08-15","15 Aug 2017","1.594372","-0.719731","0.473368","-0.726713","1.101590","-0.689051","1.323414","-0.723578","-0.271942","0.066213"
"2017-08-16","16 Aug 2017","1.614335","-0.721817","0.481420","-0.722361","1.117123","-0.688472","1.341799","-0.711851","-0.270507","0.070326"
"2017-08-17","17 Aug 2017","1.600077","-0.711887","0.473119","-0.712694","1.106263","-0.680527","1.330183","-0.704511","-0.272191","0.064826"
"2017-08-18","18 Aug 2017","1.536001","-0.732433","0.427469","-0.728753","1.051814","-0.700098","1.273017","-0.715497","-0.303062","0.026631"
"2017-08-21","21 Aug 2017","1.537926","-0.735677","0.430972","-0.731747","1.053864","-0.702094","1.274445","-0.716846","-0.300409","0.030249"
"2017-08-22","22 Aug 2017","1.564047","-0.737748","0.440948","-0.731537","1.073907","-0.703214","1.298297","-0.714139","-0.299280","0.034904"
"2017-08-23","23 Aug 2017","1.539408","-0.753510","0.418339","-0.746325","1.051912","-0.718516","1.276982","-0.727143","-0.317960","0.013852"
"2017-08-24","24 Aug 2017","1.518981","-0.750353","0.401918","-0.749711","1.029449","-0.722974","1.251257","-0.745601","-0.333579","-0.002230"
"2017-08-25","25 Aug 2017","1.546256","-0.738756","0.423885","-0.748932","1.058753","-0.711414","1.284352","-0.750275","-0.311058","0.019482"
"2017-08-28","28 Aug 2017","1.549629","-0.769798","0.405743","-0.753966","1.054843","-0.733282","1.286058","-0.727317","-0.339692","-0.005414"
"2017-08-29","29 Aug 2017","1.501355","-0.776114","0.369720","-0.759834","1.012532","-0.742498","1.241587","-0.736124","-0.364371","-0.036294"
"2017-08-30","30 Aug 2017","1.525017","-0.748135","0.400036","-0.754572","1.033393","-0.724449","1.257557","-0.759414","-0.337295","-0.006066"
"2017-08-31","31 Aug 2017","1.515025","-0.754503","0.384654","-0.766048","1.022644","-0.734166","1.248796","-0.778035","-0.352246","-0.022340"
"2017-09-01","01 Sep 2017","1.571633","-0.755368","0.419553","-0.748843","1.068444","-0.726487","1.298190","-0.739582","-0.335064","0.003781"
"2017-09-04","04 Sep 2017","1.573314","-0.769912","0.406978","-0.760967","1.065287","-0.741305","1.298676","-0.750518","-0.353532","-0.013038"
"2017-09-05","05 Sep 2017","1.550239","-0.787877","0.392738","-0.778813","1.042283","-0.759554","1.271633","-0.769738","-0.368226","-0.026013"
"2017-09-06","06 Sep 2017","1.515703","-0.772855","0.378955","-0.766590","1.017242","-0.747147","1.242678","-0.761934","-0.366797","-0.031922"
"2017-09-07","07 Sep 2017","1.500587","-0.786550","0.359704","-0.779253","1.002955","-0.760447","1.230794","-0.772622","-0.384249","-0.051298"
"2017-09-08","08 Sep 2017","1.515057","-0.790084","0.364147","-0.783275","1.014644","-0.763313","1.245465","-0.775816","-0.384241","-0.049753"
"2017-09-11","11 Sep 2017","1.533500","-0.789653","0.374887","-0.778495","1.030128","-0.760467","1.262756","-0.765288","-0.378463","-0.041702"
"2017-09-12","12 Sep 2017","1.581252","-0.770065","0.417879","-0.765689","1.075475","-0.739926","1.308943","-0.755665","-0.341772","-0.001047"
"2017-09-13","13 Sep 2017","1.624117","-0.765947","0.448144","-0.754685","1.114056","-0.729945","1.350895","-0.732786","-0.320509","0.024770"
"2017-09-14","14 Sep 2017","1.631011","-0.746678","0.455768","-0.758790","1.121707","-0.720620","1.358582","-0.764087","-0.310271","0.033188"
"2017-09-15","15 Sep 2017","1.633746","-0.741331","0.476890","-0.739234","1.130360","-0.705645","1.362454","-0.723387","-0.284654","0.059124"
"2017-09-18","18 Sep 2017","1.672360","-0.727170","0.502892","-0.749184","1.163993","-0.699523","1.398900","-0.758872","-0.266212","0.080866"
"2017-09-19","19 Sep 2017","1.646801","-0.722831","0.486137","-0.742657","1.142578","-0.696657","1.375848","-0.752558","-0.275012","0.067737"
"2017-09-20","20 Sep 2017","1.631226","-0.722805","0.475383","-0.747253","1.130420","-0.698671","1.363520","-0.762137","-0.280331","0.059411"
"2017-09-21","21 Sep 2017","1.640728","-0.720761","0.493025","-0.752025","1.141861","-0.695782","1.372447","-0.770294","-0.262750","0.078708"
"2017-09-22","22 Sep 2017","1.626761","-0.714531","0.492107","-0.754317","1.133673","-0.691673","1.361734","-0.780228","-0.255999","0.082378"
"2017-09-25","25 Sep 2017","1.609912","-0.692063","0.464400","-0.733234","1.116782","-0.677888","1.349621","-0.770145","-0.276426","0.054298"
"2017-09-26","26 Sep 2017","1.611150","-0.743095","0.460154","-0.768193","1.109856","-0.719005","1.340398","-0.784181","-0.296680","0.044629"
"2017-09-27","27 Sep 2017","1.686419","-0.728235","0.517925","-0.757494","1.174481","-0.702422","1.406765","-0.775253","-0.257460","0.094203"
"2017-09-28","28 Sep 2017","1.701761","-0.740688","0.529963","-0.765734","1.187162","-0.710164","1.419462","-0.775233","-0.252112","0.103979"
"2017-09-29","29 Sep 2017","1.676581","-0.727665","0.516253","-0.750836","1.166346","-0.699958","1.395880","-0.762762","-0.256772","0.094537"
"2017-10-02","02 Oct 2017","1.642407","-0.747874","0.493246","-0.761406","1.136884","-0.715533","1.364142","-0.761066","-0.273910","0.075249"
"2017-10-03","03 Oct 2017","1.681184","-0.741773","0.515484","-0.757390","1.164947","-0.712292","1.393348","-0.763831","-0.266483","0.090055"
"2017-10-04","04 Oct 2017","1.646990","-0.747011","0.488717","-0.755724","1.136246","-0.716343","1.364485","-0.755326","-0.283647","0.067283"
"2017-10-05","05 Oct 2017","1.642983","-0.739245","0.496242","-0.748013","1.142594","-0.703396","1.371923","-0.738832","-0.264440","0.080826"
"2017-10-06","06 Oct 2017","1.699897","-0.722333","0.550377","-0.735618","1.197050","-0.682473","1.426349","-0.724517","-0.218781","0.132516"
"2017-10-09","09 Oct 2017","1.637959","-0.751431","0.495594","-0.748262","1.143935","-0.706331","1.375409","-0.718566","-0.260477","0.082897"
"2017-10-10","10 Oct 2017","1.648081","-0.730100","0.501538","-0.755407","1.146413","-0.701527","1.374796","-0.766295","-0.259906","0.085795"
"2017-10-11","11 Oct 2017","1.656822","-0.724234","0.508327","-0.748876","1.154698","-0.695340","1.383713","-0.758867","-0.253805","0.092066"
"2017-10-12","12 Oct 2017","1.658968","-0.742763","0.500009","-0.765988","1.153650","-0.712404","1.385622","-0.773085","-0.267452","0.080523"
"2017-10-13","13 Oct 2017","1.623715","-0.758844","0.461155","-0.777150","1.121935","-0.728628","1.357738","-0.780056","-0.299344","0.043058"
"2017-10-16","16 Oct 2017","1.599615","-0.778566","0.436246","-0.790239","1.099114","-0.746240","1.336107","-0.785916","-0.322253","0.018615"
"2017-10-17","17 Oct 2017","1.569345","-0.771364","0.420169","-0.787778","1.076748","-0.741723","1.311953","-0.789030","-0.325994","0.008552"
"2017-10-18","18 Oct 2017","1.582781","-0.762198","0.441162","-0.779914","1.092112","-0.730429","1.325057","-0.779425","-0.304522","0.031192"
"2017-10-19","19 Oct 2017","1.589503","-0.769049","0.443334","-0.789702","1.097167","-0.737267","1.331257","-0.791090","-0.305739","0.031713"
"2017-10-20","20 Oct 2017","1.667382","-0.753829","0.505376","-0.774451","1.163731","-0.718453","1.398329","-0.772767","-0.263186","0.085533"
"2017-10-23","23 Oct 2017","1.646440","-0.764739","0.482286","-0.782637","1.143601","-0.730015","1.379668","-0.779693","-0.283693","0.062727"
"2017-10-24","24 Oct 2017","1.688836","-0.740480","0.524531","-0.759917","1.181626","-0.705379","1.415059","-0.758581","-0.248602","0.102802"
"2017-10-25","25 Oct 2017","1.709159","-0.731269","0.542535","-0.758527","1.201575","-0.697344","1.435912","-0.763464","-0.232490","0.120046"
"2017-10-26","26 Oct 2017","1.674586","-0.768267","0.502356","-0.782323","1.168241","-0.729297","1.406054","-0.771811","-0.271402","0.079415"
"2017-10-27","27 Oct 2017","1.680954","-0.781455","0.474006","-0.796159","1.163897","-0.748589","1.411164","-0.793624","-0.310060","0.041671"
"2017-10-30","30 Oct 2017","1.630095","-0.790608","0.437866","-0.803173","1.123620","-0.757491","1.370619","-0.797660","-0.330873","0.012645"
"2017-10-31","31 Oct 2017","1.610108","-0.775815","0.438550","-0.787721","1.105950","-0.744983","1.344459","-0.785683","-0.323969","0.018197"
"2017-11-01","01 Nov 2017","1.608962","-0.788779","0.436547","-0.786149","1.103793","-0.751392","1.342155","-0.766861","-0.328795","0.015308"
"2017-11-02","02 Nov 2017","1.622867","-0.775733","0.445427","-0.785128","1.116136","-0.743747","1.355826","-0.780209","-0.321078","0.022919"
"2017-11-03","03 Nov 2017","1.581366","-0.789631","0.419418","-0.797681","1.081776","-0.756692","1.318650","-0.790198","-0.337185","0.002522"
"2017-11-06","06 Nov 2017","1.569189","-0.772096","0.400209","-0.781843","1.070174","-0.745508","1.310505","-0.782763","-0.350421","-0.016580"
"2017-11-07","07 Nov 2017","1.574326","-0.799110","0.405511","-0.795053","1.073451","-0.762951","1.312751","-0.775661","-0.352143","-0.012938"
"2017-11-08","08 Nov 2017","1.538922","-0.801763","0.379609","-0.794182","1.044581","-0.765825","1.283460","-0.772043","-0.367423","-0.034167"
"2017-11-09","09 Nov 2017","1.611107","-0.777721","0.436469","-0.785622","1.105575","-0.746025","1.344663","-0.780068","-0.327569","0.015080"
"2017-11-10","10 Nov 2017","1.646046","-0.783207","0.459161","-0.789651","1.135626","-0.747695","1.377571","-0.778555","-0.314985","0.033051"
"2017-11-13","13 Nov 2017","1.663824","-0.778057","0.475092","-0.783052","1.151926","-0.740762","1.393869","-0.769007","-0.302345","0.047801"
"2017-11-14","14 Nov 2017","1.669402","-0.765521","0.478869","-0.777656","1.155639","-0.733112","1.397152","-0.774608","-0.299061","0.050870"
"2017-11-15","15 Nov 2017","1.596593","-0.783339","0.423620","-0.787631","1.096522","-0.749058","1.338348","-0.775367","-0.334021","0.004681"
"2017-11-16","16 Nov 2017","1.611766","-0.772559","0.440928","-0.776196","1.111458","-0.737136","1.352157","-0.762293","-0.317815","0.022080"
"2017-11-17","17 Nov 2017","1.606188","-0.773132","0.439068","-0.777432","1.107140","-0.737763","1.346876","-0.763999","-0.317985","0.021357"
"2017-11-20","20 Nov 2017","1.580571","-0.777733","0.428315","-0.777944","1.086939","-0.740238","1.323083","-0.759117","-0.321495","0.015294"
"2017-11-21","21 Nov 2017","1.548411","-0.769508","0.416515","-0.780149","1.056986","-0.739479","1.284718","-0.778507","-0.326536","0.008388"
"2017-11-22","22 Nov 2017","1.533249","-0.743196","0.425845","-0.770672","1.052515","-0.718181","1.275387","-0.785271","-0.302418","0.026370"
"2017-11-23","23 Nov 2017","1.504971","-0.740105","0.415434","-0.776053","1.035497","-0.715761","1.257054","-0.795387","-0.298450","0.023588"
"2017-11-24","24 Nov 2017","1.527505","-0.735695","0.427751","-0.767914","1.050529","-0.711883","1.272148","-0.786681","-0.295421","0.031146"
"2017-11-27","27 Nov 2017","1.526874","-0.729139","0.421492","-0.757876","1.038956","-0.712890","1.256323","-0.787429","-0.312116","0.019837"
"2017-11-28","28 Nov 2017","1.515564","-0.748217","0.413427","-0.774263","1.038684","-0.722328","1.261490","-0.786273","-0.309496","0.016499"
"2017-11-29","29 Nov 2017","1.555659","-0.732583","0.458418","-0.770753","1.080069","-0.705349","1.301566","-0.788713","-0.267596","0.061971"
"2017-11-30","30 Nov 2017","1.516212","-0.728681","0.437042","-0.764806","1.048959","-0.702145","1.267097","-0.781770","-0.275618","0.047474"
"2017-12-01","01 Dec 2017","1.472775","-0.741907","0.400968","-0.781438","1.016884","-0.715563","1.238825","-0.798762","-0.296988","0.017381"
"2017-12-04","04 Dec 2017","1.479053","-0.748294","0.397994","-0.785179","1.019789","-0.721549","1.243974","-0.800429","-0.304429","0.011480"
"2017-12-05","05 Dec 2017","1.477639","-0.760300","0.392118","-0.795474","1.016341","-0.732621","1.241377","-0.808611","-0.313571","0.003909"
"2017-12-06","06 Dec 2017","1.436853","-0.783609","0.356170","-0.802069","0.970110","-0.755159","1.189146","-0.805284","-0.351964","-0.032754"
"2017-12-07","07 Dec 2017","1.455346","-0.796036","0.363538","-0.820062","0.984347","-0.767451","1.206042","-0.826737","-0.352644","-0.029411"
"2017-12-08","08 Dec 2017","1.470234","-0.791126","0.371493","-0.820284","1.001556","-0.762304","1.228125","-0.828852","-0.343674","-0.021935"
"2017-12-11","11 Dec 2017","1.437419","-0.770545","0.363520","-0.815269","0.980473","-0.747880","1.202622","-0.840533","-0.334030","-0.020491"
"2017-12-12","12 Dec 2017","1.455220","-0.767092","0.380711","-0.816801","0.997975","-0.743907","1.220330","-0.844605","-0.319469","-0.003935"
"2017-12-13","13 Dec 2017","1.472034","-0.771723","0.387570","-0.818551","1.010796","-0.746918","1.235392","-0.842704","-0.319058","-0.000601"
"2017-12-14","14 Dec 2017","1.467909","-0.762364","0.403504","-0.826882","1.018030","-0.738588","1.240654","-0.862628","-0.292562","0.022548"
"2017-12-15","15 Dec 2017","1.413860","-0.760362","0.373475","-0.825130","0.975129","-0.738283","1.193354","-0.862405","-0.305088","0.001630"
"2017-12-18","18 Dec 2017","1.393233","-0.744558","0.374565","-0.820556","0.968875","-0.724026","1.186339","-0.865711","-0.287636","0.011738"
"2017-12-19","19 Dec 2017","1.482550","-0.727332","0.435077","-0.824989","1.047669","-0.710570","1.272442","-0.889062","-0.246813","0.062077"
"2017-12-20","20 Dec 2017","1.538536","-0.711675","0.487323","-0.811416","1.098596","-0.691395","1.322085","-0.873218","-0.205440","0.110795"
"2017-12-21","21 Dec 2017","1.546593","-0.691441","0.504804","-0.788454","1.109093","-0.669911","1.329604","-0.847011","-0.184274","0.130923"
"2017-12-22","22 Dec 2017","1.516209","-0.689582","0.493208","-0.777337","1.085353","-0.664987","1.301137","-0.826033","-0.185911","0.125365"
"2017-12-27","27 Dec 2017","1.516716","-0.689361","0.472845","-0.782740","1.075865","-0.673152","1.294552","-0.845695","-0.212622","0.098842"
"2017-12-28","28 Dec 2017","1.518642","-0.669103","0.499750","-0.726626","1.084139","-0.637618","1.295173","-0.748190","-0.178989","0.132025"
"2017-12-29","29 Dec 2017","1.560292","-0.660318","0.522043","-0.737874","1.120177","-0.635217","1.336912","-0.780057","-0.165891","0.148531"
"2018-01-02","02 Jan 2018","1.596311","-0.645080","0.537615","-0.712228","1.149487","-0.618449","1.371642","-0.745998","-0.158394","0.158085"
"2018-01-03","03 Jan 2018","1.568854","-0.666815","0.521837","-0.696930","1.124464","-0.625850","1.342792","-0.689726","-0.172192","0.144852"
"2018-01-04","04 Jan 2018","1.561368","-0.652983","0.532726","-0.678375","1.122404","-0.609208","1.335455","-0.664711","-0.154146","0.160989"
"2018-01-05","05 Jan 2018","1.561182","-0.653787","0.523487","-0.675266","1.120726","-0.610466","1.337122","-0.659469","-0.164337","0.149828"
"2018-01-08","08 Jan 2018","1.552133","-0.666954","0.506896","-0.675209","1.109810","-0.620244","1.328643","-0.646781","-0.182959","0.131257"
"2018-01-09","09 Jan 2018","1.576737","-0.659883","0.529019","-0.681156","1.132443","-0.615830","1.351238","-0.664508","-0.165223","0.151853"
"2018-01-10","10 Jan 2018","1.637555","-0.669789","0.567946","-0.672545","1.182166","-0.615140","1.404675","-0.632024","-0.146830","0.181346"
"2018-01-11","11 Jan 2018","1.649220","-0.620607","0.620156","-0.630880","1.204766","-0.564662","1.414911","-0.593688","-0.081041","0.244616"
"2018-01-12","12 Jan 2018","1.606129","-0.610549","0.619102","-0.643394","1.175538","-0.559778","1.374434","-0.626651","-0.063458","0.256363"
"2018-01-15","15 Jan 2018","1.616473","-0.631723","0.610234","-0.659004","1.184623","-0.577806","1.392698","-0.634617","-0.079295","0.242621"
"2018-01-16","16 Jan 2018","1.567619","-0.629281","0.585651","-0.651320","1.145117","-0.574934","1.347431","-0.622611","-0.088514","0.226488"
"2018-01-17","17 Jan 2018","1.557782","-0.622892","0.585791","-0.651773","1.139223","-0.570640","1.339276","-0.629818","-0.082800","0.229999"
"2018-01-18","18 Jan 2018","1.602452","-0.633196","0.612054","-0.655532","1.172800","-0.576272","1.374499","-0.624557","-0.073847","0.248128"
"2018-01-19","19 Jan 2018","1.617686","-0.644409","0.615235","-0.662531","1.182396","-0.585491","1.386245","-0.626765","-0.079169","0.246778"
"2018-01-22","22 Jan 2018","1.626255","-0.655132","0.618495","-0.661850","1.185909","-0.591580","1.388909","-0.613603","-0.082786","0.247030"
"2018-01-23","23 Jan 2018","1.589510","-0.644529","0.596955","-0.651204","1.158235","-0.583326","1.359817","-0.605094","-0.089814","0.232216"
"2018-01-24","24 Jan 2018","1.625903","-0.643519","0.629474","-0.655322","1.188724","-0.580793","1.388293","-0.611317","-0.067571","0.261223"
"2018-01-25","25 Jan 2018","1.591947","-0.607301","0.667717","-0.639297","1.173794","-0.545143","1.350860","-0.609036","-0.004528","0.319275"
"2018-01-26","26 Jan 2018","1.560475","-0.600578","0.662264","-0.635813","1.151270","-0.538704","1.321628","-0.607737","0.002633","0.321970"
"2018-01-29","29 Jan 2018","1.607458","-0.569990","0.724711","-0.618942","1.198664","-0.507576","1.361932","-0.599603","0.062178","0.386522"
"2018-01-30","30 Jan 2018","1.653930","-0.575260","0.733062","-0.634641","1.234130","-0.517658","1.408660","-0.627905","0.054380","0.383751"
"2018-01-31","31 Jan 2018","1.595589","-0.585400","0.709876","-0.639447","1.186531","-0.524732","1.351094","-0.625430","0.046598","0.371020"
"2018-02-01","01 Feb 2018","1.651134","-0.598653","0.747780","-0.649746","1.229196","-0.532760","1.393903","-0.628638","0.063457","0.399929"
"2018-02-02","02 Feb 2018","1.691357","-0.588317","0.789113","-0.648974","1.266242","-0.521751","1.428484","-0.633742","0.097146","0.439489"
"2018-02-05","05 Feb 2018","1.702598","-0.609687","0.768196","-0.662064","1.267567","-0.543226","1.438703","-0.641714","0.064174","0.409371"
"2018-02-06","06 Feb 2018","1.680533","-0.613791","0.747246","-0.660002","1.247651","-0.547236","1.419578","-0.635288","0.047932","0.389838"
"2018-02-07","07 Feb 2018","1.674805","-0.612979","0.757513","-0.661820","1.245097","-0.544847","1.411446","-0.637094","0.061226","0.403834"
"2018-02-08","08 Feb 2018","1.752706","-0.584899","0.835412","-0.644080","1.315337","-0.514603","1.476645","-0.624415","0.125044","0.477881"
"2018-02-09","09 Feb 2018","1.711368","-0.617807","0.792738","-0.666875","1.273773","-0.545636","1.435452","-0.638371","0.083782","0.435211"
"2018-02-12","12 Feb 2018","1.732005","-0.636397","0.797957","-0.673638","1.284606","-0.559283","1.447129","-0.632235","0.075543","0.433755"
"2018-02-13","13 Feb 2018","1.747661","-0.636704","0.790353","-0.674382","1.295031","-0.562476","1.465260","-0.636535","0.062016","0.420358"
"2018-02-14","14 Feb 2018","1.762204","-0.622877","0.811059","-0.662334","1.310403","-0.547918","1.478249","-0.624892","0.083013","0.442269"
"2018-02-15","15 Feb 2018","1.769010","-0.614828","0.817711","-0.652912","1.317194","-0.539620","1.485085","-0.614274","0.089887","0.448934"
"2018-02-16","16 Feb 2018","1.720148","-0.627720","0.767967","-0.661385","1.273580","-0.555295","1.445278","-0.622495","0.050258","0.401797"
"2018-02-19","19 Feb 2018","1.754162","-0.620759","0.798327","-0.665947","1.304402","-0.549556","1.475912","-0.636297","0.073594","0.429718"
"2018-02-20","20 Feb 2018","1.744568","-0.628787","0.782435","-0.666179","1.293387","-0.556577","1.466907","-0.630213","0.057147","0.412446"
"2018-02-21","21 Feb 2018","1.726608","-0.616756","0.771691","-0.660773","1.282059","-0.548484","1.456536","-0.633235","0.056195","0.405813"
"2018-02-22","22 Feb 2018","1.719420","-0.623932","0.764330","-0.669295","1.275098","-0.556095","1.449832","-0.643121","0.048981","0.398487"
"2018-02-23","23 Feb 2018","1.658528","-0.639816","0.715356","-0.670312","1.220692","-0.570142","1.393753","-0.631856","0.012372","0.354855"
"2018-02-26","26 Feb 2018","1.627514","-0.640472","0.702036","-0.676937","1.197239","-0.572590","1.366804","-0.644161","0.009359","0.347631"
"2018-02-27","27 Feb 2018","1.643003","-0.626661","0.720851","-0.683790","1.215428","-0.564293","1.385356","-0.670803","0.029685","0.367742"
"2018-02-28","28 Feb 2018","1.646250","-0.638299","0.709144","-0.681066","1.213053","-0.572716","1.386389","-0.655109","0.011679","0.351442"
"2018-03-01","01 Mar 2018","1.621329","-0.648734","0.685940","-0.682654","1.189560","-0.581706","1.362919","-0.649098","-0.007975","0.329412"
"2018-03-02","02 Mar 2018","1.609547","-0.642582","0.674833","-0.686607","1.182127","-0.580496","1.358111","-0.664992","-0.012871","0.320300"
"2018-03-05","05 Mar 2018","1.621490","-0.639679","0.681125","-0.692454","1.193172","-0.580353","1.371377","-0.679742","-0.008710","0.325119"
"2018-03-06","06 Mar 2018","1.660898","-0.619114","0.726653","-0.690250","1.231849","-0.562285","1.406704","-0.692718","0.032943","0.370856"
"2018-03-07","07 Mar 2018","1.635812","-0.618607","0.712685","-0.676799","1.210348","-0.558520","1.382060","-0.666892","0.025832","0.360587"
"2018-03-08","08 Mar 2018","1.611472","-0.629532","0.699953","-0.682677","1.188724","-0.567156","1.356579","-0.666817","0.017148","0.350972"
"2018-03-09","09 Mar 2018","1.618579","-0.633101","0.701804","-0.689511","1.194032","-0.571542","1.363281","-0.676797","0.015932","0.351085"
"2018-03-12","12 Mar 2018","1.607353","-0.642440","0.680959","-0.689366","1.181042","-0.580002","1.353692","-0.669333","-0.005622","0.328216"
"2018-03-13","13 Mar 2018","1.615278","-0.652517","0.684713","-0.700009","1.185665","-0.589063","1.358166","-0.679407","-0.007300","0.329723"
"2018-03-14","14 Mar 2018","1.595439","-0.636974","0.664289","-0.690417","1.172415","-0.579348","1.349576","-0.679786","-0.016809","0.312329"
"2018-03-15","15 Mar 2018","1.541409","-0.642348","0.626721","-0.693485","1.127406","-0.586298","1.302466","-0.682641","-0.039666","0.281726"
"2018-03-16","16 Mar 2018","1.550378","-0.649349","0.635039","-0.698511","1.133401","-0.591062","1.306807","-0.684064","-0.036255","0.288529"
"2018-03-19","19 Mar 2018","1.540459","-0.644754","0.634644","-0.691335","1.126315","-0.585488","1.296937","-0.674003","-0.032243","0.291002"
"2018-03-20","20 Mar 2018","1.549149","-0.653084","0.639114","-0.683033","1.129681","-0.587640","1.298692","-0.648046","-0.034437","0.292638"
"2018-03-21","21 Mar 2018","1.555176","-0.649440","0.648396","-0.691230","1.137074","-0.586759","1.305514","-0.667174","-0.024684","0.302784"
"2018-03-22","22 Mar 2018","1.476163","-0.674714","0.576025","-0.708460","1.066408","-0.614248","1.237010","-0.680978","-0.081739","0.235745"
"2018-03-23","23 Mar 2018","1.490589","-0.656615","0.587486","-0.705379","1.083060","-0.601729","1.256689","-0.693933","-0.068008","0.247521"
"2018-03-26","26 Mar 2018","1.481979","-0.654828","0.583654","-0.697686","1.075801","-0.598379","1.247943","-0.680526","-0.069122","0.245206"
"2018-03-27","27 Mar 2018","1.466439","-0.662384","0.562103","-0.703261","1.060977","-0.607307","1.236504","-0.686167","-0.088674","0.223142"
"2018-03-28","28 Mar 2018","1.454212","-0.663836","0.550797","-0.700030","1.050085","-0.608321","1.226009","-0.679236","-0.097158","0.212728"
"2018-03-29","29 Mar 2018","1.465800","-0.665744","0.548439","-0.697544","1.058022","-0.609956","1.238311","-0.673578","-0.104291","0.206548"
"2018-04-03","03 Apr 2018","1.461641","-0.658492","0.552061","-0.687276","1.055856","-0.601602","1.233628","-0.660035","-0.097342","0.212414"
"2018-04-04","04 Apr 2018","1.459869","-0.658915","0.547333","-0.689405","1.054382","-0.603233","1.233815","-0.664585","-0.101593","0.207331"
"2018-04-05","05 Apr 2018","1.493037","-0.640806","0.570174","-0.677706","1.085199","-0.587339","1.268182","-0.659658","-0.082940","0.227288"
"2018-04-06","06 Apr 2018","1.480408","-0.642847","0.559924","-0.680928","1.074714","-0.590454","1.257971","-0.664742","-0.089859","0.218406"
"2018-04-09","09 Apr 2018","1.478356","-0.635797","0.561172","-0.673529","1.074382","-0.583682","1.257163","-0.657340","-0.085842","0.221002"
"2018-04-10","10 Apr 2018","1.461611","-0.621091","0.564737","-0.663962","1.064697","-0.570293","1.242237","-0.652443","-0.071987","0.231045"
"2018-04-11","11 Apr 2018","1.446192","-0.620340","0.552260","-0.665351","1.052512","-0.571419","1.230773","-0.657156","-0.079386","0.220537"
"2018-04-12","12 Apr 2018","1.481228","-0.623358","0.566418","-0.672974","1.080480","-0.575512","1.264328","-0.669271","-0.076669","0.227920"
"2018-04-13","13 Apr 2018","1.500351","-0.631733","0.576641","-0.675527","1.093591","-0.580739","1.277753","-0.664745","-0.075390","0.234002"
"2018-04-16","16 Apr 2018","1.499375","-0.629881","0.575937","-0.673924","1.093172","-0.579218","1.277576","-0.663639","-0.075215","0.233596"
"2018-04-17","17 Apr 2018","1.491329","-0.640289","0.569132","-0.671855","1.083144","-0.585320","1.265507","-0.648605","-0.083812","0.226331"
"2018-04-18","18 Apr 2018","1.480301","-0.629361","0.570995","-0.663997","1.076973","-0.575376","1.256268","-0.643722","-0.074819","0.232475"
"2018-04-19","19 Apr 2018","1.544056","-0.612377","0.635971","-0.656826","1.133104","-0.556253","1.306676","-0.641291","-0.023230","0.293965"
"2018-04-20","20 Apr 2018","1.583669","-0.614808","0.657763","-0.657938","1.163995","-0.557012","1.340432","-0.640043","-0.014668","0.308902"
"2018-04-23","23 Apr 2018","1.603719","-0.607972","0.676887","-0.653983","1.181973","-0.549813","1.357498","-0.637745","0.000709","0.326842"
"2018-04-24","24 Apr 2018","1.629289","-0.604463","0.694978","-0.652183","1.203367","-0.545824","1.379764","-0.636751","0.012117","0.341766"
"2018-04-25","25 Apr 2018","1.619105","-0.611520","0.690065","-0.653543","1.193180","-0.550529","1.366926","-0.631761","0.007725","0.337829"
"2018-04-26","26 Apr 2018","1.585446","-0.610936","0.670969","-0.659838","1.167505","-0.553057","1.339557","-0.645744","-0.000024","0.324573"
"2018-04-27","27 Apr 2018","1.540183","-0.630098","0.622784","-0.666990","1.125138","-0.571884","1.300440","-0.644243","-0.041546","0.277601"
"2018-04-30","30 Apr 2018","1.559816","-0.631839","0.628679","-0.659420","1.138900","-0.570984","1.316894","-0.627743","-0.043290","0.278820"
"2018-05-02","02 May 2018","1.564885","-0.629510","0.632955","-0.667665","1.144987","-0.571719","1.324180","-0.646381","-0.038841","0.283163"
"2018-05-03","03 May 2018","1.547355","-0.636732","0.606465","-0.662349","1.127334","-0.577805","1.310740","-0.631303","-0.063519","0.255474"
"2018-05-04","04 May 2018","1.534969","-0.633521","0.602189","-0.651842","1.117072","-0.572585","1.297836","-0.613644","-0.063620","0.253675"
"2018-05-07","07 May 2018","1.514764","-0.636794","0.585991","-0.655199","1.100239","-0.576956","1.281323","-0.618093","-0.074577","0.239664"
"2018-05-08","08 May 2018","1.547693","-0.632541","0.611346","-0.652570","1.127718","-0.571515","1.308853","-0.615513","-0.057930","0.261256"
"2018-05-09","09 May 2018","1.572112","-0.625124","0.628827","-0.648508","1.149210","-0.564552","1.331822","-0.614313","-0.045410","0.276180"
"2018-05-10","10 May 2018","1.536985","-0.639296","0.602243","-0.662346","1.118314","-0.579311","1.299587","-0.628399","-0.065488","0.252918"
"2018-05-11","11 May 2018","1.548627","-0.629440","0.622381","-0.653163","1.129969","-0.567963","1.307060","-0.618122","-0.045701","0.274422"
"2018-05-14","14 May 2018","1.593915","-0.608586","0.670558","-0.642374","1.172018","-0.547099","1.345555","-0.614322","-0.004027","0.321372"
"2018-05-15","15 May 2018","1.628483","-0.600127","0.699666","-0.637560","1.202029","-0.537955","1.375210","-0.611434","0.017400","0.347405"
"2018-05-16","16 May 2018","1.606246","-0.623365","0.669383","-0.646528","1.177142","-0.558199","1.352322","-0.607609","-0.014735","0.314998"
"2018-05-17","17 May 2018","1.627252","-0.623503","0.683835","-0.654213","1.195135","-0.559547","1.371603","-0.621810","-0.006068","0.326789"
"2018-05-18","18 May 2018","1.634639","-0.631462","0.678812","-0.648662","1.197054","-0.564012","1.375749","-0.603558","-0.017335","0.317646"
"2018-05-21","21 May 2018","1.588423","-0.657416","0.622119","-0.664673","1.152979","-0.590929","1.338203","-0.613691","-0.068929","0.260473"
"2018-05-22","22 May 2018","1.567873","-0.654163","0.620133","-0.663380","1.137865","-0.587483","1.317658","-0.613365","-0.063166","0.263917"
"2018-05-23","23 May 2018","1.547323","-0.672215","0.583833","-0.668259","1.115358","-0.604587","1.301440","-0.608300","-0.100206","0.224512"
"2018-05-24","24 May 2018","1.493211","-0.686157","0.541149","-0.667393","1.066957","-0.616252","1.251095","-0.594748","-0.131920","0.186701"
"2018-05-25","25 May 2018","1.433153","-0.723142","0.472715","-0.690233","1.008419","-0.652920","1.197414","-0.607527","-0.194970","0.118130"
"2018-05-28","28 May 2018","1.399400","-0.766828","0.431265","-0.719471","0.970040","-0.692574","1.159423","-0.622831","-0.241075","0.073797"
"2018-05-29","29 May 2018","1.389297","-0.782503","0.408926","-0.722636","0.956563","-0.706022","1.149486","-0.615210","-0.266496","0.048295"
"2018-05-30","30 May 2018","1.377630","-0.778060","0.400422","-0.724922","0.949557","-0.704693","1.144282","-0.625185","-0.269203","0.042121"
"2018-05-31","31 May 2018","1.337966","-0.763496","0.402467","-0.719417","0.921991","-0.691357","1.104336","-0.626815","-0.249491","0.056437"
"2018-06-01","01 Jun 2018","1.379707","-0.705559","0.460792","-0.676069","0.969327","-0.636657","1.147446","-0.596657","-0.184653","0.119666"
"2018-06-04","04 Jun 2018","1.398701","-0.701172","0.478934","-0.674684","0.985643","-0.631840","1.162328","-0.596974","-0.170815","0.136455"
"2018-06-05","05 Jun 2018","1.395682","-0.727818","0.457404","-0.691534","0.975977","-0.656304","1.157106","-0.605052","-0.200798","0.109186"
"2018-06-06","06 Jun 2018","1.458590","-0.694096","0.530916","-0.673362","1.034570","-0.622563","1.207419","-0.597688","-0.135087","0.182418"
"2018-06-07","07 Jun 2018","1.499544","-0.689149","0.570430","-0.680709","1.069413","-0.617963","1.238726","-0.614034","-0.105797","0.218873"
"2018-06-08","08 Jun 2018","1.466710","-0.736205","0.527201","-0.708253","1.029653","-0.659560","1.198893","-0.622775","-0.155745","0.171592"
"2018-06-11","11 Jun 2018","1.520518","-0.694977","0.578347","-0.686678","1.084122","-0.623422","1.255407","-0.619925","-0.106508","0.222037"
"2018-06-12","12 Jun 2018","1.518472","-0.678800","0.579570","-0.669803","1.085685","-0.608352","1.257829","-0.603602","-0.099682","0.225421"
"2018-06-13","13 Jun 2018","1.474310","-0.679320","0.545187","-0.672005","1.051160","-0.612142","1.225233","-0.610035","-0.120148","0.196768"
"2018-06-14","14 Jun 2018","1.497467","-0.701245","0.523486","-0.683569","1.063456","-0.633971","1.252179","-0.614697","-0.156926","0.162967"
"2018-06-15","15 Jun 2018","1.464606","-0.708445","0.476254","-0.684813","1.036177","-0.644298","1.236116","-0.614871","-0.196298","0.115571"
"2018-06-18","18 Jun 2018","1.480209","-0.708973","0.473904","-0.691456","1.050711","-0.647923","1.259214","-0.628911","-0.202618","0.109208"
"2018-06-19","19 Jun 2018","1.435925","-0.723313","0.437481","-0.697919","1.011126","-0.661632","1.218810","-0.629172","-0.230548","0.076442"
"2018-06-20","20 Jun 2018","1.464450","-0.726211","0.454339","-0.699614","1.032360","-0.663004","1.240582","-0.628688","-0.223806","0.088345"
"2018-06-21","21 Jun 2018","1.437006","-0.753275","0.421250","-0.708946","1.001479","-0.685781","1.209681","-0.621524","-0.258756","0.053458"
"2018-06-22","22 Jun 2018","1.436200","-0.761196","0.418218","-0.714935","0.998619","-0.692800","1.206401","-0.625319","-0.264289","0.049281"
"2018-06-25","25 Jun 2018","1.416121","-0.747844","0.410356","-0.720261","0.990141","-0.686241","1.200623","-0.650115","-0.259299","0.047586"
"2018-06-26","26 Jun 2018","1.422469","-0.756907","0.419619","-0.727407","0.991532","-0.692824","1.196717","-0.653561","-0.255531","0.055633"
"2018-06-27","27 Jun 2018","1.384959","-0.749564","0.403643","-0.722493","0.963482","-0.687167","1.164529","-0.651779","-0.257341","0.047422"
"2018-06-28","28 Jun 2018","1.352837","-0.761008","0.384136","-0.720385","0.932062","-0.694650","1.126792","-0.636278","-0.272223","0.031098"
"2018-06-29","29 Jun 2018","1.314813","-0.748740","0.379056","-0.707950","0.903198","-0.682019","1.087635","-0.623111","-0.262053","0.035924"
"2018-07-02","02 Jul 2018","1.311692","-0.766029","0.372806","-0.719157","0.895331","-0.696651","1.077724","-0.627554","-0.273614","0.027465"
"2018-07-03","03 Jul 2018","1.287472","-0.747251","0.367780","-0.708186","0.881648","-0.681320","1.062037","-0.625182","-0.264311","0.029973"
"2018-07-04","04 Jul 2018","1.282592","-0.731961","0.366454","-0.707696","0.884524","-0.671817","1.069026","-0.640573","-0.257443","0.031917"
"2018-07-05","05 Jul 2018","1.282522","-0.725505","0.372925","-0.704845","0.886135","-0.666035","1.068540","-0.640847","-0.248660","0.040203"
"2018-07-06","06 Jul 2018","1.280282","-0.734233","0.362142","-0.705254","0.881223","-0.673037","1.065898","-0.633837","-0.262290","0.027027"
"2018-07-09","09 Jul 2018","1.329481","-0.717883","0.389374","-0.687577","0.923794","-0.656610","1.114818","-0.615350","-0.245288","0.047589"
"2018-07-10","10 Jul 2018","1.321933","-0.710768","0.390726","-0.690279","0.921157","-0.652414","1.111389","-0.627658","-0.238281","0.052247"
"2018-07-11","11 Jul 2018","1.297084","-0.706648","0.382103","-0.680032","0.900475","-0.646747","1.085251","-0.611498","-0.238765","0.048581"
"2018-07-12","12 Jul 2018","1.285878","-0.712871","0.368500","-0.691349","0.891888","-0.655335","1.079933","-0.628660","-0.250038","0.035371"
"2018-07-13","13 Jul 2018","1.274690","-0.720356","0.351296","-0.691167","0.880630","-0.661856","1.071603","-0.622208","-0.266710","0.017215"
"2018-07-16","16 Jul 2018","1.303025","-0.708076","0.380319","-0.686565","0.906290","-0.650206","1.095011","-0.623622","-0.242128","0.045147"
"2018-07-17","17 Jul 2018","1.279846","-0.707564","0.364348","-0.692529","0.889768","-0.652764","1.079804","-0.636991","-0.249816","0.032934"
"2018-07-18","18 Jul 2018","1.268738","-0.708788","0.353032","-0.686146","0.879541","-0.652727","1.070202","-0.624052","-0.258784","0.022152"
"2018-07-19","19 Jul 2018","1.266977","-0.707736","0.349904","-0.693839","0.880658","-0.654734","1.074345","-0.640806","-0.259859","0.019574"
"2018-07-20","20 Jul 2018","1.289223","-0.698144","0.373768","-0.689599","0.900477","-0.645268","1.091570","-0.640459","-0.239634","0.042697"
"2018-07-23","23 Jul 2018","1.336404","-0.685671","0.412976","-0.680789","0.940174","-0.631810","1.129832","-0.633387","-0.211186","0.077441"
"2018-07-24","24 Jul 2018","1.339837","-0.688714","0.422936","-0.679335","0.940126","-0.631890","1.123705","-0.625918","-0.204184","0.087492"
"2018-07-25","25 Jul 2018","1.317081","-0.679597","0.410133","-0.679871","0.926526","-0.627139","1.111912","-0.637297","-0.205732","0.079837"
"2018-07-26","26 Jul 2018","1.317729","-0.683728","0.408693","-0.685138","0.926418","-0.631473","1.112341","-0.643576","-0.208531","0.077671"
"2018-07-27","27 Jul 2018","1.325421","-0.674728","0.418530","-0.696875","0.938706","-0.628392","1.127288","-0.675509","-0.195875","0.089058"
"2018-07-30","30 Jul 2018","1.385040","-0.657098","0.466801","-0.669809","0.986584","-0.605725","1.172114","-0.637142","-0.162169","0.130957"
"2018-07-31","31 Jul 2018","1.359334","-0.643968","0.455340","-0.653104","0.968241","-0.593075","1.151735","-0.618257","-0.161894","0.125244"
"2018-08-01","01 Aug 2018","1.402434","-0.624362","0.499614","-0.660263","1.010739","-0.578958","1.193565","-0.649483","-0.122287","0.168762"
"2018-08-02","02 Aug 2018","1.396894","-0.638464","0.486887","-0.656835","0.999907","-0.588190","1.182205","-0.629157","-0.139671","0.153167"
"2018-08-03","03 Aug 2018","1.336581","-0.662657","0.432691","-0.678503","0.947464","-0.614177","1.132350","-0.650687","-0.182563","0.103291"
"2018-08-06","06 Aug 2018","1.306764","-0.662748","0.411768","-0.667126","0.921605","-0.612370","1.104574","-0.629358","-0.195468","0.086001"
"2018-08-07","07 Aug 2018","1.334951","-0.663892","0.432328","-0.665154","0.942143","-0.610992","1.123247","-0.622889","-0.184727","0.102316"
"2018-08-08","08 Aug 2018","1.339797","-0.670576","0.427338","-0.654940","0.941111","-0.613145","1.122550","-0.596574","-0.195239","0.093767"
"2018-08-09","09 Aug 2018","1.321585","-0.689874","0.400256","-0.672288","0.923305","-0.633136","1.109630","-0.613262","-0.222523","0.065157"
"2018-08-10","10 Aug 2018","1.264550","-0.715425","0.350882","-0.687078","0.870941","-0.657360","1.056513","-0.619149","-0.263170","0.019439"
"2018-08-13","13 Aug 2018","1.268190","-0.719235","0.352140","-0.691312","0.872872","-0.660966","1.058371","-0.623517","-0.264264","0.019606"
"2018-08-14","14 Aug 2018","1.260691","-0.711588","0.348191","-0.685527","0.869495","-0.654749","1.056313","-0.620353","-0.263076","0.017815"
"2018-08-15","15 Aug 2018","1.252835","-0.718917","0.334728","-0.689447","0.861697","-0.661992","1.051401","-0.621826","-0.276534","0.003386"
"2018-08-16","16 Aug 2018","1.249024","-0.714706","0.334541","-0.685574","0.859504","-0.658097","1.048507","-0.618465","-0.274212","0.004538"
"2018-08-17","17 Aug 2018","1.239705","-0.717098","0.324373","-0.688657","0.852344","-0.661478","1.043433","-0.622966","-0.281939","-0.005018"
"2018-08-20","20 Aug 2018","1.239281","-0.715886","0.324351","-0.695049","0.854174","-0.662585","1.046926","-0.636898","-0.280467","-0.004384"
"2018-08-21","21 Aug 2018","1.271202","-0.696610","0.355129","-0.680845","0.883760","-0.643801","1.075366","-0.626763","-0.253297","0.025200"
"2018-08-22","22 Aug 2018","1.264660","-0.681905","0.358034","-0.675783","0.883947","-0.632492","1.075900","-0.631620","-0.242552","0.032162"
"2018-08-23","23 Aug 2018","1.271998","-0.673828","0.370156","-0.670783","0.891270","-0.624683","1.080695","-0.629020","-0.230109","0.045191"
"2018-08-24","24 Aug 2018","1.293706","-0.667952","0.386736","-0.661029","0.908193","-0.616982","1.096516","-0.614870","-0.219129","0.059173"
"2018-08-27","27 Aug 2018","1.316539","-0.658231","0.405901","-0.663719","0.930850","-0.610231","1.121179","-0.629147","-0.202635","0.077163"
"2018-08-28","28 Aug 2018","1.335482","-0.653989","0.416767","-0.654301","0.945526","-0.604331","1.136685","-0.614587","-0.196978","0.085056"
"2018-08-29","29 Aug 2018","1.360547","-0.643553","0.442649","-0.650820","0.967820","-0.594459","1.156500","-0.616563","-0.175247","0.109926"
"2018-08-30","30 Aug 2018","1.306908","-0.673004","0.392273","-0.673293","0.918652","-0.623649","1.108868","-0.633827","-0.218566","0.062078"
"2018-08-31","31 Aug 2018","1.279937","-0.676953","0.371909","-0.671035","0.895404","-0.626955","1.084820","-0.626529","-0.232372","0.044635"
"2018-09-03","03 Sep 2018","1.273924","-0.682457","0.366308","-0.668029","0.887132","-0.629976","1.074357","-0.615192","-0.238973","0.038628"
"2018-09-04","04 Sep 2018","1.284277","-0.660984","0.378736","-0.651990","0.901766","-0.610808","1.091330","-0.605122","-0.222180","0.052819"
"2018-09-05","05 Sep 2018","1.333985","-0.635145","0.427953","-0.634709","0.946591","-0.585346","1.132747","-0.594272","-0.179983","0.099968"
"2018-09-06","06 Sep 2018","1.305396","-0.640924","0.404488","-0.642215","0.924132","-0.592983","1.112353","-0.604684","-0.195795","0.079679"
"2018-09-07","07 Sep 2018","1.323711","-0.628431","0.419957","-0.637603","0.943291","-0.582672","1.133838","-0.607704","-0.181104","0.094606"
"2018-09-10","10 Sep 2018","1.347763","-0.619001","0.436548","-0.625440","0.963629","-0.572209","1.155157","-0.592705","-0.169408","0.108465"
"2018-09-11","11 Sep 2018","1.376947","-0.605012","0.465166","-0.625495","0.991969","-0.561005","1.183401","-0.605307","-0.144121","0.136234"
"2018-09-12","12 Sep 2018","1.340796","-0.615409","0.432200","-0.633137","0.962077","-0.572506","1.156623","-0.611990","-0.168881","0.106225"
"2018-09-13","13 Sep 2018","1.375739","-0.613209","0.461593","-0.630460","0.987925","-0.567998","1.178220","-0.606898","-0.150449","0.131366"
"2018-09-14","14 Sep 2018","1.395942","-0.608451","0.482929","-0.621936","1.002132","-0.560572","1.187008","-0.593239","-0.135004","0.151000"
"2018-09-17","17 Sep 2018","1.383536","-0.595530","0.490856","-0.624305","0.997488","-0.551421","1.177979","-0.609785","-0.117684","0.165310"
"2018-09-18","18 Sep 2018","1.396573","-0.592578","0.503912","-0.623046","1.007904","-0.548035","1.186354","-0.609331","-0.107865","0.177408"
"2018-09-19","19 Sep 2018","1.419258","-0.592490","0.519392","-0.617384","1.023663","-0.545319","1.200381","-0.597347","-0.100404","0.189186"
"2018-09-20","20 Sep 2018","1.421768","-0.590517","0.520274","-0.625059","1.028858","-0.546346","1.208741","-0.614650","-0.098331","0.190356"
"2018-09-21","21 Sep 2018","1.394871","-0.602194","0.493228","-0.628775","1.004200","-0.557150","1.185675","-0.611917","-0.121281","0.164377"
"2018-09-24","24 Sep 2018","1.419666","-0.569796","0.540390","-0.620044","1.033459","-0.529010","1.207106","-0.623740","-0.069752","0.216875"
"2018-09-25","25 Sep 2018","1.440737","-0.562393","0.565446","-0.617390","1.051065","-0.521129","1.220016","-0.623982","-0.048953","0.241356"
"2018-09-26","26 Sep 2018","1.426950","-0.555807","0.563233","-0.614376","1.042006","-0.515752","1.208551","-0.624534","-0.044489","0.243081"
"2018-09-27","27 Sep 2018","1.385527","-0.555628","0.548630","-0.620028","1.009525","-0.517114","1.168942","-0.635537","-0.045766","0.236918"
"2018-09-28","28 Sep 2018","1.360021","-0.589118","0.509128","-0.630101","0.977993","-0.545143","1.139625","-0.624064","-0.090254","0.193224"
"2018-10-01","01 Oct 2018","1.406321","-0.593260","0.539267","-0.633026","1.012123","-0.546670","1.172836","-0.623833","-0.076450","0.215792"
"2018-10-02","02 Oct 2018","1.350361","-0.618477","0.478078","-0.640669","0.960769","-0.570464","1.127235","-0.617759","-0.129385","0.155918"
"2018-10-03","03 Oct 2018","1.360876","-0.603194","0.498537","-0.636310","0.974016","-0.557297","1.137657","-0.623022","-0.106396","0.178948"
"2018-10-04","04 Oct 2018","1.416020","-0.570948","0.563143","-0.632584","1.028672","-0.529781","1.187662","-0.643807","-0.046260","0.244259"
"2018-10-05","05 Oct 2018","1.464025","-0.574245","0.595808","-0.633884","1.063897","-0.530035","1.221042","-0.640996","-0.030377","0.269332"
"2018-10-08","08 Oct 2018","1.467852","-0.597651","0.584799","-0.646548","1.059626","-0.550003","1.218109","-0.642976","-0.051164","0.252781"
"2018-10-09","09 Oct 2018","1.485536","-0.599382","0.590655","-0.645182","1.072706","-0.550821","1.233743","-0.638667","-0.051670","0.254747"
"2018-10-10","10 Oct 2018","1.481249","-0.577724","0.602277","-0.643335","1.078809","-0.534917","1.240052","-0.656052","-0.029447","0.272529"
"2018-10-11","11 Oct 2018","1.452286","-0.597371","0.579435","-0.661292","1.051281","-0.553996","1.210427","-0.672230","-0.049641","0.251448"
"2018-10-12","12 Oct 2018","1.433758","-0.611393","0.556840","-0.674260","1.034229","-0.568764","1.196576","-0.685182","-0.070682","0.228645"
"2018-10-15","15 Oct 2018","1.437745","-0.624475","0.549031","-0.691815","1.036235","-0.583354","1.203311","-0.707405","-0.083074","0.217634"
"2018-10-16","16 Oct 2018","1.418949","-0.622223","0.535380","-0.699776","1.025143","-0.585277","1.195646","-0.726437","-0.088591","0.207464"
"2018-10-17","17 Oct 2018","1.400891","-0.633768","0.515331","-0.700983","1.006414","-0.594733","1.177160","-0.718405","-0.107730","0.187168"
"2018-10-18","18 Oct 2018","1.398761","-0.646529","0.510780","-0.711133","1.000870","-0.606116","1.170175","-0.725449","-0.116108","0.181013"
"2018-10-19","19 Oct 2018","1.363615","-0.664935","0.484777","-0.729713","0.968988","-0.624762","1.135979","-0.744307","-0.136956","0.158037"
"2018-10-22","22 Oct 2018","1.358270","-0.647845","0.491282","-0.718423","0.969434","-0.609687","1.134730","-0.738909","-0.122818","0.168852"
"2018-10-23","23 Oct 2018","1.326115","-0.656221","0.464753","-0.726487","0.942956","-0.619352","1.109624","-0.747909","-0.141693","0.145536"
"2018-10-24","24 Oct 2018","1.329553","-0.675409","0.452822","-0.729739","0.938201","-0.634111","1.106245","-0.735885","-0.162532","0.128137"
"2018-10-25","25 Oct 2018","1.325713","-0.673796","0.450225","-0.735702","0.937698","-0.635025","1.107837","-0.749549","-0.162359","0.126725"
"2018-10-26","26 Oct 2018","1.282040","-0.685194","0.411343","-0.745280","0.901917","-0.648186","1.075544","-0.759437","-0.190854","0.091725"
"2018-10-29","29 Oct 2018","1.333222","-0.669041","0.447828","-0.740918","0.948505","-0.634420","1.126578","-0.765758","-0.163858","0.123201"
"2018-10-30","30 Oct 2018","1.311661","-0.677890","0.425327","-0.747224","0.930226","-0.643839","1.111301","-0.770791","-0.182297","0.101745"
"2018-10-31","31 Oct 2018","1.314063","-0.664877","0.434257","-0.730937","0.933498","-0.629900","1.111663","-0.751285","-0.170639","0.112471"
"2018-11-01","01 Nov 2018","1.339543","-0.666375","0.457466","-0.723392","0.948709","-0.626645","1.119781","-0.732965","-0.157764","0.131976"
"2018-11-02","02 Nov 2018","1.375013","-0.669157","0.484693","-0.715974","0.971414","-0.624178","1.136595","-0.713535","-0.144485","0.153429"
"2018-11-05","05 Nov 2018","1.376512","-0.670346","0.481359","-0.701524","0.968459","-0.621321","1.132251","-0.684302","-0.150609","0.148159"
"2018-11-06","06 Nov 2018","1.378002","-0.660081","0.482266","-0.712856","0.978665","-0.618209","1.150127","-0.717557","-0.143741","0.151219"
"2018-11-07","07 Nov 2018","1.386255","-0.636885","0.498155","-0.693089","0.990611","-0.596277","1.160917","-0.701340","-0.122836","0.169905"
"2018-11-08","08 Nov 2018","1.399338","-0.641416","0.507662","-0.693444","0.997826","-0.598517","1.165296","-0.696653","-0.119719","0.176803"
"2018-11-09","09 Nov 2018","1.360787","-0.652904","0.473475","-0.700607","0.965163","-0.610609","1.134758","-0.701275","-0.145564","0.145766"
"2018-11-12","12 Nov 2018","1.338357","-0.663032","0.446773","-0.704418","0.945332","-0.620678","1.119008","-0.700583","-0.168677","0.119355"
"2018-11-13","13 Nov 2018","1.352990","-0.653795","0.456197","-0.699609","0.960505","-0.613001","1.137448","-0.700395","-0.160178","0.127755"
"2018-11-14","14 Nov 2018","1.381250","-0.654337","0.472402","-0.696777","0.981145","-0.611728","1.158305","-0.693596","-0.153593","0.139025"
"2018-11-15","15 Nov 2018","1.347056","-0.683144","0.423584","-0.704916","0.945540","-0.637193","1.128739","-0.684093","-0.202430","0.087481"
"2018-11-16","16 Nov 2018","1.354105","-0.678666","0.431219","-0.702863","0.952271","-0.633106","1.134938","-0.684119","-0.195411","0.095062"
"2018-11-19","19 Nov 2018","1.364071","-0.658028","0.446694","-0.705052","0.971397","-0.619197","1.159127","-0.708647","-0.173384","0.113892"
"2018-11-20","20 Nov 2018","1.324788","-0.670700","0.414057","-0.708767","0.936164","-0.630748","1.123249","-0.704928","-0.198597","0.084397"
"2018-11-21","21 Nov 2018","1.335258","-0.657505","0.430075","-0.708331","0.949866","-0.620691","1.136856","-0.716399","-0.180295","0.102237"
"2018-11-22","22 Nov 2018","1.350326","-0.653475","0.438467","-0.698949","0.961232","-0.615093","1.148650","-0.701830","-0.176014","0.108202"
"2018-11-23","23 Nov 2018","1.303423","-0.666363","0.403429","-0.695815","0.917209","-0.624758","1.099983","-0.684285","-0.202495","0.077318"
"2018-11-26","26 Nov 2018","1.325858","-0.651359","0.428407","-0.690841","0.939494","-0.611624","1.121001","-0.688142","-0.178923","0.102453"
"2018-11-27","27 Nov 2018","1.315477","-0.664911","0.409579","-0.698208","0.928271","-0.624316","1.113474","-0.690379","-0.199067","0.081776"
"2018-11-28","28 Nov 2018","1.326897","-0.660066","0.417794","-0.698943","0.940013","-0.620945","1.127345","-0.696451","-0.192104","0.089216"
"2018-11-29","29 Nov 2018","1.298183","-0.674450","0.388294","-0.705935","0.913818","-0.634603","1.103361","-0.697527","-0.217611","0.060677"
"2018-11-30","30 Nov 2018","1.279689","-0.679137","0.369032","-0.695103","0.895014","-0.636189","1.084193","-0.672832","-0.234259","0.041778"
"2018-12-03","03 Dec 2018","1.278627","-0.676958","0.372579","-0.694167","0.893928","-0.634027","1.080533","-0.672776","-0.229846","0.046320"
"2018-12-04","04 Dec 2018","1.234820","-0.685460","0.344788","-0.702993","0.857548","-0.643520","1.041445","-0.682633","-0.246597","0.024440"
"2018-12-05","05 Dec 2018","1.210605","-0.685713","0.331146","-0.702107","0.837921","-0.644105","1.019698","-0.681175","-0.252941","0.014670"
"2018-12-06","06 Dec 2018","1.159657","-0.701013","0.294693","-0.713395","0.793535","-0.659398","0.972596","-0.689509","-0.278737","-0.016318"
"2018-12-07","07 Dec 2018","1.188361","-0.670632","0.329250","-0.705786","0.828353","-0.634880","1.009839","-0.703409","-0.240807","0.020661"
"2018-12-10","10 Dec 2018","1.113088","-0.639294","0.309115","-0.693909","0.779194","-0.610907","0.952235","-0.711751","-0.225579","0.020419"
"2018-12-11","11 Dec 2018","1.118749","-0.668540","0.301006","-0.707990","0.771873","-0.634657","0.941328","-0.710135","-0.247019","0.005709"
"2018-12-12","12 Dec 2018","1.118307","-0.646926","0.319403","-0.705511","0.779582","-0.617857","0.945910","-0.725543","-0.219754","0.030165"
"2018-12-13","13 Dec 2018","1.130725","-0.657590","0.315010","-0.714997","0.788456","-0.628494","0.961010","-0.734271","-0.230987","0.021021"
"2018-12-14","14 Dec 2018","1.176145","-0.671208","0.319578","-0.734273","0.827578","-0.644176","1.017563","-0.759694","-0.242694","0.014355"
"2018-12-17","17 Dec 2018","1.162266","-0.667158","0.321513","-0.752742","0.822417","-0.645967","1.011512","-0.799412","-0.232583","0.021738"
"2018-12-18","18 Dec 2018","1.136982","-0.668327","0.310050","-0.756896","0.802072","-0.648218","0.987647","-0.806596","-0.236404","0.014836"
"2018-12-19","19 Dec 2018","1.120736","-0.660435","0.304867","-0.749415","0.790867","-0.641047","0.974482","-0.799995","-0.234036","0.013713"
"2018-12-20","20 Dec 2018","1.079646","-0.658948","0.285043","-0.750549","0.758712","-0.641136","0.937981","-0.804300","-0.240437","0.001389"
"2018-12-21","21 Dec 2018","1.114722","-0.672182","0.301981","-0.755688","0.779537","-0.650338","0.956687","-0.800143","-0.240179","0.010148"
"2018-12-27","27 Dec 2018","1.148226","-0.670341","0.303968","-0.747759","0.779304","-0.657430","0.948132","-0.802675","-0.266807","-0.003752"
"2018-12-28","28 Dec 2018","1.174153","-0.671932","0.316223","-0.748986","0.799922","-0.658248","0.971907","-0.802893","-0.262847","0.003816"
"2019-01-02","02 Jan 2019","1.064265","-0.719590","0.227773","-0.688424","0.705274","-0.669686","0.877081","-0.626993","-0.329729","-0.074804"
"2019-01-03","03 Jan 2019","1.093696","-0.704440","0.246228","-0.673208","0.731166","-0.655076","0.905944","-0.612451","-0.316077","-0.059644"
"2019-01-04","04 Jan 2019","1.136924","-0.669942","0.274661","-0.659218","0.759223","-0.634953","0.930870","-0.631656","-0.301293","-0.038758"
"2019-01-07","07 Jan 2019","1.150360","-0.657661","0.288875","-0.643783","0.773029","-0.621071","0.944561","-0.612169","-0.286962","-0.024336"
"2019-01-08","08 Jan 2019","1.167833","-0.643317","0.310582","-0.644449","0.791957","-0.610184","0.962445","-0.626608","-0.264709","-0.001545"
"2019-01-09","09 Jan 2019","1.160959","-0.643144","0.301113","-0.634994","0.785080","-0.608295","0.956743","-0.608928","-0.272804","-0.011192"
"2019-01-10","10 Jan 2019","1.129204","-0.653450","0.267474","-0.637779","0.755493","-0.618852","0.929303","-0.606595","-0.300716","-0.043680"
"2019-01-11","11 Jan 2019","1.109521","-0.651763","0.248701","-0.635164","0.738002","-0.619410","0.912660","-0.605775","-0.314029","-0.060891"
"2019-01-14","14 Jan 2019","1.107939","-0.658775","0.242607","-0.630235","0.734797","-0.622626","0.910574","-0.588576","-0.322170","-0.068412"
"2019-01-15","15 Jan 2019","1.118353","-0.669899","0.238859","-0.639868","0.740107","-0.633603","0.919364","-0.597203","-0.333023","-0.076671"
"2019-01-16","16 Jan 2019","1.138900","-0.660821","0.258042","-0.630611","0.759699","-0.623070","0.939058","-0.586116","-0.316485","-0.058371"
"2019-01-17","17 Jan 2019","1.137760","-0.653676","0.267209","-0.623077","0.762049","-0.614323","0.938785","-0.576279","-0.303559","-0.046229"
"2019-01-18","18 Jan 2019","1.151794","-0.653283","0.281107","-0.627832","0.775569","-0.613590","0.952126","-0.583951","-0.292341","-0.032931"
"2019-01-21","21 Jan 2019","1.161797","-0.646356","0.288168","-0.622438","0.784838","-0.607363","0.962320","-0.580354","-0.286225","-0.026643"
"2019-01-22","22 Jan 2019","1.130455","-0.647032","0.268080","-0.626595","0.759052","-0.610598","0.934644","-0.589477","-0.297049","-0.042191"
"2019-01-23","23 Jan 2019","1.127691","-0.644259","0.265246","-0.622024","0.756831","-0.607917","0.932775","-0.583758","-0.298476","-0.044681"
"2019-01-24","24 Jan 2019","1.070290","-0.630398","0.215953","-0.610638","0.707937","-0.602339","0.885109","-0.583004","-0.328903","-0.087611"
"2019-01-25","25 Jan 2019","1.056416","-0.631343","0.224522","-0.616687","0.701469","-0.601070","0.872831","-0.589437","-0.313155","-0.072768"
"2019-01-28","28 Jan 2019","1.066685","-0.630253","0.228987","-0.612966","0.719885","-0.595224","0.899808","-0.576490","-0.303731","-0.066998"
"2019-01-29","29 Jan 2019","1.064763","-0.619247","0.226802","-0.602972","0.719450","-0.586194","0.900392","-0.569291","-0.302470","-0.068316"
"2019-01-30","30 Jan 2019","1.035997","-0.606323","0.215259","-0.599895","0.698399","-0.578127","0.875926","-0.577958","-0.301269","-0.073292"
"2019-01-31","31 Jan 2019","1.003553","-0.606991","0.187607","-0.601981","0.670405","-0.582182","0.848372","-0.584561","-0.320057","-0.097722"
"2019-02-01","01 Feb 2019","1.013896","-0.622868","0.187606","-0.603776","0.676051","-0.592186","0.856079","-0.570497","-0.328080","-0.101782"
"2019-02-04","04 Feb 2019","1.032332","-0.617975","0.205785","-0.594155","0.692581","-0.584167","0.871566","-0.554342","-0.313781","-0.084717"
"2019-02-05","05 Feb 2019","1.036270","-0.614018","0.215628","-0.591553","0.697704","-0.579373","0.874670","-0.551682","-0.303255","-0.073582"
"2019-02-06","06 Feb 2019","1.008264","-0.591259","0.195084","-0.574079","0.677124","-0.562982","0.855104","-0.544467","-0.309376","-0.088900"
"2019-02-07","07 Feb 2019","0.974679","-0.611808","0.147331","-0.577870","0.643422","-0.582174","0.828119","-0.535283","-0.354684","-0.138599"
"2019-02-08","08 Feb 2019","0.946973","-0.614895","0.120907","-0.574138","0.619304","-0.585541","0.805678","-0.527033","-0.374222","-0.162942"
"2019-02-11","11 Feb 2019","0.988261","-0.599510","0.149467","-0.570225","0.655774","-0.573459","0.845153","-0.534674","-0.353315","-0.138679"
"2019-02-12","12 Feb 2019","1.024886","-0.591720","0.177672","-0.566237","0.674494","-0.569906","0.855591","-0.540715","-0.343158","-0.118136"
"2019-02-13","13 Feb 2019","1.018987","-0.578017","0.177969","-0.566331","0.673809","-0.561278","0.855278","-0.555214","-0.335440","-0.114496"
"2019-02-14","14 Feb 2019","0.954148","-0.586027","0.134636","-0.567445","0.620735","-0.568741","0.799441","-0.550280","-0.360550","-0.148909"
"2019-02-15","15 Feb 2019","0.975030","-0.583458","0.149304","-0.567228","0.639034","-0.565812","0.819119","-0.551257","-0.350828","-0.136623"
"2019-02-18","18 Feb 2019","1.001040","-0.586423","0.156501","-0.570046","0.658699","-0.569043","0.843729","-0.554445","-0.352862","-0.135311"
"2019-02-19","19 Feb 2019","0.995476","-0.595169","0.154112","-0.587885","0.657992","-0.578161","0.844922","-0.577949","-0.352248","-0.135809"
"2019-02-20","20 Feb 2019","0.979995","-0.595670","0.145499","-0.582989","0.645585","-0.577147","0.831214","-0.567578","-0.356193","-0.141921"
"2019-02-21","21 Feb 2019","1.011109","-0.582449","0.183939","-0.575983","0.677347","-0.561816","0.860098","-0.562260","-0.320725","-0.102744"
"2019-02-22","22 Feb 2019","0.976873","-0.588989","0.147910","-0.584865","0.646845","-0.572665","0.832774","-0.577208","-0.348969","-0.136960"
"2019-02-25","25 Feb 2019","0.984412","-0.577327","0.158318","-0.569725","0.655407","-0.559698","0.840641","-0.558225","-0.337208","-0.125671"
"2019-02-26","26 Feb 2019","0.982690","-0.574555","0.160104","-0.575007","0.656248","-0.559026","0.841537","-0.571008","-0.332827","-0.122383"
"2019-02-27","27 Feb 2019","1.028627","-0.565634","0.196749","-0.566782","0.697095","-0.547518","0.883735","-0.560513","-0.306336","-0.090052"
"2019-02-28","28 Feb 2019","1.055353","-0.555362","0.228133","-0.567277","0.723831","-0.537564","0.908399","-0.568543","-0.278002","-0.058467"
"2019-03-01","01 Mar 2019","1.095142","-0.544966","0.254949","-0.562844","0.758581","-0.528155","0.946196","-0.569366","-0.259724","-0.036222"
"2019-03-04","04 Mar 2019","1.059208","-0.544799","0.224723","-0.557622","0.728128","-0.529399","0.916466","-0.562017","-0.279707","-0.062678"
"2019-03-05","05 Mar 2019","1.052661","-0.549936","0.216518","-0.563554","0.721791","-0.535233","0.911070","-0.569207","-0.287467","-0.071036"
"2019-03-06","06 Mar 2019","1.017767","-0.553580","0.181114","-0.558525","0.690949","-0.539727","0.883036","-0.559012","-0.314430","-0.104287"
"2019-03-07","07 Mar 2019","0.984934","-0.579832","0.130980","-0.576632","0.663037","-0.565800","0.867344","-0.570581","-0.360349","-0.155858"
"2019-03-08","08 Mar 2019","0.940096","-0.572545","0.121971","-0.570652","0.631131","-0.557602","0.826692","-0.563961","-0.351772","-0.153536"
"2019-03-11","11 Mar 2019","0.936325","-0.571957","0.109082","-0.570534","0.627536","-0.559323","0.827657","-0.566586","-0.363637","-0.167724"
"2019-03-12","12 Mar 2019","0.943152","-0.575611","0.114725","-0.573161","0.632874","-0.561621","0.832648","-0.567101","-0.360960","-0.163093"
"2019-03-13","13 Mar 2019","0.943152","-0.575611","0.114725","-0.573161","0.632874","-0.561621","0.832648","-0.567101","-0.360960","-0.163093"
"2019-03-14","14 Mar 2019","0.956429","-0.573505","0.130004","-0.574112","0.645199","-0.558762","0.843451","-0.569339","-0.348418","-0.148156"
"2019-03-15","15 Mar 2019","0.954812","-0.566287","0.131042","-0.569475","0.645576","-0.552809","0.843865","-0.567722","-0.344450","-0.145798"
"2019-03-18","18 Mar 2019","0.951854","-0.563563","0.134080","-0.563440","0.644961","-0.548261","0.842034","-0.557329","-0.339086","-0.140993"
"2019-03-19","19 Mar 2019","0.973022","-0.554767","0.157105","-0.563284","0.665536","-0.540350","0.861423","-0.563988","-0.318733","-0.118252"
"2019-03-20","20 Mar 2019","0.948572","-0.554904","0.136818","-0.560979","0.646126","-0.541418","0.843422","-0.560761","-0.331420","-0.135638"
"2019-03-21","21 Mar 2019","0.884903","-0.571811","0.092686","-0.569641","0.593620","-0.556668","0.789141","-0.561499","-0.360323","-0.171966"
"2019-03-22","22 Mar 2019","0.758832","-0.595562","0.015575","-0.585628","0.489159","-0.579774","0.675333","-0.570684","-0.405297","-0.231470"
"2019-03-25","25 Mar 2019","0.780536","-0.597906","0.032600","-0.590235","0.506821","-0.581035","0.692638","-0.575825","-0.395307","-0.217199"
"2019-03-26","26 Mar 2019","0.760186","-0.591977","0.028091","-0.582255","0.491771","-0.574410","0.673350","-0.565536","-0.391679","-0.216685"
"2019-03-27","27 Mar 2019","0.725693","-0.658262","-0.033656","-0.622380","0.449917","-0.633636","0.640271","-0.580499","-0.464595","-0.286435"
"2019-03-28","28 Mar 2019","0.723898","-0.627583","-0.023267","-0.606023","0.455414","-0.608812","0.644615","-0.579862","-0.443323","-0.270737"
"2019-03-29","29 Mar 2019","0.754853","-0.644182","-0.013429","-0.610297","0.476527","-0.620109","0.669637","-0.570429","-0.448789","-0.268953"
"2019-04-01","01 Apr 2019","0.793355","-0.637225","0.008159","-0.607146","0.509304","-0.613949","0.706964","-0.570888","-0.436630","-0.252889"
"2019-04-02","02 Apr 2019","0.795051","-0.648555","0.011345","-0.611699","0.507932","-0.621512","0.702760","-0.566966","-0.437884","-0.250787"
"2019-04-03","03 Apr 2019","0.859776","-0.626170","0.055835","-0.601467","0.565710","-0.601963","0.765934","-0.568229","-0.405490","-0.213053"
"2019-04-04","04 Apr 2019","0.830921","-0.624021","0.044202","-0.599622","0.542687","-0.600227","0.738252","-0.566859","-0.407637","-0.219063"
"2019-04-05","05 Apr 2019","0.833691","-0.616133","0.049974","-0.593837","0.546096","-0.593116","0.740508","-0.563334","-0.400379","-0.212374"
"2019-04-08","08 Apr 2019","0.835668","-0.616641","0.051849","-0.593988","0.547578","-0.593265","0.741705","-0.562882","-0.399283","-0.210742"
"2019-04-09","09 Apr 2019","0.818040","-0.612529","0.039487","-0.588743","0.533499","-0.590274","0.727329","-0.557942","-0.405301","-0.220448"
"2019-04-10","10 Apr 2019","0.805452","-0.631879","0.012711","-0.595839","0.518027","-0.607604","0.716899","-0.554621","-0.435279","-0.250705"
"2019-04-11","11 Apr 2019","0.825817","-0.630027","0.030842","-0.594125","0.534766","-0.604247","0.732267","-0.551552","-0.422841","-0.234585"
"2019-04-12","12 Apr 2019","0.884523","-0.604920","0.090171","-0.585269","0.588586","-0.580579","0.782471","-0.555513","-0.372580","-0.177570"
"2019-04-15","15 Apr 2019","0.935761","-0.601004","0.115048","-0.583867","0.630725","-0.577067","0.831543","-0.556537","-0.362179","-0.161291"
"2019-04-16","16 Apr 2019","0.930240","-0.608487","0.107238","-0.589386","0.624217","-0.584204","0.825437","-0.560398","-0.370935","-0.169812"
"2019-04-17","17 Apr 2019","0.941815","-0.611024","0.127496","-0.592595","0.633221","-0.583955","0.828367","-0.561261","-0.354888","-0.149274"
"2019-04-18","18 Apr 2019","0.877835","-0.613083","0.072574","-0.585141","0.580866","-0.587866","0.779495","-0.548799","-0.391250","-0.197407"
"2019-04-23","23 Apr 2019","0.891358","-0.617832","0.084599","-0.588117","0.590615","-0.590413","0.787401","-0.548392","-0.384991","-0.187311"
"2019-04-24","24 Apr 2019","0.831870","-0.631921","0.039084","-0.593814","0.539583","-0.604142","0.735227","-0.547667","-0.416958","-0.226634"
"2019-04-25","25 Apr 2019","0.832721","-0.636943","0.039123","-0.597626","0.539245","-0.608297","0.734490","-0.549779","-0.418781","-0.227275"
"2019-04-26","26 Apr 2019","0.828654","-0.638115","0.030487","-0.596788","0.535116","-0.610013","0.732531","-0.548145","-0.426887","-0.236586"
"2019-04-29","29 Apr 2019","0.860346","-0.619963","0.056191","-0.594069","0.565023","-0.596424","0.764130","-0.560857","-0.404504","-0.212729"
"2019-04-30","30 Apr 2019","0.875525","-0.618757","0.076188","-0.595395","0.577351","-0.593787","0.772048","-0.562554","-0.388772","-0.193139"
"2019-05-02","02 May 2019","0.870778","-0.618219","0.059340","-0.597546","0.559146","-0.600087","0.749015","-0.575258","-0.411608","-0.214871"
"2019-05-03","03 May 2019","0.882705","-0.622648","0.065161","-0.598881","0.567657","-0.602884","0.758254","-0.572880","-0.411038","-0.211619"
"2019-05-06","06 May 2019","0.879502","-0.619342","0.061786","-0.596237","0.565338","-0.600593","0.756569","-0.571748","-0.412591","-0.214527"
"2019-05-07","07 May 2019","0.835203","-0.634249","0.019347","-0.607901","0.526400","-0.617176","0.720280","-0.582699","-0.446132","-0.254131"
"2019-05-08","08 May 2019","0.805780","-0.649183","0.001989","-0.619226","0.500644","-0.630141","0.691133","-0.589290","-0.458639","-0.268001"
"2019-05-09","09 May 2019","0.800189","-0.664986","-0.005370","-0.626058","0.492951","-0.642199","0.682958","-0.586073","-0.469405","-0.276674"
"2019-05-10","10 May 2019","0.835512","-0.648758","0.021031","-0.618915","0.525150","-0.628422","0.717463","-0.587836","-0.448374","-0.253249"
"2019-05-13","13 May 2019","0.803346","-0.660410","-0.001242","-0.620568","0.496699","-0.637216","0.686661","-0.579472","-0.464677","-0.272187"
"2019-05-14","14 May 2019","0.774572","-0.676290","-0.017224","-0.627494","0.470986","-0.649119","0.656805","-0.575916","-0.476588","-0.284821"
"2019-05-15","15 May 2019","0.729480","-0.698659","-0.053947","-0.634163","0.429412","-0.667352","0.613481","-0.567329","-0.507119","-0.318471"
"2019-05-16","16 May 2019","0.756989","-0.672818","-0.028031","-0.622099","0.457185","-0.646099","0.642174","-0.569555","-0.481103","-0.292707"
"2019-05-17","17 May 2019","0.751403","-0.659588","-0.044620","-0.618401","0.442246","-0.643547","0.625286","-0.585420","-0.499670","-0.312761"
"2019-05-20","20 May 2019","0.777428","-0.661090","-0.027946","-0.613448","0.463234","-0.641519","0.647587","-0.572424","-0.491414","-0.300078"
"2019-05-21","21 May 2019","0.808074","-0.650131","-0.011013","-0.607257","0.489657","-0.632542","0.677874","-0.571753","-0.480644","-0.287249"
"2019-05-22","22 May 2019","0.804010","-0.646310","-0.015695","-0.604079","0.486431","-0.630032","0.675443","-0.570417","-0.483265","-0.291497"
"2019-05-23","23 May 2019","0.762706","-0.666594","-0.050595","-0.613621","0.459002","-0.644911","0.654957","-0.565123","-0.505655","-0.320944"
"2019-05-24","24 May 2019","0.760682","-0.663867","-0.046132","-0.612080","0.458532","-0.641824","0.652380","-0.563945","-0.499370","-0.314808"
"2019-05-27","27 May 2019","0.725696","-0.678665","-0.072754","-0.613249","0.427820","-0.652612","0.620542","-0.551288","-0.519837","-0.338261"
"2019-05-28","28 May 2019","0.707403","-0.677554","-0.085087","-0.616439","0.413574","-0.653872","0.606061","-0.559778","-0.525934","-0.347761"
"2019-05-29","29 May 2019","0.668581","-0.681893","-0.110094","-0.620078","0.382426","-0.658963","0.573348","-0.563380","-0.539785","-0.367154"
"2019-05-30","30 May 2019","0.687182","-0.678625","-0.098635","-0.625215","0.398029","-0.658149","0.590398","-0.577008","-0.532882","-0.358186"
"2019-05-31","31 May 2019","0.644012","-0.715349","-0.131734","-0.641700","0.356484","-0.686949","0.545170","-0.571123","-0.564250","-0.389120"
"2019-06-03","03 Jun 2019","0.602280","-0.689810","-0.143948","-0.630152","0.329157","-0.667744","0.512950","-0.575330","-0.554704","-0.389947"
"2019-06-04","04 Jun 2019","0.584424","-0.687422","-0.146288","-0.624901","0.316262","-0.663621","0.495849","-0.566067","-0.550336","-0.387667"
"2019-06-05","05 Jun 2019","0.587989","-0.703479","-0.167142","-0.630663","0.313297","-0.678967","0.500372","-0.564315","-0.578882","-0.415103"
"2019-06-06","06 Jun 2019","0.555576","-0.674972","-0.166810","-0.616751","0.294746","-0.655633","0.475034","-0.565349","-0.558380","-0.403240"
"2019-06-07","07 Jun 2019","0.493407","-0.698322","-0.205851","-0.629939","0.241512","-0.675356","0.416619","-0.567341","-0.584973","-0.434721"
"2019-06-10","10 Jun 2019","0.581545","-0.691729","-0.161522","-0.622798","0.313170","-0.667722","0.498822","-0.559267","-0.566107","-0.405160"
"2019-06-11","11 Jun 2019","0.558432","-0.696165","-0.173244","-0.629056","0.294249","-0.672640","0.477130","-0.567127","-0.571741","-0.413159"
"2019-06-12","12 Jun 2019","0.550574","-0.702103","-0.175479","-0.631693","0.286378","-0.676800","0.466438","-0.565667","-0.573668","-0.414395"
"2019-06-13","13 Jun 2019","0.532015","-0.701844","-0.184136","-0.632833","0.271879","-0.677185","0.449801","-0.568296","-0.576285","-0.419608"
"2019-06-14","14 Jun 2019","0.506285","-0.722063","-0.192624","-0.641173","0.247731","-0.690951","0.418336","-0.561632","-0.583110","-0.424702"
"2019-06-17","17 Jun 2019","0.531088","-0.717144","-0.180184","-0.636138","0.267946","-0.686197","0.441501","-0.556873","-0.577172","-0.416275"
"2019-06-18","18 Jun 2019","0.464483","-0.788654","-0.254129","-0.685273","0.198760","-0.751328","0.374238","-0.584035","-0.654003","-0.492489"
"2019-06-19","19 Jun 2019","0.483257","-0.768101","-0.228319","-0.674097","0.219286","-0.732585","0.392533","-0.581104","-0.626700","-0.464921"
"2019-06-20","20 Jun 2019","0.425762","-0.783228","-0.258981","-0.698526","0.171938","-0.750226","0.338866","-0.614169","-0.643104","-0.486774"
"2019-06-21","21 Jun 2019","0.457496","-0.767919","-0.220986","-0.679211","0.201346","-0.730615","0.363737","-0.587643","-0.609838","-0.449024"
"2019-06-24","24 Jun 2019","0.450105","-0.769175","-0.236256","-0.681826","0.194619","-0.734423","0.361296","-0.593849","-0.623447","-0.465187"
"2019-06-25","25 Jun 2019","0.408867","-0.774357","-0.266897","-0.688203","0.160930","-0.741831","0.327517","-0.603091","-0.642678","-0.490716"
"2019-06-26","26 Jun 2019","0.429916","-0.771843","-0.255153","-0.686286","0.178567","-0.739139","0.347490","-0.601491","-0.636536","-0.482137"
"2019-06-27","27 Jun 2019","0.430349","-0.761518","-0.247654","-0.689139","0.182249","-0.732748","0.349892","-0.617386","-0.624986","-0.472135"
"2019-06-28","28 Jun 2019","0.435515","-0.778564","-0.258894","-0.690687","0.181711","-0.745418","0.353638","-0.603896","-0.644169","-0.488588"
"2019-07-01","01 Jul 2019","0.417041","-0.787913","-0.282251","-0.694262","0.164534","-0.754736","0.339780","-0.603416","-0.665114","-0.512136"
"2019-07-02","02 Jul 2019","0.402744","-0.802845","-0.295685","-0.706207","0.165439","-0.765964","0.353716","-0.608414","-0.672528","-0.522639"
"2019-07-03","03 Jul 2019","0.339431","-0.792213","-0.323303","-0.703969","0.117990","-0.759447","0.299438","-0.615722","-0.676471","-0.537288"
"2019-07-04","04 Jul 2019","0.319432","-0.791199","-0.338654","-0.708831","0.103590","-0.761532","0.286762","-0.627640","-0.684563","-0.549645"
"2019-07-05","05 Jul 2019","0.390010","-0.782529","-0.281177","-0.703048","0.161288","-0.749689","0.341932","-0.620968","-0.646311","-0.499940"
"2019-07-08","08 Jul 2019","0.338115","-0.786456","-0.318567","-0.699519","0.118561","-0.753746","0.298382","-0.612169","-0.669320","-0.530796"
"2019-07-09","09 Jul 2019","0.391046","-0.774637","-0.282898","-0.694228","0.164622","-0.742562","0.348484","-0.612210","-0.645634","-0.501382"
"2019-07-10","10 Jul 2019","0.461766","-0.771058","-0.232252","-0.690565","0.221460","-0.735499","0.405670","-0.605318","-0.615958","-0.460203"
"2019-07-11","11 Jul 2019","0.513646","-0.766986","-0.205096","-0.699817","0.266617","-0.734650","0.458872","-0.627229","-0.602039","-0.440798"
"2019-07-12","12 Jul 2019","0.546442","-0.776853","-0.180230","-0.702729","0.288653","-0.739496","0.477091","-0.620527","-0.591477","-0.421569"
"2019-07-15","15 Jul 2019","0.480650","-0.780176","-0.223993","-0.706043","0.235691","-0.745469","0.422061","-0.626181","-0.615762","-0.455973"
"2019-07-16","16 Jul 2019","0.466569","-0.784154","-0.230198","-0.711868","0.223515","-0.749755","0.407192","-0.633543","-0.618789","-0.459928"
"2019-07-17","17 Jul 2019","0.425939","-0.802625","-0.266318","-0.717987","0.185901","-0.765943","0.369387","-0.628726","-0.649094","-0.493760"
"2019-07-18","18 Jul 2019","0.422096","-0.805780","-0.273230","-0.715215","0.181569","-0.767862","0.366251","-0.620619","-0.656280","-0.501339"
"2019-07-19","19 Jul 2019","0.409923","-0.817469","-0.294212","-0.733938","0.171813","-0.783085","0.362940","-0.647721","-0.675998","-0.523266"
"2019-07-22","22 Jul 2019","0.393313","-0.827963","-0.308391","-0.737876","0.155291","-0.791825","0.345161","-0.645348","-0.688970","-0.536790"
"2019-07-23","23 Jul 2019","0.390042","-0.831084","-0.318823","-0.743561","0.153283","-0.796859","0.347827","-0.654712","-0.698818","-0.548175"
"2019-07-24","24 Jul 2019","0.327567","-0.829509","-0.355612","-0.739799","0.103549","-0.796821","0.294107","-0.650654","-0.715880","-0.574951"
"2019-07-25","25 Jul 2019","0.347102","-0.806140","-0.312848","-0.729030","0.123153","-0.774022","0.301660","-0.649174","-0.671580","-0.527796"
"2019-07-26","26 Jul 2019","0.328742","-0.800147","-0.343509","-0.726149","0.112817","-0.773264","0.303679","-0.653541","-0.693479","-0.557799"
"2019-07-29","29 Jul 2019","0.286826","-0.812685","-0.369978","-0.734404","0.075537","-0.784973","0.261694","-0.657873","-0.711460","-0.579309"
"2019-07-30","30 Jul 2019","0.278703","-0.800985","-0.372733","-0.729674","0.072738","-0.776483","0.260034","-0.661077","-0.707287","-0.579040"
"2019-07-31","31 Jul 2019","0.253988","-0.820529","-0.390459","-0.743844","0.047623","-0.793813","0.230946","-0.669296","-0.724145","-0.595451"
"2019-08-01","01 Aug 2019","0.193817","-0.820354","-0.418789","-0.742734","-0.001755","-0.794292","0.172826","-0.667923","-0.734245","-0.613227"
"2019-08-02","02 Aug 2019","0.130113","-0.829091","-0.452264","-0.754907","-0.054491","-0.804656","0.112478","-0.683820","-0.750533","-0.636622"
"2019-08-05","05 Aug 2019","0.064420","-0.853238","-0.490411","-0.772688","-0.113225","-0.826507","0.044660","-0.694668","-0.776561","-0.666734"
"2019-08-06","06 Aug 2019","0.055692","-0.859207","-0.504452","-0.779376","-0.120474","-0.833786","0.041290","-0.703142","-0.789399","-0.681265"
"2019-08-07","07 Aug 2019","-0.051533","-0.904357","-0.578293","-0.809379","-0.216952","-0.874989","-0.064360","-0.718355","-0.845302","-0.744475"
"2019-08-08","08 Aug 2019","0.035750","-0.901885","-0.527344","-0.804931","-0.146805","-0.869343","0.012113","-0.709781","-0.820794","-0.707312"
"2019-08-09","09 Aug 2019","0.034458","-0.914194","-0.538943","-0.822411","-0.148610","-0.883731","0.015377","-0.732955","-0.834993","-0.721270"
"2019-08-12","12 Aug 2019","0.003281","-0.925314","-0.557057","-0.827675","-0.177442","-0.893012","-0.018611","-0.732246","-0.847728","-0.735759"
"2019-08-13","13 Aug 2019","-0.043268","-0.914059","-0.566503","-0.820994","-0.213328","-0.882976","-0.066004","-0.729679","-0.839349","-0.733827"
"2019-08-14","14 Aug 2019","-0.112807","-0.914806","-0.615497","-0.830057","-0.265346","-0.889551","-0.115418","-0.749915","-0.865392","-0.772458"
"2019-08-15","15 Aug 2019","-0.181561","-0.938972","-0.656036","-0.846312","-0.327528","-0.911255","-0.187485","-0.758030","-0.893291","-0.804772"
"2019-08-16","16 Aug 2019","-0.201811","-0.951918","-0.669439","-0.857690","-0.347287","-0.923399","-0.210530","-0.767500","-0.904825","-0.816546"
"2019-08-19","19 Aug 2019","-0.049938","-0.950730","-0.603555","-0.853515","-0.221369","-0.919877","-0.058362","-0.759566","-0.884437","-0.778074"
"2019-08-20","20 Aug 2019","-0.123260","-0.959952","-0.659161","-0.867107","-0.278127","-0.933676","-0.111591","-0.780357","-0.918779","-0.824306"
"2019-08-21","21 Aug 2019","-0.093356","-0.945081","-0.632465","-0.850222","-0.252411","-0.917290","-0.087430","-0.760661","-0.897221","-0.799717"
"2019-08-22","22 Aug 2019","-0.070192","-0.909509","-0.600993","-0.831514","-0.224003","-0.886667","-0.059328","-0.758480","-0.860177","-0.764974"
"2019-08-23","23 Aug 2019","-0.060108","-0.930130","-0.606845","-0.850500","-0.220049","-0.906306","-0.051612","-0.775507","-0.875613","-0.776290"
"2019-08-26","26 Aug 2019","-0.093227","-0.930218","-0.619748","-0.856056","-0.246402","-0.908095","-0.083493","-0.786385","-0.877969","-0.782697"
"2019-08-27","27 Aug 2019","-0.137247","-0.928239","-0.642399","-0.857468","-0.280555","-0.908236","-0.121405","-0.792023","-0.885993","-0.797462"
"2019-08-28","28 Aug 2019","-0.217148","-0.936856","-0.680313","-0.866138","-0.347137","-0.917200","-0.199910","-0.800726","-0.902172","-0.822075"
"2019-08-29","29 Aug 2019","-0.158258","-0.951458","-0.656719","-0.876702","-0.302972","-0.928943","-0.148167","-0.805994","-0.901564","-0.811098"
"2019-08-30","30 Aug 2019","-0.119453","-0.938026","-0.652681","-0.882467","-0.298505","-0.929722","-0.156682","-0.841776","-0.916335","-0.820261"
"2019-09-02","02 Sep 2019","-0.112337","-0.964396","-0.645934","-0.880365","-0.277622","-0.939791","-0.121929","-0.801784","-0.912164","-0.812991"
"2019-09-03","03 Sep 2019","-0.148186","-0.939322","-0.655882","-0.865812","-0.299305","-0.919734","-0.146556","-0.799206","-0.902071","-0.812607"
"2019-09-04","04 Sep 2019","-0.084009","-0.935634","-0.609342","-0.858317","-0.248742","-0.911766","-0.096848","-0.785102","-0.874970","-0.774765"
"2019-09-05","05 Sep 2019","0.042911","-0.917770","-0.540137","-0.855565","-0.139029","-0.896789","0.030543","-0.796172","-0.837309","-0.724046"
"2019-09-06","06 Sep 2019","-0.039893","-0.911143","-0.587504","-0.846078","-0.204680","-0.892522","-0.041081","-0.786652","-0.857336","-0.757602"
"2019-09-09","09 Sep 2019","0.062445","-0.896928","-0.529792","-0.822729","-0.120522","-0.873949","0.052917","-0.753056","-0.827550","-0.715564"
"2019-09-10","10 Sep 2019","0.067423","-0.891138","-0.525988","-0.809607","-0.116678","-0.866243","0.056435","-0.732957","-0.824273","-0.712230"
"2019-09-11","11 Sep 2019","0.077861","-0.887299","-0.521715","-0.810428","-0.106654","-0.864164","0.069343","-0.738802","-0.821522","-0.709358"
"2019-09-12","12 Sep 2019","0.018686","-0.778727","-0.526438","-0.751344","-0.162853","-0.785672","-0.017775","-0.746702","-0.786527","-0.695438"
"2019-09-13","13 Sep 2019","0.137022","-0.769479","-0.442853","-0.713668","-0.038872","-0.756290","0.131913","-0.666646","-0.724678","-0.622085"
"2019-09-16","16 Sep 2019","0.147773","-0.772606","-0.430055","-0.715487","-0.031452","-0.757272","0.135917","-0.665460","-0.716420","-0.610290"
"2019-09-17","17 Sep 2019","0.128952","-0.766966","-0.435541","-0.707150","-0.045747","-0.751051","0.118063","-0.654532","-0.714559","-0.611438"
"2019-09-18","18 Sep 2019","0.087256","-0.779108","-0.455548","-0.726630","-0.080238","-0.764727","0.077830","-0.680414","-0.724597","-0.624783"
"2019-09-19","19 Sep 2019","0.053506","-0.758304","-0.456476","-0.703384","-0.103212","-0.743164","0.045931","-0.654381","-0.708742","-0.615341"
"2019-09-20","20 Sep 2019","0.030072","-0.761353","-0.473455","-0.710987","-0.121391","-0.748535","0.028320","-0.667342","-0.718786","-0.629132"
"2019-09-23","23 Sep 2019","-0.063895","-0.783539","-0.539055","-0.721007","-0.201325","-0.769401","-0.055852","-0.667197","-0.762786","-0.683790"
"2019-09-24","24 Sep 2019","-0.084779","-0.784001","-0.541300","-0.721726","-0.218204","-0.768875","-0.079280","-0.666960","-0.758710","-0.681064"
"2019-09-25","25 Sep 2019","-0.129530","-0.783357","-0.562556","-0.722154","-0.253531","-0.769210","-0.119764","-0.668855","-0.765730","-0.694217"
"2019-09-26","26 Sep 2019","-0.083582","-0.796728","-0.533009","-0.739622","-0.218945","-0.780507","-0.084792","-0.687339","-0.754212","-0.672587"
"2019-09-27","27 Sep 2019","-0.072159","-0.819700","-0.540628","-0.750763","-0.215688","-0.799527","-0.077660","-0.686509","-0.773479","-0.686923"
"2019-09-30","30 Sep 2019","-0.022774","-0.825901","-0.521020","-0.759257","-0.175903","-0.805621","-0.029314","-0.696730","-0.770481","-0.677031"
"2019-10-01","01 Oct 2019","0.021138","-0.808585","-0.491146","-0.751627","-0.135503","-0.790850","0.015848","-0.698474","-0.747786","-0.651437"
"2019-10-02","02 Oct 2019","0.019461","-0.817926","-0.489058","-0.757306","-0.140103","-0.797747","0.007113","-0.699219","-0.748716","-0.649688"
"2019-10-03","03 Oct 2019","-0.056189","-0.825410","-0.545025","-0.766189","-0.198627","-0.808947","-0.048514","-0.712343","-0.782341","-0.695664"
"2019-10-04","04 Oct 2019","-0.046420","-0.827775","-0.539501","-0.750660","-0.194802","-0.805454","-0.047070","-0.678672","-0.782599","-0.692835"
"2019-10-07","07 Oct 2019","-0.028189","-0.825126","-0.535857","-0.744851","-0.179166","-0.802606","-0.025728","-0.670543","-0.783756","-0.693025"
"2019-10-08","08 Oct 2019","-0.031384","-0.844162","-0.546318","-0.744429","-0.188909","-0.815398","-0.036671","-0.650521","-0.801179","-0.707031"
"2019-10-09","09 Oct 2019","-0.002636","-0.817648","-0.519665","-0.740323","-0.156247","-0.795689","0.000221","-0.668692","-0.772702","-0.679821"
"2019-10-10","10 Oct 2019","0.083412","-0.762259","-0.435553","-0.703969","-0.074392","-0.743349","0.080113","-0.648696","-0.696546","-0.598111"
"2019-10-11","11 Oct 2019","0.141672","-0.757392","-0.404815","-0.695685","-0.027009","-0.736587","0.133759","-0.636423","-0.682578","-0.576889"
"2019-10-14","14 Oct 2019","0.123134","-0.750715","-0.410976","-0.685560","-0.041415","-0.729403","0.115892","-0.623293","-0.681391","-0.578914"
"2019-10-15","15 Oct 2019","0.110594","-0.734826","-0.419996","-0.679990","-0.045429","-0.718825","0.116424","-0.630013","-0.680158","-0.584153"
"2019-10-16","16 Oct 2019","0.221748","-0.718020","-0.340690","-0.670786","0.047320","-0.700097","0.212286","-0.624602","-0.629584","-0.518446"
"2019-10-17","17 Oct 2019","0.191162","-0.710527","-0.353318","-0.669886","0.025218","-0.695487","0.187112","-0.630956","-0.629808","-0.524375"
"2019-10-18","18 Oct 2019","0.214102","-0.703305","-0.332088","-0.668313","0.045160","-0.688731","0.205713","-0.633844","-0.613133","-0.504708"
"2019-10-21","21 Oct 2019","0.273851","-0.709918","-0.297793","-0.660495","0.088765","-0.688539","0.250563","-0.609584","-0.601049","-0.481371"
"2019-10-22","22 Oct 2019","0.212652","-0.705167","-0.326007","-0.662655","0.041664","-0.687086","0.196778","-0.619483","-0.608199","-0.497845"
"2019-10-23","23 Oct 2019","0.165907","-0.705732","-0.352855","-0.663899","0.004340","-0.689222","0.156056","-0.622535","-0.620643","-0.517163"
"2019-10-24","24 Oct 2019","0.165800","-0.710297","-0.354018","-0.675968","0.004501","-0.695780","0.157012","-0.641804","-0.622444","-0.518578"
"2019-10-25","25 Oct 2019","0.201310","-0.701880","-0.328278","-0.678739","0.036290","-0.689623","0.191226","-0.654700","-0.604004","-0.496431"
"2019-10-28","28 Oct 2019","0.277949","-0.683740","-0.280790","-0.678399","0.104842","-0.675701","0.269158","-0.671158","-0.572594","-0.458189"
"2019-10-29","29 Oct 2019","0.234866","-0.676617","-0.301160","-0.673546","0.072079","-0.670585","0.232192","-0.669629","-0.577205","-0.470148"
"2019-10-30","30 Oct 2019","0.219222","-0.669488","-0.310801","-0.662818","0.060603","-0.663673","0.220587","-0.656527","-0.580084","-0.476868"
"2019-10-31","31 Oct 2019","0.144297","-0.700435","-0.364559","-0.687181","-0.006090","-0.693506","0.149086","-0.674975","-0.620725","-0.523336"
"2019-11-01","01 Nov 2019","0.186778","-0.707788","-0.344116","-0.677520","0.023202","-0.694388","0.179922","-0.647352","-0.617603","-0.511899"
"2019-11-04","04 Nov 2019","0.253171","-0.704183","-0.302145","-0.658520","0.073938","-0.683889","0.231690","-0.611143","-0.596857","-0.480446"
"2019-11-05","05 Nov 2019","0.295101","-0.687284","-0.271068","-0.648842","0.112031","-0.668436","0.272640","-0.608027","-0.572802","-0.453117"
"2019-11-06","06 Nov 2019","0.269656","-0.667180","-0.278735","-0.635613","0.096872","-0.652071","0.255800","-0.603068","-0.565629","-0.453393"
"2019-11-07","07 Nov 2019","0.344143","-0.658250","-0.220153","-0.644183","0.160181","-0.644477","0.319359","-0.625382","-0.525901","-0.402725"
"2019-11-08","08 Nov 2019","0.354755","-0.651778","-0.210371","-0.643783","0.170821","-0.639568","0.330476","-0.630762","-0.516828","-0.393203"
"2019-11-11","11 Nov 2019","0.344050","-0.648745","-0.212340","-0.627864","0.160083","-0.632655","0.315010","-0.602009","-0.516078","-0.393150"
"2019-11-12","12 Nov 2019","0.369485","-0.662078","-0.197931","-0.635309","0.175969","-0.642189","0.329526","-0.601789","-0.514565","-0.384464"
"2019-11-13","13 Nov 2019","0.288797","-0.668621","-0.251545","-0.639034","0.110408","-0.650830","0.261046","-0.605285","-0.545235","-0.426884"
"2019-11-14","14 Nov 2019","0.242182","-0.677890","-0.286818","-0.653234","0.072894","-0.663410","0.224429","-0.626002","-0.568154","-0.456552"
"2019-11-15","15 Nov 2019","0.241269","-0.679184","-0.287183","-0.658645","0.072357","-0.665840","0.223870","-0.635403","-0.568289","-0.456709"
"2019-11-18","18 Nov 2019","0.240366","-0.678353","-0.290027","-0.639018","0.068612","-0.659860","0.218842","-0.597646","-0.572548","-0.460583"
"2019-11-19","19 Nov 2019","0.246488","-0.673965","-0.284160","-0.642341","0.075678","-0.657660","0.226799","-0.608490","-0.566422","-0.454565"
"2019-11-20","20 Nov 2019","0.214119","-0.680846","-0.310912","-0.650001","0.049374","-0.666350","0.202099","-0.618357","-0.584914","-0.477923"
"2019-11-21","21 Nov 2019","0.263236","-0.672799","-0.272656","-0.652271","0.091232","-0.659115","0.244327","-0.628776","-0.558581","-0.444826"
"2019-11-22","22 Nov 2019","0.229376","-0.666985","-0.297392","-0.638756","0.064958","-0.653409","0.218854","-0.609845","-0.571498","-0.464674"
"2019-11-25","25 Nov 2019","0.217428","-0.671298","-0.306116","-0.646510","0.054877","-0.659025","0.208433","-0.621252","-0.577576","-0.472052"
"2019-11-26","26 Nov 2019","0.199545","-0.670312","-0.327279","-0.650220","0.042449","-0.661854","0.201673","-0.631938","-0.592097","-0.491726"
"2019-11-27","27 Nov 2019","0.206675","-0.666176","-0.312407","-0.647274","0.047795","-0.656612","0.201590","-0.628748","-0.578494","-0.475979"
"2019-11-28","28 Nov 2019","0.211831","-0.670395","-0.310383","-0.643996","0.049540","-0.658172","0.202363","-0.617684","-0.580243","-0.475705"
"2019-11-29","29 Nov 2019","0.225301","-0.658360","-0.297304","-0.634678","0.062569","-0.646948","0.215155","-0.611090","-0.567529","-0.462793"
"2019-12-02","02 Dec 2019","0.310657","-0.648257","-0.225677","-0.635279","0.133056","-0.634835","0.282017","-0.617438","-0.518672","-0.399985"
"2019-12-03","03 Dec 2019","0.277133","-0.659851","-0.273688","-0.659302","0.084419","-0.658572","0.226346","-0.663891","-0.567708","-0.452058"
"2019-12-04","04 Dec 2019","0.277589","-0.663220","-0.279996","-0.661359","0.083497","-0.662399","0.227787","-0.665591","-0.575549","-0.460003"
"2019-12-05","05 Dec 2019","0.332370","-0.640802","-0.228960","-0.645536","0.134059","-0.639008","0.277546","-0.653332","-0.533273","-0.411933"
"2019-12-06","06 Dec 2019","0.322612","-0.650972","-0.235251","-0.655483","0.124731","-0.648359","0.266853","-0.662230","-0.539439","-0.417564"
"2019-12-09","09 Dec 2019","0.318680","-0.657074","-0.249035","-0.654970","0.119088","-0.653989","0.264855","-0.656764","-0.554709","-0.433562"
"2019-12-10","10 Dec 2019","0.336881","-0.666605","-0.232013","-0.664554","0.132881","-0.660642","0.276370","-0.663479","-0.545736","-0.418973"
"2019-12-11","11 Dec 2019","0.313637","-0.670447","-0.250099","-0.665278","0.113286","-0.664609","0.256705","-0.662062","-0.557986","-0.434532"
"2019-12-12","12 Dec 2019","0.341478","-0.660581","-0.232764","-0.662165","0.138312","-0.656777","0.285066","-0.665781","-0.545679","-0.420343"
"2019-12-13","13 Dec 2019","0.344053","-0.650383","-0.209293","-0.657289","0.145073","-0.645003","0.284573","-0.662682","-0.518374","-0.392012"
"2019-12-16","16 Dec 2019","0.318951","-0.657787","-0.233664","-0.660428","0.123024","-0.652791","0.264234","-0.663185","-0.537605","-0.414829"
"2019-12-17","17 Dec 2019","0.320553","-0.663947","-0.226450","-0.667758","0.124237","-0.657339","0.262529","-0.669606","-0.532200","-0.407097"
"2019-12-18","18 Dec 2019","0.361070","-0.659264","-0.195464","-0.669890","0.159287","-0.652516","0.298742","-0.676397","-0.511341","-0.380492"
"2019-12-19","19 Dec 2019","0.407172","-0.652868","-0.158831","-0.670892","0.199154","-0.645761","0.339208","-0.682263","-0.486016","-0.348567"
"2019-12-20","20 Dec 2019","0.392498","-0.657686","-0.175414","-0.663800","0.184862","-0.648287","0.326054","-0.664610","-0.500637","-0.365068"
"2019-12-23","23 Dec 2019","0.384608","-0.665705","-0.183688","-0.679865","0.177989","-0.658826","0.320119","-0.688774","-0.508232","-0.373106"
"2019-12-27","27 Dec 2019","0.378594","-0.662056","-0.191106","-0.679331","0.191934","-0.652514","0.294176","-0.685799","-0.499445","-0.373758"
"2019-12-30","30 Dec 2019","0.411751","-0.624597","-0.141614","-0.660710","0.241356","-0.618394","0.370901","-0.683520","-0.446377","-0.319983"
"2020-01-02","02 Jan 2020","0.373095","-0.636761","-0.173995","-0.634844","0.198143","-0.622180","0.358465","-0.623324","-0.478606","-0.352676"
"2020-01-03","03 Jan 2020","0.319994","-0.658227","-0.222926","-0.630324","0.146965","-0.638365","0.306064","-0.595449","-0.520394","-0.399247"
"2020-01-06","06 Jan 2020","0.294766","-0.671875","-0.247426","-0.637580","0.123653","-0.651086","0.283818","-0.597296","-0.541757","-0.422779"
"2020-01-07","07 Jan 2020","0.318124","-0.670752","-0.232130","-0.641443","0.143301","-0.650553","0.304965","-0.605300","-0.532864","-0.410620"
"2020-01-08","08 Jan 2020","0.359057","-0.662190","-0.204580","-0.633612","0.177490","-0.641188","0.341047","-0.597340","-0.515378","-0.388244"
"2020-01-09","09 Jan 2020","0.393630","-0.631956","-0.170480","-0.617632","0.214923","-0.614748","0.381365","-0.594973","-0.480771","-0.353778"
"2020-01-10","10 Jan 2020","0.390381","-0.622269","-0.171635","-0.612534","0.216737","-0.607243","0.386246","-0.595116","-0.476936","-0.352970"
"2020-01-13","13 Jan 2020","0.439807","-0.614239","-0.140672","-0.598258","0.255820","-0.596301","0.426936","-0.573853","-0.459723","-0.329246"
"2020-01-14","14 Jan 2020","0.407976","-0.611442","-0.158152","-0.602282","0.233343","-0.596559","0.404296","-0.585431","-0.465400","-0.340718"
"2020-01-15","15 Jan 2020","0.371372","-0.623039","-0.184417","-0.608064","0.200286","-0.607271","0.368275","-0.586205","-0.484652","-0.363332"
"2020-01-16","16 Jan 2020","0.354684","-0.620985","-0.195281","-0.610152","0.189322","-0.607273","0.358830","-0.593081","-0.488901","-0.371166"
"2020-01-17","17 Jan 2020","0.368326","-0.621665","-0.187660","-0.609044","0.199236","-0.607015","0.368938","-0.589887","-0.486053","-0.365997"
"2020-01-20","20 Jan 2020","0.356921","-0.618250","-0.196108","-0.595880","0.189084","-0.601691","0.357975","-0.568020","-0.490923","-0.373069"
"2020-01-21","21 Jan 2020","0.334845","-0.608365","-0.202430","-0.591209","0.174288","-0.593989","0.340426","-0.568967","-0.486799","-0.373634"
"2020-01-22","22 Jan 2020","0.291910","-0.619543","-0.241326","-0.599449","0.140084","-0.606568","0.311094","-0.576355","-0.515292","-0.408726"
"2020-01-23","23 Jan 2020","0.253592","-0.636787","-0.274776","-0.613649","0.106360","-0.624142","0.278323","-0.588660","-0.542245","-0.439474"
"2020-01-24","24 Jan 2020","0.232237","-0.634060","-0.289071","-0.612150","0.091170","-0.622944","0.264232","-0.589388","-0.548601","-0.450200"
"2020-01-27","27 Jan 2020","0.160213","-0.657979","-0.347404","-0.616440","0.026081","-0.643523","0.197011","-0.576549","-0.593877","-0.502726"
"2020-01-28","28 Jan 2020","0.176358","-0.658287","-0.334660","-0.619430","0.038024","-0.643654","0.207313","-0.581327","-0.586342","-0.492095"
"2020-01-29","29 Jan 2020","0.163066","-0.668096","-0.344815","-0.631917","0.025517","-0.654130","0.193698","-0.596319","-0.595243","-0.501337"
"2020-01-30","30 Jan 2020","0.141145","-0.683138","-0.363518","-0.641248","0.003226","-0.667692","0.169192","-0.600216","-0.612630","-0.519250"
"2020-01-31","31 Jan 2020","0.097297","-0.692806","-0.398208","-0.653400","-0.031340","-0.679859","0.137131","-0.616361","-0.635856","-0.548929"
"2020-02-03","03 Feb 2020","0.100831","-0.707011","-0.402814","-0.657141","-0.034450","-0.690600","0.132869","-0.609543","-0.647418","-0.557155"
"2020-02-04","04 Feb 2020","0.186871","-0.657658","-0.355814","-0.630527","0.011659","-0.655886","0.161689","-0.615624","-0.622323","-0.525044"
"2020-02-05","05 Feb 2020","0.227450","-0.649773","-0.325190","-0.626974","0.047253","-0.647464","0.198999","-0.614588","-0.600994","-0.498653"
"2020-02-06","06 Feb 2020","0.240688","-0.635757","-0.312101","-0.617091","0.061870","-0.634690","0.214767","-0.608748","-0.586976","-0.485218"
"2020-02-07","07 Feb 2020","0.178353","-0.652894","-0.356692","-0.627817","0.009449","-0.651172","0.160527","-0.613996","-0.617331","-0.522664"
"2020-02-10","10 Feb 2020","0.175352","-0.647150","-0.360952","-0.623613","0.008790","-0.646957","0.162187","-0.612342","-0.618581","-0.526222"
"2020-02-11","11 Feb 2020","0.186471","-0.651174","-0.358566","-0.628511","0.017480","-0.651099","0.173657","-0.618014","-0.620615","-0.526543"
"2020-02-12","12 Feb 2020","0.203303","-0.646329","-0.342818","-0.626569","0.032970","-0.645964","0.188894","-0.617776","-0.608017","-0.511798"
"2020-02-13","13 Feb 2020","0.184180","-0.647827","-0.348096","-0.630675","0.018812","-0.647508","0.171436","-0.623516","-0.607090","-0.512832"
"2020-02-14","14 Feb 2020","0.162059","-0.663090","-0.370508","-0.635119","-0.002631","-0.660093","0.150665","-0.617709","-0.628042","-0.534964"
"2020-02-17","17 Feb 2020","0.171888","-0.663520","-0.364267","-0.629966","0.004728","-0.658310","0.158133","-0.606495","-0.625349","-0.530404"
"2020-02-18","18 Feb 2020","0.174357","-0.651716","-0.362830","-0.619945","0.009059","-0.648245","0.164238","-0.599451","-0.620976","-0.528289"
"2020-02-19","19 Feb 2020","0.159030","-0.650752","-0.371233","-0.621458","-0.002326","-0.648478","0.152189","-0.603769","-0.623951","-0.533900"
"2020-02-20","20 Feb 2020","0.106714","-0.653654","-0.392499","-0.618815","-0.043158","-0.649068","0.104149","-0.594484","-0.629376","-0.545255"
"2020-02-21","21 Feb 2020","0.058269","-0.648611","-0.410892","-0.620695","-0.078263","-0.646250","0.063617","-0.602958","-0.629843","-0.553188"
"2020-02-24","24 Feb 2020","0.032341","-0.687129","-0.439755","-0.653552","-0.106266","-0.682050","0.035863","-0.629143","-0.662652","-0.583678"
"2020-02-25","25 Feb 2020","0.013998","-0.703110","-0.454527","-0.663188","-0.124405","-0.695632","0.016162","-0.631919","-0.677037","-0.597779"
"2020-02-26","26 Feb 2020","0.037089","-0.706058","-0.449644","-0.674240","-0.103083","-0.701160","0.045949","-0.651198","-0.678638","-0.597582"
"2020-02-27","27 Feb 2020","-0.019261","-0.758818","-0.502952","-0.713712","-0.157531","-0.749303","-0.008066","-0.676656","-0.730982","-0.650083"
"2020-02-28","28 Feb 2020","-0.131439","-0.802851","-0.571962","-0.735743","-0.257979","-0.786148","-0.121763","-0.675800","-0.780545","-0.706419"
"2020-03-02","02 Mar 2020","-0.148178","-0.848416","-0.588076","-0.757201","-0.286165","-0.821566","-0.158900","-0.670613","-0.808645","-0.726360"
"2020-03-03","03 Mar 2020","-0.112590","-0.806771","-0.556071","-0.724882","-0.246657","-0.783830","-0.114474","-0.648594","-0.773415","-0.693814"
"2020-03-04","04 Mar 2020","-0.120814","-0.849297","-0.586190","-0.756167","-0.262416","-0.823018","-0.124351","-0.668922","-0.814926","-0.731018"
"2020-03-05","05 Mar 2020","-0.161814","-0.874968","-0.620700","-0.777001","-0.300588","-0.847644","-0.163704","-0.685270","-0.845009","-0.763197"
"2020-03-06","06 Mar 2020","-0.296147","-0.893905","-0.690759","-0.795588","-0.400854","-0.866606","-0.267299","-0.702764","-0.876859","-0.810824"
"2020-03-09","09 Mar 2020","-0.402033","-0.992291","-0.815215","-0.887656","-0.491482","-0.965892","-0.330866","-0.791071","-0.996219","-0.936307"
"2020-03-10","10 Mar 2020","-0.389832","-0.952731","-0.739890","-0.852322","-0.514812","-0.922701","-0.432375","-0.755584","-0.921194","-0.852361"
"2020-03-11","11 Mar 2020","-0.345116","-0.961986","-0.702523","-0.877126","-0.485886","-0.932928","-0.414038","-0.792492","-0.900764","-0.821264"
"2020-03-12","12 Mar 2020","-0.294814","-1.005301","-0.682388","-0.912983","-0.471794","-0.970607","-0.418720","-0.818310","-0.913885","-0.816711"
"2020-03-13","13 Mar 2020","-0.069254","-0.921265","-0.496485","-0.866117","-0.275046","-0.890443","-0.224908","-0.801770","-0.769582","-0.649262"
"2020-03-16","16 Mar 2020","-0.017640","-0.922802","-0.392859","-0.885551","-0.190761","-0.879589","-0.120862","-0.819797","-0.671092","-0.536075"
"2020-03-17","17 Mar 2020","-0.011860","-0.921161","-0.357496","-0.869172","-0.179455","-0.865849","-0.119815","-0.779795","-0.633629","-0.494642"
"2020-03-18","18 Mar 2020","0.210529","-0.829107","-0.178064","-0.816483","0.019317","-0.780697","0.084384","-0.762499","-0.493086","-0.333400"
"2020-03-19","19 Mar 2020","0.288071","-0.684771","-0.106926","-0.727480","0.107680","-0.663440","0.182503","-0.739865","-0.401238","-0.257395"
"2020-03-20","20 Mar 2020","0.133949","-0.686879","-0.248221","-0.706478","-0.024372","-0.673064","0.058313","-0.710388","-0.500030","-0.384973"
"2020-03-23","23 Mar 2020","0.089822","-0.717693","-0.291236","-0.699649","-0.069650","-0.693320","0.011622","-0.666764","-0.541789","-0.427852"
"2020-03-24","24 Mar 2020","0.126198","-0.646177","-0.266358","-0.645934","-0.027008","-0.633473","0.063958","-0.637313","-0.505888","-0.401739"
"2020-03-25","25 Mar 2020","0.181534","-0.598988","-0.238365","-0.627382","0.028332","-0.599322","0.132802","-0.652011","-0.478868","-0.378435"
"2020-03-26","26 Mar 2020","0.215934","-0.632034","-0.268645","-0.644396","0.046601","-0.631714","0.172100","-0.657861","-0.531871","-0.426465"
"2020-03-27","27 Mar 2020","0.077803","-0.701049","-0.395260","-0.700886","-0.087540","-0.703836","0.033877","-0.709433","-0.642335","-0.547265"
"2020-03-30","30 Mar 2020","0.029893","-0.716680","-0.450548","-0.696221","-0.130013","-0.717447","-0.001177","-0.688402","-0.688523","-0.601317"
"2020-03-31","31 Mar 2020","0.090999","-0.701283","-0.414222","-0.694821","-0.076499","-0.705923","0.059536","-0.700866","-0.665276","-0.572791"
"2020-04-01","01 Apr 2020","0.097812","-0.665050","-0.379292","-0.651190","-0.062424","-0.665139","0.064820","-0.647068","-0.620679","-0.530236"
"2020-04-02","02 Apr 2020","0.064027","-0.658922","-0.361805","-0.649504","-0.084598","-0.655056","0.025467","-0.643796","-0.588843","-0.499647"
"2020-04-03","03 Apr 2020","0.053456","-0.678598","-0.367817","-0.663836","-0.096879","-0.671210","0.009821","-0.650828","-0.597769","-0.505737"
"2020-04-06","06 Apr 2020","0.112035","-0.669993","-0.332669","-0.635303","-0.050140","-0.655217","0.060124","-0.601299","-0.579599","-0.479654"
"2020-04-07","07 Apr 2020","0.222662","-0.655098","-0.248772","-0.628554","0.045119","-0.636965","0.158603","-0.596988","-0.523384","-0.407949"
"2020-04-08","08 Apr 2020","0.247567","-0.626782","-0.219077","-0.618553","0.072608","-0.613883","0.185515","-0.604924","-0.491202","-0.376521"
"2020-04-09","09 Apr 2020","0.201577","-0.628451","-0.252284","-0.618320","0.035059","-0.617387","0.147336","-0.605026","-0.510897","-0.403709"
"2020-04-14","14 Apr 2020","0.161790","-0.657629","-0.298859","-0.628814","-0.004920","-0.643085","0.110518","-0.599085","-0.555821","-0.451195"
"2020-04-15","15 Apr 2020","0.054845","-0.697129","-0.375869","-0.652520","-0.099567","-0.679409","0.009407","-0.608231","-0.612890","-0.517535"
"2020-04-16","16 Apr 2020","0.047233","-0.661707","-0.373759","-0.639393","-0.118357","-0.659930","-0.023468","-0.630069","-0.609273","-0.514879"
"2020-04-17","17 Apr 2020","0.080715","-0.680710","-0.370795","-0.637312","-0.097886","-0.672317","0.003262","-0.607114","-0.624530","-0.522596"
"2020-04-20","20 Apr 2020","0.106788","-0.691761","-0.346847","-0.622443","-0.066253","-0.666971","0.040548","-0.554946","-0.603768","-0.498920"
"2020-04-21","21 Apr 2020","0.066730","-0.681149","-0.370244","-0.620908","-0.096285","-0.661767","0.008947","-0.564996","-0.611218","-0.514878"
"2020-04-22","22 Apr 2020","0.109682","-0.669474","-0.333314","-0.617790","-0.057859","-0.650391","0.047413","-0.568169","-0.582930","-0.481299"
"2020-04-23","23 Apr 2020","0.101740","-0.697064","-0.335829","-0.623491","-0.069270","-0.667611","0.031208","-0.548003","-0.591847","-0.484777"
"2020-04-24","24 Apr 2020","0.068415","-0.696845","-0.362594","-0.617841","-0.097352","-0.668218","0.003306","-0.539354","-0.609046","-0.507803"
"2020-04-27","27 Apr 2020","0.076185","-0.664217","-0.355567","-0.594386","-0.085914","-0.641635","0.017373","-0.528510","-0.594750","-0.498877"
"2020-04-28","28 Apr 2020","0.086728","-0.666208","-0.372474","-0.599962","-0.095875","-0.654116","0.006208","-0.551007","-0.627826","-0.526580"
"2020-04-29","29 Apr 2020","0.039791","-0.691364","-0.412055","-0.622100","-0.138398","-0.679057","-0.037027","-0.570522","-0.660404","-0.562894"
"2020-04-30","30 Apr 2020","0.012346","-0.721579","-0.457709","-0.613036","-0.182228","-0.705840","-0.082829","-0.535385","-0.721052","-0.617422"
"2020-05-04","04 May 2020","0.036168","-0.726976","-0.444544","-0.615908","-0.163995","-0.709281","-0.063007","-0.534769","-0.717082","-0.608701"
"2020-05-05","05 May 2020","0.053706","-0.784706","-0.449714","-0.645707","-0.158864","-0.752776","-0.054714","-0.530213","-0.744265","-0.623924"
"2020-05-06","06 May 2020","0.098682","-0.739048","-0.417517","-0.629612","-0.115454","-0.719573","-0.006427","-0.547625","-0.712008","-0.593921"
"2020-05-07","07 May 2020","0.113726","-0.730585","-0.414961","-0.625497","-0.104580","-0.715015","0.007637","-0.551234","-0.713422","-0.594844"
"2020-05-08","08 May 2020","0.106494","-0.778938","-0.420474","-0.644318","-0.114041","-0.746605","-0.003761","-0.530866","-0.727757","-0.602198"
"2020-05-11","11 May 2020","0.122660","-0.726148","-0.407583","-0.615613","-0.101737","-0.712179","0.007487","-0.542257","-0.713730","-0.590417"
"2020-05-12","12 May 2020","0.120202","-0.691999","-0.387511","-0.604469","-0.091210","-0.682662","0.015452","-0.549362","-0.676384","-0.561007"
"2020-05-13","13 May 2020","0.066790","-0.710906","-0.422587","-0.614035","-0.135626","-0.697556","-0.031990","-0.547034","-0.698648","-0.589129"
"2020-05-14","14 May 2020","0.053508","-0.711321","-0.447748","-0.631228","-0.149903","-0.707818","-0.041490","-0.586411","-0.721442","-0.615852"
"2020-05-15","15 May 2020","0.016665","-0.725476","-0.458468","-0.631389","-0.172218","-0.710510","-0.066800","-0.561545","-0.716624","-0.616851"
"2020-05-18","18 May 2020","0.076221","-0.701921","-0.416760","-0.627222","-0.116279","-0.691325","-0.004567","-0.574634","-0.682777","-0.580062"
"2020-05-19","19 May 2020","0.104229","-0.649051","-0.375484","-0.596249","-0.079954","-0.644953","0.030792","-0.564784","-0.630935","-0.533148"
"2020-05-20","20 May 2020","0.059415","-0.655912","-0.401946","-0.605767","-0.097882","-0.647518","0.023109","-0.568018","-0.632815","-0.547813"
"2020-05-21","21 May 2020","0.043163","-0.675613","-0.410376","-0.611773","-0.115402","-0.661086","0.000912","-0.558251","-0.642965","-0.555505"
"2020-05-22","22 May 2020","0.075779","-0.656806","-0.399111","-0.614402","-0.098250","-0.655236","0.017021","-0.591235","-0.643294","-0.552157"
"2020-05-25","25 May 2020","0.065960","-0.655441","-0.403349","-0.604496","-0.106306","-0.651308","0.007411","-0.572706","-0.644489","-0.554637"
"2020-05-26","26 May 2020","0.125070","-0.615310","-0.347595","-0.590265","-0.046050","-0.617133","0.070276","-0.582067","-0.591080","-0.499648"
"2020-05-27","27 May 2020","0.152073","-0.611982","-0.330153","-0.591177","-0.023359","-0.614344","0.094803","-0.586606","-0.580706","-0.485817"
"2020-05-28","28 May 2020","0.142443","-0.617901","-0.340395","-0.585882","-0.033424","-0.617263","0.084720","-0.570507","-0.590678","-0.496211"
"2020-05-29","29 May 2020","0.118832","-0.637658","-0.359221","-0.597569","-0.055738","-0.633723","0.061006","-0.573041","-0.608127","-0.513812"
"2020-06-01","01 Jun 2020","0.193044","-0.642984","-0.318333","-0.605612","0.004642","-0.636926","0.128685","-0.580992","-0.590693","-0.485150"
"2020-06-02","02 Jun 2020","0.180844","-0.664264","-0.330835","-0.609131","-0.009359","-0.651327","0.113741","-0.565051","-0.606347","-0.498664"
"2020-06-03","03 Jun 2020","0.214180","-0.640058","-0.287354","-0.597673","0.027515","-0.627369","0.148364","-0.562097","-0.562370","-0.452859"
"2020-06-04","04 Jun 2020","0.300714","-0.626041","-0.246643","-0.597233","0.100394","-0.618032","0.234652","-0.576261","-0.543363","-0.426046"
"2020-06-05","05 Jun 2020","0.369028","-0.604168","-0.201125","-0.585584","0.160503","-0.598450","0.300527","-0.574268","-0.511468","-0.388195"
"2020-06-08","08 Jun 2020","0.325376","-0.623610","-0.239923","-0.584051","0.120179","-0.612836","0.260051","-0.552879","-0.543957","-0.424534"
"2020-06-09","09 Jun 2020","0.271151","-0.628616","-0.256947","-0.586366","0.078095","-0.615107","0.208014","-0.549928","-0.544504","-0.430343"
"2020-06-10","10 Jun 2020","0.264718","-0.634957","-0.258287","-0.588017","0.096562","-0.614758","0.245793","-0.539548","-0.535357","-0.426076"
"2020-06-11","11 Jun 2020","0.141679","-0.672132","-0.340228","-0.605448","-0.012193","-0.647812","0.126301","-0.538764","-0.592640","-0.494248"
"2020-06-12","12 Jun 2020","0.133364","-0.687951","-0.355062","-0.613605","-0.023054","-0.661631","0.116881","-0.539669","-0.610510","-0.511164"
"2020-06-15","15 Jun 2020","0.108725","-0.692881","-0.374510","-0.614575","-0.044057","-0.666475","0.095825","-0.537717","-0.624138","-0.528096"
"2020-06-16","16 Jun 2020","0.143374","-0.672966","-0.349857","-0.606363","-0.009559","-0.650167","0.135587","-0.541248","-0.602558","-0.505785"
"2020-06-17","17 Jun 2020","0.122294","-0.681799","-0.363349","-0.605960","-0.030647","-0.656293","0.110319","-0.531724","-0.613503","-0.517459"
"2020-06-18","18 Jun 2020","0.087590","-0.683862","-0.380166","-0.612978","-0.058457","-0.660224","0.078295","-0.543876","-0.619848","-0.528185"
"2020-06-19","19 Jun 2020","0.078770","-0.692421","-0.387392","-0.622614","-0.067333","-0.668896","0.068522","-0.554376","-0.626975","-0.535114"
"2020-06-22","22 Jun 2020","0.051317","-0.716940","-0.423582","-0.631441","-0.095646","-0.690341","0.044049","-0.549263","-0.663483","-0.573044"
"2020-06-23","23 Jun 2020","0.130392","-0.664811","-0.385468","-0.609976","-0.048588","-0.657291","0.084167","-0.571026","-0.644372","-0.549098"
"2020-06-24","24 Jun 2020","0.128264","-0.663059","-0.378568","-0.612285","-0.048261","-0.655366","0.081823","-0.575772","-0.635274","-0.539894"
"2020-06-25","25 Jun 2020","0.076613","-0.697816","-0.431709","-0.636927","-0.097640","-0.688952","0.034681","-0.592146","-0.683931","-0.592110"
"2020-06-26","26 Jun 2020","0.061608","-0.709677","-0.430363","-0.643379","-0.110090","-0.696094","0.016112","-0.589734","-0.680724","-0.587330"
"2020-06-29","29 Jun 2020","0.076268","-0.712734","-0.420629","-0.639875","-0.086610","-0.693476","0.049882","-0.574737","-0.670680","-0.577443"
"2020-06-30","30 Jun 2020","0.031272","-0.711956","-0.451160","-0.637002","-0.122197","-0.694230","0.013636","-0.571701","-0.686989","-0.601420"
"2020-07-01","01 Jul 2020","0.135946","-0.672920","-0.364672","-0.622067","-0.025014","-0.658499","0.115371","-0.576873","-0.617670","-0.522467"
"2020-07-02","02 Jul 2020","0.124939","-0.690154","-0.386808","-0.631745","-0.038424","-0.674719","0.105789","-0.580394","-0.642509","-0.547377"
"2020-07-03","03 Jul 2020","0.111231","-0.699172","-0.401075","-0.635538","-0.052279","-0.682783","0.092001","-0.579629","-0.655959","-0.561600"
"2020-07-06","06 Jul 2020","0.117443","-0.694244","-0.392748","-0.632476","-0.046089","-0.677929","0.097126","-0.577927","-0.647857","-0.552955"
"2020-07-07","07 Jul 2020","0.096345","-0.689390","-0.396128","-0.628799","-0.062222","-0.673133","0.075492","-0.574978","-0.643210","-0.551033"
"2020-07-08","08 Jul 2020","0.066820","-0.690606","-0.404654","-0.627112","-0.086692","-0.672809","0.043946","-0.569559","-0.643273","-0.553620"
"2020-07-09","09 Jul 2020","0.050379","-0.692936","-0.422908","-0.629922","-0.100229","-0.677067","0.033328","-0.574604","-0.657125","-0.570906"
"2020-07-10","10 Jul 2020","0.003414","-0.714894","-0.452336","-0.644450","-0.143130","-0.696310","-0.015579","-0.581097","-0.679420","-0.595405"
"2020-07-13","13 Jul 2020","0.078507","-0.676727","-0.388702","-0.630621","-0.070958","-0.663546","0.060715","-0.589617","-0.624545","-0.535826"
"2020-07-14","14 Jul 2020","0.040682","-0.681727","-0.413393","-0.631899","-0.102843","-0.668573","0.026313","-0.588190","-0.639443","-0.555532"
"2020-07-15","15 Jul 2020","0.153565","-0.674377","-0.393584","-0.628488","-0.080011","-0.671517","0.039724","-0.600446","-0.652852","-0.554903"
"2020-07-16","16 Jul 2020","0.042614","-0.681000","-0.433424","-0.635178","-0.115664","-0.675548","0.011989","-0.603438","-0.666394","-0.582314"
"2020-07-17","17 Jul 2020","0.053794","-0.682640","-0.428065","-0.633852","-0.107293","-0.675928","0.021340","-0.598853","-0.665222","-0.579176"
"2020-07-20","20 Jul 2020","0.021118","-0.682631","-0.445144","-0.632177","-0.132645","-0.675883","-0.006664","-0.595690","-0.671769","-0.590525"
"2020-07-21","21 Jul 2020","0.061883","-0.675299","-0.429230","-0.625154","-0.098543","-0.669461","0.035259","-0.590021","-0.666233","-0.581804"
"2020-07-22","22 Jul 2020","0.000906","-0.712351","-0.465131","-0.641228","-0.154302","-0.697597","-0.029134","-0.582108","-0.695014","-0.611447"
"2020-07-23","23 Jul 2020","-0.004366","-0.690775","-0.456625","-0.632698","-0.152132","-0.680346","-0.028609","-0.586749","-0.676800","-0.597612"
"2020-07-24","24 Jul 2020","0.017423","-0.676731","-0.425282","-0.629561","-0.128555","-0.666819","-0.008235","-0.591471","-0.645949","-0.564508"
"2020-07-27","27 Jul 2020","-0.009702","-0.693372","-0.459817","-0.633920","-0.154777","-0.681984","-0.030150","-0.585817","-0.678170","-0.599763"
"2020-07-28","28 Jul 2020","-0.034129","-0.718605","-0.474620","-0.637567","-0.181140","-0.698661","-0.062624","-0.565798","-0.694656","-0.613628"
"2020-07-29","29 Jul 2020","-0.028878","-0.708580","-0.478568","-0.636615","-0.174640","-0.693667","-0.050751","-0.576286","-0.696745","-0.618545"
"2020-07-30","30 Jul 2020","-0.085767","-0.730713","-0.525730","-0.647808","-0.225032","-0.714193","-0.101449","-0.578052","-0.733663","-0.661182"
"2020-07-31","31 Jul 2020","-0.035406","-0.726232","-0.493455","-0.648684","-0.183314","-0.709744","-0.056633","-0.582918","-0.715228","-0.635897"
"2020-08-03","03 Aug 2020","-0.017978","-0.723304","-0.479127","-0.649244","-0.168247","-0.706900","-0.041608","-0.586029","-0.705045","-0.623236"
"2020-08-04","04 Aug 2020","-0.096487","-0.737985","-0.532666","-0.654177","-0.232614","-0.720438","-0.108337","-0.582525","-0.738477","-0.666694"
"2020-08-05","05 Aug 2020","-0.038979","-0.720222","-0.483281","-0.648590","-0.180578","-0.703529","-0.055781","-0.586312","-0.699936","-0.621585"
"2020-08-06","06 Aug 2020","-0.070609","-0.722446","-0.519628","-0.647837","-0.206378","-0.708662","-0.075153","-0.586335","-0.727344","-0.656174"
"2020-08-07","07 Aug 2020","-0.052462","-0.715409","-0.507236","-0.643788","-0.189816","-0.702341","-0.056741","-0.585119","-0.718035","-0.645589"
"2020-08-10","10 Aug 2020","-0.060665","-0.729165","-0.506527","-0.643715","-0.200535","-0.709667","-0.073670","-0.568956","-0.720075","-0.644313"
"2020-08-11","11 Aug 2020","0.016179","-0.708622","-0.452688","-0.635064","-0.132261","-0.690707","0.000486","-0.570328","-0.682178","-0.598726"
"2020-08-12","12 Aug 2020","0.031435","-0.700539","-0.435665","-0.633521","-0.117500","-0.683563","0.014079","-0.574260","-0.666744","-0.581769"
"2020-08-13","13 Aug 2020","0.087939","-0.666560","-0.390531","-0.621009","-0.062417","-0.655748","0.074055","-0.582900","-0.626578","-0.539690"
"2020-08-14","14 Aug 2020","0.073610","-0.674867","-0.395139","-0.624618","-0.076139","-0.661556","0.055864","-0.580678","-0.629706","-0.542286"
"2020-08-17","17 Aug 2020","0.077930","-0.687417","-0.402036","-0.623531","-0.076842","-0.670085","0.057245","-0.566214","-0.643013","-0.553098"
"2020-08-18","18 Aug 2020","0.051342","-0.692407","-0.422838","-0.628751","-0.099274","-0.676425","0.034751","-0.572870","-0.657184","-0.571022"
"2020-08-19","19 Aug 2020","0.026088","-0.702545","-0.446294","-0.633329","-0.122066","-0.686094","0.012759","-0.573065","-0.676396","-0.593013"
"2020-08-20","20 Aug 2020","-0.035191","-0.708406","-0.485904","-0.642358","-0.171669","-0.694922","-0.039563","-0.586979","-0.698466","-0.623850"
"2020-08-21","21 Aug 2020","-0.009976","-0.708755","-0.476416","-0.643685","-0.151617","-0.695658","-0.015239","-0.589541","-0.696910","-0.619309"
"2020-08-24","24 Aug 2020","-0.023112","-0.702900","-0.478225","-0.633759","-0.162008","-0.688654","-0.029529","-0.575563","-0.693388","-0.617754"
"2020-08-25","25 Aug 2020","0.062842","-0.669773","-0.412150","-0.618386","-0.083006","-0.658708","0.054982","-0.575843","-0.641592","-0.558835"
"2020-08-26","26 Aug 2020","0.089842","-0.664150","-0.390873","-0.618211","-0.060180","-0.653615","0.077701","-0.580103","-0.626692","-0.540333"
"2020-08-27","27 Aug 2020","0.167351","-0.666060","-0.370160","-0.621176","-0.034207","-0.666300","0.093064","-0.600121","-0.650653","-0.544888"
"2020-08-28","28 Aug 2020","0.127091","-0.688706","-0.390205","-0.637480","-0.037128","-0.676628","0.108998","-0.594622","-0.646179","-0.551814"
"2020-08-31","31 Aug 2020","0.150072","-0.675625","-0.370767","-0.624605","-0.016220","-0.663212","0.130227","-0.581610","-0.629841","-0.533874"
"2020-09-01","01 Sep 2020","0.150642","-0.687925","-0.373907","-0.631165","-0.018923","-0.673045","0.127093","-0.581770","-0.637460","-0.539003"
"2020-09-02","02 Sep 2020","0.087892","-0.697822","-0.427050","-0.640062","-0.091879","-0.690816","0.039659","-0.599892","-0.684595","-0.590356"
"2020-09-03","03 Sep 2020","0.025285","-0.711653","-0.460371","-0.648798","-0.142272","-0.702320","-0.016711","-0.602042","-0.701446","-0.613793"
"2020-09-04","04 Sep 2020","0.055977","-0.705281","-0.442624","-0.646476","-0.116875","-0.697133","0.011444","-0.603980","-0.691428","-0.600486"
"2020-09-07","07 Sep 2020","0.080082","-0.694077","-0.434113","-0.641789","-0.108192","-0.693245","0.016518","-0.613617","-0.694991","-0.599129"
"2020-09-08","08 Sep 2020","0.029300","-0.717754","-0.465297","-0.645214","-0.142455","-0.706184","-0.015442","-0.589721","-0.710930","-0.621747"
"2020-09-09","09 Sep 2020","0.055967","-0.696011","-0.435738","-0.641193","-0.112616","-0.688383","0.015383","-0.601653","-0.680221","-0.590986"
"2020-09-10","10 Sep 2020","0.083331","-0.677172","-0.408594","-0.638079","-0.084558","-0.673419","0.044142","-0.613281","-0.654088","-0.563935"
"2020-09-11","11 Sep 2020","0.073046","-0.692377","-0.435538","-0.639420","-0.097694","-0.686727","0.037248","-0.603213","-0.683829","-0.594690"
"2020-09-14","14 Sep 2020","0.013286","-0.712302","-0.463855","-0.642857","-0.147091","-0.699315","-0.020288","-0.587079","-0.698890","-0.613734"
"2020-09-15","15 Sep 2020","0.026215","-0.701275","-0.453004","-0.635135","-0.133426","-0.689308","-0.004984","-0.582605","-0.687977","-0.603121"
"2020-09-16","16 Sep 2020","0.014303","-0.704033","-0.462887","-0.637612","-0.143512","-0.692569","-0.014831","-0.585344","-0.695024","-0.611845"
"2020-09-17","17 Sep 2020","-0.009760","-0.705569","-0.473576","-0.642322","-0.162201","-0.695009","-0.036433","-0.592969","-0.698190","-0.618025"
"2020-09-18","18 Sep 2020","-0.000186","-0.709857","-0.472965","-0.640469","-0.156509","-0.697591","-0.029005","-0.585279","-0.702603","-0.620484"
"2020-09-21","21 Sep 2020","-0.037047","-0.733011","-0.501462","-0.648300","-0.190712","-0.715635","-0.065397","-0.577097","-0.727276","-0.646521"
"2020-09-22","22 Sep 2020","-0.006664","-0.720038","-0.483961","-0.647503","-0.163303","-0.707026","-0.033674","-0.589333","-0.714621","-0.632518"
"2020-09-23","23 Sep 2020","-0.003508","-0.719846","-0.480694","-0.646956","-0.160654","-0.706374","-0.031413","-0.588072","-0.712242","-0.629483"
"2020-09-24","24 Sep 2020","-0.020116","-0.723629","-0.488148","-0.656258","-0.173593","-0.711518","-0.046318","-0.602434","-0.715016","-0.633937"
"2020-09-25","25 Sep 2020","-0.041871","-0.716818","-0.496329","-0.654560","-0.188323","-0.706760","-0.062888","-0.606108","-0.713539","-0.636921"
"2020-09-28","28 Sep 2020","-0.043278","-0.702227","-0.500158","-0.645286","-0.187237","-0.696151","-0.059046","-0.604608","-0.712608","-0.639824"
"2020-09-29","29 Sep 2020","-0.038108","-0.686601","-0.501436","-0.640088","-0.197054","-0.690446","-0.077622","-0.619069","-0.720015","-0.645271"
"2020-09-30","30 Sep 2020","-0.037633","-0.689928","-0.495366","-0.644058","-0.195346","-0.692125","-0.077682","-0.621539","-0.713959","-0.638098"
"2020-10-01","01 Oct 2020","-0.026388","-0.686133","-0.485343","-0.644379","-0.183961","-0.688716","-0.065500","-0.624942","-0.705192","-0.628500"
"2020-10-02","02 Oct 2020","-0.042022","-0.706560","-0.506679","-0.656146","-0.200963","-0.706775","-0.080597","-0.628266","-0.728363","-0.651386"
"2020-10-05","05 Oct 2020","-0.018499","-0.707325","-0.487481","-0.657743","-0.179794","-0.705420","-0.058662","-0.628075","-0.715262","-0.634476"
"2020-10-06","06 Oct 2020","-0.027418","-0.712980","-0.492170","-0.662001","-0.187357","-0.710039","-0.067328","-0.630176","-0.718563","-0.637997"
"2020-10-07","07 Oct 2020","0.008087","-0.705334","-0.466422","-0.658266","-0.155355","-0.701988","-0.032702","-0.628656","-0.700219","-0.615859"
"2020-10-08","08 Oct 2020","-0.028139","-0.712614","-0.491100","-0.668003","-0.184596","-0.710774","-0.062855","-0.641305","-0.715127","-0.635663"
"2020-10-09","09 Oct 2020","-0.057100","-0.738586","-0.515604","-0.675873","-0.213016","-0.730220","-0.092979","-0.629793","-0.739112","-0.659323"
"2020-10-12","12 Oct 2020","-0.058891","-0.738645","-0.519732","-0.679494","-0.215136","-0.732213","-0.094262","-0.637965","-0.742992","-0.663816"
"2020-10-13","13 Oct 2020","-0.074011","-0.747576","-0.530104","-0.696775","-0.228737","-0.743718","-0.109221","-0.663667","-0.751127","-0.672694"
"2020-10-14","14 Oct 2020","-0.101218","-0.753304","-0.553963","-0.703450","-0.252648","-0.751627","-0.132674","-0.673225","-0.768807","-0.694278"
"2020-10-15","15 Oct 2020","-0.161743","-0.777688","-0.593501","-0.721844","-0.303520","-0.773528","-0.187123","-0.684342","-0.795873","-0.726497"
"2020-10-16","16 Oct 2020","-0.123911","-0.781424","-0.592992","-0.727239","-0.275911","-0.780351","-0.148156","-0.694535","-0.809242","-0.736445"
"2020-10-19","19 Oct 2020","-0.126115","-0.780539","-0.583775","-0.734581","-0.284580","-0.782584","-0.167475","-0.711924","-0.803263","-0.726781"
"2020-10-20","20 Oct 2020","-0.131157","-0.784100","-0.582855","-0.738680","-0.287894","-0.785087","-0.172454","-0.715104","-0.801042","-0.724362"
"2020-10-21","21 Oct 2020","-0.099020","-0.773844","-0.561948","-0.733268","-0.259258","-0.775885","-0.140595","-0.714164","-0.786301","-0.707046"
"2020-10-22","22 Oct 2020","-0.090532","-0.775766","-0.549363","-0.736328","-0.249900","-0.775655","-0.132430","-0.715461","-0.775222","-0.693964"
"2020-10-23","23 Oct 2020","-0.080612","-0.758754","-0.534706","-0.726137","-0.235968","-0.760169","-0.117963","-0.711193","-0.756683","-0.677157"
"2020-10-26","26 Oct 2020","-0.104039","-0.755173","-0.544087","-0.727765","-0.245974","-0.756770","-0.125048","-0.715476","-0.753116","-0.679784"
"2020-10-27","27 Oct 2020","-0.147530","-0.766882","-0.584076","-0.738993","-0.282547","-0.770868","-0.158566","-0.728568","-0.782946","-0.716211"
"2020-10-28","28 Oct 2020","-0.174078","-0.797974","-0.602137","-0.753066","-0.309800","-0.794320","-0.190315","-0.722925","-0.802751","-0.733379"
"2020-10-29","29 Oct 2020","-0.160514","-0.813752","-0.603060","-0.754353","-0.303598","-0.805040","-0.181963","-0.709239","-0.813916","-0.739868"
"2020-10-30","30 Oct 2020","-0.173876","-0.809102","-0.603486","-0.752250","-0.313003","-0.800803","-0.195087","-0.709189","-0.808496","-0.736384"
"2020-11-02","02 Nov 2020","-0.173770","-0.813171","-0.605660","-0.758203","-0.313791","-0.805474","-0.195380","-0.717105","-0.811949","-0.739311"
"2020-11-03","03 Nov 2020","-0.168865","-0.807457","-0.598153","-0.752570","-0.308807","-0.799441","-0.191650","-0.711204","-0.804228","-0.731307"
"2020-11-04","04 Nov 2020","-0.197210","-0.812686","-0.618588","-0.758130","-0.332078","-0.805714","-0.215339","-0.717881","-0.817245","-0.748230"
"2020-11-05","05 Nov 2020","-0.172878","-0.796172","-0.599404","-0.754039","-0.307532","-0.793046","-0.187983","-0.726279","-0.799292","-0.730098"
"2020-11-06","06 Nov 2020","-0.155409","-0.791040","-0.587995","-0.749907","-0.292852","-0.788080","-0.172247","-0.723119","-0.791850","-0.720878"
"2020-11-09","09 Nov 2020","-0.029924","-0.743837","-0.505353","-0.712089","-0.196149","-0.746524","-0.075233","-0.699837","-0.740676","-0.655559"
"2020-11-10","10 Nov 2020","0.016740","-0.730292","-0.456292","-0.705737","-0.150236","-0.730099","-0.030537","-0.694976","-0.698425","-0.607570"
"2020-11-11","11 Nov 2020","-0.033501","-0.735369","-0.487669","-0.707864","-0.180383","-0.733035","-0.055122","-0.691253","-0.709889","-0.629167"
"2020-11-12","12 Nov 2020","-0.069317","-0.740102","-0.507482","-0.710099","-0.209292","-0.737266","-0.087145","-0.690979","-0.719783","-0.643371"
"2020-11-13","13 Nov 2020","-0.091787","-0.753145","-0.528995","-0.717697","-0.230323","-0.749402","-0.107661","-0.693839","-0.738741","-0.664038"
"2020-11-16","16 Nov 2020","-0.100640","-0.756056","-0.530773","-0.707224","-0.239112","-0.747488","-0.119928","-0.669151","-0.739575","-0.664476"
"2020-11-17","17 Nov 2020","-0.126419","-0.746265","-0.544080","-0.707192","-0.257048","-0.742328","-0.138725","-0.680396","-0.741213","-0.672222"
"2020-11-18","18 Nov 2020","-0.117948","-0.747677","-0.539121","-0.710847","-0.250430","-0.744041","-0.131638","-0.685968","-0.739201","-0.668689"
"2020-11-19","19 Nov 2020","-0.144185","-0.751151","-0.553382","-0.703333","-0.273340","-0.744403","-0.158278","-0.667576","-0.747274","-0.679269"
"2020-11-20","20 Nov 2020","-0.146501","-0.764574","-0.564959","-0.721267","-0.277361","-0.759668","-0.158828","-0.690568","-0.761942","-0.693250"
"2020-11-23","23 Nov 2020","-0.124934","-0.768170","-0.555630","-0.724381","-0.261227","-0.762683","-0.140369","-0.692940","-0.760634","-0.688336"
"2020-11-24","24 Nov 2020","-0.125019","-0.768562","-0.556415","-0.728928","-0.261313","-0.764530","-0.140152","-0.701872","-0.761368","-0.689205"
"2020-11-25","25 Nov 2020","-0.107620","-0.757712","-0.548716","-0.724757","-0.257353","-0.759665","-0.141982","-0.709951","-0.761957","-0.686449"
"2020-11-26","26 Nov 2020","-0.132036","-0.760961","-0.557816","-0.730278","-0.275137","-0.762637","-0.162657","-0.716331","-0.763070","-0.690458"
"2020-11-27","27 Nov 2020","-0.131774","-0.760011","-0.557506","-0.729444","-0.274767","-0.761795","-0.162243","-0.715687","-0.762559","-0.690084"
"2020-11-30","30 Nov 2020","-0.126411","-0.748596","-0.549684","-0.723741","-0.266907","-0.752180","-0.153832","-0.715623","-0.752005","-0.680939"
"2020-12-01","01 Dec 2020","-0.104995","-0.733061","-0.515658","-0.715361","-0.249249","-0.737084","-0.145183","-0.713195","-0.721374","-0.645952"
"2020-12-02","02 Dec 2020","-0.056624","-0.729957","-0.489175","-0.717922","-0.198134","-0.732071","-0.080199","-0.716520","-0.702260","-0.624353"
"2020-12-03","03 Dec 2020","-0.097884","-0.746467","-0.528528","-0.728194","-0.234898","-0.748825","-0.114827","-0.722589","-0.734314","-0.661335"
"2020-12-04","04 Dec 2020","-0.092217","-0.755573","-0.529615","-0.735887","-0.232232","-0.757105","-0.110839","-0.728543","-0.740055","-0.664915"
"2020-12-07","07 Dec 2020","-0.128102","-0.777223","-0.561302","-0.749759","-0.265059","-0.776876","-0.143541","-0.734957","-0.767429","-0.694659"
"2020-12-08","08 Dec 2020","-0.162767","-0.789877","-0.588438","-0.756027","-0.295347","-0.788397","-0.174505","-0.735483","-0.787922","-0.718631"
"2020-12-09","09 Dec 2020","-0.148159","-0.794218","-0.580264","-0.764965","-0.283402","-0.793190","-0.161073","-0.748099","-0.784972","-0.712953"
"2020-12-10","10 Dec 2020","-0.158922","-0.788983","-0.583526","-0.761162","-0.291091","-0.788819","-0.170433","-0.746095","-0.783278","-0.713521"
"2020-12-11","11 Dec 2020","-0.192931","-0.807089","-0.614810","-0.772006","-0.322210","-0.805753","-0.200873","-0.750612","-0.809979","-0.743070"
"2020-12-14","14 Dec 2020","-0.178858","-0.787857","-0.593000","-0.767057","-0.304697","-0.789996","-0.184690","-0.758930","-0.785021","-0.718816"
"2020-12-15","15 Dec 2020","-0.191454","-0.787348","-0.599476","-0.766986","-0.314606","-0.789923","-0.195804","-0.759527","-0.787381","-0.723064"
"2020-12-16","16 Dec 2020","-0.135894","-0.753790","-0.545602","-0.748875","-0.259808","-0.758810","-0.140335","-0.754495","-0.738205","-0.670508"
"2020-12-17","17 Dec 2020","-0.167607","-0.760335","-0.570191","-0.756188","-0.284685","-0.766678","-0.163769","-0.763417","-0.754185","-0.691281"
"2020-12-18","18 Dec 2020","-0.163656","-0.752375","-0.562171","-0.746473","-0.280021","-0.757868","-0.160636","-0.751589","-0.745008","-0.682251"
"2020-12-21","21 Dec 2020","-0.174165","-0.762352","-0.575863","-0.754380","-0.290543","-0.767791","-0.169560","-0.758014","-0.758667","-0.696489"
"2020-12-22","22 Dec 2020","-0.182759","-0.759951","-0.573629","-0.753653","-0.296482","-0.765133","-0.179033","-0.758079","-0.752748","-0.691321"
"2020-12-23","23 Dec 2020","-0.138073","-0.738300","-0.532451","-0.743400","-0.254478","-0.745114","-0.136977","-0.757404","-0.717495","-0.652262"
"2020-12-28","28 Dec 2020","-0.207159","-0.766862","-0.539187","-0.763813","-0.266145","-0.760715","-0.113792","-0.757455","-0.700765","-0.639303"
"2020-12-29","29 Dec 2020","-0.216099","-0.775222","-0.559971","-0.755971","-0.285423","-0.766243","-0.149235","-0.735578","-0.723169","-0.662928"
"2020-12-30","30 Dec 2020","-0.239028","-0.774178","-0.570008","-0.760600","-0.289233","-0.766855","-0.127788","-0.745606","-0.723951","-0.667657"
"2021-01-04","04 Jan 2021","-0.188775","-0.761356","-0.572085","-0.690398","-0.281879","-0.742239","-0.155942","-0.624277","-0.745520","-0.685789"
"2021-01-05","05 Jan 2021","-0.191728","-0.764752","-0.575059","-0.693923","-0.285099","-0.745642","-0.159509","-0.627903","-0.748651","-0.688817"
"2021-01-06","06 Jan 2021","-0.143214","-0.753684","-0.540184","-0.688591","-0.245751","-0.734877","-0.122051","-0.627039","-0.725173","-0.659541"
"2021-01-07","07 Jan 2021","-0.140223","-0.761713","-0.542761","-0.696786","-0.245256","-0.742758","-0.121104","-0.635252","-0.731133","-0.664035"
"2021-01-08","08 Jan 2021","-0.145993","-0.763988","-0.544604","-0.701726","-0.249554","-0.745557","-0.125432","-0.642546","-0.731686","-0.664806"
"2021-01-11","11 Jan 2021","-0.095898","-0.752424","-0.515406","-0.688109","-0.210025","-0.732955","-0.086630","-0.626657","-0.714708","-0.642743"
"2021-01-12","12 Jan 2021","-0.066240","-0.742349","-0.491226","-0.683075","-0.184703","-0.723394","-0.062307","-0.625730","-0.696334","-0.621142"
"2021-01-13","13 Jan 2021","-0.122618","-0.749241","-0.526098","-0.687661","-0.226456","-0.730874","-0.099161","-0.629040","-0.715531","-0.647732"
"2021-01-14","14 Jan 2021","-0.155500","-0.773505","-0.563357","-0.698254","-0.264298","-0.752700","-0.144438","-0.627724","-0.751784","-0.685758"
"2021-01-15","15 Jan 2021","-0.118951","-0.766490","-0.543921","-0.688459","-0.235893","-0.744688","-0.116164","-0.615152","-0.741771","-0.671999"
"2021-01-18","18 Jan 2021","-0.108543","-0.758409","-0.531180","-0.687443","-0.221069","-0.737997","-0.095259","-0.620392","-0.728642","-0.658528"
"2021-01-19","19 Jan 2021","-0.094086","-0.752100","-0.518867","-0.683599","-0.208094","-0.731981","-0.082278","-0.618587","-0.718675","-0.647230"
"2021-01-20","20 Jan 2021","-0.121704","-0.755230","-0.535760","-0.685584","-0.228626","-0.735394","-0.100665","-0.619932","-0.727836","-0.660024"
"2021-01-21","21 Jan 2021","-0.073201","-0.745827","-0.500689","-0.683238","-0.189371","-0.726498","-0.063239","-0.623181","-0.704570","-0.630619"
"2021-01-22","22 Jan 2021","-0.080807","-0.752926","-0.515058","-0.682232","-0.197977","-0.732233","-0.070571","-0.615185","-0.719277","-0.646299"
"2021-01-25","25 Jan 2021","-0.127452","-0.769150","-0.551574","-0.689736","-0.242265","-0.747303","-0.121081","-0.615380","-0.747490","-0.678913"
"2021-01-26","26 Jan 2021","-0.103556","-0.770569","-0.540520","-0.691308","-0.224495","-0.748332","-0.102967","-0.616789","-0.744268","-0.672302"
"2021-01-27","27 Jan 2021","-0.120459","-0.780903","-0.557161","-0.700251","-0.236760","-0.758702","-0.109157","-0.624740","-0.758442","-0.688069"
"2021-01-28","28 Jan 2021","-0.087087","-0.783566","-0.541738","-0.702609","-0.213379","-0.760650","-0.087337","-0.626356","-0.754401","-0.679035"
"2021-01-29","29 Jan 2021","-0.040803","-0.776180","-0.512255","-0.698633","-0.176269","-0.753184","-0.050508","-0.624851","-0.736799","-0.655820"
"2021-02-01","01 Feb 2021","-0.052383","-0.765660","-0.511204","-0.693484","-0.176730","-0.744239","-0.043282","-0.624839","-0.727711","-0.650049"
"2021-02-02","02 Feb 2021","-0.021569","-0.755551","-0.485089","-0.689971","-0.150319","-0.734888","-0.018113","-0.626761","-0.707656","-0.626442"
"2021-02-03","03 Feb 2021","0.015831","-0.750862","-0.465703","-0.683490","-0.121647","-0.729331","0.010327","-0.618329","-0.698594","-0.613133"
"2021-02-04","04 Feb 2021","0.034419","-0.742030","-0.448923","-0.681872","-0.099664","-0.721832","0.039833","-0.623040","-0.683592","-0.596920"
"2021-02-05","05 Feb 2021","0.039656","-0.747765","-0.454709","-0.679098","-0.101867","-0.725778","0.032407","-0.612661","-0.693848","-0.606075"
"2021-02-08","08 Feb 2021","0.092669","-0.744766","-0.420076","-0.683788","-0.060821","-0.723205","0.071403","-0.623358","-0.674388","-0.578923"
"2021-02-09","09 Feb 2021","0.056784","-0.746363","-0.441837","-0.682457","-0.087378","-0.724952","0.047316","-0.619967","-0.685470","-0.595166"
"2021-02-10","10 Feb 2021","0.053514","-0.751372","-0.448791","-0.684624","-0.091017","-0.729481","0.044908","-0.619685","-0.693054","-0.602931"
"2021-02-11","11 Feb 2021","0.066002","-0.762995","-0.455240","-0.686214","-0.089638","-0.738828","0.040981","-0.612193","-0.708175","-0.615330"
"2021-02-12","12 Feb 2021","0.118481","-0.749945","-0.416429","-0.684028","-0.040775","-0.727225","0.096646","-0.619126","-0.680158","-0.581688"
"2021-02-15","15 Feb 2021","0.174953","-0.737724","-0.374650","-0.680286","0.005194","-0.715654","0.140301","-0.622135","-0.651730","-0.546232"
"2021-02-16","16 Feb 2021","0.223894","-0.737277","-0.347939","-0.677192","0.033616","-0.713536","0.154457","-0.615845","-0.641539","-0.528421"
"2021-02-17","17 Feb 2021","0.220551","-0.734043","-0.350053","-0.673652","0.034540","-0.710528","0.160053","-0.612257","-0.641155","-0.529492"
"2021-02-18","18 Feb 2021","0.258796","-0.719402","-0.315766","-0.667795","0.067545","-0.696939","0.190788","-0.613662","-0.613776","-0.497833"
"2021-02-19","19 Feb 2021","0.292240","-0.723115","-0.301457","-0.670677","0.090872","-0.699843","0.213029","-0.615347","-0.611189","-0.490208"
"2021-02-22","22 Feb 2021","0.256265","-0.728832","-0.328670","-0.670772","0.064411","-0.705271","0.192288","-0.611079","-0.628880","-0.513107"
"2021-02-23","23 Feb 2021","0.324021","-0.722825","-0.281875","-0.670635","0.109496","-0.698742","0.222291","-0.614879","-0.602306","-0.476019"
"2021-02-24","24 Feb 2021","0.351620","-0.718147","-0.259787","-0.670369","0.128448","-0.694219","0.234304","-0.617977","-0.587676","-0.457138"
"2021-02-25","25 Feb 2021","0.364794","-0.690023","-0.227424","-0.656037","0.147778","-0.668717","0.252351","-0.615754","-0.549735","-0.419768"
"2021-02-26","26 Feb 2021","0.315627","-0.687697","-0.245739","-0.653010","0.102980","-0.666673","0.192426","-0.612366","-0.553486","-0.428969"
"2021-03-01","01 Mar 2021","0.249389","-0.730072","-0.324043","-0.671664","0.045355","-0.705749","0.149261","-0.611094","-0.624844","-0.507261"
"2021-03-02","02 Mar 2021","0.284092","-0.730302","-0.309626","-0.668879","0.070836","-0.704871","0.175158","-0.605278","-0.621487","-0.499522"
"2021-03-03","03 Mar 2021","0.316528","-0.725763","-0.293597","-0.666862","0.102783","-0.700693","0.217318","-0.605430","-0.612867","-0.488143"
"2021-03-04","04 Mar 2021","0.294663","-0.730113","-0.307600","-0.675244","0.092370","-0.706431","0.217576","-0.617836","-0.620023","-0.498516"
"2021-03-05","05 Mar 2021","0.326906","-0.724215","-0.283780","-0.670481","0.111616","-0.699935","0.224730","-0.613456","-0.605395","-0.479044"
"2021-03-08","08 Mar 2021","0.334676","-0.719590","-0.275640","-0.665967","0.115518","-0.695113","0.222978","-0.608869","-0.598729","-0.471391"
"2021-03-09","09 Mar 2021","0.291281","-0.727432","-0.304165","-0.670780","0.081350","-0.703093","0.190516","-0.611540","-0.616246","-0.494191"
"2021-03-10","10 Mar 2021","0.286701","-0.718367","-0.299915","-0.663886","0.080424","-0.694625","0.189111","-0.606683","-0.607629","-0.487160"
"2021-03-11","11 Mar 2021","0.266058","-0.731070","-0.324400","-0.668279","0.061585","-0.706115","0.173246","-0.604049","-0.629978","-0.511703"
"2021-03-12","12 Mar 2021","0.338088","-0.724245","-0.282195","-0.665176","0.117823","-0.698813","0.229039","-0.603366","-0.607830","-0.480349"
"2021-03-15","15 Mar 2021","0.343857","-0.738179","-0.295282","-0.669279","0.117717","-0.710779","0.231160","-0.598771","-0.627561","-0.498625"
"2021-03-16","16 Mar 2021","0.295555","-0.745696","-0.325950","-0.675085","0.081782","-0.718837","0.199691","-0.603709","-0.645239","-0.522447"
"2021-03-17","17 Mar 2021","0.369795","-0.738732","-0.281399","-0.672793","0.139213","-0.711490","0.255363","-0.604606","-0.621430","-0.488939"
"2021-03-18","18 Mar 2021","0.426156","-0.733395","-0.246471","-0.672445","0.183380","-0.706121","0.298661","-0.607932","-0.602095","-0.462138"
"2021-03-19","19 Mar 2021","0.401541","-0.746637","-0.274256","-0.681083","0.167915","-0.719226","0.295814","-0.613101","-0.625370","-0.488892"
"2021-03-22","22 Mar 2021","0.390568","-0.756732","-0.288905","-0.686511","0.156527","-0.728554","0.285105","-0.614519","-0.640017","-0.504199"
"2021-03-23","23 Mar 2021","0.342914","-0.764717","-0.322874","-0.687734","0.118693","-0.736118","0.249699","-0.610431","-0.661913","-0.532363"
"2021-03-24","24 Mar 2021","0.332359","-0.766708","-0.327322","-0.689490","0.106825","-0.738045","0.231533","-0.611952","-0.664253","-0.535298"
"2021-03-25","25 Mar 2021","0.276437","-0.775293","-0.359631","-0.698603","0.064181","-0.747597","0.191177","-0.622158","-0.681580","-0.559193"
"2021-03-26","26 Mar 2021","0.325331","-0.772562","-0.330952","-0.699307","0.101599","-0.744647","0.227381","-0.625250","-0.667111","-0.538055"
"2021-03-29","29 Mar 2021","0.361451","-0.769910","-0.309066","-0.699644","0.129484","-0.741921","0.254337","-0.627750","-0.655495","-0.521551"
"2021-03-30","30 Mar 2021","0.406413","-0.737987","-0.259579","-0.679325","0.171227","-0.711646","0.291587","-0.617208","-0.609634","-0.472320"
"2021-03-31","31 Mar 2021","0.368194","-0.746767","-0.278650","-0.693330","0.141536","-0.721838","0.261792","-0.636103","-0.619152","-0.485309"
"2021-04-01","01 Apr 2021","0.353253","-0.762026","-0.304831","-0.696510","0.125475","-0.735104","0.248533","-0.628903","-0.646027","-0.513664"
"2021-04-06","06 Apr 2021","0.369734","-0.756547","-0.290563","-0.692669","0.136115","-0.729548","0.252857","-0.626207","-0.635611","-0.501006"
"2021-04-07","07 Apr 2021","0.359178","-0.762950","-0.300407","-0.698294","0.127436","-0.735956","0.245865","-0.631266","-0.644033","-0.510281"
"2021-04-08","08 Apr 2021","0.318222","-0.770284","-0.327859","-0.705420","0.099705","-0.744129","0.226455","-0.638866","-0.660179","-0.531958"
"2021-04-09","09 Apr 2021","0.391640","-0.749172","-0.269233","-0.692060","0.153205","-0.723001","0.264723","-0.631205","-0.618677","-0.481069"
"2021-04-12","12 Apr 2021","0.397270","-0.755371","-0.271562","-0.695869","0.155299","-0.728586","0.266721","-0.632801","-0.624865","-0.485896"
"2021-04-13","13 Apr 2021","0.394386","-0.754887","-0.273479","-0.694505","0.153051","-0.728008","0.264421","-0.630718","-0.625796","-0.487373"
"2021-04-14","14 Apr 2021","0.406209","-0.749416","-0.259457","-0.695376","0.164366","-0.723510","0.275180","-0.636989","-0.613338","-0.473373"
"2021-04-15","15 Apr 2021","0.416415","-0.749233","-0.251667","-0.698539","0.172873","-0.723745","0.283791","-0.642934","-0.608402","-0.466779"
"2021-04-16","16 Apr 2021","0.456906","-0.751533","-0.231272","-0.697752","0.194220","-0.724437","0.290555","-0.638678","-0.602716","-0.454388"
"2021-04-19","19 Apr 2021","0.485604","-0.728119","-0.197309","-0.683262","0.222605","-0.702425","0.317229","-0.631809","-0.569902","-0.419805"
"2021-04-20","20 Apr 2021","0.468852","-0.735854","-0.216695","-0.682872","0.207197","-0.708952","0.303415","-0.624529","-0.586938","-0.439012"
"2021-04-21","21 Apr 2021","0.416173","-0.745750","-0.253026","-0.687893","0.166381","-0.718846","0.266614","-0.625943","-0.609958","-0.468673"
"2021-04-22","22 Apr 2021","0.408113","-0.743198","-0.250776","-0.691267","0.162205","-0.717495","0.262289","-0.634573","-0.603987","-0.463531"
"2021-04-23","23 Apr 2021","0.433899","-0.741725","-0.235054","-0.692809","0.182800","-0.716152","0.283253","-0.638446","-0.595557","-0.451587"
"2021-04-26","26 Apr 2021","0.432866","-0.740957","-0.239916","-0.686515","0.181238","-0.714476","0.282074","-0.627405","-0.600216","-0.457091"
"2021-04-27","27 Apr 2021","0.452227","-0.740825","-0.225162","-0.689565","0.192544","-0.714346","0.286367","-0.632797","-0.591875","-0.445105"
"2021-04-28","28 Apr 2021","0.468510","-0.736117","-0.208618","-0.692032","0.207194","-0.710662","0.300490","-0.641319","-0.578463","-0.429359"
"2021-04-29","29 Apr 2021","0.547636","-0.721603","-0.157806","-0.681822","0.269831","-0.695715","0.361034","-0.633983","-0.547661","-0.389164"
"2021-04-30","30 Apr 2021","0.528919","-0.731951","-0.179994","-0.683253","0.251984","-0.704692","0.344586","-0.627818","-0.567790","-0.411416"
"2021-05-03","03 May 2021","0.535347","-0.731268","-0.176610","-0.681629","0.255951","-0.703689","0.347215","-0.625262","-0.566418","-0.409179"
"2021-05-04","04 May 2021","0.483232","-0.744204","-0.218912","-0.684622","0.214551","-0.715731","0.311417","-0.620252","-0.596758","-0.446333"
"2021-05-05","05 May 2021","0.512861","-0.744070","-0.202070","-0.684233","0.233734","-0.714831","0.325673","-0.619102","-0.589689","-0.434635"
"2021-05-06","06 May 2021","0.523839","-0.746635","-0.196707","-0.688593","0.242070","-0.717497","0.334658","-0.624866","-0.588347","-0.431357"
"2021-05-07","07 May 2021","0.520969","-0.741324","-0.194749","-0.684047","0.241305","-0.712453","0.333666","-0.621081","-0.583804","-0.427826"
"2021-05-10","10 May 2021","0.548949","-0.739564","-0.179677","-0.682653","0.262738","-0.710303","0.355046","-0.619676","-0.576878","-0.417307"
"2021-05-11","11 May 2021","0.604963","-0.722600","-0.131742","-0.678320","0.309945","-0.694741","0.399205","-0.625708","-0.540497","-0.374034"
"2021-05-12","12 May 2021","0.652365","-0.708029","-0.092172","-0.673115","0.349619","-0.681134","0.436194","-0.628131","-0.510734","-0.338600"
"2021-05-13","13 May 2021","0.653903","-0.703717","-0.080174","-0.678283","0.352105","-0.678397","0.435473","-0.641449","-0.497501","-0.324440"
"2021-05-14","14 May 2021","0.623065","-0.700641","-0.095648","-0.673049","0.329243","-0.675530","0.412440","-0.634765","-0.502578","-0.334313"
"2021-05-17","17 May 2021","0.659966","-0.697072","-0.073583","-0.671286","0.357404","-0.671655","0.439265","-0.634119","-0.490893","-0.317793"
"2021-05-18","18 May 2021","0.658497","-0.698941","-0.076870","-0.673949","0.359145","-0.673862","0.446392","-0.637633","-0.493677","-0.321098"
"2021-05-19","19 May 2021","0.681748","-0.704372","-0.068234","-0.673637","0.367024","-0.677394","0.442051","-0.631661","-0.495581","-0.318352"
"2021-05-20","20 May 2021","0.657474","-0.694686","-0.071368","-0.671399","0.355339","-0.669785","0.434165","-0.636459","-0.487094","-0.314326"
"2021-05-21","21 May 2021","0.627458","-0.707437","-0.101804","-0.674608","0.329620","-0.681294","0.412151","-0.631710","-0.512510","-0.343399"
"2021-05-24","24 May 2021","0.639300","-0.705210","-0.095091","-0.672020","0.338911","-0.678837","0.421333","-0.628689","-0.508825","-0.338441"
"2021-05-25","25 May 2021","0.588588","-0.718370","-0.136654","-0.676107","0.299253","-0.691282","0.388091","-0.625553","-0.538744","-0.375024"
"2021-05-26","26 May 2021","0.529511","-0.729229","-0.178402","-0.680842","0.254034","-0.702084","0.348369","-0.625723","-0.565402","-0.409391"
"2021-05-27","27 May 2021","0.568259","-0.720128","-0.147109","-0.680295","0.286369","-0.693915","0.379155","-0.632183","-0.542849","-0.381838"
"2021-05-28","28 May 2021","0.571464","-0.725913","-0.154210","-0.679911","0.286797","-0.698541","0.380937","-0.626399","-0.553035","-0.391615"
"2021-05-31","31 May 2021","0.569761","-0.719824","-0.146415","-0.679869","0.287479","-0.693581","0.380012","-0.631647","-0.542524","-0.381389"
"2021-06-01","01 Jun 2021","0.561402","-0.721899","-0.152208","-0.681957","0.281434","-0.695825","0.375126","-0.633872","-0.546212","-0.386100"
"2021-06-02","02 Jun 2021","0.545729","-0.731344","-0.168516","-0.687644","0.267416","-0.704789","0.362644","-0.636433","-0.560684","-0.401984"
"2021-06-03","03 Jun 2021","0.557406","-0.731129","-0.160552","-0.689344","0.275803","-0.704665","0.369521","-0.639616","-0.556284","-0.395697"
"2021-06-04","04 Jun 2021","0.523351","-0.738913","-0.186039","-0.692552","0.248753","-0.712192","0.344943","-0.639253","-0.573682","-0.417373"
"2021-06-07","07 Jun 2021","0.569834","-0.736571","-0.158729","-0.685774","0.272700","-0.707722","0.350244","-0.627602","-0.562217","-0.398396"
"2021-06-08","08 Jun 2021","0.501212","-0.735500","-0.193615","-0.688117","0.228487","-0.708826","0.316678","-0.634078","-0.574060","-0.420568"
"2021-06-09","09 Jun 2021","0.452737","-0.752136","-0.232822","-0.701882","0.193705","-0.725915","0.292750","-0.646075","-0.602430","-0.454817"
"2021-06-10","10 Jun 2021","0.489582","-0.748214","-0.212093","-0.697832","0.220918","-0.721357","0.317384","-0.641471","-0.592149","-0.439906"
"2021-06-11","11 Jun 2021","0.420630","-0.750457","-0.254479","-0.700294","0.180694","-0.725420","0.298583","-0.645456","-0.611782","-0.470696"
"2021-06-14","14 Jun 2021","0.461989","-0.745852","-0.224049","-0.696466","0.201442","-0.719711","0.298464","-0.641359","-0.594629","-0.446428"
"2021-06-15","15 Jun 2021","0.474313","-0.740049","-0.211385","-0.694742","0.212560","-0.714478","0.308736","-0.643068","-0.583772","-0.434204"
"2021-06-16","16 Jun 2021","0.477408","-0.742894","-0.212303","-0.696158","0.213487","-0.716960","0.308958","-0.643164","-0.586694","-0.436413"
"2021-06-17","17 Jun 2021","0.489825","-0.732200","-0.189507","-0.693234","0.219594","-0.707153","0.301550","-0.646600","-0.565146","-0.412441"
"2021-06-18","18 Jun 2021","0.446667","-0.727884","-0.203032","-0.692381","0.184615","-0.704006","0.258404","-0.649134","-0.564380","-0.416930"
"2021-06-21","21 Jun 2021","0.474163","-0.711213","-0.175213","-0.682329","0.210268","-0.688265","0.282997","-0.644656","-0.539541","-0.389871"
"2021-06-22","22 Jun 2021","0.505305","-0.714597","-0.164893","-0.687050","0.239314","-0.691695","0.322807","-0.650441","-0.538739","-0.385564"
"2021-06-23","23 Jun 2021","0.474591","-0.719466","-0.187644","-0.687410","0.216322","-0.696347","0.303780","-0.647312","-0.553403","-0.404575"
"2021-06-24","24 Jun 2021","0.473899","-0.720655","-0.188387","-0.688870","0.215532","-0.697579","0.302886","-0.649003","-0.554280","-0.405363"
"2021-06-25","25 Jun 2021","0.490251","-0.711456","-0.171455","-0.689712","0.238569","-0.690354","0.336972","-0.658741","-0.537769","-0.388085"
"2021-06-28","28 Jun 2021","0.488497","-0.715181","-0.177452","-0.686414","0.229865","-0.692621","0.318943","-0.649173","-0.545623","-0.395602"
"2021-06-29","29 Jun 2021","0.499874","-0.713824","-0.169070","-0.687679","0.239372","-0.691555","0.328535","-0.652592","-0.540150","-0.388539"
"2021-06-30","30 Jun 2021","0.447771","-0.719668","-0.203168","-0.688858","0.200584","-0.697514","0.294739","-0.650404","-0.559759","-0.415321"
"2021-07-01","01 Jul 2021","0.446135","-0.728100","-0.212134","-0.693180","0.196980","-0.705167","0.292188","-0.651122","-0.571018","-0.426214"
"2021-07-02","02 Jul 2021","0.416398","-0.735425","-0.237260","-0.694076","0.173753","-0.711887","0.273051","-0.646829","-0.589254","-0.448536"
"2021-07-05","05 Jul 2021","0.429870","-0.726537","-0.218962","-0.692812","0.186446","-0.704163","0.283454","-0.652046","-0.572052","-0.429706"
"2021-07-06","06 Jul 2021","0.381720","-0.738641","-0.260967","-0.693080","0.148712","-0.715037","0.252940","-0.642670","-0.603062","-0.467452"
"2021-07-07","07 Jul 2021","0.291282","-0.747251","-0.309489","-0.700124","0.075459","-0.724617","0.174116","-0.649236","-0.626715","-0.501778"
"2021-07-08","08 Jul 2021","0.267371","-0.753833","-0.326775","-0.704688","0.056225","-0.731188","0.156240","-0.652297","-0.638626","-0.516370"
"2021-07-09","09 Jul 2021","0.318210","-0.743911","-0.297933","-0.699322","0.105051","-0.721808","0.217401","-0.650742","-0.620888","-0.494124"
"2021-07-12","12 Jul 2021","0.312640","-0.743329","-0.304551","-0.694143","0.100374","-0.720572","0.213202","-0.641688","-0.625842","-0.500468"
"2021-07-13","13 Jul 2021","0.289692","-0.737671","-0.319212","-0.696349","0.108546","-0.717838","0.261780","-0.651909","-0.627505","-0.508996"
"2021-07-14","14 Jul 2021","0.289749","-0.743486","-0.317395","-0.695628","0.086364","-0.721585","0.203292","-0.644794","-0.630899","-0.509191"
"2021-07-15","15 Jul 2021","0.253285","-0.752786","-0.340896","-0.703625","0.056209","-0.731094","0.172860","-0.651974","-0.646101","-0.528110"
"2021-07-16","16 Jul 2021","0.236278","-0.759611","-0.351439","-0.706339","0.031835","-0.736993","0.131446","-0.650944","-0.655125","-0.537498"
"2021-07-19","19 Jul 2021","0.166500","-0.760996","-0.390240","-0.704524","-0.018848","-0.739063","0.086042","-0.647251","-0.672539","-0.564781"
"2021-07-20","20 Jul 2021","0.143134","-0.790497","-0.427698","-0.721960","-0.044858","-0.766467","0.062794","-0.654243","-0.712519","-0.605433"
"2021-07-21","21 Jul 2021","0.185160","-0.788019","-0.399458","-0.723985","-0.016640","-0.763885","0.081829","-0.659519","-0.696986","-0.583353"
"2021-07-22","22 Jul 2021","0.183450","-0.792898","-0.405726","-0.728627","-0.014149","-0.768901","0.093730","-0.664099","-0.703481","-0.590271"
"2021-07-23","23 Jul 2021","0.164821","-0.798342","-0.416062","-0.735588","-0.029514","-0.774797","0.077817","-0.672506","-0.709687","-0.598002"
"2021-07-26","26 Jul 2021","0.196858","-0.802471","-0.404531","-0.733959","-0.012929","-0.777106","0.084710","-0.665288","-0.710581","-0.593810"
"2021-07-27","27 Jul 2021","0.149555","-0.819102","-0.437420","-0.742734","-0.056412","-0.792341","0.041880","-0.667164","-0.735535","-0.622248"
"2021-07-28","28 Jul 2021","0.179000","-0.830469","-0.431567","-0.741934","-0.044481","-0.800179","0.049521","-0.654719","-0.744718","-0.625208"
"2021-07-29","29 Jul 2021","0.173750","-0.830016","-0.432167","-0.743819","-0.047625","-0.800244","0.046616","-0.658711","-0.743335","-0.624408"
"2021-07-30","30 Jul 2021","0.159710","-0.832995","-0.439880","-0.747261","-0.059408","-0.803462","0.033668","-0.662666","-0.747668","-0.630085"
"2021-08-02","02 Aug 2021","0.140854","-0.837973","-0.459808","-0.744011","-0.073989","-0.807362","0.024059","-0.652548","-0.763496","-0.649001"
"2021-08-03","03 Aug 2021","0.097816","-0.849919","-0.487273","-0.746498","-0.113354","-0.817360","-0.014184","-0.646504","-0.783290","-0.671957"
"2021-08-04","04 Aug 2021","0.072088","-0.854595","-0.505364","-0.748219","-0.133195","-0.821931","-0.031617","-0.645958","-0.794869","-0.686850"
"2021-08-05","05 Aug 2021","0.069174","-0.859970","-0.499342","-0.754285","-0.141917","-0.826350","-0.046441","-0.651710","-0.791350","-0.680402"
"2021-08-06","06 Aug 2021","0.115042","-0.834879","-0.455007","-0.739264","-0.100541","-0.802592","-0.007980","-0.645111","-0.752954","-0.637992"
"2021-08-09","09 Aug 2021","0.092906","-0.831478","-0.466429","-0.735537","-0.114294","-0.799762","-0.018393","-0.641574","-0.756019","-0.645074"
"2021-08-10","10 Aug 2021","0.085133","-0.831384","-0.470731","-0.731751","-0.124761","-0.798936","-0.035817","-0.634505","-0.758796","-0.648544"
"2021-08-11","11 Aug 2021","0.100131","-0.819434","-0.450355","-0.736618","-0.099320","-0.790522","0.001977","-0.654460","-0.736576","-0.626176"
"2021-08-12","12 Aug 2021","0.101126","-0.818902","-0.446857","-0.739508","-0.097937","-0.790588","0.002744","-0.660319","-0.732978","-0.622189"
"2021-08-13","13 Aug 2021","0.074584","-0.813380","-0.456156","-0.737038","-0.114523","-0.786294","-0.012084","-0.661012","-0.731762","-0.625407"
"2021-08-16","16 Aug 2021","0.048070","-0.818813","-0.483628","-0.730883","-0.134921","-0.790267","-0.026244","-0.645231","-0.752971","-0.651219"
"2021-08-17","17 Aug 2021","0.065965","-0.817225","-0.466388","-0.738687","-0.119465","-0.790048","-0.011821","-0.660989","-0.740129","-0.635269"
"2021-08-18","18 Aug 2021","0.062029","-0.819685","-0.475137","-0.743455","-0.118069","-0.793723","-0.005355","-0.668447","-0.746821","-0.643912"
"2021-08-19","19 Aug 2021","0.047996","-0.817106","-0.479471","-0.742991","-0.126936","-0.791836","-0.013365","-0.670051","-0.745723","-0.644974"
"2021-08-20","20 Aug 2021","0.037387","-0.821182","-0.487142","-0.746909","-0.135408","-0.796015","-0.020808","-0.673927","-0.751299","-0.651522"
"2021-08-23","23 Aug 2021","0.069880","-0.820733","-0.472818","-0.742056","-0.113999","-0.794099","-0.002840","-0.664739","-0.747672","-0.643529"
"2021-08-24","24 Aug 2021","0.066419","-0.815722","-0.469665","-0.739742","-0.115101","-0.789694","-0.004705","-0.664860","-0.741726","-0.638424"
"2021-08-25","25 Aug 2021","0.138049","-0.809474","-0.426152","-0.735837","-0.064179","-0.782466","0.037549","-0.661966","-0.719192","-0.605940"
"2021-08-26","26 Aug 2021","0.169202","-0.800975","-0.397556","-0.737396","-0.037707","-0.775269","0.061714","-0.671915","-0.697091","-0.579596"
"2021-08-27","27 Aug 2021","0.172205","-0.798355","-0.395866","-0.733202","-0.035472","-0.772355","0.063343","-0.666341","-0.695685","-0.578242"
"2021-08-30","30 Aug 2021","0.145091","-0.801440","-0.415923","-0.731730","-0.055697","-0.775186","0.046359","-0.661320","-0.708261","-0.594901"
"2021-08-31","31 Aug 2021","0.161819","-0.788741","-0.392934","-0.733601","-0.032863","-0.765299","0.075317","-0.676055","-0.684620","-0.570306"
"2021-09-01","01 Sep 2021","0.206304","-0.789663","-0.374343","-0.730776","-0.000681","-0.764779","0.107491","-0.669415","-0.680468","-0.560350"
"2021-09-02","02 Sep 2021","0.202040","-0.793770","-0.383023","-0.734920","0.000852","-0.769318","0.118705","-0.673941","-0.688000","-0.569188"
"2021-09-03","03 Sep 2021","0.255198","-0.785338","-0.349751","-0.727055","0.039227","-0.760021","0.150425","-0.665858","-0.669214","-0.543638"
"2021-09-06","06 Sep 2021","0.230594","-0.784103","-0.356996","-0.731501","0.022447","-0.760253","0.133499","-0.675575","-0.667933","-0.545385"
"2021-09-07","07 Sep 2021","0.293656","-0.768827","-0.309836","-0.725547","0.074360","-0.745725","0.183118","-0.677069","-0.635141","-0.505035"
"2021-09-08","08 Sep 2021","0.281588","-0.764157","-0.311515","-0.718833","0.059627","-0.740681","0.156421","-0.668545","-0.632759","-0.504042"
"2021-09-09","09 Sep 2021","0.262416","-0.778684","-0.335215","-0.727439","0.043402","-0.754441","0.145728","-0.672226","-0.654924","-0.528004"
"2021-09-10","10 Sep 2021","0.261661","-0.774093","-0.330434","-0.725992","0.044126","-0.750466","0.145353","-0.673552","-0.648324","-0.521740"
"2021-09-13","13 Sep 2021","0.272977","-0.776361","-0.325255","-0.729115","0.052062","-0.752649","0.152953","-0.677248","-0.647326","-0.518810"
"2021-09-14","14 Sep 2021","0.279437","-0.779474","-0.322741","-0.733458","0.056452","-0.755824","0.157394","-0.682550","-0.647679","-0.517781"
"2021-09-15","15 Sep 2021","0.294591","-0.770476","-0.307348","-0.732253","0.075190","-0.748362","0.181499","-0.688259","-0.632919","-0.502280"
"2021-09-16","16 Sep 2021","0.348870","-0.770037","-0.282318","-0.723661","0.106515","-0.745180","0.198983","-0.671615","-0.626500","-0.488013"
"2021-09-17","17 Sep 2021","0.368517","-0.763009","-0.265366","-0.720484","0.122955","-0.738558","0.213791","-0.671583","-0.613335","-0.472609"
"2021-09-20","20 Sep 2021","0.330298","-0.784579","-0.299468","-0.733805","0.083063","-0.758767","0.166558","-0.677790","-0.643521","-0.505129"
"2021-09-21","21 Sep 2021","0.296474","-0.785478","-0.320615","-0.731623","0.059019","-0.759825","0.146406","-0.673449","-0.654270","-0.521050"
"2021-09-22","22 Sep 2021","0.310063","-0.778307","-0.306654","-0.728674","0.071571","-0.753264","0.158250","-0.674068","-0.642045","-0.507495"
"2021-09-23","23 Sep 2021","0.350425","-0.758175","-0.256549","-0.730540","0.108697","-0.736429","0.189935","-0.694601","-0.597123","-0.457116"
"2021-09-24","24 Sep 2021","0.438864","-0.746460","-0.203612","-0.720467","0.175369","-0.723510","0.251593","-0.684865","-0.568449","-0.417349"
"2021-09-27","27 Sep 2021","0.421084","-0.744434","-0.204503","-0.726347","0.163482","-0.723163","0.238078","-0.697812","-0.562709","-0.413390"
"2021-09-28","28 Sep 2021","0.470096","-0.734530","-0.163762","-0.726264","0.199572","-0.713985","0.264749","-0.705505","-0.534315","-0.377743"
"2021-09-29","29 Sep 2021","0.416619","-0.748895","-0.208769","-0.728665","0.155645","-0.727076","0.225109","-0.698132","-0.567634","-0.417958"
"2021-09-30","30 Sep 2021","0.464681","-0.741061","-0.170187","-0.732889","0.194687","-0.720559","0.261271","-0.712237","-0.540946","-0.384366"
"2021-10-01","01 Oct 2021","0.424379","-0.762843","-0.214239","-0.741516","0.159863","-0.740582","0.233229","-0.709863","-0.579585","-0.427481"
"2021-10-04","04 Oct 2021","0.472933","-0.758341","-0.184558","-0.740248","0.196953","-0.735819","0.268357","-0.710799","-0.563572","-0.404980"
"2021-10-05","05 Oct 2021","0.488296","-0.761681","-0.179262","-0.737241","0.199945","-0.737315","0.260521","-0.701721","-0.565709","-0.403893"
"2021-10-06","06 Oct 2021","0.489774","-0.752569","-0.168801","-0.732212","0.201568","-0.728883","0.257363","-0.700191","-0.553029","-0.391327"
"2021-10-07","07 Oct 2021","0.510953","-0.761024","-0.165054","-0.738708","0.216168","-0.736566","0.274303","-0.704686","-0.558433","-0.393165"
"2021-10-08","08 Oct 2021","0.544552","-0.752144","-0.135633","-0.735860","0.240379","-0.727996","0.290741","-0.706504","-0.537093","-0.366927"
"2021-10-11","11 Oct 2021","0.579359","-0.734560","-0.100623","-0.727174","0.270536","-0.711513","0.316868","-0.705193","-0.507196","-0.333364"
"2021-10-12","12 Oct 2021","0.587347","-0.721026","-0.084251","-0.724432","0.286525","-0.700251","0.340042","-0.712118","-0.487507","-0.314298"
"2021-10-13","13 Oct 2021","0.509963","-0.718554","-0.114953","-0.725218","0.224743","-0.699380","0.269120","-0.716438","-0.494025","-0.330238"
"2021-10-14","14 Oct 2021","0.452807","-0.735307","-0.160991","-0.732218","0.177887","-0.715247","0.226559","-0.715576","-0.527843","-0.370862"
"2021-10-15","15 Oct 2021","0.464410","-0.725235","-0.142322","-0.729732","0.188466","-0.706316","0.233034","-0.719523","-0.509500","-0.351101"
"2021-10-18","18 Oct 2021","0.426471","-0.691444","-0.127009","-0.706145","0.158191","-0.674741","0.180246","-0.705018","-0.473296","-0.321095"
"2021-10-19","19 Oct 2021","0.453141","-0.659999","-0.082888","-0.699626","0.198482","-0.648207","0.232257","-0.720563","-0.424542","-0.272081"
"2021-10-20","20 Oct 2021","0.487827","-0.697325","-0.102191","-0.710316","0.205472","-0.679252","0.233977","-0.706939","-0.469138","-0.308391"
"2021-10-21","21 Oct 2021","0.495692","-0.682844","-0.070668","-0.712215","0.209905","-0.667075","0.223343","-0.722571","-0.435994","-0.272583"
"2021-10-22","22 Oct 2021","0.454797","-0.667456","-0.076117","-0.704591","0.183179","-0.653953","0.193157","-0.722332","-0.423558","-0.266792"
"2021-10-25","25 Oct 2021","0.457634","-0.689072","-0.095702","-0.716719","0.182350","-0.673691","0.201120","-0.726086","-0.450790","-0.292342"
"2021-10-26","26 Oct 2021","0.433950","-0.692954","-0.109592","-0.722424","0.166346","-0.678387","0.189111","-0.733744","-0.457960","-0.302499"
"2021-10-27","27 Oct 2021","0.336641","-0.697107","-0.162570","-0.726749","0.095454","-0.684451","0.122872","-0.739602","-0.481274","-0.339192"
"2021-10-28","28 Oct 2021","0.317039","-0.665200","-0.140645","-0.713673","0.091339","-0.656713","0.114998","-0.743493","-0.442041","-0.305020"
"2021-10-29","29 Oct 2021","0.338301","-0.628939","-0.069242","-0.694177","0.102682","-0.620453","0.100134","-0.735969","-0.369895","-0.225785"
"2021-11-01","01 Nov 2021","0.342839","-0.634013","-0.085653","-0.697913","0.110047","-0.626871","0.114951","-0.739958","-0.387070","-0.245532"
"2021-11-02","02 Nov 2021","0.345858","-0.708594","-0.147741","-0.741970","0.093877","-0.694802","0.113936","-0.756573","-0.474926","-0.326304"
"2021-11-03","03 Nov 2021","0.328899","-0.699390","-0.149763","-0.739119","0.088120","-0.687502","0.113251","-0.759843","-0.467593","-0.322837"
"2021-11-04","04 Nov 2021","0.331280","-0.778679","-0.214713","-0.791703","0.074134","-0.761071","0.119270","-0.788527","-0.558608","-0.406738"
"2021-11-05","05 Nov 2021","0.248303","-0.785654","-0.265450","-0.790383","0.006998","-0.767861","0.049302","-0.780920","-0.586486","-0.445509"
"2021-11-08","08 Nov 2021","0.292681","-0.790788","-0.250943","-0.785196","0.033948","-0.769979","0.072462","-0.765865","-0.588878","-0.441250"
"2021-11-09","09 Nov 2021","0.196449","-0.803885","-0.282662","-0.806490","-0.039832","-0.783940","0.000583","-0.793502","-0.595979","-0.455090"
"2021-11-10","10 Nov 2021","0.199007","-0.789785","-0.257620","-0.814760","-0.031131","-0.774150","0.004672","-0.821502","-0.565585","-0.424427"
"2021-11-11","11 Nov 2021","0.238106","-0.773631","-0.216511","-0.809032","-0.000842","-0.758893","0.025196","-0.824081","-0.531915","-0.385263"
"2021-11-12","12 Nov 2021","0.235435","-0.809040","-0.243283","-0.841645","-0.005379","-0.793763","0.033641","-0.854294","-0.567856","-0.418528"
"2021-11-15","15 Nov 2021","0.230606","-0.793665","-0.235440","-0.825503","-0.009187","-0.778300","0.022722","-0.837485","-0.554488","-0.407105"
"2021-11-16","16 Nov 2021","0.270033","-0.812621","-0.228503","-0.853791","0.027859","-0.798981","0.077964","-0.874081","-0.562877","-0.409540"
"2021-11-17","17 Nov 2021","0.261229","-0.809429","-0.231500","-0.848288","0.018996","-0.795449","0.064507","-0.866608","-0.562742","-0.410772"
"2021-11-18","18 Nov 2021","0.219636","-0.817076","-0.250222","-0.864644","-0.013040","-0.805377","0.029839","-0.891094","-0.570125","-0.422212"
"2021-11-19","19 Nov 2021","0.153003","-0.849930","-0.320625","-0.875699","-0.070587","-0.835286","-0.017234","-0.883890","-0.630806","-0.490476"
"2021-11-22","22 Nov 2021","0.167364","-0.839554","-0.312698","-0.869904","-0.055526","-0.826648","-0.002338","-0.882917","-0.622750","-0.483372"
"2021-11-23","23 Nov 2021","0.262718","-0.816944","-0.230139","-0.871544","0.021381","-0.806608","0.064410","-0.904346","-0.562029","-0.409285"
"2021-11-24","24 Nov 2021","0.284848","-0.820836","-0.202509","-0.868907","0.059076","-0.813726","0.149023","-0.908748","-0.556304","-0.387314"
"2021-11-25","25 Nov 2021","0.225550","-0.797409","-0.240303","-0.855999","0.019307","-0.793778","0.110848","-0.901391","-0.560986","-0.411626"
"2021-11-26","26 Nov 2021","0.138914","-0.825374","-0.320098","-0.869363","-0.062076","-0.823652","0.029287","-0.907309","-0.626982","-0.486852"
"2021-11-29","29 Nov 2021","0.164961","-0.801732","-0.289216","-0.845099","-0.038467","-0.800780","0.049204","-0.885258","-0.600141","-0.456503"
"2021-11-30","30 Nov 2021","0.073822","-0.813954","-0.350050","-0.854720","-0.115183","-0.815302","-0.032910","-0.895017","-0.637105","-0.505439"
"2021-12-01","01 Dec 2021","0.053970","-0.761368","-0.321884","-0.835905","-0.113558","-0.770654","-0.040479","-0.905707","-0.580485","-0.460271"
"2021-12-02","02 Dec 2021","0.025652","-0.789934","-0.367111","-0.852644","-0.142852","-0.797003","-0.062550","-0.910706","-0.624648","-0.508126"
"2021-12-03","03 Dec 2021","0.027618","-0.775033","-0.353460","-0.827925","-0.137043","-0.777711","-0.059796","-0.874266","-0.606302","-0.491070"
"2021-12-06","06 Dec 2021","0.001882","-0.780657","-0.376408","-0.811783","-0.164465","-0.780150","-0.089665","-0.841330","-0.628276","-0.513814"
"2021-12-07","07 Dec 2021","-0.008907","-0.752155","-0.362568","-0.794450","-0.164658","-0.754293","-0.094828","-0.833680","-0.600065","-0.491405"
"2021-12-08","08 Dec 2021","0.030924","-0.733031","-0.319499","-0.785918","-0.123207","-0.733807","-0.053754","-0.829760","-0.558807","-0.447799"
"2021-12-09","09 Dec 2021","0.033480","-0.749103","-0.347958","-0.779995","-0.133074","-0.748853","-0.056955","-0.809420","-0.599609","-0.485845"
"2021-12-10","10 Dec 2021","0.038855","-0.742225","-0.340218","-0.763876","-0.126977","-0.738370","-0.051497","-0.782936","-0.591144","-0.477485"
"2021-12-13","13 Dec 2021","0.028635","-0.727472","-0.358704","-0.749126","-0.138059","-0.729425","-0.059438","-0.775106","-0.605708","-0.496716"
"2021-12-15","15 Dec 2021","0.042111","-0.720863","-0.343778","-0.736174","-0.123950","-0.718815","-0.045558","-0.752990","-0.591315","-0.481546"
"2021-12-16","16 Dec 2021","0.082526","-0.727237","-0.331950","-0.747399","-0.094500","-0.727337","-0.009516","-0.770342","-0.594918","-0.479120"
"2021-12-17","17 Dec 2021","0.045284","-0.752308","-0.360455","-0.763338","-0.128134","-0.748539","-0.044978","-0.775442","-0.618772","-0.504730"
"2021-12-20","20 Dec 2021","0.076168","-0.755621","-0.351619","-0.766153","-0.105984","-0.752532","-0.017925","-0.779177","-0.621839","-0.503214"
"2021-12-21","21 Dec 2021","0.153966","-0.740732","-0.298454","-0.758169","-0.036702","-0.735986","0.057810","-0.773517","-0.584755","-0.458485"
"2021-12-22","22 Dec 2021","0.147382","-0.729483","-0.273762","-0.759500","-0.032044","-0.723128","0.054988","-0.780513","-0.549302","-0.424736"
"2021-12-23","23 Dec 2021","0.199440","-0.714686","-0.240241","-0.740037","0.012632","-0.705990","0.103848","-0.755519","-0.527286","-0.397671"
"2021-12-24","24 Dec 2021","0.199350","-0.718097","-0.240162","-0.744909","0.012398","-0.709381","0.103464","-0.761332","-0.527899","-0.397718"
"2021-12-27","27 Dec 2021","0.193249","-0.710086","-0.233502","-0.729196","0.010629","-0.697570","0.098447","-0.735953","-0.515999","-0.387287"
"2021-12-28","28 Dec 2021","0.195326","-0.704446","-0.231400","-0.723632","0.013044","-0.692416","0.101044","-0.730971","-0.513004","-0.384952"
"2021-12-29","29 Dec 2021","0.238169","-0.704157","-0.200141","-0.729064","0.050092","-0.690896","0.140073","-0.738976","-0.493206","-0.358723"
"2021-12-30","30 Dec 2021","0.240966","-0.690664","-0.188184","-0.716209","0.055839","-0.676960","0.143355","-0.725948","-0.477469","-0.344060"
"2021-12-31","31 Dec 2021","0.242084","-0.692422","-0.188500","-0.719369","0.056398","-0.679141","0.144241","-0.730545","-0.478652","-0.344864"
"2022-01-03","03 Jan 2022","0.337654","-0.676916","-0.123137","-0.692108","0.138110","-0.655938","0.231752","-0.687241","-0.437004","-0.291308"
"2022-01-04","04 Jan 2022","0.333335","-0.696751","-0.115898","-0.689072","0.133429","-0.663809","0.221518","-0.655626","-0.433498","-0.283043"
"2022-01-05","05 Jan 2022","0.345752","-0.673723","-0.107267","-0.680026","0.146858","-0.647509","0.237304","-0.663371","-0.421918","-0.274247"
"2022-01-06","06 Jan 2022","0.359712","-0.654385","-0.086280","-0.672796","0.163405","-0.631234","0.252177","-0.667541","-0.398181","-0.251123"
"2022-01-07","07 Jan 2022","0.363297","-0.650358","-0.071595","-0.669454","0.169249","-0.625058","0.254256","-0.662193","-0.382148","-0.233999"
"2022-01-10","10 Jan 2022","0.395771","-0.637603","-0.045805","-0.663656","0.198774","-0.613512","0.285137","-0.662498","-0.361790","-0.210807"
"2022-01-11","11 Jan 2022","0.392597","-0.631670","-0.041813","-0.656077","0.197897","-0.606618","0.282321","-0.652662","-0.354733","-0.204687"
"2022-01-12","12 Jan 2022","0.357322","-0.653393","-0.070561","-0.667720","0.164901","-0.625319","0.247659","-0.654104","-0.379690","-0.231301"
"2022-01-13","13 Jan 2022","0.302510","-0.648032","-0.093667","-0.675659","0.123429","-0.624882","0.199531","-0.675874","-0.383083","-0.243216"
"2022-01-14","14 Jan 2022","0.317931","-0.650315","-0.074833","-0.676028","0.137554","-0.623570","0.211318","-0.671036","-0.368554","-0.224876"
"2022-01-17","17 Jan 2022","0.353892","-0.622418","-0.040291","-0.671050","0.173527","-0.602419","0.247994","-0.688886","-0.335178","-0.190714"
"2022-01-18","18 Jan 2022","0.365336","-0.626301","-0.038541","-0.682992","0.181830","-0.609120","0.258911","-0.709475","-0.338083","-0.191928"
"2022-01-19","19 Jan 2022","0.402395","-0.623008","-0.012241","-0.682028","0.213302","-0.604699","0.292031","-0.709048","-0.321601","-0.170181"
"2022-01-20","20 Jan 2022","0.358043","-0.632277","-0.041506","-0.694055","0.175830","-0.615952","0.251701","-0.724840","-0.339963","-0.193751"
"2022-01-21","21 Jan 2022","0.312302","-0.675160","-0.079525","-0.687282","0.129124","-0.641468","0.200742","-0.665636","-0.378952","-0.231015"
"2022-01-24","24 Jan 2022","0.324188","-0.697504","-0.102020","-0.712704","0.131043","-0.667948","0.212615","-0.698055","-0.413727","-0.263102"
"2022-01-25","25 Jan 2022","0.341939","-0.707346","-0.093134","-0.721543","0.143950","-0.675978","0.226716","-0.704424","-0.413091","-0.258046"
"2022-01-26","26 Jan 2022","0.377478","-0.680768","-0.066075","-0.726991","0.178925","-0.660394","0.265378","-0.743476","-0.387462","-0.232638"
"2022-01-27","27 Jan 2022","0.352103","-0.655976","-0.052711","-0.710373","0.166560","-0.636188","0.242865","-0.732515","-0.356722","-0.207454"
"2022-01-28","28 Jan 2022","0.368928","-0.642833","-0.032972","-0.699395","0.183606","-0.622672","0.258698","-0.722575","-0.337567","-0.187309"
"2022-01-31","31 Jan 2022","0.397400","-0.591843","0.027559","-0.663375","0.221532","-0.572357","0.287505","-0.696969","-0.267003","-0.118029"
"2022-02-01","01 Feb 2022","0.403383","-0.586967","0.042503","-0.665138","0.231024","-0.566911","0.295110","-0.702107","-0.249815","-0.100596"
"2022-02-02","02 Feb 2022","0.383924","-0.574499","0.054239","-0.659741","0.223476","-0.552967","0.280433","-0.698824","-0.224254","-0.079121"
"2022-02-03","03 Feb 2022","0.381924","-0.485377","0.134626","-0.618791","0.258857","-0.464522","0.300321","-0.681737","-0.096441","0.030490"
"2022-02-04","04 Feb 2022","0.376403","-0.370467","0.195480","-0.579491","0.285961","-0.362273","0.316123","-0.681009","0.017093","0.118100"
"2022-02-07","07 Feb 2022","0.445266","-0.362126","0.245082","-0.573507","0.345214","-0.352760","0.378594","-0.680750","0.048684","0.159557"
"2022-02-08","08 Feb 2022","0.520244","-0.380312","0.288586","-0.582328","0.404522","-0.365077","0.443175","-0.683569","0.063650","0.189867"
"2022-02-09","09 Feb 2022","0.503003","-0.434191","0.250321","-0.603519","0.376911","-0.412390","0.419128","-0.683858","0.008700","0.143093"
"2022-02-10","10 Feb 2022","0.529852","-0.417656","0.281690","-0.607095","0.405935","-0.396698","0.447362","-0.696057","0.042227","0.176113"
"2022-02-11","11 Feb 2022","0.525441","-0.400861","0.285675","-0.598737","0.405682","-0.382844","0.445693","-0.694958","0.053351","0.183553"
"2022-02-14","14 Feb 2022","0.549208","-0.452654","0.277071","-0.627304","0.413470","-0.427935","0.458963","-0.707264","0.017840","0.161738"
"2022-02-15","15 Feb 2022","0.643478","-0.424995","0.347856","-0.609483","0.496133","-0.401393","0.545598","-0.699506","0.068096","0.222839"
"2022-02-16","16 Feb 2022","0.618239","-0.455430","0.308208","-0.618257","0.464073","-0.430890","0.516107","-0.697433","0.020063","0.177902"
"2022-02-17","17 Feb 2022","0.601862","-0.488535","0.279858","-0.634526","0.442002","-0.460226","0.496162","-0.699878","-0.016196","0.145038"
"2022-02-18","18 Feb 2022","0.602224","-0.536972","0.249480","-0.659895","0.427848","-0.504354","0.487517","-0.708271","-0.067218","0.103098"
"2022-02-21","21 Feb 2022","0.580898","-0.539407","0.238261","-0.659807","0.411322","-0.505174","0.469191","-0.703590","-0.071176","0.095748"
"2022-02-22","22 Feb 2022","0.623875","-0.442501","0.313543","-0.607146","0.469642","-0.420451","0.521765","-0.691231","0.026045","0.183268"
"2022-02-23","23 Feb 2022","0.572470","-0.426490","0.298696","-0.606629","0.435958","-0.405593","0.481744","-0.696113","0.038607","0.182775"
"2022-02-24","24 Feb 2022","0.487961","-0.490233","0.210889","-0.651018","0.350022","-0.469452","0.396454","-0.731585","-0.048857","0.094088"
"2022-02-25","25 Feb 2022","0.564980","-0.464431","0.264369","-0.623588","0.415613","-0.443775","0.466117","-0.705976","-0.013720","0.138242"
"2022-02-28","28 Feb 2022","0.591278","-0.563614","0.215189","-0.681589","0.406712","-0.535417","0.470973","-0.734250","-0.112991","0.060969"
"2022-03-01","01 Mar 2022","0.468314","-0.754065","0.032673","-0.763247","0.257579","-0.696544","0.333503","-0.712699","-0.326992","-0.142031"
"2022-03-02","02 Mar 2022","0.436780","-0.676555","0.031379","-0.721619","0.242099","-0.639585","0.313491","-0.718361","-0.298307","-0.129937"
"2022-03-03","03 Mar 2022","0.484655","-0.601713","0.098679","-0.691243","0.298490","-0.578585","0.366055","-0.732963","-0.220241","-0.055869"
"2022-03-04","04 Mar 2022","0.390487","-0.776095","-0.027954","-0.773832","0.171053","-0.723930","0.231380","-0.724404","-0.383866","-0.200322"
"2022-03-07","07 Mar 2022","0.416455","-0.716903","0.025735","-0.750790","0.163196","-0.680093","0.173561","-0.743771","-0.331619","-0.144680"
"2022-03-08","08 Mar 2022","0.574882","-0.638728","0.155441","-0.715639","0.311098","-0.611573","0.328210","-0.748386","-0.222629","-0.025206"
"2022-03-09","09 Mar 2022","0.632356","-0.558413","0.244812","-0.672370","0.409477","-0.536309","0.450112","-0.734487","-0.113810","0.077464"
"2022-03-10","10 Mar 2022","0.604521","-0.478793","0.286471","-0.647773","0.446557","-0.458435","0.500023","-0.737543","-0.007049","0.153150"
"2022-03-11","11 Mar 2022","0.602198","-0.441983","0.309236","-0.615352","0.456187","-0.419282","0.505207","-0.701578","0.033133","0.185471"
"2022-03-14","14 Mar 2022","0.685054","-0.411765","0.376647","-0.601560","0.531452","-0.390648","0.583107","-0.700067","0.086538","0.246490"
"2022-03-15","15 Mar 2022","0.732076","-0.465632","0.373406","-0.627669","0.554184","-0.437738","0.614588","-0.705845","0.045582","0.223561"
"2022-03-16","16 Mar 2022","0.765200","-0.444465","0.414851","-0.620076","0.591017","-0.414526","0.649832","-0.701614","0.089755","0.267675"
"2022-03-17","17 Mar 2022","0.725487","-0.420336","0.417148","-0.625420","0.571644","-0.392046","0.623170","-0.718729","0.122463","0.286340"
"2022-03-18","18 Mar 2022","0.711758","-0.436143","0.398749","-0.634398","0.555656","-0.407921","0.607991","-0.725510","0.101007","0.266154"
"2022-03-21","21 Mar 2022","0.799395","-0.399177","0.470039","-0.601406","0.635192","-0.369562","0.690283","-0.694381","0.157671","0.330651"
"2022-03-22","22 Mar 2022","0.823904","-0.317947","0.537713","-0.579302","0.680890","-0.294015","0.728621","-0.697509","0.258084","0.415558"
"2022-03-23","23 Mar 2022","0.802064","-0.332732","0.516020","-0.589142","0.659134","-0.309207","0.706845","-0.706675","0.236921","0.393968"
"2022-03-24","24 Mar 2022","0.804798","-0.279915","0.541265","-0.580084","0.673063","-0.267630","0.716997","-0.726309","0.281587","0.428568"
"2022-03-25","25 Mar 2022","0.843990","-0.211546","0.595527","-0.561286","0.719767","-0.210440","0.761181","-0.733619","0.349062","0.489143"
"2022-03-28","28 Mar 2022","0.812528","-0.141518","0.597123","-0.547383","0.704826","-0.156231","0.740728","-0.724668","0.382228","0.504822"
"2022-03-29","29 Mar 2022","0.832171","-0.061542","0.626618","-0.484967","0.729395","-0.095271","0.763654","-0.712674","0.421544","0.538539"
"2022-03-30","30 Mar 2022","0.915409","0.055541","0.726262","-0.456267","0.820831","0.002672","0.852353","-0.706058","0.536392","0.645151"
"2022-03-31","31 Mar 2022","0.812518","-0.048976","0.617861","-0.494114","0.715189","-0.086021","0.747632","-0.699275","0.423416","0.534441"
"2022-04-01","01 Apr 2022","0.835342","-0.031105","0.637640","-0.483793","0.736491","-0.073711","0.769441","-0.715821","0.440191","0.552917"
"2022-04-04","04 Apr 2022","0.757672","-0.100146","0.563821","-0.486911","0.660747","-0.120652","0.693056","-0.665934","0.370334","0.480752"
"2022-04-05","05 Apr 2022","0.837438","-0.064240","0.632700","-0.473303","0.735069","-0.088104","0.769192","-0.668963","0.428391","0.544968"
"2022-04-06","06 Apr 2022","0.930386","-0.024398","0.714071","-0.462822","0.822229","-0.050401","0.858282","-0.668769","0.498169","0.621376"
"2022-04-07","07 Apr 2022","0.956322","0.013022","0.740960","-0.450649","0.848641","-0.024824","0.884535","-0.687182","0.525973","0.648672"
"2022-04-08","08 Apr 2022","0.945790","0.048249","0.742405","-0.441754","0.844098","0.000212","0.877995","-0.682602","0.539141","0.655240"
"2022-04-11","11 Apr 2022","1.051438","0.156375","0.850064","-0.396878","0.950751","0.092497","0.984313","-0.650759","0.648596","0.763754"
"2022-04-12","12 Apr 2022","1.046001","0.093253","0.829443","-0.423859","0.937722","0.042505","0.973815","-0.676977","0.613089","0.736636"
"2022-04-13","13 Apr 2022","1.043590","0.073167","0.820567","-0.398098","0.932079","0.033328","0.969250","-0.651329","0.598012","0.724999"
"2022-04-14","14 Apr 2022","1.129208","0.018047","0.870733","-0.435065","0.999974","-0.005076","1.043054","-0.680135","0.613421","0.760005"
"2022-04-19","19 Apr 2022","1.263660","0.048953","0.980727","-0.417502","1.122198","0.032680","1.169355","-0.661761","0.699289","0.859534"
"2022-04-20","20 Apr 2022","1.145596","0.039902","0.889684","-0.410116","1.017643","0.019120","1.060296","-0.645331","0.634838","0.780048"
"2022-04-21","21 Apr 2022","1.146537","0.169893","0.921211","-0.360168","1.033875","0.111387","1.071429","-0.656344","0.696199","0.824651"
"2022-04-22","22 Apr 2022","1.174278","0.337272","0.977083","-0.308154","1.075680","0.227154","1.108546","-0.625600","0.779919","0.892571"
"2022-04-25","25 Apr 2022","1.113021","0.188454","0.899414","-0.323358","1.006218","0.129554","1.041819","-0.611864","0.686086","0.807875"
"2022-04-26","26 Apr 2022","1.079168","0.173324","0.869413","-0.332817","0.974290","0.113322","1.009250","-0.622921","0.659932","0.779524"
"2022-04-27","27 Apr 2022","1.080569","0.093241","0.850561","-0.348071","0.965567","0.059569","1.003902","-0.600908","0.621378","0.752016"
"2022-04-28","28 Apr 2022","1.165739","0.202886","0.942193","-0.317073","1.053966","0.143344","1.091224","-0.621898","0.719014","0.846397"
"2022-04-29","29 Apr 2022","1.135084","0.302156","0.939445","-0.261823","1.037265","0.213532","1.069871","-0.593738","0.743911","0.855601"
"2022-05-02","02 May 2022","1.247613","0.233312","1.011989","-0.270582","1.129802","0.183779","1.169073","-0.564365","0.776926","0.911025"
"2022-05-03","03 May 2022","1.168955","0.251394","0.955000","-0.276546","1.061978","0.183262","1.097637","-0.594010","0.741327","0.863312"
"2022-05-04","04 May 2022","1.244377","0.343773","1.032894","-0.250365","1.138635","0.252290","1.173883","-0.606805","0.821549","0.942260"
"2022-05-05","05 May 2022","1.259456","0.299589","1.035599","-0.261669","1.147528","0.225615","1.184837","-0.598488","0.812014","0.939667"
"2022-05-06","06 May 2022","1.352271","0.393807","1.127876","-0.218402","1.240074","0.303431","1.277473","-0.584057","0.903652","1.031710"
"2022-05-09","09 May 2022","1.430893","0.251556","1.153717","-0.230655","1.292310","0.222445","1.338508","-0.508117","0.877999","1.034989"
"2022-05-10","10 May 2022","1.334057","0.161516","1.055791","-0.267608","1.194933","0.145936","1.241314","-0.508865","0.779645","0.936639"
"2022-05-11","11 May 2022","1.382308","0.135437","1.079690","-0.269935","1.231025","0.128540","1.281471","-0.500596","0.780742","0.950216"
"2022-05-12","12 May 2022","1.261958","0.018055","0.932498","-0.293172","1.097463","0.019971","1.152469","-0.485350","0.614579","0.792360"
"2022-05-13","13 May 2022","1.302182","0.106014","0.997993","-0.246831","1.150175","0.098476","1.200908","-0.467281","0.700524","0.868143"
"2022-05-16","16 May 2022","1.318038","0.104977","1.002073","-0.239641","1.160201","0.095723","1.212922","-0.464226","0.695013","0.867413"
"2022-05-17","17 May 2022","1.343558","0.271881","1.090107","-0.196237","1.216836","0.233209","1.259079","-0.484290","0.837908","0.981538"
"2022-05-18","18 May 2022","1.304709","0.372588","1.087190","-0.170827","1.195950","0.300966","1.232203","-0.498621","0.869944","0.993975"
"2022-05-19","19 May 2022","1.203842","0.287610","0.989519","-0.197376","1.096681","0.231055","1.132402","-0.495835","0.775649","0.897679"
"2022-05-20","20 May 2022","1.286989","0.237682","1.034908","-0.191453","1.160957","0.204353","1.202973","-0.465206","0.784674","0.926966"
"2022-05-23","23 May 2022","1.297239","0.257277","1.047112","-0.172866","1.172184","0.222211","1.213875","-0.450240","0.798804","0.940005"
"2022-05-24","24 May 2022","1.316754","0.287428","1.072538","-0.165196","1.194650","0.248167","1.235354","-0.448884","0.829570","0.967927"
"2022-05-25","25 May 2022","1.320238","0.205548","1.041446","-0.178729","1.180885","0.182894","1.227368","-0.433137","0.767114","0.922270"
"2022-05-26","26 May 2022","1.435934","0.156288","1.074923","-0.179365","1.256121","0.138385","1.316582","-0.422695","0.733880","0.922441"
"2022-05-27","27 May 2022","1.391146","0.198666","1.051377","-0.141534","1.221968","0.169853","1.278896","-0.402855","0.731067","0.907984"
"2022-05-30","30 May 2022","1.442530","0.305548","1.163024","-0.107231","1.302802","0.280090","1.349397","-0.374550","0.886933","1.043445"
"2022-05-31","31 May 2022","1.472933","0.400212","1.219637","-0.081330","1.346288","0.357796","1.388505","-0.378992","0.967475","1.111128"
"2022-06-01","01 Jun 2022","1.522525","0.351134","1.231257","-0.062505","1.376929","0.325537","1.425488","-0.335644","0.944222","1.106707"
"2022-06-02","02 Jun 2022","1.563214","0.535149","1.322099","-0.024270","1.442657","0.465889","1.482843","-0.374824","1.081462","1.218778"
"2022-06-03","03 Jun 2022","1.594019","0.574138","1.354644","-0.008191","1.474332","0.496791","1.514228","-0.374631","1.115651","1.252065"
"2022-06-06","06 Jun 2022","1.618973","0.606632","1.381554","0.033825","1.500264","0.531771","1.539834","-0.325039","1.144525","1.279813"
"2022-06-07","07 Jun 2022","1.610323","0.596204","1.372057","0.026930","1.491190","0.521798","1.530902","-0.333882","1.134213","1.269954"
"2022-06-08","08 Jun 2022","1.656967","0.724003","1.434579","0.056650","1.545773","0.607926","1.582838","-0.368759","1.212309","1.339272"
"2022-06-09","09 Jun 2022","1.677969","0.951512","1.488153","0.156294","1.583061","0.752919","1.614697","-0.382408","1.298348","1.406804"
"2022-06-10","10 Jun 2022","1.693667","1.188581","1.528374","0.237694","1.611021","0.873680","1.638570","-0.481989","1.363081","1.457534"
"2022-06-13","13 Jun 2022","1.809892","1.438969","1.657787","0.410577","1.733839","1.051798","1.759190","-0.455634","1.505681","1.592599"
"2022-06-14","14 Jun 2022","1.909621","1.489667","1.748619","0.443880","1.829120","1.107926","1.855953","-0.411994","1.587617","1.679618"
"2022-06-15","15 Jun 2022","1.869645","1.427054","1.708373","0.415027","1.789009","1.067365","1.815888","-0.395947","1.547101","1.639257"
"2022-06-16","16 Jun 2022","2.042792","1.447550","1.860260","0.509817","1.951526","1.147428","1.981948","-0.386758","1.677735","1.782032"
"2022-06-17","17 Jun 2022","2.103605","1.379675","1.782502","0.480488","1.958036","1.075472","2.018928","-0.487832","1.546421","1.662405"
"2022-06-20","20 Jun 2022","2.166588","1.412209","1.801857","0.529659","2.002538","1.103449","2.072318","-0.436523","1.545383","1.667451"
"2022-06-21","21 Jun 2022","2.177122","1.375455","1.830363","0.489822","2.019311","1.081242","2.084776","-0.457647","1.572959","1.699997"
"2022-06-22","22 Jun 2022","2.054841","1.234021","1.691671","0.443914","1.897500","0.980282","1.970536","-0.385404","1.439045","1.559943"
"2022-06-23","23 Jun 2022","2.011294","1.035486","1.488864","0.324537","1.787649","0.782891","1.893862","-0.459385","1.159112","1.304837"
"2022-06-24","24 Jun 2022","2.067739","1.091944","1.584678","0.378580","1.848765","0.839450","1.940272","-0.414951","1.249372","1.406201"
"2022-06-27","27 Jun 2022","2.034333","1.095556","1.601321","0.373802","1.835249","0.849672","1.915849","-0.415510","1.287068","1.438448"
"2022-06-28","28 Jun 2022","2.128566","1.188733","1.728306","0.420579","1.935945","0.922468","2.006080","-0.439731","1.406469","1.569942"
"2022-06-29","29 Jun 2022","2.099196","1.170015","1.657256","0.432258","1.890215","0.899532","1.969436","-0.413838","1.324569","1.487019"
"2022-06-30","30 Jun 2022","1.951770","0.859204","1.498440","0.307471","1.727648","0.642969","1.804282","-0.417479","1.105550","1.311797"
"2022-07-01","01 Jul 2022","1.933286","0.682453","1.404494","0.231641","1.672857","0.503871","1.762690","-0.378929","0.957606","1.188726"
"2022-07-04","04 Jul 2022","1.976616","0.808353","1.450086","0.281045","1.721783","0.609804","1.813308","-0.363646","1.033156","1.241455"
"2022-07-05","05 Jul 2022","1.843167","0.599509","1.335982","0.186150","1.592393","0.437467","1.678117","-0.390063","0.897784","1.127220"
"2022-07-06","06 Jul 2022","1.836868","0.480605","1.252081","0.119391","1.553586","0.356988","1.655127","-0.322362","0.787138","1.019899"
"2022-07-07","07 Jul 2022","1.919125","0.653395","1.363792","0.197645","1.651043","0.492792","1.747915","-0.346706","0.925982","1.144334"
"2022-07-08","08 Jul 2022","1.900127","0.611852","1.373487","0.204960","1.645812","0.471870","1.737790","-0.341731","0.942901","1.163089"
"2022-07-11","11 Jul 2022","1.886130","0.534145","1.326262","0.202990","1.614326","0.403858","1.711370","-0.372545","0.864774","1.101381"
"2022-07-12","12 Jul 2022","1.726142","0.376922","1.188337","0.092803","1.465990","0.293819","1.559685","-0.283802","0.748221","0.973194"
"2022-07-13","13 Jul 2022","1.773415","0.499071","1.263797","0.179090","1.525144","0.385750","1.613061","-0.321445","0.837996","1.057985"
"2022-07-14","14 Jul 2022","1.700684","0.645827","1.263601","0.293640","1.487732","0.502336","1.563128","-0.308199","0.897992","1.087030"
"2022-07-15","15 Jul 2022","1.699887","0.577275","1.220601","0.214121","1.470813","0.445795","1.555732","-0.278789","0.839444","1.031510"
"2022-07-18","18 Jul 2022","1.773076","0.601929","1.291122","0.211748","1.546341","0.488783","1.633710","-0.215493","0.915485","1.103420"
"2022-07-19","19 Jul 2022","1.753448","0.714237","1.318397","0.282144","1.547538","0.571630","1.625732","-0.227175","0.975144","1.147958"
"2022-07-20","20 Jul 2022","1.729869","0.650232","1.302040","0.235109","1.531371","0.540976","1.610591","-0.184628","0.969766","1.136518"
"2022-07-21","21 Jul 2022","1.771390","0.661032","1.354698","0.304772","1.574449","0.582922","1.649575","-0.034251","1.020536","1.190850"
"2022-07-22","22 Jul 2022","1.550604","0.430788","1.100348","0.176708","1.351201","0.387763","1.440504","-0.050742","0.768352","0.931082"
"2022-07-25","25 Jul 2022","1.647497","0.478177","1.159490","0.228254","1.419805","0.424185","1.509059","-0.017007","0.792923","0.972313"
"2022-07-26","26 Jul 2022","1.523938","0.331603","1.009946","0.163752","1.293371","0.309270","1.392716","0.014717","0.643034","0.818202"
"2022-07-27","27 Jul 2022","1.524414","0.381787","1.022221","0.204596","1.299585","0.351423","1.396801","0.039806","0.667520","0.835669"
"2022-07-28","28 Jul 2022","1.443966","0.250509","0.895554","0.141822","1.189944","0.227990","1.291073","0.021522","0.502884","0.688513"
"2022-07-29","29 Jul 2022","1.442117","0.269841","0.928512","0.156665","1.202619","0.254391","1.296548","0.044356","0.551334","0.732679"
"2022-08-01","01 Aug 2022","1.363227","0.202292","0.850012","0.138671","1.127070","0.206210","1.222677","0.085201","0.480413","0.656357"
"2022-08-02","02 Aug 2022","1.333569","0.280216","0.832955","0.169484","1.095580","0.234675","1.184664","0.005427","0.462850","0.639916"
"2022-08-03","03 Aug 2022","1.359389","0.411770","0.925582","0.235220","1.151186","0.345738","1.227423","0.003235","0.594221","0.756023"
"2022-08-04","04 Aug 2022","1.357566","0.374430","0.881118","0.235386","1.131778","0.315963","1.216907","0.038976","0.532284","0.698199"
"2022-08-05","05 Aug 2022","1.426939","0.506790","0.965567","0.295062","1.216411","0.430585","1.303068","0.044581","0.649593","0.794747"
"2022-08-08","08 Aug 2022","1.410661","0.460017","0.941479","0.275683","1.193666","0.392520","1.280251","0.050103","0.612837","0.765639"
"2022-08-09","09 Aug 2022","1.482820","0.535327","1.010876","0.319611","1.267675","0.459352","1.356441","0.066974","0.687363","0.836164"
"2022-08-10","10 Aug 2022","1.406884","0.469196","0.940015","0.283057","1.192022","0.400929","1.278737","0.056640","0.616150","0.765887"
"2022-08-11","11 Aug 2022","1.496641","0.504496","1.005834","0.308834","1.268239","0.429778","1.358069","0.063206","0.658994","0.820925"
"2022-08-12","12 Aug 2022","1.552599","0.523352","1.036433","0.313512","1.316690","0.447236","1.413435","0.061641","0.682498","0.845100"
"2022-08-15","15 Aug 2022","1.431997","0.486866","0.976534","0.294618","1.236865","0.436899","1.329979","0.099339","0.678330","0.813448"
"2022-08-16","16 Aug 2022","1.571173","0.545488","1.056658","0.332783","1.340684","0.474172","1.439707","0.090044","0.712262","0.868692"
"2022-08-17","17 Aug 2022","1.603901","0.758639","1.137629","0.447543","1.397271","0.636413","1.488058","0.078398","0.838494","0.970157"
"2022-08-18","18 Aug 2022","1.591553","0.794140","1.158773","0.477925","1.395439","0.667686","1.477353","0.096754","0.871083","1.000434"
"2022-08-19","19 Aug 2022","1.680573","0.883705","1.294327","0.571747","1.491213","0.732291","1.557206","0.102851","0.980515","1.138698"
"2022-08-22","22 Aug 2022","1.715014","0.997861","1.336882","0.544192","1.532671","0.797777","1.598681","-0.051635","1.048047","1.188720"
"2022-08-23","23 Aug 2022","1.768942","1.042429","1.413667","0.555340","1.594360","0.824596","1.654881","-0.113158","1.119745","1.269704"
"2022-08-24","24 Aug 2022","1.784805","1.091295","1.441764","0.559603","1.615315","0.844269","1.673344","-0.199980","1.149863","1.301136"
"2022-08-25","25 Aug 2022","1.798186","1.027066","1.422972","0.538988","1.611822","0.773133","1.674870","-0.266613","1.093056","1.267096"
"2022-08-26","26 Aug 2022","1.910552","1.173484","1.517125","0.587018","1.716394","0.882284","1.783042","-0.289027","1.187107","1.356483"
"2022-08-29","29 Aug 2022","1.965183","1.252938","1.605704","0.629087","1.787803","0.968738","1.848715","-0.237249","1.301709","1.458756"
"2022-08-30","30 Aug 2022","1.830567","1.241809","1.532935","0.618629","1.686439","0.991093","1.738123","-0.141370","1.297239","1.415099"
"2022-08-31","31 Aug 2022","1.840150","1.362343","1.571382","0.661172","1.711013","1.075590","1.758155","-0.190956","1.364827","1.466385"
"2022-09-01","01 Sep 2022","1.980318","1.341638","1.637436","0.669003","1.817215","1.071420","1.878154","-0.140262","1.381684","1.505247"
"2022-09-02","02 Sep 2022","1.933663","1.220754","1.544042","0.608997","1.752539","0.978366","1.823878","-0.116378","1.270191","1.397923"
"2022-09-05","05 Sep 2022","1.987998","1.228671","1.629225","0.624783","1.817427","1.006274","1.881277","-0.070942","1.356021","1.490205"
"2022-09-06","06 Sep 2022","2.138868","1.237994","1.682226","0.647801","1.921434","1.001828","2.002501","-0.071480","1.341307","1.505852"
"2022-09-07","07 Sep 2022","1.903775","1.026318","1.615696","0.644698","1.759790","0.882753","1.807825","-0.010544","1.336119","1.492751"
"2022-09-08","08 Sep 2022","1.951320","1.184899","1.669994","0.779340","1.810782","1.008590","1.857719","0.089522","1.401309","1.550343"
"2022-09-09","09 Sep 2022","2.019718","1.440483","1.748032","0.917519","1.884474","1.194474","1.929999","0.130153","1.502240","1.634242"
"2022-09-12","12 Sep 2022","1.995805","1.387537","1.710170","0.981876","1.854512","1.202941","1.902758","0.402592","1.464748","1.592689"
"2022-09-13","13 Sep 2022","2.018702","1.487543","1.778464","1.030924","1.899406","1.288552","1.939786","0.398672","1.564901","1.678543"
"2022-09-14","14 Sep 2022","1.987791","1.500655","1.788951","1.053363","1.888491","1.303015","1.921678","0.372300","1.599998","1.704516"
"2022-09-15","15 Sep 2022","1.937542","1.597699","1.766069","1.109067","1.852144","1.375471","1.880861","0.415374","1.609432","1.694097"
"2022-09-16","16 Sep 2022","1.936259","1.647699","1.820071","1.222283","1.878166","1.452025","1.897531","0.412747","1.704593","1.770297"
"2022-09-19","19 Sep 2022","1.995813","1.638975","1.844714","1.356115","1.920268","1.460912","1.945453","0.490521","1.695865","1.780039"
"2022-09-20","20 Sep 2022","2.130982","1.842748","1.984119","1.452963","2.057559","1.613809","2.082039","0.530772","1.840249","1.921308"
"2022-09-21","21 Sep 2022","2.025908","1.852539","1.913965","1.469983","1.969940","1.621038","1.988599","0.531563","1.803755","1.866054"
"2022-09-22","22 Sep 2022","2.083241","1.995157","1.992623","1.590871","2.037934","1.747942","2.053038","0.608058","1.903187","1.953827"
"2022-09-23","23 Sep 2022","2.074934","2.070235","2.015053","1.610027","2.044993","1.814677","2.054974","0.624045","1.955407","1.989394"
"2022-09-26","26 Sep 2022","2.158781","2.115815","2.092629","1.661185","2.125705","1.868978","2.136731","0.666705","2.026671","2.064282"
"2022-09-27","27 Sep 2022","2.286892","2.173525","2.182903","1.671139","2.234900","1.886719","2.252232","0.575529","2.080186","2.138381"
"2022-09-28","28 Sep 2022","2.356376","2.019301","2.195363","1.592781","2.275878","1.778489","2.302717","0.615672","2.037383","2.126488"
"2022-09-29","29 Sep 2022","2.420725","2.018564","2.252503","1.594352","2.336620","1.796784","2.364660","0.662921","2.086909","2.180515"
"2022-09-30","30 Sep 2022","2.319522","1.843277","2.134773","1.543368","2.227155","1.666219","2.257949","0.673857","1.953103","2.055717"
"2022-10-03","03 Oct 2022","2.249428","1.786971","2.044694","1.533519","2.147088","1.602176","2.181221","0.709474","1.846346","1.957276"
"2022-10-04","04 Oct 2022","2.154014","1.663427","1.936058","1.430168","2.045083","1.488598","2.081428","0.678430","1.726629","1.843137"
"2022-10-05","05 Oct 2022","2.263902","1.737801","2.039071","1.512128","2.151515","1.559545","2.188998","0.670775","1.821217","1.943068"
"2022-10-06","06 Oct 2022","2.384791","1.982764","2.150407","1.581789","2.185620","1.704434","2.141802","0.607726","1.897066","2.035389"
"2022-10-07","07 Oct 2022","2.543064","2.091922","2.278110","1.623170","2.302539","1.795358","2.222300","0.655319","2.002705","2.150074"
"2022-10-10","10 Oct 2022","2.616261","2.029555","2.308001","1.631282","2.356483","1.764936","2.283930","0.702543","1.998964","2.163450"
"2022-10-11","11 Oct 2022","2.823499","2.122798","2.450996","1.663921","2.513167","1.841846","2.409476","0.729019","2.101652","2.282923"
"2022-10-12","12 Oct 2022","2.965590","2.066371","2.495448","1.671591","2.607593","1.808553","2.500761","0.763415","2.086726","2.293746"
"2022-10-13","13 Oct 2022","2.880491","2.136238","2.451890","1.706741","2.563385","1.866495","2.474223","0.830453","2.092888","2.271540"
"2022-10-14","14 Oct 2022","2.846728","2.105168","2.390919","1.735789","2.517823","1.832240","2.429608","0.815180","2.019156","2.201915"
"2022-10-17","17 Oct 2022","2.797918","2.114816","2.375277","1.811555","2.475134","1.850672","2.378910","0.857728","2.014753","2.194874"
"2022-10-18","18 Oct 2022","2.772236","2.196772","2.364947","1.784867","2.475625","1.903707","2.389324","0.864902","2.040672","2.197461"
"2022-10-19","19 Oct 2022","2.796474","2.368070","2.443988","1.830585","2.521551","2.038662","2.418534","0.873476","2.164931","2.298030"
"2022-10-20","20 Oct 2022","2.895336","2.441274","2.507453","1.878122","2.602662","2.095670","2.491380","0.885299","2.213895","2.350888"
"2022-10-21","21 Oct 2022","2.975793","2.385512","2.545366","1.867110","2.655259","2.058615","2.539910","0.895480","2.211598","2.370372"
"2022-10-24","24 Oct 2022","2.823141","2.309998","2.419958","1.844765","2.528285","1.992368","2.433639","0.890585","2.108266","2.256228"
"2022-10-25","25 Oct 2022","2.620774","2.254952","2.286172","1.814945","2.369513","1.941045","2.293601","0.872764","2.020431","2.147568"
"2022-10-26","26 Oct 2022","2.592172","2.245514","2.267224","1.881777","2.337263","1.940309","2.254865","0.912012","1.998238","2.129181"
"2022-10-27","27 Oct 2022","2.515618","2.129074","2.164859","1.898495","2.261330","1.864454","2.194756","0.979468","1.888206","2.020577"
"2022-10-28","28 Oct 2022","2.505507","2.113739","2.184665","1.908576","2.253876","1.869808","2.173496","1.022103","1.914886","2.047562"
"2022-10-31","31 Oct 2022","2.538674","2.160749","2.239139","1.930783","2.293531","1.920292","2.205716","1.079828","1.980471","2.108961"
"2022-11-01","01 Nov 2022","2.583600","2.108855","2.253663","1.949516","2.318585","1.886958","2.234278","1.058369","1.963470","2.109347"
"2022-11-02","02 Nov 2022","2.497991","2.114296","2.234079","1.961170","2.253524","1.897264","2.155787","1.066764","1.974148","2.109652"
"2022-11-03","03 Nov 2022","2.581157","2.178705","2.342125","1.979057","2.332673","1.966153","2.211740","1.131679","2.086341","2.223161"
"2022-11-04","04 Nov 2022","2.587356","2.260296","2.370730","2.071639","2.346965","2.032513","2.225406","1.152715","2.126096","2.258472"
"2022-11-07","07 Nov 2022","2.651700","2.360953","2.426325","2.113454","2.412071","2.103372","2.295022","1.161790","2.183868","2.312983"
"2022-11-08","08 Nov 2022","2.563553","2.387395","2.389448","2.123712","2.365773","2.130113","2.267545","1.210341","2.189404","2.297570"
"2022-11-09","09 Nov 2022","2.563553","2.387395","2.389448","2.123712","2.365773","2.130113","2.267545","1.210341","2.189404","2.297570"
"2022-11-10","10 Nov 2022","2.190976","2.114173","2.145936","2.061829","2.115587","1.972353","2.082703","1.245963","2.036128","2.106311"
"2022-11-11","11 Nov 2022","2.448965","2.358819","2.240689","2.166570","2.264704","2.110143","2.188316","1.324329","2.062442","2.148783"
"2022-11-14","14 Nov 2022","2.428540","2.306225","2.208731","2.186496","2.241783","2.087091","2.165895","1.394590","2.027529","2.114127"
"2022-11-15","15 Nov 2022","2.377483","2.336541","2.188502","2.159246","2.210946","2.101415","2.138017","1.382392","2.033414","2.106682"
"2022-11-16","16 Nov 2022","2.248268","2.335678","2.100597","2.100515","2.114218","2.084009","2.050385","1.347130","1.986902","2.037677"
"2022-11-17","17 Nov 2022","2.297742","2.315515","2.136140","2.108621","2.133736","2.061299","2.048961","1.279392","1.990699","2.061374"
"2022-11-18","18 Nov 2022","2.272608","2.234562","2.111658","2.069616","2.117087","2.018950","2.041152","1.344380","1.968813","2.038469"
"2022-11-21","21 Nov 2022","2.202886","2.227688","2.060946","2.038009","2.065640","2.004778","1.998610","1.327101","1.938660","1.996991"
"2022-11-22","22 Nov 2022","2.201958","2.293185","2.076607","2.032651","2.075306","2.045705","2.008041","1.302388","1.971672","2.020204"
"2022-11-23","23 Nov 2022","2.039046","2.290000","2.005301","2.027364","1.977022","2.058449","1.932639","1.368201","1.966560","1.984457"
"2022-11-24","24 Nov 2022","1.966787","2.217056","1.915166","2.014297","1.898951","2.004723","1.851153","1.415078","1.877470","1.891233"
"2022-11-25","25 Nov 2022","2.085514","2.328869","2.033214","2.131398","1.991879","2.095492","1.917641","1.423640","1.974616","2.002457"
"2022-11-28","28 Nov 2022","2.107166","2.307382","2.060424","2.102012","2.009891","2.078471","1.932957","1.386067","1.992633","2.028293"
"2022-11-29","29 Nov 2022","2.043038","2.198131","1.993549","2.007981","1.952215","2.000685","1.880252","1.406532","1.931199","1.963001"
"2022-11-30","30 Nov 2022","2.009346","2.232409","1.993942","2.022338","1.937417","2.037823","1.862867","1.461620","1.959184","1.977117"
"2022-12-01","01 Dec 2022","1.918990","2.081458","1.881787","1.985878","1.844371","1.922140","1.784180","1.454288","1.832203","1.857486"
"2022-12-02","02 Dec 2022","1.925554","2.136241","1.904965","1.985064","1.845639","1.957771","1.761645","1.443790","1.865568","1.885771"
"2022-12-05","05 Dec 2022","1.916089","2.187284","1.917059","2.009291","1.833405","1.990850","1.729366","1.427477","1.887548","1.903752"
"2022-12-06","06 Dec 2022","1.863102","2.120926","1.860455","1.987256","1.782830","1.940694","1.684195","1.431780","1.830279","1.846549"
"2022-12-07","07 Dec 2022","1.883632","2.076992","1.850310","1.970497","1.783866","1.906255","1.675911","1.424493","1.800508","1.825416"
"2022-12-08","08 Dec 2022","1.909331","2.092217","1.879956","2.015503","1.803686","1.929789","1.687225","1.462027","1.826139","1.854452"
"2022-12-09","09 Dec 2022","1.985322","2.209315","1.976751","2.115523","1.868360","2.031453","1.722184","1.512916","1.925676","1.954850"
"2022-12-12","12 Dec 2022","1.949048","2.183969","1.948573","2.107343","1.846698","2.035025","1.694529","1.633820","1.919560","1.934823"
"2022-12-13","13 Dec 2022","1.968558","2.107050","1.934781","2.067065","1.853146","1.976729","1.708852","1.609911","1.881783","1.908824"
"2022-12-14","14 Dec 2022","2.081294","2.108668","2.009708","2.056560","1.945432","1.987991","1.792662","1.629989","1.930595","1.970125"
"2022-12-15","15 Dec 2022","2.241088","2.373478","2.080991","2.258647","2.077656","2.153064","1.928808","1.584669","1.978569","2.018030"
"2022-12-16","16 Dec 2022","2.263510","2.619665","2.241556","2.295875","2.128713","2.353046","1.925624","1.592632","2.213009","2.222004"
"2022-12-19","19 Dec 2022","2.357333","2.561074","2.275403","2.276041","2.203312","2.317665","2.012814","1.619039","2.208580","2.235427"
"2022-12-20","20 Dec 2022","2.473569","2.634832","2.361218","2.292874","2.322140","2.384269","2.145945","1.636924","2.290521","2.315301"
"2022-12-21","21 Dec 2022","2.450712","2.606714","2.359988","2.310399","2.307426","2.382011","2.130847","1.717292","2.296299","2.320134"
"2022-12-22","22 Dec 2022","2.527740","2.676054","2.442079","2.370308","2.376486","2.449678","2.185919","1.769422","2.375317","2.401988"
"2022-12-23","23 Dec 2022","2.536503","2.725875","2.464312","2.369689","2.397760","2.487940","2.212643","1.750226","2.414544","2.431327"
"2022-12-27","27 Dec 2022","2.622119","2.712959","2.501054","2.379211","2.480566","2.492056","2.316384","1.804506","2.430859","2.454734"
"2022-12-28","28 Dec 2022","2.679360","2.726075","2.522043","2.390295","2.524944","2.496117","2.365713","1.789419","2.431940","2.463835"
"2022-12-29","29 Dec 2022","2.704325","2.763653","2.526705","2.426932","2.534986","2.511002","2.370744","1.761491","2.422944","2.460569"
"2022-12-30","30 Dec 2022","2.756590","2.854602","2.555314","2.460508","2.584189","2.565336","2.424461","1.710096","2.450907","2.484482"
"2023-01-02","02 Jan 2023","2.657496","2.855785","2.518254","2.518973","2.502845","2.582954","2.331649","1.808514","2.443439","2.466266"
"2023-01-03","03 Jan 2023","2.543127","2.781889","2.438222","2.563433","2.405933","2.546284","2.241283","1.927909","2.378829","2.396927"
"2023-01-04","04 Jan 2023","2.465666","2.675600","2.354365","2.597576","2.334964","2.483009","2.187694","2.016509","2.290647","2.311307"
"2023-01-05","05 Jan 2023","2.513191","2.720790","2.415743","2.628274","2.391560","2.538348","2.241956","2.096158","2.361702","2.378171"
"2023-01-06","06 Jan 2023","2.458991","2.713063","2.364292","2.646641","2.335634","2.519564","2.189391","2.059264","2.311519","2.327049"
"2023-01-09","09 Jan 2023","2.420042","2.595385","2.349536","2.619001","2.306688","2.468314","2.161029","2.167015","2.301507","2.318679"
"2023-01-10","10 Jan 2023","2.428881","2.677976","2.359180","2.625373","2.332962","2.516521","2.204197","2.147022","2.326958","2.333069"
"2023-01-11","11 Jan 2023","2.316605","2.652782","2.263608","2.635175","2.242267","2.490685","2.130184","2.151814","2.253515","2.246685"
"2023-01-12","12 Jan 2023","2.249656","2.564052","2.203748","2.585281","2.203730","2.435347","2.128042","2.193949","2.206112","2.192726"
"2023-01-13","13 Jan 2023","2.204379","2.540031","2.170443","2.581826","2.162672","2.417844","2.084442","2.198547","2.180030","2.163476"
"2023-01-16","16 Jan 2023","2.300137","2.601214","2.198430","2.579685","2.243714","2.433451","2.191379","2.096882","2.179013","2.171467"
"2023-01-17","17 Jan 2023","2.268992","2.558395","2.186919","2.586872","2.213604","2.418051","2.149062","2.150717","2.172734","2.164904"
"2023-01-18","18 Jan 2023","2.014154","2.351938","2.032437","2.467429","1.993749","2.284163","1.915851","2.197016","2.066209","2.041815"
"2023-01-19","19 Jan 2023","2.127987","2.492231","2.087292","2.582711","2.088725","2.373292","2.014065","2.178846","2.099670","2.079805"
"2023-01-20","20 Jan 2023","2.266144","2.572751","2.196191","2.644582","2.199827","2.441834","2.105675","2.199418","2.183905","2.176258"
"2023-01-23","23 Jan 2023","2.327253","2.584442","2.241841","2.631438","2.251403","2.450949","2.154350","2.188948","2.216655","2.215704"
"2023-01-24","24 Jan 2023","2.314861","2.624975","2.238985","2.610960","2.253459","2.468911","2.167791","2.157340","2.227444","2.218480"
"2023-01-25","25 Jan 2023","2.247599","2.495096","2.163418","2.587588","2.184758","2.383698","2.106697","2.184354","2.143494","2.139456"
"2023-01-26","26 Jan 2023","2.287064","2.537827","2.226587","2.604101","2.224572","2.430065","2.128807","2.231259","2.214077","2.208804"
"2023-01-27","27 Jan 2023","2.371672","2.592039","2.292851","2.637212","2.290053","2.471056","2.179820","2.226823","2.264166","2.266943"
"2023-01-30","30 Jan 2023","2.354263","2.683885","2.321596","2.680179","2.287411","2.543510","2.162946","2.261111","2.322220","2.311568"
"2023-01-31","31 Jan 2023","2.409445","2.645701","2.321747","2.669912","2.320668","2.507177","2.202219","2.221250","2.289458","2.292976"
"2023-02-01","01 Feb 2023","2.363499","2.645913","2.320551","2.676724","2.292252","2.523092","2.170268","2.280247","2.312145","2.306404"
"2023-02-02","02 Feb 2023","2.245452","2.482596","2.204823","2.617211","2.186993","2.411556","2.083835","2.298543","2.199796","2.192670"
"2023-02-03","03 Feb 2023","2.280791","2.478679","2.223966","2.624140","2.221097","2.414828","2.130186","2.314256","2.210114","2.206771"
"2023-02-06","06 Feb 2023","2.417182","2.556373","2.321255","2.654789","2.336264","2.468354","2.244485","2.295140","2.280753","2.289632"
"2023-02-07","07 Feb 2023","2.407968","2.588559","2.339159","2.634041","2.357559","2.497241","2.289981","2.328430","2.321971","2.319607"
"2023-02-08","08 Feb 2023","2.449172","2.711051","2.385503","2.741695","2.403151","2.589359","2.354531","2.354911","2.374995","2.368096"
"2023-02-09","09 Feb 2023","2.386527","2.646378","2.324128","2.754543","2.341393","2.550837","2.286191","2.391102","2.316728","2.307827"
"2023-02-10","10 Feb 2023","2.467725","2.743798","2.396082","2.827463","2.396838","2.624498","2.293723","2.404788","2.379739","2.374809"
"2023-02-13","13 Feb 2023","2.445407","2.797620","2.406919","2.881308","2.388532","2.675667","2.282308","2.462517","2.412530","2.397408"
"2023-02-14","14 Feb 2023","2.489518","2.888577","2.462440","2.942921","2.436583","2.750589","2.326301","2.503774","2.477024","2.457227"
"2023-02-15","15 Feb 2023","2.530061","2.861357","2.501264","2.934256","2.469160","2.746707","2.348783","2.541376","2.506521","2.493358"
"2023-02-16","16 Feb 2023","2.616956","2.900640","2.575967","2.935316","2.550700","2.781996","2.432672","2.552949","2.570742","2.563235"
"2023-02-17","17 Feb 2023","2.550803","2.868895","2.510574","2.942356","2.491356","2.753166","2.382992","2.546100","2.511574","2.499653"
"2023-02-20","20 Feb 2023","2.513190","2.857950","2.487782","2.974332","2.460657","2.756360","2.352135","2.591724","2.498806","2.482195"
"2023-02-21","21 Feb 2023","2.594314","2.972581","2.594867","2.970068","2.568165","2.850222","2.477989","2.631006","2.626418","2.600310"
"2023-02-22","22 Feb 2023","2.600728","2.937054","2.575445","2.975143","2.557173","2.820119","2.456482","2.614464","2.589394","2.571234"
"2023-02-23","23 Feb 2023","2.571125","2.918201","2.546118","3.009272","2.525779","2.812225","2.423257","2.640666","2.560734","2.541928"
"2023-02-24","24 Feb 2023","2.560305","3.087703","2.593269","3.079079","2.549957","2.939226","2.454667","2.683408","2.654706","2.612087"
"2023-02-27","27 Feb 2023","2.619318","3.111991","2.620550","3.107090","2.598095","2.955940","2.506915","2.681024","2.665565","2.629221"
"2023-02-28","28 Feb 2023","2.767047","3.282758","2.759397","3.161132","2.729233","3.081903","2.609931","2.660219","2.801031","2.764804"
"2023-03-01","01 Mar 2023","2.736636","3.315452","2.743558","3.197742","2.712794","3.107497","2.606600","2.682911","2.800068","2.755616"
"2023-03-02","02 Mar 2023","2.812512","3.279753","2.788515","3.222894","2.752552","3.092462","2.613641","2.716021","2.810285","2.785212"
"2023-03-03","03 Mar 2023","2.764802","3.325198","2.761844","3.258408","2.722217","3.123591","2.590853","2.729197","2.805710","2.768248"
"2023-03-06","06 Mar 2023","2.774561","3.456792","2.805355","3.267453","2.748634","3.212557","2.611226","2.680390","2.881660","2.826139"
"2023-03-07","07 Mar 2023","2.728179","3.395750","2.739352","3.303451","2.695307","3.165240","2.563815","2.713804","2.801890","2.752930"
"2023-03-08","08 Mar 2023","2.617536","3.428685","2.701317","3.302547","2.619125","3.193923","2.489600","2.735312","2.812615","2.741034"
"2023-03-09","09 Mar 2023","2.663897","3.384679","2.718485","3.292748","2.653964","3.166974","2.531639","2.750621","2.806902","2.747106"
"2023-03-10","10 Mar 2023","2.473105","3.069259","2.525409","3.159555","2.477370","2.939197","2.397281","2.760541","2.603181","2.552015"
"2023-03-13","13 Mar 2023","2.386708","2.660973","2.297745","2.762984","2.319874","2.582925","2.234350","2.637657","2.293532","2.275794"
"2023-03-14","14 Mar 2023","2.580280","3.007199","2.516178","2.954677","2.501449","2.850468","2.368315","2.638212","2.534778","2.503185"
"2023-03-15","15 Mar 2023","2.357339","2.428436","2.251536","2.559548","2.273574","2.415795","2.180122","2.600620","2.222294","2.220362"
"2023-03-16","16 Mar 2023","2.389200","2.478624","2.271131","2.636265","2.310427","2.472917","2.224470","2.708922","2.247994","2.239450"
"2023-03-17","17 Mar 2023","2.299522","2.341541","2.194619","2.551252","2.214630","2.369973","2.116236","2.708534","2.167458","2.164132"
"2023-03-20","20 Mar 2023","2.389173","2.232578","2.205900","2.504668","2.258298","2.272303","2.158999","2.650051","2.108315","2.142365"
"2023-03-21","21 Mar 2023","2.484183","2.428350","2.332589","2.649016","2.361400","2.455112","2.241496","2.797757","2.266353","2.282418"
"2023-03-22","22 Mar 2023","2.560806","2.666274","2.437681","2.801922","2.446361","2.637998","2.308513","2.818226","2.401860","2.399987"
"2023-03-23","23 Mar 2023","2.503934","2.481123","2.319663","2.709276","2.381351","2.484183","2.278622","2.802587","2.246495","2.261774"
"2023-03-24","24 Mar 2023","2.408714","2.241285","2.204084","2.612436","2.274025","2.304047","2.180331","2.793422","2.099509","2.134789"
"2023-03-27","27 Mar 2023","2.553171","2.486649","2.348881","2.708262","2.418568","2.477919","2.316216","2.746874","2.255869","2.282163"
"2023-03-28","28 Mar 2023","2.557586","2.491912","2.350995","2.699908","2.427835","2.485753","2.330798","2.760609","2.263042","2.285324"
"2023-03-29","29 Mar 2023","2.597337","2.565603","2.395367","2.725673","2.468776","2.541431","2.365282","2.746320","2.315895","2.332588"
"2023-03-30","30 Mar 2023","2.627952","2.745806","2.448975","2.828486","2.511499","2.665786","2.403349","2.709629","2.394740","2.396629"
"2023-03-31","31 Mar 2023","2.575230","2.669966","2.405373","2.797763","2.463212","2.617870","2.358120","2.753528","2.353588","2.355528"
"2023-04-03","03 Apr 2023","2.544875","2.691305","2.387035","2.828673","2.430734","2.627347","2.315311","2.750815","2.339682","2.340089"
"2023-04-04","04 Apr 2023","2.585747","2.694554","2.415133","2.838688","2.464596","2.635612","2.348389","2.770934","2.357709","2.363207"
"2023-04-05","05 Apr 2023","2.490043","2.498611","2.303021","2.748379","2.375723","2.501502","2.284551","2.847553","2.235879","2.246385"
"2023-04-06","06 Apr 2023","2.430030","2.477759","2.250728","2.727198","2.322376","2.469386","2.236777","2.789622","2.189220","2.197080"
"2023-04-11","11 Apr 2023","2.550796","2.670173","2.384509","2.840076","2.440995","2.621939","2.338855","2.803429","2.333715","2.335505"
"2023-04-12","12 Apr 2023","2.618359","2.754207","2.435997","2.883133","2.512199","2.689852","2.418316","2.817753","2.389260","2.385261"
"2023-04-13","13 Apr 2023","2.623109","2.718962","2.443710","2.889827","2.502276","2.675873","2.388422","2.876264","2.387281","2.390461"
"2023-04-14","14 Apr 2023","2.636999","2.841654","2.472042","2.975079","2.534356","2.772100","2.428806","2.907426","2.441188","2.428209"
"2023-04-17","17 Apr 2023","2.762233","2.863376","2.547712","3.005195","2.632500","2.794299","2.521903","2.930516","2.481269","2.485244"
"2023-04-18","18 Apr 2023","2.752897","2.896917","2.551099","3.045531","2.605173","2.802719","2.465364","2.877365","2.476500","2.487854"
"2023-04-19","19 Apr 2023","2.769583","3.014056","2.590686","3.079236","2.627137","2.876840","2.475025","2.806938","2.534908","2.536107"
"2023-04-20","20 Apr 2023","2.770133","2.942219","2.573343","3.075606","2.615332","2.836982","2.459508","2.883686","2.501171","2.511096"
"2023-04-21","21 Apr 2023","2.790656","2.951865","2.584086","3.072347","2.633930","2.844874","2.479120","2.884096","2.509848","2.519513"
"2023-04-24","24 Apr 2023","2.785108","2.989283","2.586948","3.100900","2.635621","2.873231","2.483815","2.892964","2.522310","2.526452"
"2023-04-25","25 Apr 2023","2.709039","2.834059","2.505200","3.012201","2.562399","2.765111","2.421817","2.932359","2.434553","2.442580"
"2023-04-26","26 Apr 2023","2.698011","2.750769","2.463824","2.984260","2.543288","2.695007","2.416313","2.912535","2.369750","2.389912"
"2023-04-27","27 Apr 2023","2.753354","2.823565","2.526645","2.978692","2.605470","2.751245","2.479568","2.884062","2.443237","2.457002"
"2023-04-28","28 Apr 2023","2.650580","2.740592","2.444445","2.942529","2.517154","2.684804","2.403772","2.881036","2.370434","2.381457"
"2023-05-02","02 May 2023","2.655967","2.752119","2.448128","2.973261","2.513267","2.692742","2.388191","2.889405","2.368644","2.383000"
"2023-05-03","03 May 2023","2.575926","2.579590","2.344990","2.914277","2.439903","2.563152","2.347214","2.878118","2.248682","2.272352"
"2023-05-04","04 May 2023","2.603288","2.552607","2.358660","2.891991","2.468098","2.555334","2.386000","2.939043","2.256380","2.282272"
"2023-05-05","05 May 2023","2.675962","2.468885","2.384823","2.863079","2.520989","2.503141","2.446150","2.942877","2.245943","2.290728"
"2023-05-08","08 May 2023","2.711350","2.560016","2.424055","2.908459","2.553759","2.567856","2.468224","2.952367","2.291520","2.331848"
"2023-05-09","09 May 2023","2.722607","2.561516","2.424662","2.903475","2.564894","2.572856","2.483569","2.988488","2.291237","2.330278"
"2023-05-10","10 May 2023","2.685224","2.487028","2.383445","2.874281","2.527766","2.512955","2.453914","2.946415","2.242364","2.286719"
"2023-05-11","11 May 2023","2.593116","2.410808","2.305569","2.858356","2.444262","2.462531","2.373481","2.994992","2.174836","2.214233"
"2023-05-12","12 May 2023","2.639872","2.477266","2.343938","2.891572","2.488899","2.515573","2.416466","3.040107","2.214408","2.251149"
"2023-05-15","15 May 2023","2.721926","2.527964","2.404320","2.898748","2.554050","2.544603","2.470584","2.983857","2.258259","2.302910"
"2023-05-16","16 May 2023","2.748446","2.558016","2.421305","2.907178","2.583604","2.561433","2.510663","2.954244","2.273224","2.317866"
"2023-05-17","17 May 2023","2.733211","2.594156","2.428073","2.934613","2.579085","2.600071","2.504544","3.020089","2.297998","2.333272"
"2023-05-18","18 May 2023","2.856851","2.698995","2.517094","2.997714","2.688285","2.679287","2.611310","3.022577","2.371378","2.411590"
"2023-05-19","19 May 2023","2.892199","2.767247","2.574757","3.021202","2.735840","2.747174","2.658489","3.070777","2.448087","2.478398"
"2023-05-22","22 May 2023","2.836723","2.748379","2.554742","2.969872","2.683759","2.727929","2.586376","3.021837","2.445207","2.469037"
"2023-05-23","23 May 2023","2.799801","2.798832","2.557214","2.990744","2.699041","2.787274","2.643439","3.076536","2.496721","2.493219"
"2023-05-24","24 May 2023","2.808389","2.782215","2.535738","3.017052","2.655729","2.746752","2.552567","3.026902","2.431497","2.452755"
"2023-05-25","25 May 2023","2.847532","2.852857","2.585115","3.087964","2.687678","2.809349","2.566375","3.074770","2.483245","2.504055"
"2023-05-26","26 May 2023","2.888510","2.903060","2.622555","3.090431","2.736245","2.849421","2.623443","3.062471","2.528198","2.543098"
"2023-05-29","29 May 2023","2.755286","2.900765","2.541820","3.074502","2.624437","2.835677","2.505257","3.025725","2.483675","2.481262"
"2023-05-30","30 May 2023","2.701676","2.833087","2.460334","3.057305","2.588529","2.777519","2.516199","3.035420","2.397364","2.394467"
"2023-05-31","31 May 2023","2.650244","2.648201","2.383764","3.015395","2.516525","2.644103","2.442685","3.074462","2.285026","2.304081"
"2023-06-01","01 Jun 2023","2.602574","2.613499","2.352514","2.987038","2.482985","2.621862","2.420292","3.090735","2.265776","2.279355"
"2023-06-02","02 Jun 2023","2.650264","2.722827","2.399128","3.083891","2.534157","2.710176","2.472957","3.138633","2.319931","2.327556"
"2023-06-05","05 Jun 2023","2.714327","2.842306","2.479590","3.138317","2.602079","2.810315","2.529937","3.172397","2.416131","2.414784"
"2023-06-06","06 Jun 2023","2.746455","2.809021","2.466699","3.158294","2.614997","2.777251","2.546841","3.158212","2.372899","2.385680"
"2023-06-07","07 Jun 2023","2.711097","2.847684","2.477600","3.150644","2.597408","2.814904","2.521970","3.181497","2.414496","2.412993"
"2023-06-08","08 Jun 2023","2.756636","2.842488","2.500803","3.154654","2.639229","2.815674","2.574712","3.197261","2.424828","2.429028"
"2023-06-09","09 Jun 2023","2.728092","2.890864","2.497369","3.205411","2.612209","2.851707","2.531128","3.212938","2.435373","2.433330"
"2023-06-12","12 Jun 2023","2.701446","2.863110","2.472986","3.175866","2.593739","2.828248","2.523893","3.198855","2.415021","2.410751"
"2023-06-13","13 Jun 2023","2.712587","2.922430","2.499333","3.223570","2.609443","2.879761","2.533832","3.233316","2.452970","2.442714"
"2023-06-14","14 Jun 2023","2.745732","2.971229","2.547510","3.239245","2.646582","2.927479","2.564428","3.258423","2.511746","2.496336"
"2023-06-15","15 Jun 2023","2.681392","3.026922","2.536144","3.297806","2.601139","2.981034","2.508608","3.322892","2.535362","2.503540"
"2023-06-16","16 Jun 2023","2.675100","3.117750","2.552134","3.354569","2.599016","3.046181","2.492065","3.321154","2.570268","2.528025"
"2023-06-19","19 Jun 2023","2.718796","3.106602","2.589633","3.322834","2.647276","3.049172","2.549931","3.327277","2.607043","2.564762"
"2023-06-20","20 Jun 2023","2.587653","3.140766","2.506031","3.346555","2.540595","3.058639","2.444195","3.297525","2.560626","2.499391"
"2023-06-21","21 Jun 2023","2.623306","3.191525","2.516756","3.400324","2.566076","3.087479","2.469980","3.292670","2.559223","2.502047"
"2023-06-22","22 Jun 2023","2.626641","3.243211","2.551937","3.441493","2.562274","3.133152","2.434478","3.316580","2.604646","2.544908"
"2023-06-23","23 Jun 2023","2.490864","3.115998","2.413436","3.384360","2.447870","3.026201","2.356845","3.310469","2.471258","2.408171"
"2023-06-26","26 Jun 2023","2.494947","3.112303","2.412622","3.391265","2.450041","3.024095","2.360039","3.318651","2.466888","2.405534"
"2023-06-27","27 Jun 2023","2.434514","3.098252","2.375172","3.395512","2.405090","3.018187","2.322632","3.350199","2.446554","2.376988"
"2023-06-28","28 Jun 2023","2.454266","3.119138","2.403097","3.391495","2.432252","3.043875","2.352747","3.371089","2.483938","2.409073"
"2023-06-29","29 Jun 2023","2.527357","3.186082","2.457485","3.443276","2.492855","3.094141","2.405662","3.376179","2.527091","2.456750"
"2023-06-30","30 Jun 2023","2.562242","3.208201","2.507098","3.451520","2.515763","3.119408","2.402095","3.389088","2.575417","2.508153"
"2023-07-03","03 Jul 2023","2.497925","3.220193","2.483927","3.458849","2.457986","3.127815","2.326630","3.389675","2.573194","2.497529"
"2023-07-04","04 Jul 2023","2.537522","3.215523","2.509838","3.451897","2.507836","3.137940","2.398776","3.426820","2.598917","2.521674"
"2023-07-05","05 Jul 2023","2.565583","3.154691","2.517616","3.433617","2.525806","3.102295","2.420721","3.467197","2.586687","2.520682"
"2023-07-06","06 Jul 2023","2.704279","3.311613","2.647374","3.509661","2.659904","3.228156","2.546411","3.464443","2.718800","2.649252"
"2023-07-07","07 Jul 2023","2.783577","3.238599","2.690780","3.449228","2.714147","3.179119","2.593192","3.452353","2.727345","2.676999"
"2023-07-10","10 Jul 2023","2.825272","3.230098","2.725612","3.467282","2.734134","3.179689","2.591688","3.486119","2.743236","2.704938"
"2023-07-11","11 Jul 2023","2.831994","3.271857","2.731897","3.492125","2.743008","3.206139","2.601536","3.473653","2.753699","2.712156"
"2023-07-12","12 Jul 2023","2.757727","3.243595","2.682624","3.467337","2.699764","3.193993","2.581719","3.501414","2.734021","2.676148"
"2023-07-13","13 Jul 2023","2.626212","3.121854","2.572344","3.414302","2.579000","3.097075","2.471543","3.511941","2.628414","2.571168"
"2023-07-14","14 Jul 2023","2.613935","3.120308","2.526308","3.447800","2.572655","3.084450","2.496734","3.516776","2.572445","2.516819"
"2023-07-17","17 Jul 2023","2.623167","3.166760","2.537948","3.479121","2.579629","3.114488","2.496640","3.505165","2.587026","2.529370"
"2023-07-18","18 Jul 2023","2.531140","3.024288","2.439295","3.425378","2.482383","2.999443","2.403731","3.492778","2.473719","2.425863"
"2023-07-19","19 Jul 2023","2.568698","3.066254","2.460134","3.429945","2.501818","3.013587","2.404649","3.418918","2.482943","2.439959"
"2023-07-20","20 Jul 2023","2.603771","3.175760","2.531758","3.469223","2.549221","3.109614","2.440811","3.453879","2.581838","2.525153"
"2023-07-21","21 Jul 2023","2.607618","3.139894","2.504686","3.466562","2.539086","3.069294","2.432985","3.417077","2.532746","2.486602"
"2023-07-24","24 Jul 2023","2.594347","3.047399","2.505893","3.419195","2.511780","3.013473","2.383863","3.448006","2.522734","2.487216"
"2023-07-25","25 Jul 2023","2.610519","3.066902","2.495321","3.434729","2.543265","3.026130","2.451586","3.457476","2.512766","2.472765"
"2023-07-26","26 Jul 2023","2.623062","3.177668","2.532470","3.450668","2.569987","3.103205","2.474678","3.415383","2.577089","2.521356"
"2023-07-27","27 Jul 2023","2.601455","3.051745","2.493087","3.395700","2.538270","3.013200","2.447999","3.434866","2.515013","2.473081"
"2023-07-28","28 Jul 2023","2.701804","3.079652","2.542033","3.418835","2.625338","3.031964","2.549225","3.426250","2.537104","2.505832"
"2023-07-31","31 Jul 2023","2.701412","3.040049","2.543407","3.415310","2.624690","3.015548","2.550269","3.478634","2.534655","2.506700"
"2023-08-01","01 Aug 2023","2.720124","3.070256","2.545026","3.427633","2.659048","3.037374","2.617352","3.483928","2.540422","2.506963"
"2023-08-02","02 Aug 2023","2.777064","2.958698","2.569768","3.374843","2.675810","2.959756","2.603583","3.480013","2.521113","2.513797"
"2023-08-03","03 Aug 2023","2.909965","2.921107","2.663352","3.356297","2.755494","2.936492","2.637694","3.447755","2.563778","2.585859"
"2023-08-04","04 Aug 2023","2.850823","2.999585","2.663755","3.363612","2.725931","2.999827","2.607092","3.475226","2.609761","2.609030"
"2023-08-07","07 Aug 2023","2.897806","2.941812","2.659278","3.349067","2.752682","2.950098","2.640963","3.449101","2.570444","2.586192"
"2023-08-08","08 Aug 2023","2.719588","2.854320","2.523608","3.285734","2.610948","2.876924","2.524232","3.442243","2.470425","2.468361"
"2023-08-09","09 Aug 2023","2.775711","2.924326","2.567893","3.325601","2.660041","2.926364","2.567858","3.432014","2.510492","2.509092"
"2023-08-10","10 Aug 2023","2.783116","2.942961","2.578223","3.325811","2.665203","2.938106","2.566569","3.420345","2.522555","2.520211"
"2023-08-11","11 Aug 2023","2.928914","2.973168","2.688460","3.349347","2.772799","2.968814","2.645043","3.422453","2.595402","2.613430"
"2023-08-14","14 Aug 2023","2.931526","3.010977","2.692476","3.366395","2.790560","3.000279","2.680482","3.444383","2.611609","2.621302"
"2023-08-15","15 Aug 2023","2.973032","3.083717","2.749216","3.405071","2.825871","3.059336","2.695287","3.451506","2.673760","2.681672"
"2023-08-16","16 Aug 2023","2.953917","3.040254","2.726335","3.377594","2.806785","3.030581","2.678266","3.470599","2.649655","2.657865"
"2023-08-17","17 Aug 2023","3.001858","3.069157","2.759944","3.378966","2.849906","3.049701","2.722398","3.447674","2.676504","2.687098"
"2023-08-18","18 Aug 2023","2.954132","2.930937","2.715302","3.362486","2.777687","2.963526","2.621873","3.537394","2.610450","2.636755"
"2023-08-21","21 Aug 2023","3.015707","3.052185","2.749804","3.367835","2.863015","3.039488","2.746270","3.466288","2.660707","2.671309"
"2023-08-22","22 Aug 2023","2.984142","3.052003","2.734848","3.402004","2.830752","3.044617","2.703841","3.509773","2.650710","2.660357"
"2023-08-23","23 Aug 2023","2.844418","2.922208","2.596170","3.369444","2.699208","2.934804","2.588010","3.498396","2.511268","2.522064"
"2023-08-24","24 Aug 2023","2.822599","2.950451","2.601030","3.345892","2.684511","2.951305","2.564187","3.466340","2.533069","2.536026"
"2023-08-25","25 Aug 2023","2.846381","3.003645","2.621991","3.373927","2.715193","2.991822","2.603417","3.472321","2.560519","2.558310"
"2023-08-28","28 Aug 2023","2.861370","3.019167","2.634687","3.405882","2.729039","3.009579","2.617407","3.506351","2.571501","2.570108"
"2023-08-29","29 Aug 2023","2.849136","3.067549","2.639787","3.421778","2.727844","3.046142","2.616819","3.507514","2.594310","2.582982"
"2023-08-30","30 Aug 2023","2.840419","3.033409","2.607587","3.425841","2.707420","3.007896","2.597313","3.474196","2.544032","2.541675"
"2023-08-31","31 Aug 2023","2.771754","2.958250","2.570607","3.380369","2.652507","2.954877","2.549265","3.461452","2.516474","2.513479"
"2023-09-01","01 Sep 2023","2.850495","2.902253","2.627875","3.360087","2.709258","2.915888","2.598587","3.383821","2.539804","2.558140"
"2023-09-04","04 Sep 2023","2.864586","2.949414","2.638532","3.400471","2.747306","2.962166","2.671643","3.461064","2.563650","2.572466"
"2023-09-05","05 Sep 2023","2.919723","2.974212","2.668076","3.408448","2.792190","2.975621","2.717294","3.438905","2.579226","2.593601"
"2023-09-06","06 Sep 2023","2.907866","3.026343","2.678372","3.433233","2.792808","3.017267","2.719688","3.463208","2.607368","2.612620"
"2023-09-07","07 Sep 2023","2.896304","3.060803","2.712888","3.431854","2.785522","3.053913","2.688854","3.495264","2.661869","2.660323"
"2023-09-08","08 Sep 2023","2.856726","3.024732","2.684847","3.423390","2.751271","3.029805","2.656922","3.505927","2.638352","2.635726"
"2023-09-11","11 Sep 2023","2.915061","3.024307","2.689691","3.442419","2.801597","3.024708","2.729004","3.498883","2.619860","2.625067"
"2023-09-12","12 Sep 2023","2.924702","3.040656","2.701183","3.468553","2.812380","3.045692","2.739310","3.545965","2.633978","2.637532"
"2023-09-13","13 Sep 2023","2.919487","3.094109","2.713108","3.511247","2.807083","3.085773","2.720195","3.555583","2.656169","2.654830"
"2023-09-14","14 Sep 2023","2.883271","3.081102","2.684299","3.550509","2.779661","3.085839","2.700973","3.608931","2.634634","2.629476"
"2023-09-15","15 Sep 2023","2.962852","3.166081","2.734948","3.582722","2.856397","3.140899","2.788984","3.584333","2.677407","2.672840"
"2023-09-18","18 Sep 2023","2.987082","3.223383","2.788173","3.598756","2.884478","3.193330","2.803349","3.609416","2.744188","2.734665"
"2023-09-19","19 Sep 2023","3.008762","3.254556","2.807675","3.611872","2.899614","3.215768","2.807932","3.609590","2.762768","2.753165"
"2023-09-20","20 Sep 2023","2.974053","3.213515","2.765770","3.570371","2.890523","3.197493","2.837210","3.675497","2.736170","2.714879"
"2023-09-21","21 Sep 2023","3.054285","3.219712","2.822552","3.611671","2.937605","3.209608","2.853453","3.708095","2.763482","2.758862"
"2023-09-22","22 Sep 2023","3.090136","3.211206","2.819637","3.579944","2.954361","3.185752","2.864492","3.638549","2.739757","2.743081"
"2023-09-25","25 Sep 2023","3.150154","3.216968","2.866986","3.578005","3.008348","3.199913","2.919048","3.661041","2.777209","2.785624"
"2023-09-26","26 Sep 2023","3.159040","3.200715","2.870860","3.562255","3.015278","3.188378","2.927545","3.656129","2.776466","2.787466"
"2023-09-27","27 Sep 2023","3.153697","3.179101","2.859994","3.549476","3.010350","3.173573","2.926921","3.664099","2.763482","2.775150"
"2023-09-28","28 Sep 2023","3.358782","3.262490","3.033350","3.571980","3.200239","3.256552","3.118032","3.679280","2.911812","2.936454"
"2023-09-29","29 Sep 2023","3.172924","3.137363","2.876276","3.514640","3.038995","3.157222","2.974630","3.700515","2.778480","2.791280"
"2023-10-02","02 Oct 2023","3.261541","3.144726","2.932835","3.520142","3.115235","3.171130","3.054791","3.720404","2.814511","2.836730"
"2023-10-03","03 Oct 2023","3.317615","3.121225","2.964187","3.501180","3.174959","3.164962","3.138975","3.746674","2.834295","2.861284"
"2023-10-04","04 Oct 2023","3.349981","3.163233","2.992540","3.515512","3.206443","3.195584","3.168779","3.733281","2.864079","2.889229"
"2023-10-05","05 Oct 2023","3.307621","3.050525","2.947293","3.464290","3.161059","3.118778","3.127313","3.770751","2.807988","2.840846"
"2023-10-06","06 Oct 2023","3.317921","3.016076","2.960433","3.447949","3.174508","3.102885","3.148869","3.796099","2.816890","2.853787"
"2023-10-09","09 Oct 2023","3.202427","2.954809","2.873894","3.409010","3.087212","3.052153","3.088139","3.788061","2.752512","2.779047"
"2023-10-10","10 Oct 2023","3.193061","2.946182","2.864395","3.420550","3.080296","3.051411","3.085088","3.823353","2.744430","2.769952"
"2023-10-11","11 Oct 2023","3.013054","2.977175","2.756159","3.446724","2.932109","3.061407","2.930530","3.809936","2.688946","2.688330"
"2023-10-12","12 Oct 2023","3.084812","3.029966","2.793854","3.473796","2.991796","3.093507","2.991779","3.783919","2.711631","2.715691"
"2023-10-13","13 Oct 2023","3.159752","2.967172","2.883573","3.450611","2.985040","3.052742","2.862641","3.763141","2.753992","2.792983"
"2023-10-16","16 Oct 2023","3.191740","3.038411","2.862018","3.487968","3.047277","3.088959","2.998110","3.727644","2.734651","2.763740"
"2023-10-17","17 Oct 2023","3.303900","3.149538","2.937080","3.544625","3.143609","3.162162","3.090461","3.687197","2.794071","2.827539"
"2023-10-18","18 Oct 2023","3.325261","3.156919","2.952710","3.554757","3.161848","3.170372","3.108300","3.696710","2.805285","2.840956"
"2023-10-19","19 Oct 2023","3.323019","3.177989","3.001110","3.541169","3.153318","3.200918","3.056049","3.718894","2.870721","2.902242"
"2023-10-20","20 Oct 2023","3.314076","3.062273","2.949512","3.476373","3.150745","3.116534","3.095398","3.736386","2.799750","2.838893"
"2023-10-23","23 Oct 2023","3.337432","3.100468","2.976584","3.498032","3.176313","3.148463","3.120603","3.744047","2.830811","2.867681"
"2023-10-24","24 Oct 2023","3.233036","3.023125","2.893242","3.467681","3.094816","3.095032","3.061795","3.782342","2.764482","2.793273"
"2023-10-25","25 Oct 2023","3.283897","3.031208","2.918982","3.471498","3.143103","3.101669","3.124305","3.780190","2.777803","2.811477"
"2023-10-26","26 Oct 2023","3.287214","2.973058","2.903393","3.434959","3.141385","3.057284","3.130903","3.774621","2.748286","2.789034"
"2023-10-27","27 Oct 2023","3.291950","2.948176","2.898497","3.420809","3.146617","3.039252","3.145576","3.775403","2.737304","2.781038"
"2023-10-30","30 Oct 2023","3.287782","2.927178","2.901220","3.406159","3.145470","3.029035","3.146572","3.787424","2.741164","2.785496"
"2023-10-31","31 Oct 2023","3.187053","2.868918","2.822673","3.387519","3.066976","2.987927","3.088938","3.820169","2.681065","2.716330"
"2023-11-01","01 Nov 2023","3.194125","2.856469","2.819795","3.376730","3.072603","2.976418","3.099991","3.810382","2.672728","2.710318"
"2023-11-02","02 Nov 2023","3.100350","2.834842","2.749113","3.367226","2.994257","2.953230","3.028082","3.804287","2.621580","2.649033"
"2023-11-06","06 Nov 2023","3.139040","2.914605","2.769165","3.419999","3.035204","3.004927","3.081553","3.789186","2.641670","2.665671"
"2023-11-07","07 Nov 2023","3.059704","2.944257","2.718432","3.443486","2.967634","3.013478","3.009634","3.755668","2.612226","2.625505"
"2023-11-08","08 Nov 2023","2.995610","2.902504","2.683539","3.429405","2.880601","2.985549","2.861301","3.783305","2.582364","2.595906"
"2023-11-09","09 Nov 2023","3.034128","2.925894","2.700283","3.442951","2.910700","3.000037","2.890823","3.777701","2.589757","2.606061"
"2023-11-10","10 Nov 2023","3.132224","2.998799","2.755196","3.494435","2.991607","3.047227","2.971923","3.756260","2.623349","2.647234"
"2023-11-13","13 Nov 2023","3.164864","3.035518","2.788169","3.487610","3.025127","3.071335","3.005312","3.721776","2.658202","2.680787"
"2023-11-14","14 Nov 2023","3.018365","2.974400","2.684807","3.446597","2.897339","3.016240","2.876400","3.701341","2.581791","2.592385"
"2023-11-15","15 Nov 2023","3.042176","2.903276","2.687105","3.420655","2.911341","2.976736","2.893434","3.756451","2.566103","2.586219"
"2023-11-16","16 Nov 2023","2.971691","2.842875","2.634927","3.392231","2.848506","2.938067","2.829747","3.793927","2.524870","2.540303"
"2023-11-17","17 Nov 2023","3.005655","2.832450","2.641305","3.383558","2.870954","2.925327","2.853155","3.776588","2.515049","2.537332"
"2023-11-20","20 Nov 2023","3.003796","2.897811","2.660301","3.415619","2.878436","2.971682","2.858748","3.761066","2.549494","2.564120"
"2023-11-21","21 Nov 2023","2.955228","2.897209","2.624200","3.404593","2.836224","2.962313","2.815411","3.732372","2.524622","2.533149"
"2023-11-22","22 Nov 2023","2.896424","2.881201","2.585532","3.398317","2.785733","2.947773","2.763743","3.731569","2.498392","2.501398"
"2023-11-23","23 Nov 2023","2.983613","2.930723","2.665739","3.411755","2.869756","2.994134","2.848310","3.734965","2.572756","2.578954"
"2023-11-24","24 Nov 2023","3.013182","2.977187","2.686921","3.423658","2.896695","3.020717","2.874095","3.696261","2.592966","2.598227"
"2023-11-27","27 Nov 2023","2.941937","2.903661","2.628913","3.400711","2.830582","2.974888","2.807179","3.752325","2.542137","2.544556"
"2023-11-28","28 Nov 2023","2.902092","2.816154","2.589236","3.342862","2.790296","2.911321","2.769308","3.754842","2.497847","2.503916"
"2023-11-29","29 Nov 2023","2.800958","2.653915","2.483079","3.262072","2.698133","2.792300","2.701215","3.786605","2.386225","2.396073"
"2023-11-30","30 Nov 2023","2.882508","2.670297","2.528502","3.264972","2.765815","2.806124","2.770709","3.783065","2.412220","2.429794"
"2023-12-01","01 Dec 2023","2.858873","2.541240","2.479788","3.170244","2.729354","2.701837","2.737335","3.744136","2.339906","2.370516"
"2023-12-04","04 Dec 2023","2.784661","2.452367","2.389271","3.137874","2.647651","2.638227","2.664383","3.800887","2.245692","2.275025"
"2023-12-05","05 Dec 2023","2.676556","2.451000","2.326933","3.129404","2.559131","2.630427","2.571394","3.780962","2.214796","2.229278"
"2023-12-06","06 Dec 2023","2.582885","2.486578","2.278267","3.108528","2.488519","2.640028","2.494953","3.693714","2.204811","2.199279"
"2023-12-07","07 Dec 2023","2.611807","2.460706","2.235332","3.101928","2.487585","2.610962","2.495737","3.695426","2.137396","2.135989"
"2023-12-08","08 Dec 2023","2.706105","2.542228","2.353426","3.151199","2.558818","2.687017","2.512479","3.716735","2.251140","2.256426"
"2023-12-11","11 Dec 2023","2.747454","2.538674","2.337173","3.164634","2.546701","2.680802","2.456712","3.737973","2.211627","2.221764"
"2023-12-12","12 Dec 2023","2.698841","2.543530","2.306846","3.173936","2.511589","2.684653","2.428314","3.749586","2.197660","2.199255"
"2023-12-13","13 Dec 2023","2.650815","2.522470","2.252547","3.179091","2.464427","2.667652","2.385871","3.776984","2.149041","2.145116"
"2023-12-14","14 Dec 2023","2.678894","2.423697","2.211698","3.110733","2.457653","2.579390","2.381468","3.739498","2.065618","2.079787"
"2023-12-15","15 Dec 2023","2.517734","2.407687","2.114784","3.118048","2.333746","2.566724","2.268465","3.767066","2.012510","2.006347"
"2023-12-18","18 Dec 2023","2.594850","2.410678","2.155321","3.124919","2.390624","2.572223","2.321632","3.778738","2.029345","2.033694"
"2023-12-19","19 Dec 2023","2.501754","2.371818","2.091359","3.092820","2.314473","2.535022","2.251886","3.753322","1.982339","1.979667"
"2023-12-20","20 Dec 2023","2.454742","2.349700","2.046653","3.082792","2.271017","2.514462","2.208545","3.753323","1.944372","1.937157"
"2023-12-21","21 Dec 2023","2.478212","2.306688","2.047286","3.054875","2.278659","2.479051","2.216551","3.743180","1.923009","1.927373"
"2023-12-22","22 Dec 2023","2.520077","2.242760","2.019295","3.023369","2.299175","2.424385","2.257131","3.742869","1.860312","1.877357"
"2023-12-27","27 Dec 2023","2.464365","2.243465","1.987609","3.026955","2.255950","2.424210","2.214625","3.747826","1.845807","1.854659"
"2023-12-28","28 Dec 2023","2.512568","2.223909","2.002842","3.034771","2.283899","2.414324","2.241566","3.783920","1.837241","1.856999"
"2023-12-29","29 Dec 2023","2.642049","2.247832","2.080886","3.045430","2.390138","2.436346","2.347593","3.782967","1.883776","1.917399"
"2024-01-02","02 Jan 2024","2.645557","2.243485","2.119949","3.037220","2.397980","2.438198","2.346867","3.778643","1.922011","1.962526"
"2024-01-03","03 Jan 2024","2.638199","2.245039","2.121419","3.056745","2.398437","2.446464","2.355830","3.817645","1.926352","1.966437"
"2024-01-04","04 Jan 2024","2.707488","2.296878","2.207242","3.081063","2.471728","2.495168","2.423256","3.820094","2.010880","2.055319"
"2024-01-05","05 Jan 2024","2.707564","2.389490","2.246926","3.150274","2.493880","2.577542","2.443348","3.863149","2.080786","2.110662"
"2024-01-08","08 Jan 2024","2.715618","2.375461","2.230731","3.140222","2.493207","2.562461","2.445187","3.854432","2.056363","2.087760"
"2024-01-09","09 Jan 2024","2.721884","2.366708","2.257045","3.132766","2.501337","2.559966","2.447043","3.854631","2.079993","2.117001"
"2024-01-10","10 Jan 2024","2.704801","2.376795","2.273238","3.154914","2.498571","2.578049","2.445482","3.894094","2.106951","2.142330"
"2024-01-11","11 Jan 2024","2.696500","2.373283","2.258358","3.127763","2.489854","2.564744","2.438605","3.840247","2.093533","2.126752"
"2024-01-12","12 Jan 2024","2.718815","2.330579","2.226208","3.105359","2.493182","2.525191","2.450864","3.834344","2.038329","2.078322"
"2024-01-15","15 Jan 2024","2.781294","2.363550","2.281012","3.121336","2.546087","2.554456","2.493182","3.834646","2.084757","2.129449"
"2024-01-16","16 Jan 2024","2.767404","2.369036","2.259949","3.132056","2.533694","2.557911","2.485239","3.846772","2.068294","2.108292"
"2024-01-17","17 Jan 2024","2.806726","2.488270","2.339429","3.220984","2.589234","2.666145","2.528301","3.903988","2.174417","2.202474"
"2024-01-18","18 Jan 2024","2.838265","2.506516","2.363053","3.215102","2.619288","2.676813","2.558757","3.873629","2.195579","2.224279"
"2024-01-19","19 Jan 2024","2.832881","2.483020","2.384627","3.190384","2.612836","2.660146","2.539192","3.855368","2.213247","2.249517"
"2024-01-22","22 Jan 2024","2.766674","2.454785","2.335476","3.205270","2.552142","2.644499","2.480106","3.913132","2.172882","2.205354"
"2024-01-23","23 Jan 2024","2.841969","2.489651","2.388633","3.216703","2.617158","2.672123","2.541804","3.900635","2.214466","2.251532"
"2024-01-24","24 Jan 2024","2.840731","2.479685","2.384543","3.208373","2.612871","2.663037","2.535882","3.894279","2.207389","2.246040"
"2024-01-25","25 Jan 2024","2.839625","2.404133","2.368753","3.137580","2.600269","2.595002","2.523669","3.834473","2.170110","2.221809"
"2024-01-26","26 Jan 2024","2.862101","2.382807","2.388323","3.143599","2.614578","2.587388","2.533614","3.873765","2.176507","2.237109"
"2024-01-29","29 Jan 2024","2.816603","2.317013","2.325151","3.110093","2.561051","2.530534","2.484939","3.871415","2.104074","2.167846"
"2024-01-30","30 Jan 2024","2.819650","2.311783","2.332848","3.089613","2.569147","2.522962","2.495295","3.838361","2.112240","2.176945"
"2024-01-31","31 Jan 2024","2.755047","2.261176","2.265802","3.051210","2.505327","2.473733","2.437059","3.809533","2.047361","2.109817"
"2024-02-01","01 Feb 2024","2.723185","2.257484","2.254262","3.049805","2.482760","2.471858","2.414767","3.812018","2.045630","2.104710"
"2024-02-02","02 Feb 2024","2.717112","2.368858","2.275220","3.136758","2.499829","2.566561","2.437451","3.864864","2.101605","2.140209"
"2024-02-05","05 Feb 2024","2.816963","2.427882","2.380938","3.166574","2.594747","2.622532","2.520907","3.871708","2.198663","2.244948"
"2024-02-06","06 Feb 2024","2.836148","2.444100","2.387179","3.164610","2.611731","2.630444","2.539777","3.848295","2.203768","2.248652"
"2024-02-07","07 Feb 2024","2.825654","2.423587","2.374759","3.154710","2.600421","2.614264","2.530667","3.850236","2.188183","2.234999"
"2024-02-08","08 Feb 2024","2.862299","2.492205","2.427140","3.186991","2.641544","2.670366","2.561549","3.844615","2.251830","2.293433"
"2024-02-09","09 Feb 2024","2.876673","2.555327","2.461191","3.213791","2.666912","2.720092","2.581843","3.832768","2.302878","2.335978"
"2024-02-12","12 Feb 2024","2.864271","2.541555","2.451783","3.224301","2.656358","2.715045","2.575806","3.869156","2.292416","2.326718"
"2024-02-13","13 Feb 2024","2.855099","2.597749","2.461977","3.248541","2.658876","2.757076","2.573404","3.856893","2.323553","2.346300"
"2024-02-14","14 Feb 2024","2.843777","2.633688","2.445205","3.271144","2.652605","2.782230","2.569936","3.859161","2.320464","2.332360"
"2024-02-15","15 Feb 2024","2.776356","2.614587","2.387055","3.256497","2.597938","2.761069","2.525962","3.845684","2.277001","2.280022"
"2024-02-16","16 Feb 2024","2.826334","2.697596","2.471249","3.298868","2.656673","2.833961","2.569505","3.850014","2.374727","2.374340"
"2024-02-19","19 Feb 2024","2.841840","2.701962","2.471856","3.302677","2.670924","2.836764","2.591528","3.851758","2.371986","2.371493"
"2024-02-20","20 Feb 2024","2.811191","2.655152","2.440981","3.269015","2.634114","2.795510","2.551913","3.832693","2.334579","2.338447"
"2024-02-21","21 Feb 2024","2.836075","2.686852","2.474467","3.288421","2.667067","2.824517","2.589602","3.841040","2.372221","2.374962"
"2024-02-22","22 Feb 2024","2.787402","2.740314","2.479805","3.321511","2.643011","2.870421","2.557961","3.853000","2.411125","2.399410"
"2024-02-23","23 Feb 2024","2.742695","2.720468","2.438434","3.309399","2.603247","2.850907","2.522185","3.846641","2.376715","2.360514"
"2024-02-26","26 Feb 2024","2.779491","2.785199","2.467280","3.346852","2.643900","2.902963","2.560226","3.852560","2.416364","2.391372"
"2024-02-27","27 Feb 2024","2.828280","2.791354","2.492977","3.342178","2.682971","2.906372","2.596751","3.837466","2.430029","2.409838"
"2024-02-28","28 Feb 2024","2.850586","2.796618","2.516738","3.340430","2.701064","2.911383","2.609697","3.830523","2.448793","2.432423"
"2024-02-29","29 Feb 2024","2.793237","2.787368","2.480110","3.333225","2.652644","2.901244","2.558696","3.824056","2.426652","2.403400"
"2024-03-01","01 Mar 2024","2.849784","2.784078","2.503468","3.334003","2.694259","2.899745","2.601220","3.829141","2.431107","2.415614"
"2024-03-04","04 Mar 2024","2.777731","2.767634","2.433624","3.324031","2.640463","2.880491","2.564541","3.821209","2.379628","2.351718"
"2024-03-05","05 Mar 2024","2.682688","2.741956","2.363515","3.299268","2.562504","2.852363","2.490351","3.795010","2.331482","2.292266"
"2024-03-06","06 Mar 2024","2.685510","2.735233","2.359709","3.298589","2.562597","2.847330","2.491788","3.800142","2.324139","2.286235"
"2024-03-07","07 Mar 2024","2.658372","2.743183","2.340247","3.305517","2.546185","2.852953","2.481173","3.804278","2.316515","2.271676"
"2024-03-08","08 Mar 2024","2.667820","2.651665","2.303181","3.250304","2.526444","2.774542","2.463676","3.786630","2.243500","2.215640"
"2024-03-11","11 Mar 2024","2.713469","2.681922","2.359120","3.267515","2.568859","2.803950","2.497627","3.793876","2.295278","2.272187"
"2024-03-12","12 Mar 2024","2.707887","2.722961","2.377622","3.301527","2.570486","2.842024","2.488575","3.820279","2.328491","2.298994"
"2024-03-13","13 Mar 2024","2.727197","2.714619","2.403831","3.297955","2.583426","2.838959","2.495666","3.825142","2.345143","2.323473"
"2024-03-14","14 Mar 2024","2.819932","2.749135","2.486255","3.314159","2.660370","2.871925","2.557718","3.826848","2.410465","2.399272"
"2024-03-15","15 Mar 2024","2.808863","2.786154","2.494603","3.341525","2.662440","2.904404","2.562586","3.843232","2.434830","2.415712"
"2024-03-18","18 Mar 2024","2.832116","2.782791","2.510210","3.335163","2.680683","2.901567","2.580969","3.835204","2.442453","2.427764"
"2024-03-19","19 Mar 2024","2.840534","2.760405","2.484629","3.323124","2.683601","2.879970","2.596419","3.830962","2.407086","2.393610"
"2024-03-20","20 Mar 2024","2.812245","2.768866","2.486231","3.329101","2.663326","2.888837","2.569880","3.835811","2.419946","2.403495"
"2024-03-21","21 Mar 2024","2.834495","2.737430","2.469761","3.315911","2.672356","2.861990","2.587842","3.839545","2.385367","2.375041"
"2024-03-22","22 Mar 2024","2.750561","2.698007","2.377852","3.267178","2.598846","2.814208","2.521015","3.776297","2.309236","2.286619"
"2024-03-25","25 Mar 2024","2.766590","2.731547","2.426024","3.276330","2.618075","2.843614","2.525531","3.764494","2.364038","2.342261"
"2024-03-26","26 Mar 2024","2.757277","2.737181","2.404999","3.276864","2.614213","2.844652","2.527753","3.757098","2.349448","2.321400"
"2024-03-27","27 Mar 2024","2.706090","2.677048","2.351058","3.247713","2.556115","2.794001","2.471448","3.758670","2.288746","2.264440"
"2024-03-28","28 Mar 2024","2.695754","2.676974","2.359935","3.255718","2.544576","2.798196","2.452403","3.776495","2.298922","2.276628"
"2024-04-02","02 Apr 2024","2.880273","2.695380","2.486392","3.252148","2.691130","2.816994","2.587490","3.757319","2.375336","2.378961"
"2024-04-03","03 Apr 2024","2.872433","2.712572","2.484140","3.273977","2.687839","2.834004","2.584345","3.782291","2.380510","2.379747"
"2024-04-04","04 Apr 2024","2.787855","2.676899","2.411300","3.260560","2.613069","2.802137","2.515440","3.788299","2.321016","2.312514"
"2024-04-05","05 Apr 2024","2.821578","2.712310","2.436168","3.277337","2.648477","2.830430","2.550410","3.785135","2.348748","2.337038"
"2024-04-08","08 Apr 2024","2.848697","2.729554","2.492331","3.268876","2.672992","2.845338","2.558250","3.756470","2.402902","2.397629"
"2024-04-09","09 Apr 2024","2.771845","2.727377","2.432187","3.286528","2.612396","2.844529","2.505746","3.789571","2.364642","2.346485"
"2024-04-10","10 Apr 2024","2.851239","2.784234","2.483955","3.318282","2.643979","2.890368","2.466842","3.792720","2.407661","2.390062"
"2024-04-11","11 Apr 2024","2.910556","2.796185","2.521675","3.318465","2.693653","2.900118","2.514039","3.782396","2.432218","2.420544"
"2024-04-12","12 Apr 2024","2.810217","2.695832","2.406940","3.257780","2.590200","2.809203","2.424058","3.758459","2.313311","2.301576"
"2024-04-15","15 Apr 2024","2.905519","2.724399","2.504326","3.242942","2.678124","2.831574","2.504382","3.707075","2.393566","2.394919"
"2024-04-16","16 Apr 2024","2.977584","2.750305","2.565459","3.261154","2.742174","2.857913","2.568224","3.720145","2.440825","2.450280"
"2024-04-17","17 Apr 2024","2.939013","2.763419","2.544606","3.274479","2.714294","2.868911","2.539378","3.731796","2.436309","2.437177"
"2024-04-18","18 Apr 2024","2.922016","2.779560","2.555183","3.277115","2.715323","2.882399","2.549394","3.722645","2.459212","2.456425"
"2024-04-19","19 Apr 2024","2.918317","2.825003","2.577262","3.300883","2.730388","2.920972","2.567492","3.724926","2.499805","2.488778"
"2024-04-22","22 Apr 2024","2.947677","2.784324","2.569407","3.276541","2.739172","2.885943","2.576557","3.717110","2.468034","2.467347"
"2024-04-23","23 Apr 2024","2.919421","2.779607","2.561338","3.264234","2.719249","2.879838","2.558132","3.698267","2.467821","2.465073"
"2024-04-24","24 Apr 2024","3.017264","2.841254","2.643961","3.297319","2.813738","2.934341","2.650242","3.704427","2.542990","2.543541"
"2024-04-25","25 Apr 2024","3.060902","2.899522","2.696887","3.336855","2.865503","2.987305","2.701296","3.725887","2.603149","2.600569"
"2024-04-26","26 Apr 2024","2.968646","2.862705","2.623465","3.311969","2.786705","2.951698","2.629568","3.710736","2.546122","2.534992"
"2024-04-29","29 Apr 2024","2.948928","2.831305","2.593618","3.290820","2.762516","2.922853","2.607187","3.699145","2.511545","2.501892"
"2024-04-30","30 Apr 2024","2.957149","2.912088","2.636870","3.352461","2.793779","2.996757","2.638954","3.741178","2.580491","2.559044"
"2024-05-02","02 May 2024","2.943573","2.881440","2.619269","3.329490","2.771221","2.969110","2.611745","3.726319","2.555657","2.538314"
"2024-05-03","03 May 2024","2.883823","2.817159","2.545998","3.271630","2.712638","2.905301","2.560418","3.673428","2.481390","2.462578"
"2024-05-06","06 May 2024","2.864580","2.822131","2.513710","3.286549","2.706240","2.909518","2.570966","3.694808","2.458403","2.431183"
"2024-05-07","07 May 2024","2.818073","2.813034","2.476981","3.278492","2.669234","2.898879","2.534481","3.686204","2.434117","2.399859"
"2024-05-08","08 May 2024","2.852248","2.831210","2.515585","3.283568","2.697580","2.915183","2.553484","3.680222","2.468107","2.437865"
"2024-05-09","09 May 2024","2.908337","2.842689","2.548513","3.288883","2.748199","2.925758","2.609354","3.680234","2.488717","2.463602"
"2024-05-10","10 May 2024","2.898083","2.861500","2.560771","3.304991","2.742836","2.944245","2.599910","3.694209","2.509301","2.481935"
"2024-05-13","13 May 2024","2.899966","2.846272","2.553977","3.293867","2.741659","2.930515","2.602707","3.687313","2.496744","2.471957"
"2024-05-14","14 May 2024","2.935304","2.856016","2.586932","3.294887","2.768030","2.939532","2.620143","3.681389","2.521638","2.502090"
"2024-05-15","15 May 2024","2.858847","2.806343","2.499751","3.273624","2.700071","2.894367","2.569385","3.684473","2.441461","2.415025"
"2024-05-16","16 May 2024","2.851058","2.809876","2.505933","3.267189","2.693744","2.895902","2.556168","3.669177","2.451567","2.424728"
"2024-05-17","17 May 2024","2.908915","2.854694","2.573644","3.296540","2.748836","2.938715","2.604025","3.685702","2.515796","2.493151"
"2024-05-20","20 May 2024","2.930578","2.850831","2.592874","3.279579","2.763177","2.932904","2.610015","3.657593","2.527764","2.509915"
"2024-05-21","21 May 2024","2.897151","2.836790","2.563389","3.270915","2.735406","2.919310","2.586691","3.653213","2.504215","2.482833"
"2024-05-22","22 May 2024","2.920838","2.871414","2.593844","3.304156","2.761945","2.953523","2.612262","3.685138","2.538172","2.515468"
"2024-05-23","23 May 2024","2.931955","2.935519","2.642158","3.313050","2.804440","3.002833","2.657634","3.641690","2.611558","2.578817"
"2024-05-24","24 May 2024","2.934065","2.965249","2.652414","3.349098","2.811978","3.033099","2.665177","3.682790","2.630001","2.592767"
"2024-05-27","27 May 2024","2.896417","2.903040","2.598498","3.297265","2.768438","2.973739","2.629144","3.640818","2.567295","2.533388"
"2024-05-28","28 May 2024","2.933170","2.902882","2.624822","3.287553","2.792910","2.972503","2.642914","3.623216","2.582372","2.554646"
"2024-05-29","29 May 2024","3.051737","2.957937","2.719324","3.333978","2.894723","3.027238","2.737281","3.663022","2.657476","2.639458"
"2024-05-30","30 May 2024","3.080984","2.946121","2.737423","3.321021","2.911042","3.016971","2.749098","3.650511","2.661644","2.651395"
"2024-05-31","31 May 2024","3.025469","2.946912","2.701559","3.334720","2.871166","3.019348","2.719110","3.674998","2.642500","2.623650"
"2024-06-03","03 Jun 2024","2.991682","2.904775","2.661483","3.295955","2.833145","2.977986","2.679502","3.639289","2.599337","2.581514"
"2024-06-04","04 Jun 2024","2.916880","2.853559","2.597435","3.250268","2.764041","2.927764","2.614326","3.598498","2.541887","2.521097"
"2024-06-05","05 Jun 2024","2.883064","2.858989","2.567607","3.273717","2.739021","2.935561","2.595840","3.637005","2.523283","2.495092"
"2024-06-06","06 Jun 2024","2.923733","2.898670","2.621814","3.275179","2.787117","2.966437","2.637054","3.603399","2.581999","2.553661"
"2024-06-07","07 Jun 2024","2.972146","2.959167","2.686772","3.318224","2.837490","3.023119","2.675810","3.630639","2.652088","2.623068"
"2024-06-10","10 Jun 2024","3.064194","2.952823","2.738518","3.310329","2.902090","3.019167","2.734438","3.623477","2.672134","2.658558"
"2024-06-11","11 Jun 2024","3.085260","2.895277","2.707507","3.259675","2.906870","2.963455","2.745916","3.579154","2.617446","2.612042"
"2024-06-12","12 Jun 2024","2.958690","2.858655","2.596794","3.246030","2.808662","2.928154","2.668252","3.583343","2.535236","2.512533"
"2024-06-13","13 Jun 2024","2.953645","2.829908","2.585520","3.210663","2.798671","2.898701","2.656959","3.542565","2.517007","2.498242"
"2024-06-14","14 Jun 2024","2.808095","2.686771","2.408687","3.107870","2.653216","2.762746","2.531207","3.474920","2.338506","2.315353"
"2024-06-17","17 Jun 2024","2.877989","2.718156","2.487404","3.115303","2.706389","2.791454","2.561350","3.462757","2.404907","2.391759"
"2024-06-18","18 Jun 2024","2.855963","2.720089","2.476221","3.121078","2.689464","2.793862","2.546050","3.471758","2.400618","2.384323"
"2024-06-19","19 Jun 2024","2.851139","2.737956","2.475492","3.140108","2.694270","2.810839","2.556830","3.490908","2.408036","2.386890"
"2024-06-20","20 Jun 2024","2.883512","2.749307","2.509393","3.122241","2.730863","2.816123","2.592950","3.446803","2.439401","2.421000"
"2024-06-21","21 Jun 2024","2.851384","2.699335","2.450176","3.083295","2.702651","2.767501","2.582726","3.416907","2.375921","2.356314"
"2024-06-24","24 Jun 2024","2.879016","2.740632","2.479082","3.122282","2.737266","2.807333","2.619176","3.453008","2.410566","2.387393"
"2024-06-25","25 Jun 2024","2.837924","2.733138","2.443782","3.118740","2.715552","2.799232","2.617145","3.451895","2.387483","2.357072"
"2024-06-26","26 Jun 2024","2.882862","2.742610","2.488760","3.114903","2.744659","2.807654","2.629357","3.437498","2.420642","2.398356"
"2024-06-27","27 Jun 2024","2.881001","2.746731","2.489523","3.111232","2.748949","2.809586","2.634643","3.426375","2.425081","2.400971"
"2024-06-28","28 Jun 2024","2.914293","2.736005","2.501911","3.099345","2.766044","2.799371","2.640140","3.413970","2.423419","2.405610"
"2024-07-01","01 Jul 2024","3.041475","2.814566","2.635117","3.147156","2.875192","2.873845","2.724077","3.436062","2.542067","2.535524"
"2024-07-02","02 Jul 2024","3.031143","2.826825","2.625718","3.160267","2.882598","2.884953","2.750195","3.448887","2.542028","2.529551"
"2024-07-03","03 Jul 2024","3.027286","2.842650","2.627894","3.182607","2.880835","2.901708","2.746819","3.476741","2.549523","2.534148"
"2024-07-04","04 Jul 2024","3.005335","2.836854","2.623737","3.167274","2.861886","2.894133","2.722247","3.453070","2.550591","2.534510"
"2024-07-05","05 Jul 2024","2.991821","2.816987","2.599684","3.149810","2.848928","2.874237","2.709687","3.437296","2.525447","2.508546"
"2024-07-08","08 Jul 2024","2.969066","2.783776","2.570723","3.126893","2.813507","2.843711","2.664330","3.424020","2.490727","2.476346"
"2024-07-09","09 Jul 2024","2.985174","2.801825","2.594145","3.141961","2.825582","2.861570","2.667687","3.436777","2.514013","2.500777"
"2024-07-10","10 Jul 2024","2.947855","2.797682","2.557072","3.150354","2.801461","2.858445","2.655986","3.455135","2.487843","2.467119"
"2024-07-11","11 Jul 2024","2.924514","2.730356","2.498111","3.099036","2.767554","2.794690","2.630706","3.418276","2.414340","2.397814"
"2024-07-12","12 Jul 2024","2.936273","2.767193","2.516790","3.137900","2.787865","2.831024","2.654131","3.458229","2.441495","2.420280"
"2024-07-15","15 Jul 2024","2.963268","2.709822","2.514004","3.076993","2.784633","2.775465","2.636772","3.396113","2.410485","2.403785"
"2024-07-16","16 Jul 2024","2.903281","2.693648","2.464517","3.076667","2.734489","2.761478","2.593719","3.409146","2.373408","2.359517"
"2024-07-17","17 Jul 2024","2.896656","2.692872","2.461297","3.083577","2.722594","2.762628","2.576064","3.423226","2.370058","2.356449"
"2024-07-18","18 Jul 2024","2.885095","2.674629","2.436752","3.073571","2.712600","2.745687","2.575122","3.420246","2.343624","2.329257"
"2024-07-19","19 Jul 2024","2.965021","2.699280","2.496556","3.082864","2.783654","2.768108","2.644652","3.416478","2.388228","2.381582"
"2024-07-22","22 Jul 2024","2.964372","2.697064","2.510544","3.077651","2.770176","2.766677","2.611911","3.409754","2.399060","2.396516"
"2024-07-23","23 Jul 2024","2.955315","2.680654","2.477694","3.082677","2.759172","2.753906","2.609233","3.433279","2.363065","2.358654"
"2024-07-24","24 Jul 2024","2.995070","2.645045","2.471511","3.057034","2.778847","2.721390","2.630399","3.417265","2.332762","2.337589"
"2024-07-25","25 Jul 2024","2.974464","2.624947","2.433908","3.049285","2.764082","2.702751","2.628294","3.419652","2.296105","2.297632"
"2024-07-26","26 Jul 2024","2.941550","2.615205","2.424546","3.027129","2.738261","2.690625","2.600095","3.386597","2.294517","2.294585"
"2024-07-29","29 Jul 2024","2.859690","2.597404","2.389630","2.992571","2.676061","2.668896","2.539398","3.336796","2.280591","2.273879"
"2024-07-30","30 Jul 2024","2.882955","2.534791","2.354488","2.948173","2.677446","2.610990","2.547955","3.309318","2.217705","2.220669"
"2024-07-31","31 Jul 2024","2.863706","2.504599","2.329070","2.923089","2.650591","2.582215","2.516353","3.289078","2.187690","2.192625"
"2024-08-01","01 Aug 2024","2.828826","2.479683","2.281431","2.918898","2.616219","2.560673","2.487856","3.302681","2.141922","2.143211"
"2024-08-02","02 Aug 2024","2.760507","2.388348","2.196969","2.832286","2.545759","2.470568","2.426616","3.220477","2.050409","2.054044"
"2024-08-05","05 Aug 2024","2.759895","2.172908","2.235522","2.717423","2.470330","2.309548","2.331208","3.227294","1.998970","2.069424"
"2024-08-06","06 Aug 2024","2.730193","2.180699","2.259932","2.761715","2.469305","2.336643","2.342997","3.317823","2.038726","2.108202"
"2024-08-07","07 Aug 2024","2.856227","2.281818","2.365214","2.823295","2.587803","2.423584","2.458522","3.337061","2.137292","2.208162"
"2024-08-08","08 Aug 2024","2.894754","2.299497","2.363147","2.830348","2.599917","2.431338","2.453548","3.325821","2.124540","2.195237"
"2024-08-09","09 Aug 2024","2.829783","2.259667","2.317968","2.814375","2.547765","2.400209","2.412437","3.335459","2.086803","2.155644"
"2024-08-12","12 Aug 2024","2.839982","2.258954","2.327146","2.817946","2.555140","2.401843","2.417948","3.344359","2.092379","2.163572"
"2024-08-13","13 Aug 2024","2.810460","2.222437","2.292689","2.790958","2.524620","2.368226","2.391079","3.326867","2.055187","2.127429"
"2024-08-14","14 Aug 2024","2.787780","2.215357","2.285321","2.792221","2.507773","2.365099","2.374314","3.338164","2.052896","2.124183"
"2024-08-15","15 Aug 2024","2.843863","2.307065","2.352134","2.835789","2.574983","2.439820","2.439698","3.331319","2.134221","2.197508"
"2024-08-16","16 Aug 2024","2.784133","2.282876","2.334991","2.812180","2.546347","2.421664","2.429753","3.315437","2.133957","2.193553"
"2024-08-19","19 Aug 2024","2.801616","2.281962","2.350602","2.813833","2.557502","2.423223","2.434817","3.321389","2.143705","2.207077"
"2024-08-20","20 Aug 2024","2.773343","2.241114","2.326133","2.788853","2.534613","2.390731","2.420102","3.316595","2.117498","2.183099"
"2024-08-21","21 Aug 2024","2.744227","2.185660","2.305956","2.751117","2.519538","2.349708","2.420493","3.308716","2.097532","2.165574"
"2024-08-22","22 Aug 2024","2.758842","2.194617","2.322228","2.742526","2.533629","2.354260","2.429895","3.283467","2.113837","2.182352"
"2024-08-23","23 Aug 2024","2.829012","2.237147","2.354585","2.769101","2.556575","2.381169","2.413448","3.278927","2.123056","2.199472"
"2024-08-26","26 Aug 2024","2.836406","2.218121","2.361157","2.762068","2.562962","2.369541","2.422328","3.288158","2.122934","2.204195"
"2024-08-27","27 Aug 2024","2.896643","2.247356","2.397614","2.778236","2.609698","2.392613","2.465132","3.288203","2.147898","2.233004"
"2024-08-28","28 Aug 2024","2.831700","2.197961","2.366369","2.739906","2.568676","2.354506","2.436588","3.271197","2.128984","2.212143"
"2024-08-29","29 Aug 2024","2.851875","2.145756","2.379527","2.703159","2.585787","2.318048","2.456969","3.264173","2.127507","2.220706"
"2024-08-30","30 Aug 2024","2.867006","2.206583","2.388830","2.739156","2.587772","2.359146","2.443588","3.258875","2.140116","2.228664"
"2024-09-02","02 Sep 2024","2.937494","2.250837","2.448556","2.764461","2.654923","2.398418","2.510804","3.265893","2.193353","2.284952"
"2024-09-03","03 Sep 2024","2.836462","2.230235","2.371817","2.768436","2.572465","2.381162","2.438251","3.290504","2.139555","2.218737"
"2024-09-04","04 Sep 2024","2.820776","2.177911","2.323052","2.749580","2.553479","2.337578","2.440458","3.303365","2.077672","2.160482"
"2024-09-05","05 Sep 2024","2.770812","2.067741","2.305211","2.678824","2.525613","2.262324","2.429470","3.303045","2.059540","2.150022"
"2024-09-06","06 Sep 2024","2.827783","2.114146","2.311388","2.699048","2.530687","2.281246","2.397194","3.268929","2.040526","2.137578"
"2024-09-09","09 Sep 2024","2.810527","2.030766","2.295980","2.662208","2.532861","2.227216","2.427859","3.298533","2.017615","2.122086"
"2024-09-10","10 Sep 2024","2.792784","2.008492","2.283424","2.651016","2.527990","2.213327","2.436752","3.306171","2.009830","2.112510"
"2024-09-11","11 Sep 2024","2.714107","1.900679","2.213694","2.608232","2.459530","2.139024","2.380289","3.349839","1.941400","2.045401"
"2024-09-12","12 Sep 2024","2.745682","1.959075","2.239654","2.627828","2.483128","2.175485","2.391835","3.315059","1.967903","2.069959"
"2024-09-13","13 Sep 2024","2.755491","1.925531","2.260249","2.601878","2.507078","2.162937","2.428414","3.329665","1.993052","2.094949"
"2024-09-16","16 Sep 2024","2.741158","1.955920","2.247989","2.614575","2.494632","2.177791","2.413849","3.307598","1.987584","2.084636"
"2024-09-17","17 Sep 2024","2.705916","1.925359","2.248627","2.584267","2.474739","2.160742","2.399841","3.301410","2.000589","2.095583"
"2024-09-18","18 Sep 2024","2.771279","1.986647","2.298591","2.615039","2.532759","2.205080","2.454609","3.287399","2.043941","2.140842"
"2024-09-19","19 Sep 2024","2.807374","1.977551","2.304846","2.596850","2.562211","2.191558","2.493384","3.256505","2.035633","2.138011"
"2024-09-20","20 Sep 2024","2.842513","2.001647","2.328832","2.620698","2.583542","2.209951","2.503289","3.268209","2.049184","2.156592"
"2024-09-23","23 Sep 2024","2.841252","1.929767","2.302627","2.569539","2.579474","2.151141","2.516285","3.247305","2.006137","2.121842"
"2024-09-24","24 Sep 2024","2.864808","1.864955","2.289184","2.525922","2.578600","2.094330","2.510982","3.223957","1.961957","2.092973"
"2024-09-25","25 Sep 2024","2.839383","1.864464","2.291417","2.507207","2.570941","2.097419","2.505780","3.205180","1.983303","2.106154"
"2024-09-26","26 Sep 2024","2.804064","1.798760","2.253767","2.454619","2.535169","2.041618","2.474402","3.174728","1.940227","2.066822"
"2024-09-27","27 Sep 2024","2.790150","1.753293","2.252115","2.416649","2.519246","2.011994","2.449296","3.169985","1.938349","2.067442"
"2024-09-30","30 Sep 2024","2.779201","1.806057","2.236787","2.434119","2.511411","2.034284","2.445536","3.116015","1.929023","2.052634"
"2024-10-01","01 Oct 2024","2.674850","1.691622","2.144249","2.377462","2.418682","1.945625","2.364054","3.098190","1.842748","1.964505"
"2024-10-02","02 Oct 2024","2.784254","1.763631","2.229836","2.402720","2.508531","2.000726","2.441023","3.103788","1.910474","2.040454"
"2024-10-03","03 Oct 2024","2.836218","1.772276","2.289072","2.409852","2.547692","2.021289","2.456687","3.131158","1.963948","2.099246"
"2024-10-04","04 Oct 2024","2.850629","1.892842","2.321327","2.466545","2.571667","2.102201","2.476791","3.091084","2.016164","2.139745"
"2024-10-07","07 Oct 2024","2.888432","1.976230","2.368077","2.491458","2.613603","2.157613","2.516453","3.040192","2.071276","2.190292"
"2024-10-08","08 Oct 2024","2.901577","2.000295","2.378612","2.508116","2.628775","2.176372","2.534729","3.044820","2.083655","2.200887"
"2024-10-09","09 Oct 2024","2.882764","2.003972","2.367220","2.510636","2.611664","2.176828","2.515670","3.041267","2.076642","2.191837"
"2024-10-10","10 Oct 2024","2.899926","2.018841","2.382135","2.514760","2.629353","2.188483","2.533880","3.035306","2.091831","2.206543"
"2024-10-11","11 Oct 2024","2.931946","2.021545","2.409149","2.513112","2.652729","2.192021","2.550237","3.031293","2.110031","2.230145"
"2024-10-14","14 Oct 2024","2.926722","2.007065","2.407756","2.499533","2.644362","2.178424","2.540589","3.017840","2.104371","2.228090"
"2024-10-15","15 Oct 2024","2.839700","1.959056","2.339198","2.487210","2.587299","2.148049","2.513531","3.056225","2.057267","2.169626"
"2024-10-16","16 Oct 2024","2.782264","1.912379","2.288866","2.460413","2.532009","2.107501","2.459230","3.048438","2.009205","2.121071"
"2024-10-17","17 Oct 2024","2.832039","1.906458","2.314152","2.447468","2.572275","2.101163","2.502905","3.029966","2.018316","2.137730"
"2024-10-18","18 Oct 2024","2.824860","1.817278","2.294088","2.379698","2.557999","2.032880","2.490956","3.007303","1.982889","2.111592"
"2024-10-21","21 Oct 2024","2.921430","1.948735","2.380848","2.435888","2.647109","2.125469","2.568564","2.961426","2.070037","2.196315"
"2024-10-22","22 Oct 2024","2.959708","1.966277","2.399731","2.419912","2.674378","2.127353","2.589764","2.901993","2.078573","2.208763"
"2024-10-23","23 Oct 2024","3.014476","1.892579","2.433750","2.365805","2.711902","2.077846","2.624916","2.894919","2.083848","2.231604"
"2024-10-24","24 Oct 2024","2.929467","1.875527","2.371516","2.358269","2.646919","2.060491","2.573349","2.893558","2.042237","2.179253"
"2024-10-25","25 Oct 2024","2.934392","1.907847","2.397353","2.378240","2.652428","2.089105","2.566547","2.901187","2.075927","2.210722"
"2024-10-28","28 Oct 2024","2.914855","1.852942","2.381052","2.333202","2.636410","2.047174","2.558427","2.883163","2.056262","2.194500"
"2024-10-29","29 Oct 2024","2.959774","1.916659","2.433185","2.349013","2.679985","2.090538","2.595191","2.839873","2.110541","2.248395"
"2024-10-30","30 Oct 2024","2.944975","2.004848","2.472459","2.400259","2.685186","2.163133","2.595427","2.847665","2.179965","2.305462"
"2024-10-31","31 Oct 2024","2.959593","2.100003","2.520946","2.473266","2.698457","2.243313","2.581707","2.884569","2.245757","2.363900"
"2024-11-01","01 Nov 2024","2.954282","2.050839","2.489485","2.424941","2.691954","2.195256","2.590642","2.838169","2.202558","2.324987"
"2024-11-04","04 Nov 2024","2.917616","2.082468","2.487139","2.453064","2.661294","2.222118","2.546958","2.856613","2.217533","2.333033"
"2024-11-05","05 Nov 2024","2.933017","2.080870","2.498362","2.462326","2.674485","2.226364","2.560487","2.880666","2.224936","2.342506"
"2024-11-06","06 Nov 2024","3.003632","1.999066","2.511325","2.385968","2.721909","2.154986","2.618173","2.820024","2.195667","2.334103"
"2024-11-07","07 Nov 2024","3.021645","1.995940","2.524029","2.393088","2.737365","2.158028","2.634216","2.842155","2.203723","2.344661"
"2024-11-08","08 Nov 2024","2.939398","1.986886","2.470058","2.391662","2.671336","2.148557","2.571247","2.846089","2.171640","2.301689"
"2024-11-11","11 Nov 2024","2.913232","1.907934","2.442095","2.371344","2.636445","2.098694","2.531462","2.900960","2.132123","2.270139"
"2024-11-12","12 Nov 2024","2.872899","1.865563","2.428060","2.347443","2.587429","2.069272","2.458442","2.905929","2.119074","2.260526"
"2024-11-13","13 Nov 2024","2.912226","1.894884","2.474171","2.362775","2.621027","2.098588","2.478389","2.915398","2.164927","2.307658"
"2024-11-14","14 Nov 2024","2.901785","1.855694","2.447904","2.318557","2.621671","2.064943","2.501910","2.884473","2.138849","2.279455"
"2024-11-15","15 Nov 2024","2.913324","1.887188","2.457563","2.328779","2.642072","2.087979","2.533182","2.876858","2.155301","2.290874"
"2024-11-18","18 Nov 2024","2.920591","1.957025","2.474349","2.381145","2.653855","2.139601","2.542059","2.885746","2.182729","2.311977"
"2024-11-19","19 Nov 2024","2.881837","1.923313","2.430908","2.349061","2.612856","2.100254","2.502184","2.839717","2.135762","2.266626"
"2024-11-20","20 Nov 2024","2.895930","1.921692","2.447447","2.346566","2.622813","2.102841","2.505039","2.844783","2.150163","2.282965"
"2024-11-21","21 Nov 2024","2.856560","1.878798","2.398741","2.322616","2.586612","2.062653","2.481789","2.832159","2.097941","2.231762"
"2024-11-22","22 Nov 2024","2.822614","1.790962","2.356239","2.230996","2.565525","1.991746","2.484396","2.780057","2.055724","2.188849"
"2024-11-25","25 Nov 2024","2.734431","1.769638","2.301473","2.226617","2.479678","1.968808","2.382079","2.772596","2.014768","2.143246"
"2024-11-26","26 Nov 2024","2.718469","1.830988","2.298808","2.249942","2.474812","2.007340","2.378543","2.742351","2.030084","2.147729"
"2024-11-27","27 Nov 2024","2.658452","1.812591","2.261384","2.256001","2.415384","1.992106","2.309505","2.760821","1.999658","2.115749"
"2024-11-28","28 Nov 2024","2.627908","1.791724","2.224826","2.231199","2.399937","1.971645","2.315508","2.739730","1.971195","2.080980"
"2024-11-29","29 Nov 2024","2.590796","1.717983","2.185225","2.184527","2.357334","1.912008","2.271498","2.726990","1.922683","2.038508"
"2024-12-02","02 Dec 2024","2.570429","1.655235","2.138174","2.161040","2.323789","1.856446","2.244145","2.729408","1.854659","1.980556"
"2024-12-03","03 Dec 2024","2.512143","1.677094","2.124502","2.146710","2.297109","1.875328","2.225250","2.702391","1.878646","1.985960"
"2024-12-04","04 Dec 2024","2.551038","1.702561","2.160947","2.165554","2.335425","1.904311","2.262638","2.731850","1.915178","2.022045"
"2024-12-05","05 Dec 2024","2.569428","1.784717","2.195212","2.219472","2.349054","1.963080","2.256636","2.724979","1.957351","2.060617"
"2024-12-06","06 Dec 2024","2.542795","1.799032","2.163976","2.216867","2.335693","1.962286","2.262777","2.688409","1.934338","2.031110"
"2024-12-09","09 Dec 2024","2.588536","1.790638","2.184850","2.203324","2.360610","1.948871","2.277404","2.658887","1.932671","2.040974"
"2024-12-10","10 Dec 2024","2.665718","1.818196","2.196992","2.196564","2.379311","1.944442","2.263386","2.582655","1.903931","2.027673"
"2024-12-11","11 Dec 2024","2.680728","1.774397","2.206712","2.167215","2.394549","1.914038","2.283552","2.579019","1.902034","2.033960"
"2024-12-12","12 Dec 2024","2.707759","1.834783","2.259074","2.174926","2.461476","1.967267","2.375539","2.551552","1.983130","2.100934"
"2024-12-13","13 Dec 2024","2.816190","1.879168","2.330659","2.214439","2.512622","1.999734","2.379243","2.565539","2.015664","2.152826"
"2024-12-16","16 Dec 2024","2.839525","1.900249","2.332043","2.193693","2.522252","2.000606","2.381349","2.493124","2.011627","2.148307"
"2024-12-17","17 Dec 2024","2.781368","1.872415","2.313716","2.177616","2.496227","1.985180","2.372500","2.501093","2.012861","2.143793"
"2024-12-18","18 Dec 2024","2.801120","1.830990","2.339148","2.184282","2.519500","1.975952","2.399395","2.582432","2.032600","2.169492"
"2024-12-19","19 Dec 2024","2.870789","1.866823","2.405438","2.207126","2.582243","2.013755","2.453490","2.602717","2.092963","2.233655"
"2024-12-20","20 Dec 2024","2.854952","1.794521","2.374684","2.172129","2.563700","1.960729","2.445430","2.616587","2.049615","2.197112"
"2024-12-23","23 Dec 2024","2.870724","1.836836","2.402344","2.201549","2.581349","1.997799","2.456214","2.632250","2.084822","2.228808"
"2024-12-24","24 Dec 2024","2.869795","1.835036","2.405459","2.211694","2.581791","2.003148","2.455847","2.661780","2.090155","2.233272"
"2024-12-27","27 Dec 2024","2.875758","1.831128","2.431800","2.188540","2.604784","2.007697","2.494656","2.653268","2.126310","2.266681"
"2024-12-30","30 Dec 2024","2.911733","1.858812","2.447304","2.178646","2.629104","2.011151","2.513773","2.575177","2.130018","2.275102"
"2025-01-02","02 Jan 2025","2.906475","1.850573","2.433107","2.191738","2.625759","2.007620","2.518824","2.604787","2.113736","2.258844"
"2025-01-03","03 Jan 2025","2.965825","1.969340","2.489614","2.252722","2.673312","2.088659","2.544581","2.572779","2.172863","2.314642"
"2025-01-06","06 Jan 2025","3.007606","2.046042","2.540918","2.322421","2.719691","2.159570","2.589502","2.630412","2.232778","2.369878"
"2025-01-07","07 Jan 2025","3.026597","1.952778","2.548372","2.275045","2.727952","2.103300","2.596388","2.668387","2.220565","2.370342"
"2025-01-08","08 Jan 2025","3.116853","2.003455","2.605443","2.340401","2.805642","2.149094","2.676242","2.706154","2.259386","2.416518"
"2025-01-09","09 Jan 2025","3.124431","2.032345","2.616299","2.335359","2.810090","2.164683","2.673660","2.684062","2.272372","2.428117"
"2025-01-10","10 Jan 2025","3.152529","2.109984","2.656244","2.361439","2.850071","2.220215","2.718613","2.649981","2.326424","2.474277"
"2025-01-13","13 Jan 2025","3.168043","2.136122","2.682032","2.379127","2.866641","2.244226","2.731153","2.659759","2.355645","2.502773"
"2025-01-14","14 Jan 2025","3.200102","2.172752","2.718686","2.378536","2.907925","2.268609","2.785011","2.619968","2.395365","2.541544"
"2025-01-15","15 Jan 2025","3.120105","2.100133","2.630277","2.338281","2.828355","2.201240","2.717915","2.604121","2.303405","2.450298"
"2025-01-16","16 Jan 2025","3.181052","2.155956","2.657780","2.363596","2.859833","2.235735","2.731138","2.582350","2.317580","2.466739"
"2025-01-17","17 Jan 2025","3.122924","2.123523","2.601015","2.352934","2.793735","2.206434","2.656455","2.589523","2.263853","2.410226"
"2025-01-20","20 Jan 2025","3.110797","2.122475","2.600668","2.343713","2.806757","2.205737","2.693649","2.575906","2.273036","2.415781"
"2025-01-21","21 Jan 2025","3.085316","2.081359","2.592500","2.312807","2.785039","2.174784","2.667745","2.563843","2.264263","2.410873"
"2025-01-22","22 Jan 2025","3.085316","2.081359","2.592500","2.312807","2.785039","2.174784","2.667745","2.563843","2.264263","2.410873"
"2025-01-23","23 Jan 2025","3.092542","2.103885","2.618097","2.285534","2.815609","2.187577","2.708868","2.496063","2.306205","2.445711"
"2025-01-24","24 Jan 2025","3.115727","2.166244","2.652521","2.331829","2.841334","2.240114","2.728478","2.518852","2.349448","2.484327"
"2025-01-27","27 Jan 2025","3.085812","2.126168","2.610815","2.306640","2.800113","2.201669","2.683188","2.504123","2.299387","2.437572"
"2025-01-28","28 Jan 2025","3.104312","2.127329","2.624684","2.302106","2.811692","2.202165","2.685586","2.495048","2.308307","2.449209"
"2025-01-29","29 Jan 2025","3.095712","2.114649","2.612325","2.295566","2.822616","2.194852","2.724597","2.500957","2.301670","2.438825"
"2025-01-30","30 Jan 2025","3.054320","2.044140","2.570933","2.213222","2.773192","2.124084","2.666700","2.410579","2.252520","2.395237"
"2025-01-31","31 Jan 2025","3.014140","1.939644","2.530430","2.165262","2.738414","2.055215","2.647475","2.451133","2.205164","2.353441"
"2025-02-03","03 Feb 2025","2.919343","1.865584","2.446382","2.106054","2.653421","1.987237","2.570197","2.408625","2.129644","2.273827"
"2025-02-04","04 Feb 2025","2.938507","1.872270","2.477152","2.095995","2.678882","1.997457","2.600635","2.403690","2.163463","2.307838"
"2025-02-05","05 Feb 2025","2.857716","1.886064","2.421456","2.105582","2.615829","1.998827","2.544080","2.387964","2.130769","2.262827"
"2025-02-06","06 Feb 2025","2.866719","1.897352","2.425160","2.111537","2.628417","2.006137","2.564994","2.383965","2.134500","2.265771"
"2025-02-07","07 Feb 2025","2.921764","1.902410","2.462780","2.127587","2.661433","2.013559","2.577809","2.392294","2.153762","2.294828"
"2025-02-10","10 Feb 2025","2.922929","1.872108","2.433446","2.105263","2.636347","1.975839","2.544359","2.370654","2.099669","2.251998"
"2025-02-11","11 Feb 2025","2.986859","1.919661","2.499906","2.128366","2.707276","2.021654","2.617488","2.378622","2.169208","2.320581"
"2025-02-12","12 Feb 2025","3.034131","1.979313","2.551790","2.160531","2.758899","2.073194","2.667422","2.385053","2.227726","2.375360"
"2025-02-13","13 Feb 2025","2.965815","1.939401","2.488948","2.140866","2.691746","2.034975","2.600431","2.378334","2.168534","2.314110"
"2025-02-14","14 Feb 2025","2.994448","1.986936","2.500505","2.164339","2.697934","2.062499","2.586010","2.359050","2.173053","2.319304"
"2025-02-17","17 Feb 2025","3.042985","1.999949","2.546089","2.157156","2.761881","2.077311","2.667160","2.343232","2.219004","2.365953"
"2025-02-18","18 Feb 2025","3.051353","1.994835","2.558146","2.147507","2.767371","2.074171","2.667216","2.334077","2.229010","2.378123"
"2025-02-19","19 Feb 2025","3.107666","2.067828","2.609806","2.181735","2.820861","2.128572","2.715070","2.318997","2.281986","2.429184"
"2025-02-20","20 Feb 2025","3.109155","2.047975","2.601994","2.152078","2.821174","2.106224","2.720809","2.279769","2.268429","2.418331"
"2025-02-21","21 Feb 2025","3.040307","1.966322","2.538431","2.110864","2.750366","2.042707","2.646800","2.288010","2.203213","2.355140"
"2025-02-24","24 Feb 2025","3.053637","1.945742","2.534896","2.101186","2.759083","2.026743","2.660432","2.290286","2.189894","2.346046"
"2025-02-25","25 Feb 2025","3.047693","1.930000","2.527312","2.091891","2.754238","2.015339","2.658991","2.291832","2.181168","2.337978"
"2025-02-26","26 Feb 2025","3.019735","1.939159","2.505099","2.085508","2.734956","2.014430","2.646360","2.262085","2.168146","2.319385"
"2025-02-27","27 Feb 2025","3.063516","1.922818","2.496472","2.083007","2.729263","1.992753","2.613269","2.258514","2.125482","2.289977"
"2025-02-28","28 Feb 2025","3.027899","1.904579","2.469262","2.061822","2.712983","1.974536","2.617245","2.235941","2.107409","2.267559"
"2025-03-03","03 Mar 2025","3.173645","1.961054","2.578307","2.109343","2.842088","2.031895","2.744600","2.278083","2.191083","2.363398"
"2025-03-04","04 Mar 2025","3.233947","1.893071","2.562570","2.077907","2.861974","1.974312","2.765167","2.281081","2.129716","2.320724"
"2025-03-05","05 Mar 2025","3.397988","2.077933","2.798724","2.158225","3.054375","2.142078","2.941099","2.276226","2.390381","2.578356"
"2025-03-06","06 Mar 2025","3.528747","2.168610","2.944990","2.206528","3.165378","2.225930","3.020272","2.288516","2.525330","2.723808"
"2025-03-07","07 Mar 2025","3.466717","2.114166","2.873094","2.180137","3.120565","2.180224","3.005566","2.292304","2.458822","2.652300"
"2025-03-10","10 Mar 2025","3.484398","2.068466","2.868779","2.166466","3.125519","2.147868","3.013544","2.313643","2.434273","2.638382"
"2025-03-11","11 Mar 2025","3.566964","2.055839","2.934314","2.161380","3.185883","2.148480","3.057271","2.330929","2.475510","2.694167"
"2025-03-12","12 Mar 2025","3.560683","2.096504","2.934301","2.177108","3.194257","2.177076","3.076204","2.317762","2.490622","2.699768"
"2025-03-13","13 Mar 2025","3.558109","2.053730","2.913676","2.147575","3.191464","2.141602","3.084840","2.297509","2.461608","2.674043"
"2025-03-14","14 Mar 2025","3.640563","2.110575","2.946176","2.180995","3.226923","2.171968","3.092725","2.284414","2.463105","2.686876"
"2025-03-17","17 Mar 2025","3.486204","2.074791","2.865748","2.144016","3.132287","2.142413","3.025381","2.252482","2.434126","2.635732"
"2025-03-18","18 Mar 2025","3.534403","2.108356","2.896798","2.148314","3.182502","2.164972","3.088111","2.230041","2.460726","2.662817"
"2025-03-19","19 Mar 2025","3.470140","2.067217","2.857957","2.144352","3.119108","2.137318","3.012163","2.250435","2.429634","2.630365"
"2025-03-20","20 Mar 2025","3.434452","2.038646","2.826717","2.107893","3.090218","2.109794","2.991262","2.228820","2.402813","2.601264"
"2025-03-21","21 Mar 2025","3.545102","2.051640","2.845871","2.125714","3.128120","2.107827","2.994356","2.225694","2.369599","2.586974"
"2025-03-24","24 Mar 2025","3.572747","2.049334","2.863092","2.113413","3.146287","2.103527","3.006337","2.204258","2.377675","2.599749"
"2025-03-25","25 Mar 2025","3.586816","2.060377","2.878303","2.118166","3.160191","2.113129","3.019274","2.203202","2.392447","2.615095"
"2025-03-26","26 Mar 2025","3.548342","2.020525","2.865625","2.091401","3.156702","2.086419","3.048266","2.201102","2.389397","2.611314"
"2025-03-27","27 Mar 2025","3.580112","1.977638","2.862351","2.066313","3.156684","2.049154","3.033835","2.192752","2.357566","2.592974"
"2025-03-28","28 Mar 2025","3.550052","1.951114","2.812112","2.053303","3.117554","2.021332","2.997287","2.186825","2.303487","2.537485"
"2025-03-31","31 Mar 2025","3.521788","1.920852","2.781729","2.034715","3.089496","1.994685","2.972668","2.180017","2.271935","2.506347"
"2025-04-01","01 Apr 2025","3.473957","1.913679","2.758921","2.051478","3.041469","1.994700","2.912099","2.220797","2.258702","2.489970"
"2025-04-02","02 Apr 2025","3.468408","1.905593","2.760957","2.040697","3.053423","1.989506","2.940722","2.212130","2.265577","2.495662"
"2025-04-03","03 Apr 2025","3.517592","1.856603","2.733736","2.019106","3.064942","1.943900","2.954462","2.211129","2.200526","2.443472"
"2025-04-04","04 Apr 2025","3.466506","1.709724","2.647552","1.936384","2.988356","1.821522","2.879414","2.197499","2.080840","2.341075"
"2025-04-07","07 Apr 2025","3.525182","1.663851","2.681525","1.902910","3.029604","1.787863","2.917617","2.185478","2.085286","2.362719"
"2025-04-08","08 Apr 2025","3.613227","1.825797","2.753227","1.968456","3.107369","1.904877","2.972548","2.136949","2.176419","2.436475"
"2025-04-09","09 Apr 2025","3.531517","1.631788","2.686595","1.839775","3.033927","1.750840","2.917773","2.096225","2.082959","2.366065"
"2025-04-10","10 Apr 2025","3.466179","1.731194","2.677669","1.910133","2.994562","1.831371","2.869200","2.126864","2.121877","2.380017"
"2025-04-11","11 Apr 2025","3.347511","1.632037","2.603703","1.770494","2.909139","1.730016","2.792718","1.960000","2.067778","2.321344"
"2025-04-14","14 Apr 2025","3.295571","1.612696","2.598802","1.787226","2.901048","1.739126","2.810582","2.041237","2.093216","2.335176"
"2025-04-15","15 Apr 2025","3.414936","1.704586","2.630901","1.794287","2.959320","1.774744","2.838595","1.918622","2.089106","2.339092"
"2025-04-16","16 Apr 2025","3.368054","1.640031","2.599589","1.768822","2.915006","1.729050","2.794660","1.940526","2.054117","2.309578"
"2025-04-17","17 Apr 2025","3.368036","1.611491","2.574705","1.751719","2.928248","1.704638","2.840445","1.936151","2.024444","2.279940"
"2025-04-22","22 Apr 2025","3.315076","1.559254","2.551993","1.731153","2.886428","1.671873","2.798426","1.960448","2.008411","2.264915"
"2025-04-23","23 Apr 2025","3.370021","1.658884","2.600196","1.775163","2.939005","1.743350","2.845457","1.934193","2.064610","2.313714"
"2025-04-24","24 Apr 2025","3.331417","1.575393","2.549116","1.734314","2.897533","1.677761","2.815099","1.942042","2.000869","2.257021"
"2025-04-25","25 Apr 2025","3.335935","1.606780","2.562562","1.791844","2.903288","1.715781","2.819244","2.024379","2.019972","2.273201"
"2025-04-28","28 Apr 2025","3.423688","1.646762","2.607465","1.789007","2.964376","1.736322","2.867137","1.969732","2.045154","2.304466"
"2025-04-29","29 Apr 2025","3.425155","1.671545","2.589345","1.790491","2.948041","1.745150","2.834138","1.937641","2.028648","2.282442"
"2025-04-30","30 Apr 2025","3.395052","1.625470","2.557550","1.739963","2.921387","1.699506","2.815255","1.884560","1.993545","2.249732"
"2025-05-02","02 May 2025","3.434184","1.684293","2.595983","1.781027","2.962250","1.750369","2.852078","1.905252","2.038723","2.290039"
"2025-05-05","05 May 2025","3.473480","1.668657","2.620424","1.774443","3.002365","1.741831","2.905954","1.912269","2.048590","2.308305"
"2025-05-06","06 May 2025","3.531835","1.696504","2.654465","1.800553","3.040910","1.767182","2.930623","1.934118","2.070597","2.334205"
"2025-05-07","07 May 2025","3.449260","1.652556","2.593414","1.785108","2.967826","1.732011","2.861265","1.947572","2.019919","2.279605"
"2025-05-08","08 May 2025","3.451018","1.657315","2.609704","1.793278","2.982702","1.741359","2.885173","1.963379","2.040405","2.300182"
"2025-05-09","09 May 2025","3.510804","1.695243","2.666501","1.808436","3.033500","1.773599","2.923276","1.956819","2.091144","2.354736"
"2025-05-12","12 May 2025","3.460947","1.806031","2.724972","1.872284","3.077994","1.879780","3.008141","1.960696","2.226062","2.457260"
"2025-05-13","13 May 2025","3.503480","1.810515","2.747082","1.869112","3.107297","1.878896","3.031321","1.935903","2.233577","2.471615"
"2025-05-14","14 May 2025","3.552680","1.821068","2.770250","1.878477","3.123596","1.887350","3.026786","1.978296","2.233507","2.482099"
"2025-05-15","15 May 2025","3.533769","1.796358","2.737536","1.879248","3.094169","1.867499","2.995855","2.000779","2.194072","2.444399"
"2025-05-16","16 May 2025","3.457771","1.770555","2.675210","1.846814","3.030260","1.836216","2.938198","1.958083","2.146761","2.388707"
"2025-05-19","19 May 2025","3.474425","1.731330","2.688707","1.834850","3.050763","1.814595","2.969837","1.984920","2.149214","2.399329"
"2025-05-20","20 May 2025","3.553658","1.784197","2.712625","1.838205","3.103562","1.840295","3.014926","1.923288","2.157774","2.408466"
"2025-05-21","21 May 2025","3.561778","1.777624","2.733503","1.837820","3.135424","1.842579","3.072580","1.937668","2.181669","2.433716"
"2025-05-22","22 May 2025","3.597371","1.744068","2.747351","1.829845","3.159435","1.822123","3.098814","1.961397","2.175613","2.438287"
"2025-05-23","23 May 2025","3.510546","1.639864","2.668172","1.770699","3.078472","1.738681","3.027124","1.956918","2.094810","2.360293"
"2025-05-26","26 May 2025","3.523069","1.719070","2.672159","1.778856","3.068600","1.779264","2.983003","1.872096","2.107200","2.363535"
"2025-05-27","27 May 2025","3.442448","1.714696","2.635526","1.771324","3.017253","1.774695","2.943021","1.863123","2.097474","2.342717"
"2025-05-28","28 May 2025","3.448973","1.733502","2.644798","1.800287","3.025396","1.795896","2.951085","1.901612","2.109836","2.353240"
"2025-05-29","29 May 2025","3.422527","1.714491","2.611638","1.776474","2.994443","1.772463","2.918080","1.869513","2.076924","2.318676"
"2025-05-30","30 May 2025","3.417929","1.726067","2.610062","1.779830","3.000284","1.780578","2.935421","1.863801","2.081878","2.319816"
"2025-06-02","02 Jun 2025","3.459988","1.757795","2.622603","1.812358","3.020896","1.807270","2.939322","1.891203","2.087418","2.324531"
"2025-06-03","03 Jun 2025","3.419324","1.698705","2.593834","1.778721","2.987489","1.760971","2.917777","1.888411","2.053577","2.296586"
"2025-06-04","04 Jun 2025","3.428985","1.744328","2.623401","1.782324","3.013597","1.793406","2.948874","1.849838","2.098284","2.334543"
"2025-06-05","05 Jun 2025","3.371653","1.778892","2.647004","1.784193","3.000897","1.825086","2.939123","1.824184","2.161846","2.385117"
"2025-06-06","06 Jun 2025","3.412945","1.823330","2.659431","1.832492","3.016085","1.862224","2.937283","1.870201","2.165193","2.388424"
"2025-06-09","09 Jun 2025","3.468967","1.818045","2.675838","1.828099","3.047308","1.856200","2.957242","1.865150","2.160712","2.391661"
"2025-06-10","10 Jun 2025","3.385435","1.794580","2.616797","1.816057","2.965220","1.833651","2.859546","1.862072","2.117530","2.340778"
"2025-06-11","11 Jun 2025","3.367357","1.754147","2.621513","1.783438","2.979496","1.805473","2.910598","1.848842","2.124097","2.351572"
"2025-06-12","12 Jun 2025","3.336709","1.752992","2.577766","1.784006","2.949838","1.798017","2.886158","1.843352","2.086127","2.306866"
"2025-06-13","13 Jun 2025","3.386256","1.803236","2.603214","1.808620","2.960756","1.834345","2.842144","1.835653","2.108117","2.326080"
"2025-06-16","16 Jun 2025","3.416190","1.796855","2.621503","1.808040","2.978378","1.831140","2.855241","1.841989","2.113563","2.338399"
"2025-06-17","17 Jun 2025","3.394882","1.821497","2.621842","1.813571","2.993915","1.849990","2.906664","1.828985","2.133539","2.349245"
"2025-06-18","18 Jun 2025","3.365775","1.801014","2.601117","1.806205","2.967068","1.833906","2.883144","1.835087","2.113982","2.330085"
"2025-06-19","19 Jun 2025","3.370533","1.792655","2.601970","1.801105","2.967215","1.827133","2.880955","1.833741","2.110168","2.328821"
"2025-06-20","20 Jun 2025","3.395790","1.802163","2.614293","1.810897","2.984964","1.836071","2.894299","1.843057","2.117252","2.337329"
"2025-06-23","23 Jun 2025","3.404529","1.822122","2.607298","1.840177","2.981709","1.854983","2.873425","1.877799","2.112309","2.327852"
"2025-06-24","24 Jun 2025","3.448700","1.807219","2.649810","1.834352","3.024847","1.848611","2.932560","1.886471","2.135946","2.364756"
"2025-06-25","25 Jun 2025","3.470432","1.814884","2.664449","1.822442","3.053912","1.850972","2.975167","1.855748","2.149380","2.378430"
"2025-06-26","26 Jun 2025","3.492983","1.773113","2.657847","1.800327","3.060948","1.816880","2.986130","1.854606","2.121039","2.360368"
"2025-06-27","27 Jun 2025","3.505403","1.804281","2.686769","1.820743","3.076537","1.845537","2.994033","1.865166","2.156419","2.394006"
"2025-06-30","30 Jun 2025","3.480854","1.803692","2.679185","1.819052","3.055636","1.844900","2.968298","1.862772","2.155960","2.391273"
"2025-07-01","01 Jul 2025","3.437428","1.778824","2.653174","1.802286","3.020891","1.823981","2.937270","1.855866","2.136116","2.370120"
"2025-07-02","02 Jul 2025","3.530506","1.802470","2.723645","1.814547","3.110480","1.848381","3.038936","1.861068","2.188565","2.432199"
"2025-07-03","03 Jul 2025","3.493820","1.795275","2.686839","1.799928","3.071533","1.834821","2.993962","1.834572","2.158923","2.397047"
"2025-07-04","04 Jul 2025","3.472037","1.756731","2.652677","1.793273","3.046176","1.805947","2.976268","1.859690","2.117486","2.358439"
"2025-07-07","07 Jul 2025","3.513307","1.786105","2.696427","1.799612","3.091637","1.830270","3.023445","1.845121","2.160604","2.402929"
"2025-07-08","08 Jul 2025","3.576751","1.830770","2.742986","1.822153","3.142671","1.866537","3.061564","1.843554","2.201373","2.444819"
"2025-07-09","09 Jul 2025","3.563392","1.805600","2.733304","1.805801","3.142349","1.847033","3.081661","1.839359","2.190462","2.435991"
"2025-07-10","10 Jul 2025","3.587691","1.832805","2.757154","1.812078","3.170702","1.867288","3.114502","1.824080","2.216798","2.460741"
"2025-07-11","11 Jul 2025","3.637536","1.874744","2.787672","1.844428","3.206139","1.903209","3.134391","1.843494","2.243817","2.486623"
"2025-07-14","14 Jul 2025","3.638672","1.835405","2.789066","1.808961","3.212981","1.869946","3.159697","1.816856","2.234396","2.485407"
"2025-07-15","15 Jul 2025","3.574035","1.796701","2.745699","1.795891","3.162676","1.841320","3.120508","1.832416","2.199962","2.448449"
"2025-07-16","16 Jul 2025","3.593399","1.779444","2.746616","1.797799","3.174339","1.830995","3.136073","1.854572","2.188804","2.442667"
"2025-07-17","17 Jul 2025","3.601558","1.784842","2.736567","1.787210","3.173522","1.827158","3.131544","1.822796","2.175720","2.428286"
"2025-07-18","18 Jul 2025","3.620087","1.801425","2.757041","1.796850","3.192020","1.842140","3.148137","1.826027","2.196176","2.449162"
"2025-07-21","21 Jul 2025","3.552338","1.769013","2.676937","1.786557","3.114562","1.809832","3.060962","1.830912","2.122358","2.367887"
"2025-07-22","22 Jul 2025","3.541028","1.752966","2.660197","1.787928","3.100382","1.798647","3.048555","1.849159","2.102507","2.349097"
"2025-07-23","23 Jul 2025","3.533518","1.739983","2.665836","1.778267","3.109485","1.790538","3.078331","1.847051","2.109291","2.357970"
"2025-07-24","24 Jul 2025","3.613981","1.854329","2.753480","1.840470","3.184706","1.885815","3.125917","1.853954","2.209524","2.450490"
"2025-07-25","25 Jul 2025","3.645727","1.896689","2.793311","1.877397","3.218688","1.926764","3.156947","1.885763","2.253032","2.492796"
"2025-07-28","28 Jul 2025","3.612869","1.847448","2.755605","1.847514","3.184290","1.884325","3.130108","1.875993","2.208676","2.452190"
"2025-07-29","29 Jul 2025","3.617647","1.877574","2.768601","1.859487","3.192462","1.907673","3.130530","1.868757","2.231018","2.469424"
"2025-07-30","30 Jul 2025","3.618062","1.899039","2.778723","1.880284","3.197279","1.928412","3.133992","1.888470","2.247713","2.483089"
"2025-07-31","31 Jul 2025","3.578714","1.906266","2.763060","1.891605","3.172592","1.936225","3.115627","1.903457","2.246565","2.475715"
"2025-08-01","01 Aug 2025","3.559026","1.848257","2.729529","1.840376","3.153657","1.882252","3.113427","1.860865","2.201770","2.436830"
"2025-08-04","04 Aug 2025","3.541892","1.845210","2.703197","1.843100","3.133158","1.877799","3.089734","1.866166","2.178731","2.409646"
"2025-08-05","05 Aug 2025","3.528456","1.850601","2.694784","1.838991","3.127786","1.879462","3.089016","1.851919","2.177782","2.404517"
"2025-08-06","06 Aug 2025","3.549147","1.845576","2.704617","1.849319","3.138393","1.879676","3.096489","1.877906","2.177507","2.409245"
"2025-08-07","07 Aug 2025","3.536671","1.859473","2.707638","1.855286","3.132054","1.891056","3.086764","1.876009","2.189378","2.417532"
"2025-08-08","08 Aug 2025","3.597093","1.909648","2.757434","1.887936","3.188592","1.935398","3.134364","1.890755","2.238189","2.465516"
"2025-08-11","11 Aug 2025","3.601320","1.915831","2.761358","1.888723","3.197278","1.939904","3.148579","1.886199","2.243894","2.470126"
"2025-08-12","12 Aug 2025","3.684781","1.921876","2.820189","1.902256","3.251976","1.951262","3.186094","1.909657","2.275696","2.516371"
"2025-08-13","13 Aug 2025","3.647762","1.880804","2.760653","1.884519","3.219236","1.914356","3.174674","1.912269","2.214203","2.452482"
"2025-08-14","14 Aug 2025","3.666774","1.889429","2.778977","1.886126","3.236822","1.921779","3.191155","1.907775","2.229910","2.470020"
"2025-08-15","15 Aug 2025","3.711660","1.889554","2.843098","1.879543","3.306435","1.929654","3.296530","1.904896","2.286352","2.536551"
"2025-08-18","18 Aug 2025","3.741929","1.901158","2.834415","1.895424","3.306622","1.936172","3.271105","1.917797","2.266744","2.517042"
"2025-08-19","19 Aug 2025","3.717522","1.896817","2.822000","1.883575","3.297159","1.929906","3.276105","1.899027","2.262561","2.509473"
"2025-08-20","20 Aug 2025","3.690660","1.865218","2.788995","1.868761","3.266489","1.902826","3.245659","1.900299","2.226401","2.474263"
"2025-08-21","21 Aug 2025","3.713548","1.908940","2.821227","1.891138","3.297269","1.939596","3.276802","1.901093","2.267399","2.510953"
"2025-08-22","22 Aug 2025","3.714556","1.921118","2.808144","1.900445","3.282328","1.947319","3.230333","1.904060","2.257395","2.496044"
"2025-08-25","25 Aug 2025","3.737498","1.927010","2.842017","1.909710","3.319990","1.957898","3.300062","1.920216","2.286346","2.530675"
"2025-08-26","26 Aug 2025","3.735254","1.885990","2.803023","1.886399","3.302496","1.920047","3.282387","1.912111","2.233608","2.481173"
"2025-08-27","27 Aug 2025","3.740999","1.866297","2.793329","1.880382","3.300010","1.904424","3.281019","1.919457","2.214482","2.465904"
"2025-08-28","28 Aug 2025","3.701417","1.877563","2.772061","1.894349","3.272979","1.914519","3.256944","1.934395","2.209137","2.452383"
"2025-08-29","29 Aug 2025","3.720815","1.885040","2.785484","1.898578","3.292986","1.921369","3.281644","1.935730","2.219643","2.464111"
"2025-09-01","01 Sep 2025","3.771481","1.890560","2.820179","1.905267","3.329428","1.928922","3.311543","1.944979","2.239415","2.491593"
"2025-09-02","02 Sep 2025","3.810116","1.920280","2.858359","1.918733","3.372863","1.954788","3.361151","1.943384","2.277151","2.529978"
"2025-09-03","03 Sep 2025","3.771329","1.896397","2.820933","1.904518","3.336099","1.932549","3.326464","1.937558","2.243454","2.493727"
"2025-09-04","04 Sep 2025","3.726776","1.891772","2.787976","1.902124","3.296216","1.926475","3.280120","1.935466","2.222600","2.466131"
"2025-09-05","05 Sep 2025","3.697948","1.871854","2.745830","1.879581","3.274644","1.903318","3.267884","1.908108","2.185566","2.423639"
"2025-09-08","08 Sep 2025","3.680055","1.862533","2.720598","1.884473","3.242851","1.895974","3.213487","1.924819","2.160671","2.396718"
"2025-09-09","09 Sep 2025","3.672407","1.871565","2.737400","1.885999","3.255769","1.905112","3.254501","1.921281","2.183689","2.419827"
"2025-09-10","10 Sep 2025","3.665359","1.880064","2.734857","1.899068","3.251502","1.914182","3.250203","1.938157","2.185586","2.419274"
"2025-09-11","11 Sep 2025","3.635329","1.925854","2.743653","1.925315","3.245598","1.953217","3.245901","1.944638","2.220959","2.442849"
"2025-09-12","12 Sep 2025","3.647384","1.956027","2.779304","1.934931","3.261796","1.979085","3.251991","1.935812","2.263580","2.484664"
"2025-09-15","15 Sep 2025","3.635128","1.948330","2.766325","1.931189","3.250641","1.972041","3.242644","1.935484","2.251773","2.471877"
"2025-09-16","16 Sep 2025","3.629985","1.953257","2.762605","1.941745","3.246645","1.977890","3.238528","1.950898","2.250655","2.469069"
"2025-09-17","17 Sep 2025","3.577883","1.938243","2.744011","1.927005","3.207044","1.964394","3.207129","1.937912","2.242497","2.459049"
"2025-09-18","18 Sep 2025","3.677145","1.952986","2.788789","1.939534","3.271198","1.978024","3.241330","1.947472","2.261080","2.486813"
"2025-09-19","19 Sep 2025","3.694174","1.963449","2.811052","1.949226","3.291825","1.989640","3.271647","1.957682","2.281045","2.509323"
"2025-09-22","22 Sep 2025","3.730098","1.958880","2.819125","1.946383","3.317456","1.985288","3.296599","1.956122","2.277030","2.509251"
"2025-09-23","23 Sep 2025","3.693251","1.972395","2.818352","1.946149","3.303826","1.995647","3.298480","1.943482","2.293693","2.520031"
"2025-09-24","24 Sep 2025","3.709578","1.962774","2.818870","1.941388","3.308026","1.987372","3.293810","1.943277","2.285220","2.515054"
"2025-09-25","25 Sep 2025","3.703909","1.987781","2.837321","1.954220","3.308346","2.009456","3.285459","1.944906","2.313854","2.540591"
"2025-09-26","26 Sep 2025","3.686909","1.976959","2.819712","1.948245","3.292792","1.999418","3.272250","1.943101","2.297855","2.523310"
"2025-09-29","29 Sep 2025","3.639081","1.975385","2.785992","1.946353","3.252591","1.995670","3.223426","1.939140","2.279231","2.496428"
"2025-09-30","30 Sep 2025","3.626958","1.969151","2.778674","1.944158","3.247422","1.990824","3.232276","1.941109","2.273388","2.490376"
"2025-10-01","01 Oct 2025","3.637556","1.951013","2.768762","1.939442","3.248915","1.976189","3.236201","1.949002","2.253117","2.473771"
"2025-10-02","02 Oct 2025","3.644944","1.969004","2.784777","1.947673","3.261821","1.991702","3.250094","1.948100","2.273710","2.492788"
"2025-10-03","03 Oct 2025","3.614512","1.973493","2.767769","1.948154","3.242500","1.993964","3.232582","1.943842","2.268830","2.481801"
"2025-10-06","06 Oct 2025","3.659176","1.956242","2.785563","1.939956","3.267484","1.980833","3.254580","1.945591","2.265218","2.488452"
"2025-10-07","07 Oct 2025","3.676515","1.964121","2.801777","1.934591","3.287283","1.985700","3.275865","1.928084","2.280455","2.504531"
"2025-10-08","08 Oct 2025","3.630740","1.938326","2.755630","1.926213","3.240254","1.963002","3.226088","1.934910","2.238555","2.459211"
"2025-10-09","09 Oct 2025","3.632840","1.950498","2.772687","1.925117","3.249902","1.972623","3.239374","1.922139","2.260036","2.480317"
"2025-10-10","10 Oct 2025","3.599633","1.935271","2.741773","1.918887","3.220286","1.958740","3.212525","1.923566","2.234062","2.451138"
"2025-10-13","13 Oct 2025","3.593762","1.906298","2.706550","1.900837","3.193469","1.930695","3.157798","1.913984","2.190831","2.408331"
"2025-10-14","14 Oct 2025","3.529921","1.892381","2.678736","1.884448","3.156991","1.916882","3.153465","1.896144","2.178836","2.391437"
"2025-10-15","15 Oct 2025","3.522231","1.875470","2.648313","1.876875","3.131885","1.900173","3.099339","1.895305","2.145040","2.355945"
"2025-10-16","16 Oct 2025","3.546194","1.878574","2.662630","1.880017","3.151241","1.903773","3.119577","1.898858","2.152812","2.366726"
"2025-10-17","17 Oct 2025","3.543427","1.874767","2.659704","1.870039","3.154550","1.898448","3.130404","1.883158","2.151056","2.364420"
"2025-10-20","20 Oct 2025","3.546469","1.875394","2.665212","1.866557","3.156648","1.898418","3.130028","1.876153","2.155974","2.370183"
"2025-10-21","21 Oct 2025","3.493080","1.866076","2.631595","1.859212","3.114347","1.888578","3.089421","1.869875","2.136049","2.343897"
"2025-10-22","22 Oct 2025","3.511799","1.875341","2.645648","1.871877","3.127305","1.898894","3.098034","1.885859","2.146315","2.355888"
"2025-10-23","23 Oct 2025","3.529056","1.884587","2.658994","1.878849","3.144529","1.907710","3.116835","1.890813","2.157706","2.368111"
"2025-10-24","24 Oct 2025","3.557667","1.928296","2.710445","1.908451","3.185604","1.949257","3.171015","1.908513","2.214828","2.425295"
"2025-10-27","27 Oct 2025","3.543543","1.932381","2.704480","1.911360","3.176525","1.952580","3.161799","1.909960","2.214882","2.422522"
"2025-10-28","28 Oct 2025","3.533500","1.929952","2.697798","1.909910","3.167663","1.950218","3.152036","1.909286","2.210415","2.417022"
"2025-10-29","29 Oct 2025","3.543332","1.924473","2.702991","1.903087","3.172950","1.944996","3.155837","1.901686","2.210611","2.419925"
"2025-10-30","30 Oct 2025","3.531525","1.947401","2.716162","1.919709","3.173329","1.966546","3.161944","1.912703","2.234915","2.440635"
"2025-10-31","31 Oct 2025","3.559887","1.928558","2.721603","1.904281","3.191296","1.949646","3.183993","1.901317","2.225221","2.437753"
"2025-11-03","03 Nov 2025","3.547860","1.941498","2.727984","1.906768","3.196391","1.960185","3.205381","1.894339","2.241218","2.450451"
"2025-11-04","04 Nov 2025","3.553185","1.935134","2.725402","1.903018","3.199472","1.954524","3.210945","1.893049","2.234907","2.445448"
"2025-11-05","05 Nov 2025","3.568310","1.935484","2.736166","1.898141","3.206962","1.953955","3.207680","1.883562","2.241146","2.454104"
"2025-11-06","06 Nov 2025","3.558304","1.944280","2.733340","1.911223","3.205164","1.963425","3.215334","1.900374","2.244109","2.454225"
"2025-11-07","07 Nov 2025","3.616797","1.953342","2.751932","1.923832","3.243475","1.972317","3.233748","1.915172","2.247992","2.461816"
"2025-11-10","10 Nov 2025","3.594326","1.949872","2.747352","1.926637","3.227294","1.971338","3.228847","1.924740","2.247429","2.461156"
"2025-11-11","11 Nov 2025","3.565758","1.949106","2.736246","1.926730","3.209984","1.970888","3.221661","1.925846","2.244881","2.455538"
"2025-11-12","12 Nov 2025","3.561573","1.956350","2.723807","1.933278","3.202045","1.975792","3.196619","1.929786","2.237111","2.443155"
"2025-11-13","13 Nov 2025","3.567396","1.980397","2.750539","1.933771","3.225461","1.994661","3.233003","1.908989","2.272852","2.476680"
"2025-11-14","14 Nov 2025","3.600039","1.974777","2.781156","1.920224","3.254890","1.989781","3.275127","1.890377","2.291231","2.503391"
"2025-11-17","17 Nov 2025","3.609828","1.986009","2.787885","1.936646","3.264656","2.001966","3.286435","1.911352","2.298044","2.509580"
"2025-11-18","18 Nov 2025","3.636456","1.961128","2.772599","1.927356","3.265616","1.980086","3.266643","1.915631","2.265176","2.481726"
"2025-11-19","19 Nov 2025","3.667311","1.967513","2.785235","1.947095","3.282246","1.989745","3.273890","1.947702","2.268191","2.488096"
"2025-11-20","20 Nov 2025","3.722003","1.986362","2.811268","1.961776","3.326522","2.006766","3.305551","1.957685","2.285113","2.506943"
"2025-11-21","21 Nov 2025","3.687343","1.953012","2.786457","1.939920","3.295898","1.977796","3.295722","1.947940","2.257960","2.482741"
"2025-11-24","24 Nov 2025","3.676401","1.980578","2.787117","1.946987","3.298596","1.998124","3.286323","1.934091","2.275312","2.490989"
"2025-11-25","25 Nov 2025","3.617862","1.974098","2.757500","1.944997","3.263145","1.992443","3.280501","1.936180","2.261385","2.470869"
"2025-11-26","26 Nov 2025","3.634426","1.977411","2.767015","1.948226","3.277486","1.995940","3.296848","1.939478","2.266928","2.478074"
"2025-11-27","27 Nov 2025","3.628757","1.980579","2.764350","1.953261","3.273567","1.999287","3.292898","1.946028","2.266860","2.476648"
"2025-11-28","28 Nov 2025","3.635883","1.990126","2.773786","1.961724","3.280916","2.008616","3.299007","1.953530","2.277053","2.486687"
"2025-12-01","01 Dec 2025","3.723931","2.017452","2.839962","1.982272","3.352390","2.036162","3.365081","1.969259","2.324213","2.543572"
"2025-12-02","02 Dec 2025","3.669077","2.002748","2.841225","1.965456","3.335685","2.026300","3.398925","1.956040","2.339061","2.558803"
"2025-12-03","03 Dec 2025","3.690245","2.005115","2.826763","1.968507","3.335194","2.024524","3.373225","1.955229","2.317674","2.535911"
"2025-12-04","04 Dec 2025","3.702654","2.027434","2.849012","1.984078","3.349648","2.045365","3.383780","1.964698","2.343404","2.560875"
