date,3m,1w,2w,3w,1m,2m,4m,5m,6m,7m,8m,9m,10m,11m,12m
1999-01-01,3.245,3.245,,,3.254,3.249,3.239,3.239,3.233,3.23,3.222,3.22,3.215,3.214,3.213
1999-01-07,3.206,3.237,,,3.224,3.214,3.195,3.19,3.179,3.175,3.172,3.167,3.161,3.158,3.158
1999-01-13,3.183,3.214,,,3.206,3.196,3.168,3.157,3.141,3.135,3.13,3.121,3.116,3.109,3.107
1999-01-19,3.056,3.061,,,3.074,3.065,3.043,3.031,3.018,3.012,3.005,2.994,2.99,2.987,2.984
1999-01-25,3.069,3.123,,,3.111,3.091,3.049,3.033,3.016,3.006,3,2.992,2.986,2.981,2.981
1999-01-29,3.074,3.136,,,3.119,3.097,3.051,3.034,3.011,3.004,2.997,2.989,2.985,2.982,2.981
1999-02-04,3.105,3.174,,,3.157,3.126,3.08,3.061,3.043,3.033,3.026,3.022,3.018,3.021,3.02
1999-02-10,3.109,3.157,,,3.151,3.128,3.088,3.07,3.052,3.043,3.039,3.036,3.035,3.04,3.039
1999-02-16,3.092,3.104,,,3.113,3.104,3.074,3.06,3.044,3.039,3.036,3.032,3.032,3.037,3.038
1999-02-22,3.075,3.087,,,3.093,3.086,3.062,3.047,3.029,3.025,3.022,3.019,3.018,3.024,3.025
1999-02-26,3.098,3.126,,,3.12,3.109,3.08,3.066,3.055,3.051,3.049,3.048,3.061,3.065,3.071
1999-03-04,3.111,3.111,,,3.115,3.113,3.105,3.104,3.102,3.103,3.104,3.106,3.129,3.139,3.151
1999-03-10,3.081,3.073,,,3.086,3.085,3.071,3.064,3.055,3.053,3.051,3.051,3.068,3.074,3.078
1999-03-16,3.036,3.02,,,3.036,3.036,3.03,3.024,3.015,3.012,3.01,3.009,3.024,3.026,3.027
1999-03-22,3.02,3.017,,,3.025,3.024,3.015,3.008,2.999,2.997,2.993,2.991,3.005,3.008,3.009
1999-03-26,2.991,3.013,,,3.004,2.997,2.982,2.975,2.967,2.964,2.963,2.962,2.978,2.981,2.985
1999-04-01,2.942,3.001,,,2.963,2.951,2.933,2.927,2.92,2.918,2.919,2.937,2.938,2.938,2.939
1999-04-07,2.9,3.012,,,2.929,2.913,2.893,2.89,2.883,2.883,2.884,2.9,2.902,2.902,2.903
1999-04-13,2.651,2.655,,,2.647,2.649,2.654,2.658,2.663,2.672,2.678,2.704,2.706,2.71,2.713
1999-04-19,2.621,2.589,,,2.606,2.615,2.628,2.632,2.637,2.649,2.658,2.695,2.701,2.704,2.707
1999-04-23,2.594,2.557,,,2.578,2.589,2.601,2.607,2.613,2.623,2.634,2.671,2.674,2.678,2.683
1999-04-29,2.585,2.555,,,2.569,2.578,2.592,2.598,2.605,2.615,2.65,2.664,2.671,2.676,2.678
1999-05-05,2.581,2.554,,,2.566,2.574,2.588,2.594,2.604,2.614,2.657,2.666,2.674,2.681,2.684
1999-05-11,2.579,2.548,,,2.564,2.571,2.587,2.594,2.602,2.611,2.66,2.669,2.678,2.686,2.688
1999-05-17,2.575,2.55,,,2.56,2.567,2.58,2.584,2.592,2.601,2.649,2.659,2.666,2.673,2.678
1999-05-21,2.581,2.575,,,2.574,2.577,2.586,2.59,2.597,2.606,2.656,2.665,2.672,2.68,2.686
1999-05-27,2.577,2.555,,,2.565,2.572,2.582,2.587,2.593,2.609,2.65,2.657,2.666,2.672,2.678
1999-06-02,2.601,2.561,,,2.577,2.588,2.614,2.634,2.657,2.715,2.736,2.754,2.777,2.796,2.812
1999-06-08,2.6,2.565,,,2.582,2.59,2.613,2.629,2.648,2.717,2.731,2.743,2.759,2.773,2.784
1999-06-14,2.623,2.576,,,2.602,2.612,2.637,2.653,2.67,2.743,2.761,2.781,2.802,2.819,2.836
1999-06-18,2.632,2.616,,,2.616,2.622,2.644,2.655,2.665,2.747,2.761,2.775,2.793,2.809,2.819
1999-06-24,2.649,2.604,,,2.627,2.638,2.659,2.671,2.688,2.774,2.791,2.811,2.836,2.856,2.878
1999-06-30,2.669,2.629,,,2.636,2.65,2.683,2.708,2.823,2.831,2.843,2.859,2.887,2.911,2.936
1999-07-06,2.663,2.616,,,2.633,2.648,2.683,2.713,2.851,2.863,2.876,2.898,2.922,2.947,2.971
1999-07-12,2.665,2.588,,,2.625,2.647,2.687,2.714,2.868,2.878,2.892,2.908,2.942,2.97,2.997
1999-07-16,2.693,2.651,,,2.65,2.665,2.719,2.748,2.932,2.946,2.957,2.974,3.005,3.036,3.069
1999-07-22,2.681,2.589,,,2.632,2.658,2.713,2.736,2.917,2.939,2.957,2.97,2.999,3.026,3.05
1999-07-28,2.685,2.6,,,2.63,2.655,2.718,2.751,2.944,2.959,2.978,3.001,3.032,3.067,3.095
1999-08-03,2.705,2.603,,,2.637,2.674,2.751,3.011,3.037,3.061,3.089,3.124,3.158,3.193,3.233
1999-08-09,2.703,2.577,,,2.624,2.665,2.751,3.036,3.06,3.086,3.117,3.155,3.197,3.247,3.301
1999-08-13,2.704,2.593,,,2.623,2.664,2.751,3.05,3.068,3.091,3.121,3.152,3.192,3.241,3.28
1999-08-19,2.677,2.509,,,2.583,2.639,2.721,3.031,3.043,3.064,3.087,3.105,3.14,3.173,3.198
1999-08-25,2.686,2.582,,,2.602,2.647,2.721,3.032,3.048,3.067,3.087,3.107,3.13,3.159,3.188
1999-08-31,2.697,2.583,,,2.605,2.652,3.05,3.064,3.08,3.104,3.137,3.171,3.2,3.242,3.281
1999-09-06,2.69,2.574,,,2.597,2.646,3.059,3.071,3.084,3.105,3.131,3.163,3.19,3.219,3.242
1999-09-10,2.692,2.55,,,2.584,2.644,3.079,3.091,3.108,3.131,3.158,3.194,3.23,3.269,3.308
1999-09-16,2.69,2.542,,,2.582,2.64,3.084,3.1,3.118,3.145,3.174,3.207,3.244,3.284,3.32
1999-09-22,2.687,2.551,,,2.571,2.636,3.079,3.097,3.114,3.144,3.172,3.201,3.233,3.272,3.312
1999-09-28,2.698,2.554,,,2.578,2.639,3.072,3.091,3.111,3.133,3.162,3.194,3.227,3.268,3.312
1999-10-04,3.225,2.656,,,2.775,2.86,3.253,3.272,3.301,3.329,3.36,3.396,3.447,3.492,3.541
1999-10-08,3.263,2.566,,,2.643,2.771,3.291,3.322,3.353,3.379,3.412,3.445,3.482,3.516,3.558
1999-10-14,3.379,2.616,,,2.731,2.879,3.406,3.437,3.478,3.506,3.534,3.575,3.616,3.667,3.714
1999-10-20,3.45,2.519,,,2.775,2.905,3.474,3.505,3.539,3.567,3.595,3.631,3.68,3.727,3.772
1999-10-26,3.485,2.718,,,2.822,2.931,3.507,3.531,3.56,3.587,3.618,3.656,3.7,3.754,3.802
1999-11-01,3.501,2.795,,,2.892,3.485,3.519,3.531,3.546,3.576,3.608,3.641,3.682,3.722,3.756
1999-11-05,3.505,3.017,,,3.034,3.503,3.517,3.527,3.538,3.564,3.593,3.624,3.654,3.683,3.713
1999-11-11,3.462,2.951,,,2.991,3.462,3.462,3.463,3.466,3.486,3.508,3.535,3.558,3.586,3.619
1999-11-17,3.449,3.006,,,3.03,3.451,3.448,3.449,3.453,3.467,3.488,3.513,3.541,3.572,3.607
1999-11-23,3.451,3.05,,,3.056,3.454,3.454,3.456,3.461,3.496,3.538,3.583,3.628,3.675,3.729
1999-11-29,3.445,3.056,,,3.494,3.446,3.449,3.456,3.469,3.508,3.556,3.614,3.662,3.717,3.78
1999-12-03,3.454,3.072,,,3.521,3.454,3.457,3.467,3.482,3.513,3.56,3.608,3.656,3.714,3.78
1999-12-09,3.461,3.049,,,3.546,3.461,3.464,3.476,3.487,3.518,3.561,3.602,3.653,3.713,3.776
1999-12-15,3.456,3.019,,,3.551,3.451,3.464,3.478,3.497,3.536,3.586,3.634,3.678,3.736,3.797
1999-12-21,3.466,3.001,,,3.564,3.459,3.482,3.508,3.551,3.604,3.659,3.719,3.78,3.837,3.895
1999-12-27,3.45,4.033,,,3.538,3.446,3.474,3.506,3.552,3.603,3.656,3.717,3.774,3.825,3.881
2000-01-03,3.338,3.1,,,3.171,3.263,3.411,3.469,3.523,3.579,3.638,3.697,3.759,3.822,3.885
2000-01-07,3.322,2.998,,,3.116,3.219,3.407,3.488,3.546,3.606,3.679,3.747,3.81,3.877,3.941
2000-01-13,3.322,3.068,,,3.128,3.221,3.396,3.478,3.544,3.607,3.677,3.748,3.808,3.876,3.946
2000-01-19,3.308,2.97,,,3.104,3.201,3.377,3.456,3.531,3.598,3.667,3.739,3.8,3.865,3.939
2000-01-25,3.322,3.097,,,3.127,3.216,3.391,3.466,3.538,3.602,3.669,3.74,3.799,3.865,3.935
2000-01-31,3.492,3.298,,,3.306,3.402,3.554,3.616,3.682,3.739,3.808,3.879,3.938,4.015,4.068
2000-02-04,3.493,3.294,,,3.321,3.41,3.558,3.625,3.691,3.742,3.806,3.89,3.941,4.006,4.049
2000-02-10,3.487,3.287,,,3.321,3.407,3.548,3.622,3.693,3.754,3.815,3.895,3.953,4.025,4.076
2000-02-16,3.488,3.279,,,3.321,3.397,3.55,3.624,3.696,3.754,3.817,3.897,3.958,4.033,4.086
2000-02-22,3.625,3.352,,,3.437,3.541,3.682,3.755,3.817,3.881,3.947,4.018,4.079,4.145,4.206
2000-02-28,3.616,3.379,,,3.44,3.527,3.669,3.736,3.811,3.862,3.922,3.992,4.059,4.1,4.155
2000-03-03,3.632,3.329,,,3.428,3.535,3.693,3.765,3.833,3.887,3.951,4.02,4.088,4.137,4.196
2000-03-09,3.714,3.465,,,3.528,3.627,3.768,3.843,3.918,3.967,4.027,4.098,4.159,4.214,4.272
2000-03-15,3.794,3.548,,,3.653,3.724,3.857,3.918,3.988,4.039,4.094,4.158,4.216,4.262,4.317
2000-03-21,3.766,3.539,,,3.622,3.68,3.825,3.888,3.946,3.998,4.055,4.105,4.159,4.21,4.254
2000-03-27,3.797,3.621,,,3.665,3.733,3.862,3.93,3.986,4.034,4.09,4.147,4.2,4.253,4.305
2000-03-31,3.831,3.647,,,3.692,3.757,3.879,3.946,4.001,4.055,4.112,4.189,4.231,4.267,4.303
2000-04-06,3.834,3.625,,,3.694,3.763,3.878,3.936,3.989,4.042,4.098,4.16,4.194,4.228,4.261
2000-04-12,3.917,3.751,,,3.787,3.865,3.96,4.017,4.062,4.116,4.169,4.232,4.275,4.306,4.337
2000-04-18,3.937,3.776,,,3.804,3.875,3.982,4.032,4.085,4.132,4.183,4.244,4.292,4.324,4.358
2000-04-26,4.036,3.921,,,3.927,3.982,4.094,4.151,4.207,4.258,4.306,4.387,4.417,4.462,4.506
2000-05-03,4.183,3.935,,,4.002,4.113,4.234,4.296,4.353,4.399,4.464,4.526,4.569,4.623,4.673
2000-05-09,4.319,4.048,,,4.141,4.226,4.366,4.425,4.472,4.514,4.574,4.632,4.673,4.714,4.756
2000-05-15,4.329,3.967,,,4.126,4.243,4.383,4.447,4.521,4.576,4.651,4.705,4.746,4.791,4.842
2000-05-19,4.461,4.029,,,4.238,4.362,4.521,4.579,4.653,4.704,4.768,4.831,4.875,4.931,4.975
2000-05-25,4.428,4.108,,,4.217,4.327,4.489,4.559,4.627,4.678,4.769,4.81,4.86,4.894,4.928
2000-05-31,4.453,4.143,,,4.253,4.347,4.513,4.592,4.665,4.727,4.785,4.852,4.888,4.937,4.985
2000-06-06,4.428,4.186,,,4.26,4.344,4.479,4.543,4.613,4.661,4.711,4.771,4.804,4.835,4.875
2000-06-12,4.549,4.364,,,4.426,4.484,4.613,4.677,4.733,4.791,4.846,4.901,4.935,4.973,5.013
2000-06-16,4.476,4.265,,,4.365,4.414,4.534,4.586,4.63,4.705,4.75,4.796,4.837,4.875,4.915
2000-06-22,4.518,4.407,,,4.419,4.457,4.581,4.633,4.687,4.758,4.807,4.858,4.899,4.944,4.988
2000-06-28,4.547,4.446,,,4.425,4.468,4.602,4.653,4.716,4.788,4.837,4.888,4.933,4.979,5.025
2000-07-04,4.547,4.352,,,4.414,4.462,4.619,4.678,4.78,4.82,4.861,4.905,4.944,4.992,5.041
2000-07-10,4.537,4.346,,,4.4,4.455,4.604,4.663,4.77,4.819,4.858,4.897,4.941,4.982,5.026
2000-07-14,4.558,4.327,,,4.391,4.464,4.638,4.708,4.813,4.863,4.915,4.971,5.011,5.059,5.106
2000-07-20,4.636,4.36,,,4.421,4.529,4.716,4.791,4.902,4.953,5.006,5.063,5.101,5.15,5.195
2000-07-26,4.631,4.376,,,4.411,4.523,4.719,4.785,4.894,4.94,4.988,5.033,5.072,5.112,5.146
2000-08-01,4.636,4.373,,,4.416,4.526,4.735,4.876,4.916,4.962,5.009,5.054,5.087,5.127,5.164
2000-08-07,4.639,4.364,,,4.414,4.535,4.732,4.869,4.902,4.943,4.985,5.029,5.07,5.106,5.143
2000-08-11,4.711,4.369,,,4.465,4.609,4.785,4.909,4.946,4.997,5.038,5.08,5.117,5.152,5.188
2000-08-17,4.841,4.428,,,4.63,4.754,4.899,5.022,5.067,5.102,5.146,5.189,5.228,5.268,5.306
2000-08-23,4.87,4.549,,,4.682,4.789,4.92,5.04,5.089,5.125,5.169,5.216,5.252,5.289,5.325
2000-08-29,4.915,4.775,,,4.781,4.836,4.96,5.081,5.111,5.156,5.2,5.241,5.274,5.306,5.339
2000-09-04,4.816,4.616,,,4.648,4.731,4.952,4.986,5.016,5.05,5.088,5.118,5.152,5.183,5.213
2000-09-08,4.86,4.657,,,4.706,4.786,5.014,5.054,5.085,5.123,5.164,5.197,5.224,5.257,5.293
2000-09-14,4.831,4.554,,,4.663,4.755,4.983,5.015,5.044,5.082,5.118,5.154,5.182,5.211,5.241
2000-09-20,4.818,4.558,,,4.669,4.749,4.952,4.976,5.002,5.031,5.061,5.089,5.116,5.142,5.168
2000-09-26,4.884,4.754,,,4.774,4.821,4.985,5.016,5.045,5.067,5.092,5.12,5.141,5.161,5.189
2000-10-02,4.991,4.727,,,4.787,4.844,5.009,5.031,5.047,5.068,5.091,5.112,5.13,5.151,5.173
2000-10-06,5.021,4.818,,,4.846,4.885,5.045,5.066,5.091,5.114,5.133,5.155,5.173,5.193,5.214
2000-10-12,5.007,4.791,,,4.821,4.863,5.025,5.041,5.061,5.081,5.107,5.129,5.15,5.166,5.185
2000-10-18,5.016,4.718,,,4.825,4.881,5.037,5.054,5.074,5.094,5.116,5.137,5.156,5.173,5.189
2000-10-24,5.1,4.875,,,4.914,4.976,5.121,5.141,5.16,5.183,5.204,5.223,5.24,5.259,5.28
2000-10-30,5.138,4.894,,,4.956,5.113,5.157,5.178,5.197,5.211,5.229,5.247,5.259,5.271,5.288
2000-11-03,5.125,4.881,,,4.948,5.107,5.143,5.158,5.175,5.191,5.203,5.213,5.225,5.237,5.251
2000-11-09,5.123,4.854,,,4.937,5.107,5.141,5.155,5.174,5.189,5.202,5.214,5.225,5.236,5.253
2000-11-15,5.085,4.814,,,4.892,5.067,5.096,5.107,5.12,5.128,5.137,5.147,5.156,5.167,5.179
2000-11-21,5.07,4.865,,,4.886,5.053,5.078,5.089,5.1,5.109,5.118,5.129,5.141,5.151,5.161
2000-11-27,5.075,4.877,,,4.899,5.053,5.087,5.098,5.112,5.122,5.13,5.14,5.15,5.16,5.171
2000-12-01,5.021,4.863,,,5.017,5.019,5.023,5.027,5.03,5.031,5.035,5.038,5.041,5.046,5.054
2000-12-07,4.956,4.82,,,4.974,4.964,4.948,4.939,4.931,4.926,4.918,4.916,4.911,4.909,4.907
2000-12-13,4.966,4.832,,,4.977,4.971,4.961,4.956,4.955,4.954,4.952,4.948,4.945,4.943,4.942
2000-12-19,4.916,4.795,,,4.929,4.923,4.909,4.901,4.893,4.882,4.872,4.862,4.852,4.841,4.833
2000-12-25,4.879,5.066,,,4.898,4.89,4.868,4.858,4.845,4.829,4.811,4.798,4.785,4.772,4.765
2000-12-29,4.855,4.867,,,4.857,4.857,4.85,4.841,4.833,4.82,4.803,4.783,4.771,4.758,4.749
2001-01-05,4.701,4.795,,,4.766,4.73,4.661,4.625,4.584,4.556,4.529,4.501,4.487,4.471,4.458
2001-01-11,4.797,4.825,,,4.824,4.81,4.764,4.734,4.704,4.676,4.649,4.632,4.619,4.608,4.602
2001-01-17,4.795,4.808,,,4.812,4.805,4.769,4.734,4.708,4.681,4.654,4.633,4.621,4.611,4.606
2001-01-23,4.756,4.798,,,4.788,4.775,4.726,4.686,4.648,4.621,4.591,4.57,4.558,4.548,4.543
2001-01-29,4.785,4.832,,,4.812,4.8,4.749,4.726,4.693,4.671,4.654,4.639,4.629,4.623,4.62
2001-02-02,4.724,4.779,,,4.776,4.753,4.696,4.665,4.641,4.612,4.589,4.569,4.56,4.552,4.544
2001-02-08,4.731,4.776,,,4.776,4.754,4.701,4.672,4.645,4.616,4.596,4.575,4.568,4.562,4.554
2001-02-14,4.743,4.854,,,4.796,4.763,4.71,4.683,4.654,4.632,4.613,4.595,4.585,4.58,4.575
2001-02-20,4.779,4.965,,,4.847,4.796,4.739,4.709,4.686,4.666,4.649,4.635,4.629,4.628,4.626
2001-02-26,4.811,4.841,,,4.836,4.822,4.766,4.741,4.712,4.69,4.673,4.66,4.653,4.651,4.649
2001-03-02,4.761,4.821,,,4.805,4.783,4.735,4.694,4.651,4.626,4.599,4.573,4.568,4.564,4.563
2001-03-08,4.778,4.844,,,4.824,4.798,4.739,4.695,4.661,4.629,4.6,4.579,4.573,4.57,4.569
2001-03-14,4.784,4.819,,,4.815,4.802,4.743,4.705,4.671,4.637,4.606,4.583,4.578,4.573,4.568
2001-03-20,4.766,4.825,,,4.819,4.788,4.714,4.667,4.614,4.569,4.535,4.508,4.499,4.491,4.483
2001-03-26,4.566,4.796,,,4.676,4.615,4.521,4.475,4.428,4.394,4.359,4.339,4.332,4.323,4.315
2001-03-30,4.561,4.805,,,4.698,4.605,4.514,4.468,4.424,4.394,4.368,4.351,4.339,4.329,4.322
2001-04-05,4.573,4.776,,,4.7,4.615,4.527,4.481,4.441,4.411,4.383,4.366,4.355,4.347,4.339
2001-04-11,4.583,5.006,,,4.729,4.625,4.527,4.479,4.436,4.402,4.378,4.362,4.354,4.345,4.337
2001-04-19,4.677,4.926,,,4.789,4.723,4.636,4.592,4.556,4.525,4.505,4.499,4.491,4.484,4.479
2001-04-25,4.78,4.828,,,4.82,4.8,4.756,4.735,4.707,4.688,4.671,4.662,4.655,4.646,4.639
2001-05-02,4.817,4.842,,,4.845,4.834,4.799,4.782,4.764,4.752,4.747,4.742,4.739,4.732,4.728
2001-05-08,4.801,4.827,,,4.822,4.812,4.767,4.737,4.708,4.689,4.677,4.667,4.658,4.647,4.636
2001-05-14,4.572,4.594,,,4.594,4.584,4.549,4.523,4.501,4.48,4.474,4.468,4.462,4.453,4.446
2001-05-18,4.557,4.577,,,4.586,4.575,4.524,4.501,4.471,4.457,4.455,4.448,4.446,4.441,4.44
2001-05-24,4.559,4.596,,,4.586,4.575,4.531,4.51,4.493,4.487,4.487,4.486,4.485,4.485,4.485
2001-05-30,4.544,4.591,,,4.584,4.567,4.512,4.487,4.459,4.453,4.449,4.446,4.443,4.441,4.439
2001-06-05,4.486,4.552,,,4.55,4.52,4.447,4.405,4.379,4.373,4.365,4.359,4.354,4.35,4.349
2001-06-11,4.451,4.548,,,4.532,4.484,4.417,4.381,4.348,4.336,4.329,4.323,4.319,4.316,4.315
2001-06-15,4.465,4.543,,,4.541,4.495,4.436,4.403,4.375,4.37,4.362,4.355,4.353,4.348,4.347
2001-06-21,4.433,4.567,,,4.511,4.471,4.381,4.348,4.318,4.307,4.296,4.287,4.278,4.273,4.269
2001-06-27,4.435,4.646,,,4.526,4.472,4.385,4.351,4.326,4.309,4.293,4.283,4.275,4.265,4.26
2001-07-03,4.416,4.539,,,4.502,4.453,4.379,4.352,4.339,4.319,4.307,4.295,4.289,4.284,4.284
2001-07-09,4.482,4.544,,,4.541,4.509,4.45,4.429,4.415,4.394,4.377,4.367,4.357,4.351,4.349
2001-07-13,4.484,4.538,,,4.533,4.508,4.446,4.421,4.401,4.378,4.361,4.349,4.337,4.327,4.325
2001-07-19,4.466,4.514,,,4.505,4.485,4.422,4.389,4.368,4.343,4.321,4.306,4.294,4.285,4.283
2001-07-25,4.466,4.548,,,4.523,4.496,4.428,4.4,4.383,4.359,4.338,4.321,4.304,4.296,4.291
2001-07-31,4.444,4.541,,,4.514,4.481,4.398,4.368,4.336,4.308,4.283,4.263,4.241,4.231,4.226
2001-08-06,4.425,4.532,,,4.525,4.478,4.379,4.346,4.307,4.276,4.247,4.225,4.204,4.195,4.189
2001-08-10,4.382,4.53,,,4.507,4.448,4.326,4.286,4.248,4.214,4.184,4.159,4.138,4.129,4.123
2001-08-16,4.346,4.532,,,4.487,4.409,4.277,4.241,4.2,4.167,4.135,4.113,4.091,4.081,4.077
2001-08-22,4.308,4.524,,,4.433,4.36,4.25,4.211,4.165,4.131,4.102,4.078,4.059,4.049,4.043
2001-08-28,4.305,4.561,,,4.419,4.35,4.252,4.22,4.184,4.154,4.127,4.107,4.092,4.084,4.079
2001-09-03,4.254,4.314,,,4.314,4.289,4.22,4.172,4.13,4.088,4.056,4.022,4.004,3.989,3.976
2001-09-07,4.264,4.305,,,4.308,4.293,4.227,4.185,4.151,4.111,4.085,4.058,4.043,4.031,4.023
2001-09-13,4.165,4.332,,,4.297,4.205,4.132,4.073,4.034,3.994,3.96,3.928,3.908,3.897,3.886
2001-09-19,3.76,3.661,,,3.754,3.767,3.744,3.716,3.686,3.661,3.642,3.634,3.617,3.61,3.597
2001-09-25,3.654,3.821,,,3.739,3.687,3.628,3.594,3.571,3.553,3.541,3.529,3.523,3.519,3.518
2001-10-01,3.656,3.788,,,3.727,3.679,3.615,3.579,3.546,3.531,3.517,3.504,3.498,3.495,3.493
2001-10-05,3.558,3.747,,,3.64,3.583,3.503,3.461,3.43,3.404,3.384,3.365,3.356,3.348,3.345
2001-10-11,3.614,3.885,,,3.742,3.643,3.563,3.523,3.491,3.467,3.445,3.435,3.425,3.419,3.417
2001-10-17,3.645,4.125,3.97,3.888,3.821,3.693,3.578,3.529,3.498,3.469,3.441,3.425,3.416,3.41,3.408
2001-10-23,3.579,3.793,3.775,3.744,3.698,3.621,3.508,3.466,3.428,3.401,3.376,3.361,3.351,3.345,3.34
2001-10-29,3.576,3.799,3.785,3.743,3.701,3.621,3.508,3.458,3.414,3.376,3.347,3.318,3.301,3.289,3.282
2001-11-02,3.499,3.765,3.728,3.66,3.616,3.56,3.431,3.377,3.33,3.287,3.253,3.225,3.2,3.188,3.179
2001-11-08,3.324,3.561,3.521,3.48,3.438,3.393,3.272,3.214,3.159,3.108,3.069,3.037,3.015,3.001,2.994
2001-11-14,3.338,3.379,3.375,3.373,3.367,3.378,3.282,3.24,3.201,3.164,3.141,3.122,3.111,3.107,3.105
2001-11-20,3.349,3.276,3.294,3.299,3.31,3.371,3.32,3.29,3.253,3.238,3.229,3.222,3.223,3.23,3.238
2001-11-26,3.369,3.345,3.342,3.342,3.343,3.406,3.337,3.309,3.283,3.269,3.266,3.265,3.272,3.286,3.302
2001-11-30,3.36,3.331,3.33,3.332,3.425,3.39,3.308,3.266,3.242,3.215,3.206,3.2,3.2,3.209,3.217
2001-12-06,3.364,3.289,3.292,3.443,3.423,3.388,3.324,3.3,3.277,3.274,3.279,3.288,3.299,3.32,3.341
2001-12-12,3.351,3.307,3.307,3.442,3.429,3.39,3.308,3.277,3.247,3.235,3.234,3.237,3.254,3.273,3.297
2001-12-18,3.35,3.314,3.511,3.45,3.428,3.387,3.318,3.3,3.278,3.275,3.273,3.276,3.296,3.32,3.343
2001-12-24,3.34,3.695,3.577,3.476,3.434,3.38,3.297,3.277,3.259,3.253,3.252,3.257,3.271,3.294,3.32
2002-01-03,3.272,3.339,3.334,3.327,3.318,3.296,3.263,3.249,3.239,3.237,3.239,3.251,3.277,3.303,3.337
2002-01-09,3.325,3.356,3.356,3.357,3.356,3.339,3.317,3.311,3.31,3.314,3.324,3.339,3.358,3.385,3.42
2002-01-15,3.329,3.344,3.343,3.347,3.345,3.339,3.329,3.327,3.325,3.331,3.341,3.36,3.379,3.403,3.444
2002-01-21,3.346,3.334,3.342,3.343,3.346,3.347,3.349,3.352,3.354,3.364,3.377,3.4,3.42,3.449,3.486
2002-01-25,3.378,3.346,3.348,3.349,3.354,3.367,3.389,3.403,3.419,3.436,3.464,3.497,3.527,3.566,3.61
2002-01-31,3.371,3.35,3.35,3.35,3.353,3.36,3.379,3.396,3.411,3.434,3.463,3.496,3.527,3.576,3.624
2002-02-06,3.353,3.333,3.334,3.338,3.343,3.351,3.356,3.364,3.367,3.383,3.401,3.429,3.451,3.487,3.528
2002-02-12,3.352,3.319,3.321,3.327,3.334,3.343,3.364,3.376,3.386,3.401,3.427,3.456,3.484,3.523,3.564
2002-02-18,3.352,3.312,3.326,3.327,3.332,3.342,3.367,3.378,3.393,3.414,3.441,3.475,3.505,3.549,3.594
2002-02-22,3.355,3.322,3.322,3.324,3.329,3.338,3.371,3.384,3.397,3.422,3.449,3.481,3.511,3.554,3.594
2002-02-28,3.366,3.336,3.336,3.337,3.342,3.355,3.38,3.396,3.412,3.434,3.466,3.498,3.533,3.572,3.613
2002-03-06,3.369,3.319,3.321,3.335,3.343,3.358,3.394,3.417,3.439,3.474,3.518,3.563,3.609,3.662,3.708
2002-03-12,3.374,3.303,3.303,3.333,3.343,3.361,3.411,3.441,3.478,3.515,3.563,3.608,3.664,3.719,3.774
2002-03-18,3.381,3.263,3.319,3.326,3.334,3.362,3.422,3.458,3.497,3.549,3.602,3.658,3.724,3.786,3.841
2002-03-22,3.401,3.403,3.366,3.352,3.347,3.373,3.451,3.494,3.539,3.599,3.654,3.717,3.781,3.844,3.902
2002-03-28,3.448,3.341,3.346,3.351,3.362,3.403,3.494,3.54,3.594,3.649,3.703,3.781,3.833,3.89,3.953
2002-04-05,3.43,3.327,3.334,3.337,3.348,3.389,3.474,3.524,3.577,3.634,3.692,3.762,3.816,3.872,3.935
2002-04-11,3.414,3.307,3.311,3.323,3.331,3.373,3.455,3.503,3.554,3.605,3.659,3.727,3.782,3.836,3.898
2002-04-17,3.395,3.241,3.303,3.311,3.321,3.364,3.444,3.49,3.541,3.593,3.644,3.716,3.762,3.818,3.883
2002-04-23,3.392,3.337,3.331,3.33,3.332,3.367,3.429,3.461,3.505,3.548,3.592,3.649,3.695,3.745,3.8
2002-04-29,3.386,3.332,3.331,3.331,3.335,3.363,3.415,3.453,3.494,3.529,3.575,3.621,3.659,3.705,3.752
2002-05-06,3.416,3.324,3.325,3.328,3.341,3.377,3.455,3.494,3.536,3.582,3.632,3.683,3.73,3.777,3.831
2002-05-10,3.427,3.322,3.323,3.331,3.343,3.384,3.479,3.529,3.578,3.628,3.683,3.741,3.79,3.849,3.902
2002-05-16,3.497,3.311,3.334,3.346,3.382,3.443,3.564,3.624,3.684,3.743,3.811,3.871,3.929,3.99,4.044
2002-05-22,3.487,3.343,3.367,3.373,3.383,3.442,3.526,3.571,3.627,3.678,3.741,3.801,3.855,3.911,3.971
2002-05-28,3.497,3.371,3.374,3.376,3.391,3.448,3.554,3.609,3.668,3.733,3.804,3.873,3.929,3.985,4.041
2002-06-03,3.483,3.364,3.365,3.373,3.387,3.437,3.533,3.587,3.643,3.718,3.769,3.823,3.885,3.941,3.999
2002-06-07,3.466,3.349,3.351,3.373,3.377,3.429,3.509,3.557,3.605,3.676,3.715,3.766,3.817,3.87,3.92
2002-06-13,3.47,3.33,3.375,3.376,3.375,3.425,3.519,3.572,3.623,3.69,3.739,3.785,3.834,3.883,3.937
2002-06-19,3.467,3.329,3.371,3.374,3.382,3.424,3.51,3.543,3.586,3.633,3.674,3.714,3.755,3.791,3.834
2002-06-25,3.461,3.403,3.394,3.394,3.397,3.427,3.482,3.507,3.546,3.589,3.628,3.666,3.706,3.745,3.787
2002-07-01,3.438,3.363,3.367,3.379,3.389,3.413,3.455,3.476,3.524,3.55,3.579,3.617,3.649,3.686,3.723
2002-07-05,3.439,3.347,3.354,3.364,3.383,3.41,3.467,3.494,3.536,3.575,3.605,3.643,3.677,3.716,3.755
2002-07-11,3.414,3.329,3.334,3.349,3.361,3.391,3.442,3.472,3.505,3.532,3.556,3.584,3.608,3.639,3.675
2002-07-17,3.407,3.321,3.334,3.345,3.354,3.383,3.433,3.456,3.491,3.519,3.544,3.572,3.594,3.624,3.658
2002-07-23,3.402,3.347,3.345,3.347,3.352,3.379,3.419,3.44,3.469,3.491,3.511,3.535,3.553,3.581,3.611
2002-07-29,3.373,3.341,3.341,3.342,3.345,3.361,3.382,3.391,3.4,3.412,3.424,3.438,3.454,3.475,3.501
2002-08-02,3.361,3.325,3.334,3.335,3.341,3.353,3.368,3.377,3.382,3.386,3.387,3.396,3.406,3.421,3.438
2002-08-08,3.336,3.315,3.32,3.324,3.332,3.332,3.336,3.338,3.337,3.336,3.337,3.338,3.339,3.344,3.35
2002-08-14,3.326,3.312,3.315,3.321,3.325,3.325,3.329,3.329,3.328,3.326,3.326,3.325,3.327,3.327,3.33
2002-08-20,3.353,3.31,3.321,3.323,3.326,3.342,3.373,3.397,3.405,3.416,3.43,3.444,3.459,3.475,3.49
2002-08-26,3.368,3.331,3.331,3.332,3.339,3.353,3.382,3.41,3.422,3.428,3.444,3.463,3.482,3.503,3.524
2002-08-30,3.358,3.322,3.322,3.326,3.337,3.348,3.362,3.36,3.361,3.359,3.361,3.365,3.373,3.385,3.401
2002-09-05,3.314,3.312,3.311,3.313,3.317,3.317,3.312,3.283,3.266,3.251,3.24,3.233,3.231,3.231,3.233
2002-09-11,3.315,3.309,3.309,3.313,3.314,3.315,3.328,3.322,3.318,3.313,3.312,3.311,3.313,3.321,3.33
2002-09-17,3.314,3.311,3.314,3.313,3.314,3.314,3.314,3.301,3.292,3.275,3.264,3.255,3.255,3.254,3.255
2002-09-23,3.297,3.326,3.318,3.315,3.314,3.307,3.277,3.249,3.227,3.206,3.19,3.176,3.174,3.172,3.172
2002-09-27,3.297,3.325,3.323,3.322,3.322,3.309,3.273,3.251,3.223,3.203,3.186,3.171,3.165,3.164,3.164
2002-10-03,3.265,3.312,3.312,3.311,3.31,3.282,3.226,3.178,3.145,3.124,3.092,3.07,3.065,3.058,3.058
2002-10-09,3.23,3.306,3.304,3.304,3.298,3.249,3.194,3.157,3.131,3.105,3.076,3.055,3.05,3.047,3.044
2002-10-15,3.281,3.307,3.309,3.312,3.316,3.283,3.253,3.231,3.209,3.205,3.197,3.196,3.196,3.197,3.203
2002-10-21,3.263,3.314,3.32,3.317,3.311,3.283,3.232,3.19,3.164,3.146,3.137,3.134,3.137,3.139,3.145
2002-10-25,3.253,3.328,3.321,3.313,3.296,3.258,3.211,3.183,3.163,3.152,3.146,3.143,3.143,3.145,3.148
2002-10-31,3.259,3.314,3.311,3.305,3.297,3.283,3.23,3.201,3.177,3.153,3.139,3.129,3.126,3.125,3.125
2002-11-06,3.214,3.283,3.273,3.259,3.25,3.235,3.18,3.156,3.134,3.118,3.116,3.113,3.112,3.111,3.112
2002-11-12,3.174,3.306,3.306,3.306,3.3,3.229,3.116,3.078,3.049,3.02,3.008,2.997,2.992,2.992,2.992
2002-11-18,3.1,3.303,3.306,3.294,3.247,3.191,3.052,3.025,3.005,2.986,2.981,2.978,2.978,2.982,2.985
2002-11-22,3.043,3.331,3.312,3.263,3.162,3.125,3.011,2.989,2.97,2.964,2.961,2.959,2.962,2.966,2.973
2002-11-28,3.055,3.365,3.242,3.163,3.183,3.115,3.023,3.009,3.002,2.995,2.995,2.998,3.007,3.021,3.031
2002-12-04,2.989,3.018,3.012,3.005,3.015,3.005,2.975,2.964,2.952,2.948,2.948,2.95,2.955,2.964,2.976
2002-12-10,2.918,2.863,2.858,2.946,2.93,2.92,2.911,2.901,2.894,2.885,2.881,2.879,2.88,2.882,2.887
2002-12-16,2.942,2.902,3.044,3.006,2.975,2.951,2.925,2.908,2.889,2.874,2.863,2.856,2.854,2.853,2.854
2002-12-20,2.943,3.041,3.12,3.057,3.005,2.961,2.912,2.891,2.875,2.863,2.851,2.84,2.831,2.826,2.822
2002-12-30,2.867,2.954,2.932,2.916,2.9,2.886,2.838,2.818,2.8,2.786,2.777,2.767,2.761,2.753,2.746
2003-01-06,2.86,2.892,2.891,2.889,2.886,2.876,2.835,2.819,2.801,2.796,2.789,2.783,2.781,2.779,2.777
2003-01-10,2.836,2.848,2.849,2.852,2.854,2.847,2.813,2.789,2.77,2.762,2.752,2.744,2.739,2.732,2.73
2003-01-16,2.828,2.843,2.846,2.847,2.853,2.844,2.811,2.784,2.761,2.756,2.747,2.734,2.731,2.724,2.722
2003-01-22,2.825,2.827,2.837,2.837,2.842,2.836,2.803,2.78,2.748,2.73,2.718,2.705,2.695,2.686,2.685
2003-01-28,2.818,2.848,2.837,2.835,2.835,2.826,2.789,2.76,2.733,2.717,2.703,2.689,2.679,2.67,2.666
2003-02-03,2.807,2.83,2.829,2.829,2.832,2.82,2.785,2.75,2.725,2.708,2.695,2.68,2.671,2.663,2.658
2003-02-07,2.763,2.806,2.807,2.81,2.812,2.793,2.723,2.68,2.64,2.626,2.608,2.594,2.579,2.567,2.558
2003-02-13,2.707,2.799,2.802,2.802,2.796,2.745,2.662,2.609,2.569,2.553,2.536,2.518,2.504,2.494,2.485
2003-02-19,2.687,2.799,2.801,2.799,2.798,2.728,2.647,2.605,2.576,2.559,2.542,2.524,2.515,2.507,2.499
2003-02-25,2.571,2.824,2.787,2.727,2.697,2.618,2.521,2.481,2.456,2.439,2.425,2.407,2.397,2.389,2.38
2003-03-03,2.503,2.851,2.749,2.65,2.609,2.539,2.465,2.443,2.418,2.409,2.397,2.381,2.373,2.364,2.36
2003-03-07,2.528,2.742,2.683,2.662,2.646,2.569,2.493,2.464,2.441,2.421,2.405,2.387,2.376,2.364,2.354
2003-03-13,2.545,2.639,2.639,2.64,2.637,2.589,2.514,2.481,2.455,2.438,2.423,2.404,2.396,2.389,2.381
2003-03-19,2.562,2.562,2.597,2.598,2.601,2.582,2.522,2.497,2.474,2.47,2.463,2.462,2.465,2.465,2.464
2003-03-25,2.528,2.594,2.584,2.574,2.565,2.546,2.494,2.48,2.462,2.455,2.454,2.453,2.453,2.454,2.455
2003-03-31,2.522,2.578,2.578,2.577,2.572,2.55,2.48,2.458,2.435,2.424,2.414,2.405,2.399,2.395,2.394
2003-04-04,2.517,2.565,2.566,2.566,2.576,2.547,2.482,2.453,2.434,2.418,2.412,2.408,2.405,2.405,2.409
2003-04-10,2.519,2.565,2.566,2.571,2.573,2.545,2.483,2.455,2.436,2.421,2.414,2.406,2.403,2.402,2.403
2003-04-16,2.561,2.569,2.579,2.583,2.587,2.573,2.546,2.54,2.532,2.532,2.531,2.532,2.532,2.535,2.539
2003-04-24,2.552,2.591,2.584,2.584,2.583,2.57,2.529,2.517,2.499,2.485,2.476,2.471,2.466,2.465,2.461
2003-04-30,2.53,2.583,2.581,2.578,2.574,2.552,2.5,2.477,2.457,2.447,2.437,2.429,2.423,2.423,2.423
2003-05-07,2.476,2.558,2.558,2.559,2.555,2.498,2.442,2.411,2.383,2.368,2.354,2.344,2.333,2.328,2.326
2003-05-13,2.464,2.571,2.571,2.575,2.578,2.502,2.422,2.39,2.364,2.351,2.339,2.328,2.32,2.313,2.31
2003-05-19,2.381,2.573,2.598,2.61,2.546,2.436,2.331,2.295,2.265,2.251,2.241,2.228,2.219,2.211,2.207
2003-05-23,2.345,2.617,2.637,2.544,2.469,2.384,2.297,2.274,2.25,2.234,2.222,2.207,2.197,2.19,2.186
2003-05-29,2.292,2.783,2.61,2.5,2.4,2.323,2.259,2.246,2.23,2.218,2.209,2.198,2.191,2.184,2.178
2003-06-04,2.185,2.292,2.244,2.226,2.206,2.195,2.169,2.152,2.14,2.13,2.12,2.107,2.095,2.086,2.081
2003-06-10,2.133,2.147,2.147,2.15,2.15,2.141,2.114,2.095,2.079,2.061,2.047,2.034,2.024,2.014,2.007
2003-06-16,2.129,2.153,2.157,2.153,2.152,2.142,2.089,2.063,2.033,2.007,1.986,1.967,1.949,1.938,1.929
2003-06-20,2.142,2.182,2.172,2.164,2.163,2.154,2.108,2.079,2.056,2.034,2.015,2.001,1.988,1.983,1.976
2003-06-26,2.14,2.177,2.162,2.159,2.159,2.153,2.114,2.093,2.072,2.055,2.043,2.033,2.027,2.025,2.024
2003-07-02,2.142,2.144,2.145,2.145,2.149,2.149,2.107,2.087,2.069,2.058,2.047,2.039,2.038,2.036,2.035
2003-07-08,2.134,2.133,2.136,2.136,2.141,2.143,2.119,2.104,2.083,2.072,2.063,2.061,2.058,2.057,2.057
2003-07-14,2.129,2.12,2.12,2.126,2.131,2.131,2.117,2.101,2.082,2.071,2.061,2.052,2.046,2.045,2.044
2003-07-18,2.128,2.115,2.121,2.121,2.128,2.129,2.125,2.117,2.11,2.103,2.099,2.098,2.1,2.102,2.104
2003-07-24,2.122,2.11,2.106,2.108,2.117,2.122,2.114,2.104,2.094,2.085,2.078,2.075,2.074,2.077,2.08
2003-07-30,2.121,2.103,2.103,2.104,2.118,2.121,2.118,2.115,2.11,2.105,2.105,2.108,2.113,2.118,2.125
2003-08-05,2.138,2.102,2.102,2.104,2.121,2.131,2.149,2.159,2.165,2.171,2.184,2.201,2.219,2.24,2.263
2003-08-11,2.135,2.087,2.093,2.103,2.119,2.128,2.139,2.149,2.152,2.155,2.167,2.18,2.192,2.211,2.225
2003-08-15,2.138,2.091,2.101,2.106,2.118,2.129,2.146,2.161,2.168,2.175,2.195,2.213,2.234,2.256,2.278
2003-08-21,2.141,2.124,2.119,2.12,2.123,2.132,2.155,2.169,2.178,2.191,2.211,2.229,2.254,2.278,2.3
2003-08-27,2.154,2.137,2.132,2.132,2.132,2.144,2.166,2.184,2.195,2.207,2.229,2.248,2.277,2.301,2.328
2003-09-02,2.153,2.116,2.116,2.118,2.132,2.142,2.177,2.195,2.206,2.227,2.249,2.274,2.302,2.327,2.356
2003-09-08,2.157,2.108,2.111,2.12,2.136,2.147,2.172,2.185,2.193,2.207,2.219,2.229,2.248,2.267,2.29
2003-09-12,2.152,2.104,2.11,2.12,2.127,2.141,2.175,2.185,2.195,2.207,2.219,2.232,2.249,2.269,2.3
2003-09-18,2.15,2.091,2.116,2.12,2.124,2.139,2.17,2.176,2.183,2.185,2.193,2.201,2.214,2.233,2.247
2003-09-24,2.135,2.114,2.109,2.111,2.119,2.13,2.145,2.151,2.154,2.155,2.158,2.167,2.178,2.189,2.203
2003-09-30,2.128,2.094,2.094,2.099,2.111,2.119,2.121,2.114,2.109,2.107,2.106,2.107,2.114,2.12,2.13
2003-10-06,2.145,2.087,2.087,2.092,2.105,2.115,2.149,2.154,2.162,2.171,2.187,2.205,2.229,2.251,2.267
2003-10-10,2.135,2.086,2.086,2.092,2.102,2.112,2.147,2.151,2.158,2.173,2.187,2.211,2.236,2.259,2.278
2003-10-16,2.14,2.081,2.091,2.093,2.103,2.113,2.158,2.169,2.178,2.201,2.223,2.253,2.283,2.311,2.338
2003-10-22,2.152,2.073,2.085,2.092,2.098,2.114,2.168,2.179,2.192,2.213,2.236,2.267,2.293,2.32,2.349
2003-10-28,2.154,2.093,2.088,2.089,2.095,2.11,2.172,2.19,2.208,2.236,2.267,2.299,2.33,2.361,2.384
2003-11-03,2.163,2.08,2.08,2.083,2.094,2.159,2.178,2.197,2.219,2.245,2.273,2.304,2.338,2.366,2.391
2003-11-07,2.169,2.071,2.073,2.079,2.092,2.166,2.195,2.219,2.243,2.279,2.317,2.357,2.396,2.425,2.459
2003-11-13,2.171,2.035,2.061,2.067,2.079,2.167,2.191,2.223,2.247,2.28,2.318,2.354,2.393,2.43,2.463
2003-11-19,2.147,1.961,2.015,2.036,2.059,2.145,2.158,2.171,2.184,2.201,2.219,2.239,2.261,2.289,2.316
2003-11-25,2.152,2.075,2.068,2.066,2.068,2.143,2.182,2.201,2.22,2.247,2.277,2.306,2.333,2.36,2.402
2003-12-01,2.16,2.083,2.087,2.089,2.155,2.154,2.188,2.217,2.243,2.286,2.329,2.373,2.417,2.457,2.503
2003-12-05,2.154,2.064,2.064,2.073,2.146,2.151,2.174,2.194,2.214,2.247,2.288,2.319,2.362,2.402,2.444
2003-12-11,2.15,2.059,2.064,2.142,2.135,2.142,2.172,2.187,2.205,2.238,2.269,2.306,2.343,2.376,2.415
2003-12-17,2.144,2.001,2.131,2.126,2.123,2.134,2.161,2.173,2.195,2.21,2.229,2.255,2.283,2.317,2.349
2003-12-23,2.142,2.214,2.154,2.14,2.124,2.133,2.156,2.165,2.182,2.199,2.221,2.239,2.267,2.3,2.327
2003-12-31,2.124,2.093,2.094,2.098,2.101,2.114,2.139,2.149,2.168,2.182,2.201,2.217,2.244,2.273,2.305
2004-01-07,2.104,2.067,2.072,2.074,2.086,2.095,2.115,2.122,2.134,2.152,2.173,2.193,2.216,2.24,2.269
2004-01-13,2.092,2.063,2.064,2.072,2.08,2.089,2.097,2.103,2.112,2.116,2.124,2.139,2.161,2.174,2.189
2004-01-19,2.077,2.043,2.052,2.054,2.06,2.068,2.088,2.095,2.109,2.12,2.13,2.147,2.167,2.189,2.207
2004-01-23,2.073,2.074,2.072,2.073,2.072,2.073,2.077,2.084,2.087,2.094,2.099,2.11,2.123,2.141,2.159
2004-01-29,2.091,2.068,2.067,2.068,2.075,2.081,2.101,2.11,2.121,2.135,2.152,2.171,2.19,2.213,2.239
2004-02-04,2.085,2.055,2.058,2.062,2.067,2.076,2.092,2.1,2.11,2.118,2.131,2.148,2.163,2.183,2.203
2004-02-10,2.07,2.045,2.048,2.054,2.06,2.063,2.075,2.078,2.084,2.091,2.1,2.111,2.121,2.136,2.149
2004-02-16,2.065,2.044,2.052,2.053,2.056,2.059,2.07,2.073,2.079,2.081,2.089,2.099,2.112,2.13,2.149
2004-02-20,2.061,2.049,2.051,2.052,2.054,2.056,2.068,2.072,2.076,2.089,2.099,2.109,2.122,2.14,2.159
2004-02-26,2.053,2.063,2.059,2.056,2.055,2.054,2.051,2.049,2.049,2.049,2.054,2.063,2.074,2.09,2.101
2004-03-03,2.057,2.032,2.036,2.042,2.047,2.052,2.062,2.068,2.072,2.081,2.091,2.101,2.125,2.137,2.157
2004-03-09,2.052,2.048,2.048,2.051,2.053,2.052,2.054,2.054,2.055,2.056,2.056,2.059,2.065,2.07,2.079
2004-03-15,2.052,2.045,2.045,2.051,2.053,2.052,2.052,2.052,2.05,2.049,2.049,2.05,2.056,2.065,2.076
2004-03-19,2.034,2.038,2.041,2.041,2.043,2.039,2.025,2.017,2.01,2.009,2.009,2.009,2.016,2.028,2.04
2004-03-25,1.989,2.076,2.053,2.04,2.028,2.007,1.971,1.956,1.947,1.942,1.938,1.938,1.945,1.954,1.963
2004-03-31,1.958,2.031,2.028,2.028,2.024,1.987,1.948,1.94,1.936,1.937,1.942,1.946,1.958,1.969,1.983
2004-04-06,2.051,2.051,2.05,2.052,2.057,2.052,2.047,2.047,2.048,2.056,2.066,2.083,2.098,2.115,2.133
2004-04-14,2.048,2.053,2.053,2.052,2.053,2.053,2.048,2.053,2.06,2.066,2.084,2.106,2.125,2.144,2.165
2004-04-20,2.052,2.051,2.054,2.054,2.054,2.053,2.056,2.061,2.066,2.077,2.097,2.119,2.137,2.157,2.177
2004-04-26,2.064,2.056,2.054,2.054,2.054,2.056,2.072,2.084,2.096,2.11,2.131,2.156,2.179,2.201,2.226
2004-04-30,2.073,2.055,2.054,2.054,2.056,2.063,2.082,2.093,2.106,2.123,2.144,2.165,2.188,2.213,2.239
2004-05-06,2.074,2.056,2.056,2.056,2.057,2.064,2.083,2.092,2.099,2.112,2.132,2.154,2.175,2.197,2.222
2004-05-12,2.084,2.047,2.048,2.051,2.059,2.073,2.107,2.125,2.14,2.158,2.188,2.216,2.245,2.273,2.309
2004-05-18,2.091,2.05,2.054,2.055,2.062,2.075,2.112,2.123,2.142,2.163,2.19,2.217,2.244,2.275,2.308
2004-05-24,2.093,2.053,2.052,2.054,2.063,2.075,2.115,2.135,2.154,2.181,2.214,2.246,2.276,2.309,2.344
2004-05-28,2.087,2.054,2.054,2.055,2.063,2.074,2.103,2.119,2.134,2.155,2.181,2.202,2.23,2.256,2.286
2004-06-03,2.096,2.072,2.067,2.066,2.074,2.083,2.121,2.146,2.167,2.199,2.232,2.261,2.296,2.328,2.366
2004-06-09,2.103,2.056,2.059,2.068,2.077,2.09,2.125,2.147,2.165,2.194,2.227,2.251,2.285,2.317,2.352
2004-06-15,2.121,2.056,2.066,2.072,2.082,2.096,2.153,2.184,2.214,2.263,2.299,2.34,2.396,2.439,2.479
2004-06-21,2.124,2.054,2.076,2.073,2.078,2.096,2.148,2.175,2.211,2.251,2.281,2.321,2.361,2.401,2.448
2004-06-28,2.121,2.088,2.078,2.074,2.075,2.095,2.133,2.156,2.185,2.218,2.241,2.276,2.308,2.346,2.387
2004-07-02,2.116,2.071,2.071,2.071,2.075,2.094,2.131,2.148,2.177,2.197,2.219,2.252,2.287,2.323,2.366
2004-07-08,2.114,2.063,2.064,2.071,2.075,2.094,2.126,2.137,2.175,2.188,2.203,2.231,2.259,2.291,2.33
2004-07-14,2.115,2.063,2.063,2.072,2.076,2.094,2.13,2.147,2.183,2.199,2.218,2.248,2.278,2.308,2.348
2004-07-20,2.115,2.064,2.075,2.073,2.074,2.094,2.131,2.147,2.176,2.19,2.209,2.232,2.259,2.286,2.32
2004-07-26,2.117,2.08,2.079,2.078,2.079,2.101,2.138,2.161,2.202,2.221,2.245,2.275,2.311,2.342,2.382
2004-07-30,2.116,2.068,2.067,2.069,2.076,2.101,2.136,2.167,2.201,2.216,2.248,2.276,2.312,2.348,2.387
2004-08-05,2.116,2.049,2.056,2.063,2.077,2.101,2.134,2.158,2.186,2.199,2.223,2.249,2.28,2.309,2.344
2004-08-11,2.113,2.063,2.064,2.068,2.079,2.096,2.133,2.151,2.168,2.178,2.199,2.219,2.24,2.264,2.298
2004-08-17,2.113,2.063,2.066,2.069,2.08,2.094,2.131,2.146,2.161,2.172,2.191,2.208,2.229,2.252,2.282
2004-08-23,2.114,2.071,2.072,2.073,2.077,2.094,2.133,2.149,2.163,2.178,2.193,2.211,2.233,2.258,2.285
2004-08-27,2.115,2.073,2.073,2.073,2.076,2.096,2.13,2.153,2.166,2.184,2.198,2.217,2.239,2.261,2.29
2004-09-02,2.111,2.059,2.064,2.066,2.075,2.095,2.137,2.153,2.165,2.181,2.199,2.214,2.238,2.26,2.284
2004-09-08,2.115,2.062,2.064,2.07,2.075,2.095,2.16,2.189,2.214,2.251,2.283,2.313,2.352,2.391,2.427
2004-09-14,2.116,2.063,2.064,2.072,2.077,2.096,2.159,2.185,2.205,2.241,2.268,2.298,2.333,2.364,2.394
2004-09-20,2.115,2.064,2.072,2.073,2.079,2.095,2.16,2.182,2.204,2.237,2.264,2.293,2.324,2.354,2.385
2004-09-24,2.116,2.075,2.074,2.074,2.081,2.096,2.159,2.181,2.204,2.235,2.264,2.291,2.322,2.352,2.377
2004-09-30,2.15,2.072,2.072,2.073,2.08,2.096,2.17,2.186,2.212,2.242,2.272,2.302,2.333,2.362,2.392
2004-10-06,2.15,2.117,2.098,2.088,2.086,2.1,2.166,2.182,2.211,2.235,2.262,2.292,2.322,2.347,2.378
2004-10-12,2.146,2.073,2.073,2.079,2.082,2.099,2.156,2.166,2.186,2.204,2.22,2.243,2.266,2.288,2.314
2004-10-18,2.145,2.074,2.082,2.082,2.085,2.101,2.153,2.162,2.175,2.189,2.203,2.22,2.24,2.258,2.282
2004-10-22,2.145,2.087,2.087,2.087,2.089,2.104,2.156,2.167,2.182,2.194,2.21,2.225,2.245,2.265,2.285
2004-10-28,2.152,2.085,2.087,2.088,2.091,2.144,2.163,2.179,2.199,2.213,2.23,2.25,2.269,2.288,2.308
2004-11-03,2.158,2.099,2.092,2.091,2.094,2.147,2.167,2.186,2.208,2.229,2.249,2.27,2.292,2.315,2.338
2004-11-09,2.17,2.084,2.086,2.091,2.101,2.161,2.19,2.214,2.239,2.259,2.285,2.31,2.332,2.356,2.38
2004-11-15,2.173,2.091,2.093,2.099,2.103,2.162,2.185,2.195,2.208,2.221,2.236,2.253,2.266,2.284,2.305
2004-11-19,2.176,2.095,2.099,2.101,2.104,2.166,2.194,2.212,2.228,2.246,2.268,2.286,2.308,2.325,2.346
2004-11-25,2.176,2.103,2.106,2.108,2.116,2.168,2.19,2.201,2.213,2.222,2.235,2.249,2.26,2.281,2.303
2004-12-01,2.174,2.076,2.083,2.093,2.169,2.169,2.181,2.189,2.2,2.21,2.22,2.231,2.245,2.261,2.278
2004-12-07,2.171,2.09,2.094,2.106,2.165,2.165,2.177,2.182,2.187,2.194,2.203,2.212,2.223,2.24,2.254
2004-12-13,2.174,2.128,2.138,2.184,2.168,2.168,2.182,2.188,2.196,2.204,2.213,2.223,2.236,2.253,2.266
2004-12-17,2.175,2.115,2.21,2.193,2.174,2.173,2.185,2.195,2.206,2.228,2.245,2.258,2.273,2.29,2.307
2004-12-23,2.178,2.251,2.201,2.181,2.174,2.174,2.192,2.204,2.222,2.242,2.263,2.279,2.301,2.321,2.34
2004-12-29,2.18,2.241,2.193,2.176,2.171,2.174,2.2,2.213,2.229,2.249,2.275,2.301,2.323,2.345,2.366
2005-01-04,2.151,2.112,2.113,2.114,2.123,2.135,2.173,2.187,2.21,2.232,2.253,2.277,2.303,2.325,2.351
2005-01-10,2.146,2.104,2.104,2.106,2.114,2.132,2.163,2.177,2.198,2.214,2.233,2.254,2.278,2.299,2.326
2005-01-14,2.144,2.074,2.091,2.101,2.106,2.131,2.156,2.169,2.187,2.203,2.216,2.235,2.254,2.273,2.296
2005-01-20,2.144,2.1,2.102,2.103,2.108,2.132,2.156,2.168,2.186,2.201,2.215,2.235,2.255,2.274,2.297
2005-01-26,2.143,2.103,2.102,2.103,2.107,2.131,2.153,2.165,2.181,2.195,2.206,2.227,2.246,2.264,2.29
2005-02-01,2.142,2.095,2.098,2.1,2.106,2.128,2.154,2.172,2.183,2.195,2.213,2.231,2.248,2.267,2.288
2005-02-07,2.142,2.095,2.096,2.098,2.105,2.126,2.155,2.169,2.184,2.199,2.217,2.237,2.256,2.28,2.304
2005-02-11,2.14,2.094,2.094,2.096,2.104,2.122,2.15,2.162,2.174,2.186,2.206,2.22,2.238,2.26,2.281
2005-02-17,2.135,2.089,2.091,2.094,2.103,2.116,2.147,2.164,2.182,2.198,2.221,2.244,2.264,2.293,2.315
2005-02-23,2.135,2.088,2.091,2.092,2.103,2.116,2.153,2.175,2.194,2.209,2.234,2.254,2.277,2.306,2.331
2005-03-01,2.136,2.091,2.092,2.093,2.103,2.119,2.159,2.179,2.199,2.218,2.242,2.264,2.289,2.316,2.344
2005-03-07,2.133,2.079,2.087,2.09,2.102,2.115,2.151,2.165,2.178,2.193,2.208,2.226,2.248,2.274,2.293
2005-03-11,2.135,2.082,2.087,2.094,2.102,2.116,2.152,2.164,2.177,2.194,2.213,2.233,2.26,2.285,2.306
2005-03-17,2.136,2.084,2.093,2.096,2.104,2.119,2.153,2.168,2.184,2.203,2.223,2.247,2.281,2.303,2.328
2005-03-23,2.142,2.091,2.095,2.097,2.104,2.122,2.17,2.191,2.218,2.251,2.275,2.302,2.335,2.364,2.395
2005-03-31,2.147,2.093,2.093,2.097,2.105,2.127,2.169,2.186,2.207,2.233,2.254,2.279,2.306,2.328,2.359
2005-04-06,2.148,2.092,2.093,2.096,2.105,2.127,2.162,2.176,2.194,2.214,2.228,2.252,2.272,2.292,2.319
2005-04-12,2.14,2.091,2.093,2.098,2.105,2.125,2.151,2.161,2.174,2.193,2.207,2.226,2.246,2.265,2.284
2005-04-18,2.134,2.092,2.096,2.099,2.105,2.122,2.143,2.153,2.162,2.169,2.175,2.186,2.198,2.212,2.231
2005-04-22,2.133,2.092,2.093,2.098,2.104,2.121,2.143,2.152,2.162,2.17,2.18,2.192,2.204,2.219,2.236
2005-04-28,2.128,2.093,2.094,2.097,2.105,2.116,2.136,2.144,2.153,2.158,2.167,2.176,2.185,2.196,2.211
2005-05-04,2.125,2.101,2.101,2.101,2.104,2.114,2.133,2.136,2.141,2.144,2.148,2.156,2.163,2.173,2.184
2005-05-10,2.125,2.093,2.094,2.098,2.104,2.115,2.134,2.138,2.144,2.148,2.156,2.162,2.171,2.182,2.192
2005-05-16,2.126,2.092,2.094,2.098,2.105,2.116,2.135,2.141,2.146,2.151,2.16,2.167,2.176,2.186,2.2
2005-05-20,2.126,2.092,2.095,2.098,2.104,2.115,2.137,2.143,2.149,2.156,2.166,2.173,2.183,2.197,2.212
2005-05-26,2.125,2.099,2.099,2.1,2.104,2.114,2.134,2.137,2.139,2.143,2.146,2.153,2.159,2.165,2.174
2005-06-01,2.124,2.099,2.1,2.101,2.104,2.114,2.126,2.126,2.127,2.129,2.133,2.133,2.133,2.135,2.14
2005-06-07,2.116,2.094,2.095,2.096,2.104,2.108,2.117,2.117,2.116,2.117,2.117,2.117,2.118,2.119,2.121
2005-06-13,2.111,2.093,2.093,2.098,2.104,2.107,2.112,2.109,2.106,2.105,2.105,2.102,2.101,2.101,2.101
2005-06-17,2.116,2.093,2.1,2.1,2.104,2.109,2.122,2.122,2.124,2.125,2.126,2.126,2.127,2.129,2.136
2005-06-23,2.102,2.101,2.1,2.1,2.103,2.103,2.095,2.087,2.084,2.077,2.07,2.065,2.06,2.057,2.057
2005-06-29,2.104,2.101,2.1,2.1,2.104,2.104,2.102,2.102,2.098,2.092,2.091,2.086,2.085,2.085,2.085
2005-07-05,2.114,2.098,2.099,2.099,2.104,2.108,2.117,2.121,2.125,2.125,2.126,2.13,2.132,2.138,2.145
2005-07-11,2.115,2.095,2.1,2.103,2.108,2.111,2.121,2.124,2.126,2.127,2.129,2.131,2.137,2.143,2.152
2005-07-15,2.122,2.098,2.101,2.102,2.106,2.114,2.132,2.136,2.142,2.146,2.153,2.161,2.171,2.181,2.192
2005-07-21,2.123,2.101,2.101,2.102,2.106,2.114,2.132,2.136,2.143,2.146,2.151,2.157,2.165,2.175,2.185
2005-07-27,2.126,2.103,2.102,2.103,2.108,2.117,2.134,2.138,2.144,2.147,2.154,2.162,2.168,2.176,2.187
2005-08-02,2.127,2.098,2.101,2.102,2.112,2.118,2.136,2.144,2.156,2.167,2.176,2.186,2.196,2.207,2.222
2005-08-08,2.133,2.101,2.102,2.104,2.113,2.123,2.142,2.152,2.165,2.175,2.19,2.204,2.222,2.237,2.255
2005-08-12,2.134,2.101,2.103,2.104,2.114,2.124,2.143,2.155,2.166,2.175,2.188,2.199,2.212,2.224,2.24
2005-08-18,2.132,2.1,2.102,2.104,2.112,2.122,2.141,2.149,2.154,2.16,2.165,2.171,2.178,2.187,2.196
2005-08-24,2.132,2.102,2.102,2.105,2.112,2.123,2.141,2.152,2.158,2.162,2.168,2.174,2.184,2.194,2.204
2005-08-30,2.134,2.102,2.103,2.104,2.114,2.124,2.143,2.153,2.16,2.169,2.179,2.189,2.199,2.212,2.224
2005-09-05,2.131,2.103,2.103,2.104,2.112,2.122,2.138,2.139,2.14,2.142,2.143,2.145,2.147,2.149,2.154
2005-09-09,2.134,2.102,2.104,2.109,2.114,2.124,2.147,2.153,2.155,2.161,2.164,2.168,2.175,2.183,2.188
2005-09-15,2.136,2.103,2.109,2.111,2.115,2.125,2.158,2.165,2.172,2.181,2.19,2.199,2.209,2.22,2.231
2005-09-21,2.136,2.103,2.112,2.113,2.114,2.126,2.155,2.161,2.167,2.176,2.184,2.191,2.201,2.21,2.221
2005-09-27,2.144,2.122,2.114,2.114,2.119,2.132,2.164,2.173,2.184,2.195,2.208,2.221,2.236,2.249,2.266
2005-10-03,2.178,2.104,2.107,2.112,2.122,2.136,2.188,2.199,2.216,2.235,2.251,2.272,2.296,2.313,2.334
2005-10-07,2.192,2.104,2.112,2.115,2.124,2.142,2.209,2.228,2.255,2.274,2.294,2.317,2.339,2.359,2.384
2005-10-13,2.185,2.103,2.108,2.113,2.12,2.143,2.206,2.225,2.253,2.273,2.294,2.317,2.338,2.361,2.385
2005-10-19,2.188,2.1,2.108,2.111,2.12,2.138,2.217,2.243,2.273,2.297,2.32,2.346,2.37,2.39,2.416
2005-10-25,2.186,2.101,2.105,2.106,2.116,2.138,2.219,2.247,2.279,2.309,2.334,2.361,2.384,2.408,2.432
2005-10-31,2.263,2.099,2.103,2.109,2.125,2.224,2.303,2.344,2.378,2.41,2.442,2.471,2.499,2.525,2.552
2005-11-04,2.265,2.095,2.102,2.11,2.125,2.225,2.313,2.366,2.407,2.443,2.48,2.514,2.545,2.575,2.605
2005-11-10,2.324,2.098,2.106,2.122,2.171,2.289,2.375,2.438,2.48,2.516,2.555,2.591,2.624,2.653,2.683
2005-11-16,2.35,2.102,2.114,2.134,2.192,2.298,2.397,2.454,2.495,2.531,2.565,2.598,2.627,2.657,2.684
2005-11-22,2.437,2.18,2.213,2.253,2.304,2.392,2.48,2.53,2.571,2.607,2.644,2.676,2.706,2.734,2.76
2005-11-28,2.461,2.162,2.253,2.292,2.326,2.413,2.502,2.545,2.583,2.612,2.644,2.674,2.697,2.724,2.744
2005-12-02,2.452,2.343,2.35,2.36,2.399,2.415,2.492,2.529,2.556,2.584,2.614,2.637,2.663,2.684,2.704
2005-12-08,2.452,2.343,2.352,2.392,2.403,2.422,2.491,2.525,2.554,2.583,2.614,2.64,2.667,2.688,2.709
2005-12-14,2.463,2.345,2.356,2.417,2.408,2.428,2.517,2.556,2.592,2.628,2.664,2.695,2.724,2.751,2.777
2005-12-20,2.489,2.358,2.428,2.421,2.419,2.439,2.539,2.58,2.618,2.654,2.695,2.726,2.759,2.785,2.815
2005-12-26,2.495,2.472,2.438,2.428,2.428,2.444,2.55,2.593,2.636,2.675,2.715,2.751,2.784,2.815,2.843
2005-12-30,2.488,2.362,2.365,2.376,2.401,2.434,2.55,2.591,2.637,2.679,2.719,2.751,2.786,2.816,2.844
2006-01-05,2.49,2.36,2.362,2.369,2.39,2.43,2.546,2.583,2.628,2.657,2.686,2.715,2.741,2.765,2.79
2006-01-11,2.502,2.36,2.364,2.374,2.391,2.435,2.561,2.598,2.644,2.677,2.708,2.738,2.772,2.799,2.832
2006-01-17,2.508,2.354,2.361,2.369,2.386,2.435,2.56,2.601,2.638,2.67,2.697,2.727,2.755,2.776,2.805
2006-01-23,2.524,2.357,2.362,2.37,2.385,2.453,2.571,2.61,2.653,2.689,2.717,2.755,2.785,2.812,2.838
2006-01-27,2.536,2.355,2.363,2.371,2.384,2.466,2.589,2.63,2.678,2.711,2.745,2.785,2.814,2.841,2.874
2006-02-02,2.563,2.363,2.369,2.377,2.392,2.5,2.614,2.656,2.706,2.742,2.778,2.819,2.85,2.885,2.916
2006-02-08,2.575,2.364,2.371,2.38,2.397,2.508,2.616,2.657,2.705,2.741,2.775,2.816,2.846,2.876,2.906
2006-02-14,2.596,2.365,2.376,2.391,2.443,2.542,2.631,2.674,2.718,2.746,2.782,2.816,2.842,2.871,2.899
2006-02-20,2.609,2.372,2.383,2.439,2.483,2.569,2.653,2.691,2.72,2.747,2.778,2.808,2.829,2.858,2.88
2006-02-24,2.644,2.392,2.469,2.512,2.551,2.599,2.685,2.731,2.766,2.799,2.836,2.872,2.899,2.926,2.956
2006-03-02,2.674,2.543,2.58,2.598,2.615,2.637,2.719,2.764,2.795,2.834,2.872,2.909,2.941,2.966,2.995
2006-03-08,2.694,2.609,2.612,2.619,2.631,2.653,2.736,2.789,2.831,2.872,2.912,2.949,2.986,3.024,3.056
2006-03-14,2.704,2.604,2.608,2.621,2.634,2.656,2.756,2.805,2.85,2.898,2.94,2.984,3.023,3.062,3.092
2006-03-20,2.723,2.611,2.623,2.625,2.636,2.66,2.783,2.835,2.884,2.933,2.978,3.017,3.056,3.099,3.134
2006-03-24,2.741,2.63,2.631,2.633,2.638,2.679,2.799,2.85,2.904,2.954,2.994,3.033,3.075,3.106,3.135
2006-03-30,2.814,2.624,2.63,2.636,2.649,2.738,2.874,2.924,2.977,3.029,3.073,3.119,3.162,3.193,3.229
2006-04-05,2.824,2.635,2.635,2.637,2.651,2.753,2.893,2.946,3.006,3.053,3.099,3.152,3.189,3.221,3.26
2006-04-11,2.762,2.628,2.629,2.633,2.637,2.677,2.814,2.854,2.912,2.961,3.009,3.061,3.097,3.13,3.171
2006-04-19,2.77,2.624,2.628,2.632,2.643,2.681,2.821,2.86,2.922,2.964,3.016,3.067,3.108,3.144,3.185
2006-04-25,2.79,2.651,2.649,2.65,2.655,2.711,2.846,2.889,2.949,2.995,3.048,3.103,3.143,3.178,3.221
2006-05-02,2.86,2.636,2.643,2.653,2.667,2.771,2.907,2.963,3.03,3.081,3.134,3.193,3.232,3.272,3.314
2006-05-08,2.866,2.614,2.617,2.626,2.64,2.776,2.91,2.97,3.031,3.087,3.14,3.195,3.236,3.274,3.313
2006-05-12,2.885,2.623,2.626,2.638,2.653,2.814,2.944,3.016,3.079,3.134,3.192,3.243,3.28,3.324,3.364
2006-05-18,2.893,2.623,2.635,2.646,2.694,2.834,2.951,3.019,3.068,3.107,3.156,3.199,3.23,3.268,3.3
2006-05-24,2.905,2.626,2.637,2.651,2.731,2.851,2.963,3.015,3.066,3.106,3.146,3.189,3.219,3.253,3.288
2006-05-30,2.922,2.629,2.633,2.703,2.779,2.874,2.977,3.03,3.074,3.115,3.158,3.192,3.228,3.259,3.291
2006-06-05,2.957,2.596,2.706,2.776,2.827,2.913,3.024,3.08,3.123,3.169,3.216,3.254,3.293,3.324,3.357
2006-06-09,2.953,2.754,2.812,2.834,2.845,2.909,3.009,3.06,3.112,3.162,3.2,3.234,3.273,3.305,3.336
2006-06-15,2.963,2.857,2.871,2.873,2.876,2.914,3.026,3.078,3.125,3.174,3.217,3.25,3.281,3.316,3.349
2006-06-21,2.985,2.863,2.882,2.879,2.884,2.919,3.049,3.106,3.168,3.216,3.267,3.306,3.344,3.383,3.416
2006-06-27,3.041,2.891,2.88,2.883,2.901,2.952,3.12,3.177,3.24,3.3,3.35,3.397,3.443,3.48,3.52
2006-07-03,3.055,2.84,2.851,2.868,2.898,2.966,3.128,3.175,3.239,3.294,3.337,3.386,3.433,3.47,3.507
2006-07-07,3.075,2.842,2.857,2.869,2.884,2.996,3.151,3.199,3.274,3.333,3.383,3.434,3.481,3.524,3.559
2006-07-13,3.09,2.852,2.859,2.869,2.916,3.023,3.158,3.209,3.282,3.34,3.385,3.429,3.476,3.516,3.551
2006-07-19,3.114,2.852,2.861,2.876,2.942,3.045,3.173,3.225,3.297,3.345,3.389,3.437,3.476,3.515,3.555
2006-07-25,3.134,2.849,2.86,2.931,2.985,3.066,3.196,3.246,3.314,3.353,3.393,3.433,3.465,3.495,3.525
2006-07-31,3.161,2.811,2.931,2.993,3.03,3.094,3.217,3.279,3.333,3.369,3.409,3.446,3.483,3.513,3.546
2006-08-04,3.201,3.038,3.066,3.077,3.09,3.123,3.262,3.328,3.381,3.423,3.466,3.504,3.535,3.573,3.603
2006-08-10,3.215,3.092,3.093,3.094,3.104,3.141,3.273,3.343,3.394,3.427,3.471,3.502,3.531,3.564,3.588
2006-08-16,3.227,3.092,3.094,3.094,3.105,3.147,3.285,3.363,3.424,3.466,3.515,3.557,3.591,3.626,3.657
2006-08-22,3.249,3.086,3.092,3.094,3.106,3.161,3.307,3.377,3.436,3.484,3.524,3.567,3.601,3.631,3.657
2006-08-28,3.254,3.042,3.064,3.075,3.094,3.172,3.318,3.386,3.432,3.471,3.506,3.537,3.563,3.585,3.605
2006-09-01,3.267,3.071,3.077,3.085,3.096,3.203,3.343,3.411,3.46,3.502,3.539,3.568,3.594,3.616,3.636
2006-09-07,3.294,3.082,3.082,3.09,3.096,3.226,3.391,3.454,3.502,3.549,3.595,3.628,3.654,3.682,3.704
2006-09-13,3.321,3.077,3.081,3.091,3.125,3.254,3.415,3.482,3.534,3.583,3.625,3.662,3.69,3.716,3.746
2006-09-19,3.349,3.073,3.077,3.085,3.172,3.274,3.436,3.495,3.55,3.598,3.639,3.677,3.707,3.733,3.765
2006-09-25,3.374,3.058,3.059,3.146,3.205,3.302,3.444,3.491,3.532,3.566,3.6,3.619,3.638,3.657,3.671
2006-09-29,3.417,3.083,3.191,3.233,3.272,3.332,3.479,3.52,3.567,3.605,3.636,3.664,3.681,3.701,3.716
2006-10-05,3.464,3.295,3.313,3.324,3.336,3.364,3.512,3.554,3.604,3.636,3.67,3.694,3.708,3.729,3.745
2006-10-11,3.487,3.334,3.338,3.34,3.346,3.372,3.534,3.579,3.627,3.669,3.7,3.73,3.749,3.773,3.793
2006-10-17,3.503,3.334,3.341,3.341,3.349,3.396,3.555,3.596,3.643,3.676,3.708,3.734,3.756,3.781,3.796
2006-10-23,3.526,3.352,3.353,3.359,3.364,3.432,3.579,3.622,3.669,3.703,3.734,3.764,3.786,3.805,3.825
2006-10-27,3.554,3.366,3.367,3.372,3.381,3.454,3.605,3.655,3.704,3.738,3.767,3.799,3.824,3.843,3.866
2006-11-02,3.566,3.359,3.359,3.363,3.366,3.507,3.608,3.669,3.701,3.729,3.756,3.778,3.797,3.815,3.828
2006-11-08,3.577,3.351,3.352,3.356,3.365,3.515,3.627,3.686,3.733,3.766,3.796,3.822,3.844,3.861,3.878
2006-11-14,3.593,3.352,3.353,3.356,3.396,3.543,3.645,3.696,3.736,3.773,3.803,3.831,3.852,3.867,3.885
2006-11-20,3.603,3.345,3.349,3.351,3.416,3.554,3.645,3.69,3.724,3.751,3.776,3.802,3.819,3.834,3.851
2006-11-24,3.624,3.337,3.339,3.405,3.474,3.583,3.664,3.704,3.736,3.765,3.788,3.809,3.83,3.845,3.859
2006-11-30,3.636,3.336,3.433,3.508,3.574,3.612,3.676,3.712,3.742,3.768,3.793,3.814,3.831,3.846,3.859
2006-12-06,3.653,3.402,3.502,3.541,3.6,3.631,3.689,3.708,3.738,3.761,3.779,3.796,3.811,3.821,3.832
2006-12-12,3.674,3.596,3.61,3.653,3.653,3.656,3.72,3.751,3.785,3.808,3.833,3.853,3.871,3.887,3.9
2006-12-18,3.699,3.619,3.675,3.663,3.657,3.66,3.734,3.766,3.798,3.829,3.856,3.883,3.905,3.923,3.942
2006-12-22,3.716,3.749,3.691,3.676,3.671,3.673,3.757,3.79,3.831,3.865,3.895,3.925,3.951,3.971,3.991
2006-12-28,3.723,3.633,3.632,3.632,3.634,3.662,3.765,3.805,3.851,3.884,3.916,3.946,3.974,3.995,4.022
2007-01-04,3.734,3.613,3.613,3.617,3.625,3.663,3.783,3.82,3.865,3.902,3.932,3.958,3.987,4.009,4.03
2007-01-10,3.745,3.569,3.583,3.594,3.612,3.668,3.804,3.844,3.885,3.926,3.957,3.987,4.018,4.038,4.063
2007-01-16,3.746,3.593,3.601,3.604,3.614,3.655,3.792,3.834,3.883,3.924,3.958,3.989,4.014,4.035,4.062
2007-01-22,3.755,3.592,3.6,3.603,3.613,3.669,3.804,3.846,3.893,3.933,3.967,4.003,4.031,4.05,4.08
2007-01-26,3.772,3.594,3.6,3.604,3.614,3.684,3.816,3.866,3.916,3.952,3.983,4.014,4.045,4.065,4.09
2007-02-01,3.785,3.587,3.593,3.603,3.609,3.711,3.829,3.875,3.923,3.955,3.985,4.016,4.037,4.061,4.08
2007-02-07,3.786,3.567,3.582,3.594,3.607,3.725,3.831,3.877,3.92,3.95,3.977,4.003,4.025,4.047,4.065
2007-02-13,3.814,3.585,3.593,3.598,3.611,3.758,3.847,3.896,3.945,3.975,4.004,4.034,4.056,4.078,4.099
2007-02-19,3.831,3.589,3.594,3.602,3.658,3.783,3.864,3.914,3.953,3.989,4.019,4.053,4.074,4.092,4.115
2007-02-23,3.846,3.591,3.594,3.659,3.712,3.804,3.885,3.93,3.973,4.003,4.034,4.062,4.084,4.106,4.123
2007-03-01,3.856,3.583,3.672,3.732,3.771,3.833,3.895,3.932,3.96,3.984,4.006,4.028,4.045,4.064,4.077
2007-03-07,3.868,3.645,3.743,3.775,3.808,3.846,3.905,3.934,3.96,3.98,3.996,4.014,4.027,4.038,4.052
2007-03-13,3.889,3.834,3.842,3.852,3.856,3.868,3.936,3.964,4.001,4.02,4.041,4.063,4.079,4.094,4.105
2007-03-19,3.892,3.838,3.851,3.858,3.863,3.873,3.941,3.972,4.009,4.039,4.062,4.083,4.102,4.114,4.126
2007-03-23,3.904,3.859,3.859,3.859,3.863,3.874,3.945,3.981,4.014,4.04,4.062,4.078,4.098,4.11,4.124
2007-03-29,3.922,3.857,3.854,3.855,3.864,3.876,3.968,4.005,4.036,4.069,4.095,4.119,4.139,4.155,4.168
2007-04-04,3.944,3.85,3.85,3.853,3.863,3.877,3.991,4.027,4.069,4.098,4.122,4.149,4.168,4.186,4.203
2007-04-10,3.955,3.841,3.845,3.852,3.858,3.877,4.005,4.038,4.078,4.115,4.144,4.179,4.199,4.214,4.232
2007-04-16,3.975,3.837,3.846,3.848,3.856,3.886,4.025,4.056,4.101,4.133,4.168,4.203,4.23,4.255,4.271
2007-04-20,3.988,3.849,3.85,3.85,3.857,3.91,4.038,4.076,4.108,4.146,4.174,4.211,4.236,4.257,4.276
2007-04-26,4.005,3.853,3.852,3.852,3.859,3.925,4.048,4.083,4.123,4.152,4.183,4.217,4.239,4.263,4.283
2007-05-02,4.023,3.848,3.848,3.852,3.863,3.946,4.063,4.103,4.143,4.167,4.204,4.234,4.263,4.287,4.306
2007-05-08,4.043,3.837,3.851,3.853,3.864,3.982,4.076,4.115,4.157,4.186,4.22,4.256,4.278,4.303,4.323
2007-05-14,4.063,3.851,3.854,3.856,3.89,4.005,4.098,4.137,4.172,4.196,4.235,4.268,4.289,4.31,4.331
2007-05-18,4.077,3.853,3.856,3.858,3.923,4.032,4.123,4.172,4.213,4.248,4.291,4.323,4.352,4.379,4.4
2007-05-24,4.095,3.861,3.86,3.902,3.973,4.057,4.138,4.191,4.228,4.263,4.302,4.336,4.363,4.393,4.413
2007-05-30,4.113,3.853,3.868,3.943,4.007,4.075,4.162,4.212,4.245,4.285,4.324,4.355,4.384,4.414,4.439
2007-06-05,4.126,3.835,3.964,4.015,4.052,4.097,4.178,4.225,4.26,4.307,4.351,4.382,4.423,4.455,4.486
2007-06-11,4.14,4.095,4.098,4.107,4.107,4.118,4.196,4.238,4.27,4.321,4.357,4.393,4.431,4.463,4.494
2007-06-15,4.148,4.096,4.111,4.109,4.113,4.125,4.203,4.248,4.284,4.336,4.37,4.404,4.451,4.487,4.519
2007-06-21,4.159,4.122,4.107,4.106,4.115,4.128,4.214,4.254,4.301,4.345,4.385,4.423,4.459,4.503,4.534
2007-06-27,4.164,4.129,4.11,4.111,4.119,4.128,4.215,4.255,4.3,4.343,4.377,4.413,4.446,4.477,4.505
2007-07-03,4.182,4.068,4.085,4.096,4.112,4.126,4.228,4.267,4.321,4.359,4.395,4.435,4.466,4.497,4.526
2007-07-09,4.197,4.085,4.091,4.095,4.105,4.125,4.253,4.292,4.348,4.391,4.43,4.473,4.511,4.544,4.582
2007-07-13,4.214,4.091,4.092,4.096,4.105,4.128,4.271,4.303,4.364,4.407,4.441,4.488,4.525,4.558,4.594
2007-07-19,4.226,4.089,4.092,4.093,4.103,4.14,4.275,4.314,4.375,4.415,4.449,4.487,4.52,4.555,4.591
2007-07-25,4.239,4.096,4.091,4.094,4.104,4.157,4.285,4.322,4.376,4.407,4.443,4.482,4.51,4.537,4.564
2007-07-31,4.26,4.075,4.085,4.088,4.104,4.18,4.3,4.346,4.382,4.406,4.435,4.464,4.491,4.513,4.537
2007-08-06,4.309,4.092,4.099,4.102,4.112,4.231,4.339,4.375,4.411,4.432,4.456,4.479,4.504,4.528,4.551
2007-08-10,4.451,4.225,4.225,4.231,4.238,4.366,4.485,4.497,4.516,4.528,4.546,4.568,4.594,4.615,4.633
2007-08-16,4.574,4.125,4.203,4.264,4.355,4.484,4.592,4.6,4.613,4.617,4.624,4.63,4.634,4.636,4.645
2007-08-22,4.676,4.139,4.221,4.3,4.448,4.562,4.682,4.687,4.693,4.697,4.7,4.706,4.71,4.711,4.714
2007-08-28,4.717,4.11,4.196,4.287,4.414,4.566,4.72,4.72,4.722,4.724,4.73,4.734,4.736,4.742,4.745
2007-09-03,4.741,4.208,4.262,4.316,4.455,4.587,4.763,4.764,4.765,4.764,4.766,4.77,4.778,4.781,4.783
2007-09-07,4.752,4.154,4.248,4.303,4.442,4.584,4.759,4.76,4.763,4.764,4.764,4.764,4.763,4.763,4.763
2007-09-13,4.73,4.136,4.25,4.355,4.429,4.578,4.755,4.754,4.755,4.745,4.736,4.729,4.717,4.707,4.699
2007-09-19,4.723,4.193,4.261,4.344,4.422,4.555,4.737,4.736,4.73,4.713,4.709,4.701,4.693,4.691,4.689
2007-09-25,4.725,4.315,4.27,4.34,4.408,4.553,4.745,4.747,4.746,4.737,4.726,4.718,4.715,4.71,4.705
2007-10-01,4.791,4.101,4.196,4.277,4.389,4.55,4.761,4.758,4.753,4.743,4.735,4.73,4.724,4.722,4.716
2007-10-05,4.775,4.115,4.19,4.231,4.34,4.541,4.757,4.74,4.725,4.713,4.705,4.697,4.693,4.687,4.683
2007-10-11,4.732,4.036,4.096,4.17,4.257,4.456,4.713,4.7,4.693,4.687,4.684,4.686,4.684,4.685,4.687
2007-10-17,4.655,4.097,4.127,4.151,4.182,4.348,4.654,4.654,4.655,4.656,4.657,4.658,4.659,4.66,4.661
2007-10-23,4.63,4.113,4.123,4.141,4.171,4.319,4.618,4.613,4.608,4.602,4.597,4.596,4.594,4.592,4.592
2007-10-29,4.606,4.125,4.127,4.134,4.158,4.304,4.604,4.602,4.598,4.593,4.59,4.582,4.579,4.577,4.575
2007-11-02,4.591,4.103,4.112,4.124,4.146,4.579,4.602,4.605,4.606,4.606,4.606,4.607,4.606,4.607,4.608
2007-11-08,4.579,4.103,4.112,4.123,4.138,4.573,4.58,4.579,4.583,4.583,4.581,4.581,4.58,4.579,4.581
2007-11-14,4.576,4.115,4.122,4.128,4.14,4.566,4.579,4.579,4.579,4.578,4.577,4.573,4.572,4.572,4.574
2007-11-20,4.636,4.133,4.135,4.142,4.169,4.632,4.622,4.619,4.617,4.612,4.61,4.605,4.6,4.597,4.595
2007-11-26,4.713,4.145,4.153,4.161,4.185,4.714,4.698,4.692,4.686,4.671,4.664,4.651,4.643,4.634,4.629
2007-11-30,4.81,4.109,4.122,4.137,4.822,4.813,4.789,4.767,4.751,4.736,4.723,4.711,4.702,4.694,4.692
2007-12-06,4.884,4.06,4.107,4.132,4.864,4.875,4.854,4.824,4.8,4.778,4.761,4.747,4.734,4.721,4.718
2007-12-12,4.953,4.129,4.149,4.969,4.947,4.952,4.935,4.92,4.906,4.899,4.891,4.881,4.874,4.867,4.867
2007-12-18,4.876,4.061,4.452,4.518,4.634,4.858,4.854,4.845,4.837,4.834,4.83,4.828,4.828,4.826,4.827
2007-12-24,4.765,4.527,4.487,4.474,4.459,4.689,4.77,4.771,4.775,4.775,4.772,4.772,4.772,4.772,4.772
2008-01-02,4.665,4.124,4.158,4.191,4.239,4.471,4.682,4.695,4.703,4.709,4.712,4.719,4.723,4.728,4.733
2008-01-08,4.598,4.146,4.155,4.175,4.202,4.425,4.618,4.633,4.645,4.647,4.648,4.65,4.653,4.655,4.657
2008-01-14,4.558,4.139,4.159,4.184,4.203,4.375,4.568,4.583,4.587,4.592,4.593,4.594,4.594,4.593,4.595
2008-01-18,4.411,4.118,4.144,4.165,4.191,4.293,4.42,4.424,4.424,4.424,4.423,4.421,4.419,4.419,4.421
2008-01-24,4.302,4.115,4.141,4.16,4.179,4.268,4.312,4.31,4.307,4.305,4.305,4.304,4.303,4.302,4.303
2008-01-30,4.381,4.156,4.168,4.176,4.191,4.303,4.389,4.389,4.389,4.38,4.375,4.368,4.365,4.359,4.355
2008-02-05,4.372,4.145,4.158,4.168,4.184,4.284,4.375,4.374,4.371,4.367,4.361,4.355,4.352,4.345,4.344
2008-02-11,4.334,4.106,4.126,4.153,4.175,4.264,4.326,4.319,4.311,4.305,4.303,4.301,4.3,4.298,4.299
2008-02-15,4.355,4.114,4.136,4.16,4.18,4.278,4.353,4.35,4.35,4.349,4.349,4.349,4.347,4.347,4.347
2008-02-21,4.373,4.118,4.137,4.158,4.18,4.28,4.374,4.375,4.376,4.377,4.377,4.377,4.377,4.378,4.378
2008-02-27,4.386,4.128,4.14,4.161,4.185,4.289,4.388,4.389,4.39,4.39,4.39,4.39,4.39,4.389,4.39
2008-03-04,4.391,4.113,4.134,4.158,4.2,4.296,4.394,4.393,4.395,4.393,4.393,4.393,4.393,4.393,4.394
2008-03-10,4.558,4.131,4.157,4.216,4.296,4.403,4.556,4.553,4.554,4.549,4.548,4.546,4.546,4.545,4.545
2008-03-14,4.617,4.15,4.228,4.263,4.309,4.434,4.612,4.611,4.61,4.608,4.607,4.606,4.606,4.605,4.607
2008-03-20,4.674,4.279,4.285,4.301,4.353,4.476,4.674,4.675,4.675,4.675,4.674,4.673,4.674,4.674,4.675
2008-03-26,4.718,4.338,4.339,4.343,4.376,4.521,4.719,4.719,4.718,4.718,4.718,4.718,4.718,4.718,4.719
2008-04-01,4.731,4.247,4.254,4.268,4.357,4.54,4.73,4.731,4.732,4.735,4.734,4.735,4.734,4.734,4.735
2008-04-07,4.742,4.201,4.229,4.244,4.349,4.542,4.744,4.745,4.747,4.748,4.748,4.749,4.749,4.75,4.75
2008-04-11,4.747,4.227,4.26,4.314,4.365,4.553,4.75,4.75,4.751,4.751,4.752,4.754,4.755,4.755,4.756
2008-04-17,4.784,4.223,4.307,4.325,4.371,4.571,4.785,4.788,4.793,4.793,4.793,4.795,4.796,4.796,4.796
2008-04-23,4.829,4.255,4.301,4.329,4.386,4.591,4.837,4.849,4.865,4.874,4.888,4.906,4.915,4.924,4.933
2008-04-29,4.857,4.257,4.3,4.339,4.389,4.671,4.866,4.873,4.883,4.894,4.905,4.922,4.933,4.949,4.965
2008-05-06,4.857,4.26,4.297,4.341,4.386,4.679,4.864,4.871,4.88,4.891,4.902,4.914,4.925,4.941,4.956
2008-05-12,4.857,4.198,4.272,4.328,4.384,4.676,4.862,4.868,4.877,4.887,4.897,4.909,4.921,4.932,4.948
2008-05-16,4.859,4.184,4.268,4.315,4.375,4.677,4.876,4.889,4.9,4.916,4.927,4.944,4.957,4.968,4.988
2008-05-22,4.855,4.219,4.262,4.308,4.373,4.676,4.871,4.885,4.906,4.92,4.938,4.953,4.969,4.981,5
2008-05-28,4.857,4.228,4.263,4.309,4.374,4.677,4.882,4.902,4.922,4.949,4.97,4.992,5.013,5.03,5.053
2008-06-03,4.864,4.205,4.248,4.295,4.462,4.69,4.887,4.908,4.928,4.956,4.98,5.012,5.04,5.065,5.093
2008-06-09,4.961,4.173,4.225,4.461,4.475,4.75,5.005,5.066,5.12,5.182,5.24,5.293,5.337,5.382,5.429
2008-06-13,4.961,4.125,4.416,4.432,4.471,4.752,5.023,5.077,5.132,5.192,5.246,5.294,5.344,5.393,5.439
2008-06-19,4.961,4.121,4.421,4.435,4.494,4.755,5.013,5.07,5.127,5.185,5.233,5.282,5.333,5.382,5.43
2008-06-25,4.958,4.313,4.363,4.405,4.482,4.75,5.004,5.063,5.125,5.175,5.225,5.273,5.323,5.368,5.418
2008-07-01,4.955,4.13,4.243,4.325,4.448,4.739,5.003,5.061,5.145,5.184,5.224,5.273,5.323,5.365,5.418
2008-07-07,4.96,4.333,4.352,4.378,4.47,4.744,5.006,5.059,5.144,5.172,5.208,5.251,5.292,5.349,5.393
2008-07-11,4.963,4.345,4.376,4.411,4.468,4.747,5.014,5.063,5.145,5.179,5.213,5.25,5.29,5.341,5.388
2008-07-17,4.958,4.357,4.408,4.422,4.471,4.748,5.004,5.059,5.139,5.172,5.205,5.24,5.278,5.325,5.377
2008-07-23,4.963,4.398,4.418,4.445,4.482,4.751,5.014,5.075,5.161,5.198,5.238,5.28,5.322,5.378,5.432
2008-07-29,4.961,4.409,4.428,4.448,4.482,4.75,5.005,5.065,5.151,5.178,5.211,5.247,5.282,5.334,5.38
2008-08-04,4.97,4.397,4.422,4.435,4.485,4.76,5.024,5.107,5.163,5.186,5.211,5.245,5.28,5.321,5.359
2008-08-08,4.966,4.396,4.425,4.453,4.486,4.761,5.021,5.099,5.149,5.173,5.192,5.218,5.248,5.278,5.313
2008-08-14,4.964,4.392,4.435,4.456,4.485,4.758,5.028,5.104,5.157,5.176,5.194,5.217,5.247,5.276,5.307
2008-08-20,4.964,4.386,4.437,4.456,4.485,4.757,5.03,5.114,5.16,5.183,5.2,5.225,5.259,5.284,5.314
2008-08-26,4.965,4.409,4.437,4.456,4.485,4.757,5.032,5.113,5.158,5.178,5.199,5.227,5.254,5.283,5.308
2008-09-01,4.961,4.397,4.424,4.451,4.513,4.763,5.087,5.126,5.165,5.185,5.21,5.239,5.264,5.297,5.325
2008-09-05,4.96,4.402,4.424,4.448,4.515,4.764,5.09,5.132,5.171,5.19,5.215,5.242,5.271,5.293,5.322
2008-09-11,4.958,4.401,4.424,4.505,4.515,4.764,5.097,5.141,5.179,5.197,5.225,5.252,5.28,5.303,5.337
2008-09-17,4.973,4.504,4.551,4.541,4.539,4.775,5.113,5.157,5.202,5.222,5.242,5.268,5.298,5.325,5.363
2008-09-23,5.055,4.698,4.725,4.765,4.849,4.849,5.154,5.203,5.256,5.278,5.304,5.33,5.367,5.405,5.45
2008-09-29,5.237,4.716,4.794,4.853,5.006,5.079,5.251,5.288,5.315,5.326,5.351,5.378,5.396,5.436,5.477
2008-10-03,5.339,4.868,4.909,4.96,5.13,5.193,5.372,5.398,5.415,5.418,5.428,5.439,5.453,5.475,5.493
2008-10-09,5.393,4.79,4.845,4.944,5.126,5.229,5.412,5.427,5.448,5.459,5.469,5.484,5.493,5.502,5.512
2008-10-15,5.168,4.1,4.289,4.519,4.867,4.981,5.196,5.215,5.235,5.25,5.263,5.274,5.286,5.301,5.312
2008-10-21,4.968,3.925,4.091,4.238,4.651,4.787,4.994,5.01,5.03,5.046,5.06,5.075,5.086,5.097,5.112
2008-10-27,4.912,3.928,4.048,4.173,4.58,4.738,4.935,4.948,4.964,4.977,4.99,4.999,5.007,5.015,5.02
2008-10-31,4.76,3.836,3.953,4.061,4.434,4.675,4.782,4.791,4.804,4.82,4.827,4.843,4.851,4.857,4.865
2008-11-06,4.592,3.692,3.809,3.912,4.249,4.525,4.625,4.635,4.651,4.663,4.673,4.682,4.687,4.695,4.701
2008-11-12,4.286,3.297,3.406,3.538,3.914,4.226,4.321,4.336,4.345,4.36,4.371,4.381,4.391,4.401,4.412
2008-11-18,4.153,3.244,3.331,3.438,3.722,4.09,4.187,4.2,4.214,4.225,4.235,4.247,4.256,4.263,4.271
2008-11-24,3.97,3.183,3.247,3.321,3.484,3.909,4.002,4.014,4.02,4.033,4.042,4.051,4.061,4.068,4.077
2008-11-28,3.853,3.145,3.187,3.239,3.574,3.777,3.873,3.883,3.897,3.91,3.923,3.936,3.941,3.946,3.951
2008-12-04,3.669,2.868,2.94,3.001,3.335,3.577,3.686,3.696,3.71,3.726,3.74,3.755,3.763,3.769,3.777
2008-12-10,3.376,2.508,2.578,2.926,3.062,3.277,3.414,3.439,3.466,3.488,3.506,3.524,3.535,3.548,3.563
2008-12-16,3.204,2.403,2.701,2.809,2.915,3.109,3.247,3.277,3.298,3.323,3.34,3.357,3.37,3.381,3.395
2008-12-22,3.053,2.288,2.645,2.697,2.772,2.954,3.085,3.109,3.132,3.153,3.167,3.184,3.198,3.21,3.227
2008-12-30,2.928,2.419,2.488,2.54,2.634,2.819,2.956,2.974,3,3.021,3.037,3.052,3.065,3.075,3.085
2009-01-06,2.797,2.305,2.367,2.415,2.512,2.697,2.832,2.851,2.882,2.899,2.911,2.927,2.938,2.948,2.959
2009-01-12,2.653,2.186,2.235,2.288,2.377,2.551,2.677,2.695,2.716,2.729,2.741,2.754,2.764,2.773,2.782
2009-01-16,2.453,1.952,1.999,2.044,2.116,2.322,2.485,2.51,2.531,2.552,2.566,2.58,2.591,2.603,2.615
2009-01-22,2.254,1.582,1.711,1.819,1.913,2.106,2.291,2.315,2.341,2.357,2.371,2.388,2.4,2.414,2.426
2009-01-28,2.115,1.433,1.556,1.661,1.771,1.955,2.151,2.185,2.214,2.24,2.255,2.273,2.287,2.304,2.318
2009-02-03,2.064,1.418,1.523,1.619,1.723,1.894,2.099,2.128,2.153,2.171,2.19,2.202,2.217,2.233,2.246
2009-02-09,2.005,1.383,1.48,1.586,1.68,1.848,2.035,2.062,2.086,2.109,2.128,2.144,2.158,2.176,2.192
2009-02-13,1.943,1.365,1.464,1.558,1.63,1.799,1.98,2.001,2.025,2.045,2.063,2.082,2.101,2.115,2.133
2009-02-19,1.888,1.352,1.444,1.519,1.582,1.744,1.936,1.955,1.982,2.001,2.019,2.037,2.055,2.069,2.085
2009-02-25,1.848,1.345,1.426,1.497,1.553,1.702,1.891,1.913,1.951,1.972,1.985,2.004,2.025,2.036,2.054
2009-03-03,1.799,1.302,1.368,1.43,1.5,1.653,1.838,1.866,1.899,1.924,1.937,1.954,1.974,1.989,2.006
2009-03-09,1.703,1.095,1.175,1.259,1.361,1.544,1.76,1.788,1.825,1.849,1.868,1.89,1.909,1.928,1.947
2009-03-13,1.64,0.957,1.054,1.152,1.248,1.454,1.702,1.732,1.78,1.807,1.831,1.857,1.879,1.899,1.923
2009-03-19,1.584,0.931,1.026,1.106,1.19,1.394,1.646,1.681,1.734,1.756,1.781,1.807,1.828,1.852,1.877
2009-03-25,1.548,1.006,1.034,1.086,1.163,1.363,1.618,1.656,1.705,1.733,1.757,1.776,1.802,1.827,1.853
2009-03-31,1.51,0.999,1.021,1.061,1.121,1.323,1.584,1.621,1.67,1.7,1.723,1.742,1.764,1.789,1.812
2009-04-06,1.466,0.923,0.953,0.995,1.055,1.28,1.548,1.588,1.644,1.68,1.7,1.725,1.752,1.775,1.802
2009-04-14,1.423,0.865,0.895,0.947,1,1.233,1.508,1.549,1.609,1.643,1.667,1.693,1.721,1.747,1.774
2009-04-20,1.405,0.91,0.93,0.96,0.999,1.213,1.489,1.536,1.599,1.634,1.66,1.687,1.716,1.74,1.768
2009-04-24,1.4,0.922,0.935,0.96,0.999,1.209,1.475,1.525,1.593,1.63,1.657,1.68,1.712,1.739,1.764
2009-04-30,1.365,0.803,0.847,0.883,0.944,1.167,1.436,1.49,1.562,1.601,1.63,1.653,1.68,1.706,1.728
2009-05-07,1.327,0.72,0.771,0.818,0.894,1.127,1.397,1.456,1.527,1.563,1.594,1.621,1.649,1.674,1.699
2009-05-13,1.281,0.704,0.748,0.787,0.845,1.089,1.355,1.414,1.479,1.514,1.545,1.57,1.592,1.616,1.636
2009-05-19,1.237,0.697,0.74,0.774,0.816,1.052,1.31,1.372,1.434,1.471,1.503,1.529,1.549,1.571,1.595
2009-05-25,1.264,0.931,0.924,0.924,0.923,1.086,1.336,1.399,1.464,1.497,1.533,1.562,1.584,1.607,1.631
2009-05-29,1.269,0.898,0.908,0.914,0.935,1.084,1.336,1.402,1.465,1.494,1.53,1.56,1.583,1.605,1.631
2009-06-04,1.26,0.835,0.861,0.883,0.923,1.076,1.328,1.396,1.457,1.487,1.522,1.552,1.573,1.598,1.621
2009-06-10,1.283,0.918,0.931,0.948,0.965,1.097,1.355,1.429,1.488,1.522,1.561,1.591,1.618,1.643,1.672
2009-06-16,1.252,0.903,0.93,0.944,0.957,1.078,1.331,1.406,1.465,1.5,1.536,1.565,1.593,1.614,1.638
2009-06-22,1.215,0.886,0.896,0.915,0.934,1.049,1.299,1.372,1.428,1.467,1.499,1.532,1.555,1.575,1.597
2009-06-26,1.12,0.537,0.622,0.691,0.783,0.935,1.203,1.279,1.334,1.373,1.41,1.444,1.469,1.494,1.515
2009-07-02,1.072,0.45,0.535,0.624,0.728,0.883,1.155,1.224,1.291,1.33,1.367,1.404,1.432,1.462,1.486
2009-07-08,1.029,0.425,0.483,0.557,0.66,0.838,1.109,1.18,1.249,1.285,1.319,1.36,1.39,1.414,1.44
2009-07-14,0.985,0.387,0.44,0.512,0.615,0.799,1.071,1.144,1.225,1.261,1.295,1.339,1.369,1.393,1.419
2009-07-20,0.944,0.367,0.417,0.485,0.578,0.767,1.027,1.113,1.194,1.227,1.263,1.305,1.339,1.364,1.389
2009-07-24,0.921,0.366,0.403,0.458,0.553,0.74,1.006,1.087,1.17,1.205,1.246,1.295,1.331,1.355,1.378
2009-07-30,0.899,0.358,0.397,0.446,0.538,0.725,0.983,1.071,1.149,1.187,1.228,1.275,1.311,1.339,1.364
2009-08-05,0.884,0.353,0.391,0.441,0.523,0.711,0.97,1.055,1.133,1.174,1.214,1.258,1.293,1.321,1.345
2009-08-11,0.883,0.355,0.393,0.443,0.522,0.709,0.969,1.052,1.13,1.172,1.212,1.258,1.292,1.323,1.353
2009-08-17,0.861,0.347,0.385,0.434,0.512,0.696,0.951,1.031,1.114,1.152,1.196,1.239,1.275,1.307,1.335
2009-08-21,0.849,0.345,0.381,0.424,0.498,0.683,0.941,1.023,1.107,1.143,1.187,1.227,1.262,1.295,1.324
2009-08-27,0.829,0.341,0.374,0.413,0.487,0.672,0.93,1.01,1.093,1.133,1.176,1.214,1.25,1.285,1.315
2009-09-02,0.813,0.341,0.37,0.404,0.479,0.659,0.913,0.993,1.078,1.116,1.16,1.2,1.231,1.269,1.3
2009-09-08,0.788,0.337,0.365,0.402,0.464,0.637,0.896,0.973,1.055,1.097,1.137,1.176,1.212,1.244,1.274
2009-09-14,0.771,0.341,0.366,0.403,0.454,0.621,0.875,0.954,1.04,1.082,1.121,1.161,1.196,1.225,1.255
2009-09-18,0.762,0.34,0.372,0.404,0.449,0.61,0.863,0.948,1.035,1.08,1.118,1.159,1.194,1.223,1.254
2009-09-24,0.743,0.348,0.369,0.397,0.443,0.598,0.848,0.929,1.021,1.067,1.107,1.145,1.182,1.212,1.242
2009-09-30,0.753,0.35,0.368,0.394,0.438,0.592,0.842,0.924,1.016,1.064,1.102,1.144,1.181,1.209,1.236
2009-10-06,0.744,0.351,0.365,0.386,0.43,0.584,0.834,0.917,1.01,1.055,1.094,1.136,1.173,1.201,1.229
2009-10-12,0.743,0.351,0.365,0.385,0.431,0.581,0.836,0.918,1.023,1.066,1.106,1.147,1.186,1.214,1.247
2009-10-16,0.739,0.351,0.367,0.385,0.43,0.578,0.831,0.915,1.022,1.064,1.107,1.15,1.19,1.221,1.251
2009-10-22,0.733,0.351,0.364,0.382,0.428,0.574,0.829,0.913,1.021,1.065,1.106,1.15,1.188,1.221,1.253
2009-10-28,0.724,0.352,0.364,0.381,0.426,0.568,0.82,0.903,1.008,1.052,1.092,1.135,1.17,1.204,1.238
2009-11-03,0.72,0.356,0.368,0.385,0.426,0.577,0.814,0.902,1.001,1.046,1.089,1.13,1.166,1.2,1.236
2009-11-09,0.715,0.36,0.374,0.394,0.43,0.574,0.809,0.896,0.994,1.04,1.081,1.125,1.159,1.193,1.231
2009-11-13,0.714,0.362,0.378,0.395,0.432,0.575,0.806,0.893,0.989,1.031,1.076,1.119,1.151,1.187,1.224
2009-11-19,0.715,0.365,0.381,0.398,0.433,0.575,0.805,0.893,0.987,1.032,1.075,1.119,1.152,1.185,1.224
2009-11-25,0.716,0.371,0.386,0.403,0.436,0.576,0.806,0.897,0.993,1.035,1.08,1.124,1.159,1.195,1.235
2009-12-01,0.72,0.379,0.394,0.413,0.476,0.579,0.809,0.9,0.997,1.039,1.082,1.124,1.16,1.199,1.236
2009-12-07,0.717,0.383,0.394,0.413,0.481,0.577,0.806,0.898,0.998,1.039,1.083,1.125,1.165,1.205,1.245
2009-12-11,0.714,0.381,0.392,0.452,0.484,0.576,0.804,0.897,0.996,1.038,1.082,1.126,1.163,1.204,1.245
2009-12-17,0.712,0.377,0.447,0.462,0.483,0.572,0.802,0.896,0.997,1.038,1.082,1.124,1.163,1.203,1.242
2009-12-23,0.706,0.412,0.439,0.452,0.475,0.565,0.796,0.89,0.992,1.03,1.076,1.12,1.159,1.197,1.239
2009-12-30,0.7,0.389,0.407,0.425,0.459,0.558,0.795,0.888,0.993,1.034,1.078,1.125,1.166,1.206,1.247
2010-01-06,0.694,0.367,0.387,0.408,0.45,0.55,0.79,0.884,0.992,1.031,1.076,1.126,1.166,1.205,1.246
2010-01-12,0.685,0.359,0.375,0.394,0.441,0.542,0.783,0.867,0.983,1.023,1.067,1.112,1.153,1.195,1.236
2010-01-18,0.677,0.354,0.37,0.389,0.435,0.537,0.771,0.859,0.975,1.01,1.054,1.101,1.141,1.184,1.225
2010-01-22,0.67,0.348,0.362,0.38,0.429,0.528,0.764,0.851,0.966,1.002,1.049,1.094,1.134,1.179,1.222
2010-01-28,0.665,0.344,0.361,0.38,0.426,0.526,0.763,0.849,0.966,1.004,1.048,1.096,1.136,1.18,1.226
2010-02-03,0.665,0.347,0.362,0.378,0.424,0.525,0.762,0.851,0.967,1.005,1.052,1.1,1.14,1.182,1.228
2010-02-09,0.661,0.344,0.361,0.377,0.421,0.52,0.761,0.851,0.966,1.003,1.049,1.098,1.137,1.178,1.227
2010-02-15,0.661,0.343,0.362,0.378,0.421,0.522,0.761,0.85,0.963,1.001,1.049,1.1,1.134,1.175,1.224
2010-02-19,0.661,0.345,0.363,0.378,0.42,0.522,0.763,0.852,0.965,1.003,1.05,1.1,1.137,1.178,1.227
2010-02-25,0.658,0.343,0.361,0.376,0.418,0.519,0.758,0.847,0.959,0.997,1.043,1.092,1.13,1.169,1.218
2010-03-03,0.655,0.343,0.36,0.375,0.414,0.514,0.756,0.846,0.957,0.992,1.041,1.09,1.127,1.167,1.214
2010-03-09,0.652,0.343,0.358,0.375,0.411,0.512,0.755,0.846,0.956,0.993,1.041,1.091,1.13,1.17,1.216
2010-03-15,0.646,0.337,0.357,0.375,0.406,0.507,0.753,0.845,0.956,0.994,1.041,1.093,1.133,1.174,1.219
2010-03-19,0.642,0.336,0.357,0.372,0.401,0.503,0.749,0.84,0.951,0.989,1.038,1.089,1.129,1.169,1.214
2010-03-25,0.635,0.343,0.357,0.372,0.4,0.501,0.744,0.836,0.946,0.985,1.032,1.084,1.125,1.167,1.212
2010-03-31,0.634,0.34,0.357,0.37,0.397,0.5,0.742,0.835,0.944,0.985,1.031,1.085,1.126,1.167,1.212
2010-04-06,0.638,0.345,0.358,0.372,0.401,0.502,0.746,0.84,0.949,0.991,1.039,1.095,1.135,1.177,1.222
2010-04-12,0.642,0.344,0.357,0.371,0.403,0.503,0.746,0.842,0.953,0.994,1.04,1.097,1.137,1.178,1.224
2010-04-16,0.644,0.347,0.359,0.373,0.405,0.505,0.748,0.843,0.954,0.994,1.041,1.095,1.136,1.176,1.224
2010-04-22,0.644,0.347,0.358,0.373,0.404,0.504,0.748,0.843,0.955,0.994,1.042,1.093,1.134,1.174,1.223
2010-04-28,0.654,0.349,0.364,0.378,0.408,0.509,0.76,0.854,0.964,1.004,1.052,1.104,1.143,1.182,1.235
2010-05-04,0.668,0.355,0.368,0.385,0.416,0.517,0.769,0.868,0.974,1.011,1.061,1.113,1.15,1.188,1.24
2010-05-10,0.682,0.362,0.375,0.394,0.422,0.524,0.78,0.879,0.981,1.019,1.064,1.119,1.155,1.192,1.245
2010-05-14,0.684,0.361,0.373,0.392,0.423,0.526,0.779,0.878,0.979,1.018,1.064,1.118,1.154,1.193,1.242
2010-05-20,0.692,0.362,0.375,0.395,0.425,0.528,0.784,0.883,0.986,1.023,1.068,1.125,1.162,1.2,1.253
2010-05-26,0.697,0.362,0.375,0.395,0.426,0.529,0.786,0.886,0.989,1.029,1.073,1.129,1.166,1.206,1.258
2010-06-01,0.702,0.361,0.375,0.395,0.428,0.531,0.792,0.888,0.991,1.034,1.079,1.132,1.17,1.208,1.262
2010-06-07,0.711,0.365,0.377,0.397,0.433,0.538,0.8,0.895,0.998,1.039,1.085,1.137,1.175,1.215,1.268
2010-06-11,0.719,0.367,0.379,0.402,0.438,0.547,0.803,0.9,1.003,1.04,1.09,1.141,1.182,1.222,1.271
2010-06-17,0.729,0.364,0.385,0.406,0.443,0.555,0.812,0.907,1.011,1.052,1.101,1.153,1.192,1.232,1.281
2010-06-23,0.739,0.381,0.399,0.42,0.455,0.562,0.823,0.918,1.024,1.066,1.113,1.167,1.206,1.247,1.296
2010-06-29,0.761,0.415,0.43,0.447,0.479,0.581,0.839,0.935,1.039,1.081,1.124,1.176,1.217,1.257,1.306
2010-07-05,0.793,0.456,0.469,0.484,0.515,0.608,0.864,0.96,1.06,1.104,1.149,1.202,1.239,1.279,1.329
2010-07-09,0.822,0.491,0.506,0.521,0.547,0.639,0.887,0.978,1.081,1.125,1.171,1.221,1.26,1.302,1.351
2010-07-15,0.846,0.517,0.534,0.548,0.574,0.664,0.911,0.999,1.101,1.145,1.19,1.237,1.276,1.318,1.369
2010-07-21,0.881,0.576,0.592,0.606,0.628,0.704,0.948,1.035,1.13,1.179,1.216,1.271,1.306,1.348,1.398
2010-07-27,0.893,0.584,0.603,0.617,0.638,0.715,0.957,1.045,1.141,1.188,1.23,1.285,1.318,1.361,1.413
2010-08-02,0.898,0.577,0.6,0.619,0.646,0.727,0.961,1.048,1.145,1.191,1.233,1.289,1.324,1.367,1.418
2010-08-06,0.905,0.568,0.596,0.616,0.649,0.733,0.969,1.056,1.154,1.197,1.241,1.297,1.334,1.378,1.428
2010-08-12,0.899,0.555,0.585,0.607,0.647,0.731,0.967,1.055,1.154,1.196,1.241,1.295,1.334,1.376,1.423
2010-08-18,0.894,0.538,0.568,0.593,0.641,0.727,0.963,1.051,1.149,1.193,1.238,1.291,1.332,1.374,1.423
2010-08-24,0.889,0.527,0.558,0.586,0.633,0.722,0.957,1.044,1.141,1.188,1.236,1.286,1.328,1.369,1.417
2010-08-30,0.888,0.517,0.548,0.578,0.624,0.716,0.957,1.04,1.137,1.187,1.234,1.282,1.326,1.367,1.415
2010-09-03,0.883,0.511,0.543,0.573,0.62,0.711,0.958,1.04,1.134,1.188,1.233,1.283,1.325,1.367,1.414
2010-09-09,0.879,0.502,0.537,0.572,0.617,0.71,0.956,1.039,1.134,1.187,1.232,1.282,1.324,1.368,1.415
2010-09-15,0.876,0.5,0.536,0.575,0.617,0.71,0.956,1.039,1.139,1.188,1.234,1.287,1.329,1.373,1.422
2010-09-21,0.879,0.504,0.541,0.575,0.618,0.71,0.957,1.041,1.139,1.188,1.235,1.29,1.333,1.378,1.428
2010-09-27,0.879,0.515,0.546,0.577,0.618,0.712,0.956,1.039,1.138,1.185,1.231,1.285,1.328,1.373,1.422
2010-10-01,0.942,0.64,0.665,0.681,0.704,0.774,1.008,1.085,1.184,1.237,1.282,1.332,1.373,1.416,1.464
2010-10-07,0.965,0.663,0.691,0.71,0.744,0.804,1.024,1.097,1.197,1.246,1.289,1.339,1.381,1.425,1.472
2010-10-13,0.985,0.728,0.74,0.75,0.769,0.828,1.037,1.114,1.209,1.251,1.293,1.346,1.388,1.433,1.48
2010-10-19,1.008,0.758,0.767,0.776,0.792,0.851,1.057,1.134,1.231,1.275,1.318,1.367,1.408,1.449,1.499
2010-10-25,1.032,0.804,0.806,0.818,0.83,0.88,1.082,1.162,1.253,1.301,1.341,1.39,1.432,1.474,1.521
2010-10-29,1.045,0.779,0.802,0.824,0.847,0.912,1.096,1.177,1.269,1.317,1.359,1.411,1.451,1.493,1.54
2010-11-04,1.05,0.758,0.794,0.818,0.849,0.926,1.102,1.181,1.274,1.319,1.362,1.415,1.454,1.496,1.544
2010-11-10,1.048,0.805,0.817,0.833,0.852,0.932,1.1,1.181,1.274,1.318,1.36,1.415,1.455,1.497,1.546
2010-11-16,1.046,0.792,0.808,0.825,0.846,0.933,1.099,1.181,1.275,1.318,1.361,1.414,1.455,1.496,1.545
2010-11-22,1.039,0.68,0.723,0.773,0.816,0.923,1.09,1.172,1.265,1.311,1.354,1.406,1.447,1.491,1.54
2010-11-26,1.028,0.604,0.663,0.731,0.796,0.914,1.083,1.165,1.26,1.303,1.348,1.4,1.439,1.483,1.531
2010-12-02,1.027,0.641,0.687,0.745,0.815,0.916,1.082,1.163,1.258,1.301,1.344,1.397,1.437,1.482,1.528
2010-12-08,1.03,0.722,0.737,0.764,0.822,0.918,1.084,1.165,1.26,1.303,1.343,1.396,1.435,1.481,1.527
2010-12-14,1.026,0.663,0.693,0.758,0.819,0.913,1.081,1.16,1.254,1.299,1.343,1.399,1.44,1.486,1.53
2010-12-20,1.022,0.613,0.693,0.736,0.809,0.909,1.078,1.16,1.254,1.301,1.344,1.4,1.441,1.487,1.533
2010-12-24,1.014,0.666,0.702,0.738,0.803,0.901,1.069,1.151,1.243,1.291,1.334,1.389,1.431,1.476,1.521
2010-12-30,1.01,0.628,0.667,0.72,0.79,0.893,1.066,1.145,1.234,1.282,1.328,1.379,1.424,1.467,1.514
2011-01-05,0.998,0.569,0.629,0.686,0.762,0.867,1.054,1.133,1.223,1.273,1.321,1.37,1.413,1.458,1.504
2011-01-11,0.995,0.555,0.622,0.678,0.752,0.857,1.054,1.133,1.222,1.272,1.321,1.37,1.411,1.457,1.505
2011-01-17,1.009,0.666,0.688,0.712,0.771,0.874,1.074,1.157,1.249,1.301,1.349,1.401,1.445,1.492,1.544
2011-01-21,1.025,0.746,0.752,0.764,0.799,0.895,1.088,1.174,1.27,1.322,1.374,1.427,1.473,1.523,1.578
2011-01-27,1.057,0.9,0.892,0.883,0.872,0.937,1.119,1.202,1.301,1.352,1.406,1.459,1.512,1.559,1.615
2011-02-02,1.083,0.885,0.902,0.904,0.91,0.969,1.149,1.229,1.333,1.388,1.446,1.502,1.557,1.604,1.666
2011-02-08,1.079,0.855,0.875,0.886,0.903,0.969,1.148,1.232,1.336,1.394,1.455,1.513,1.57,1.619,1.683
2011-02-14,1.091,0.916,0.911,0.905,0.911,0.977,1.165,1.25,1.354,1.413,1.476,1.538,1.598,1.649,1.716
2011-02-18,1.078,0.743,0.789,0.834,0.871,0.955,1.159,1.246,1.348,1.41,1.474,1.539,1.599,1.65,1.721
2011-02-24,1.088,0.708,0.773,0.828,0.862,0.958,1.175,1.261,1.371,1.431,1.497,1.564,1.624,1.682,1.752
2011-03-02,1.095,0.698,0.779,0.831,0.865,0.958,1.185,1.276,1.381,1.444,1.513,1.584,1.644,1.706,1.775
2011-03-08,1.18,0.895,0.898,0.905,0.905,1.03,1.282,1.383,1.493,1.57,1.649,1.732,1.797,1.869,1.946
2011-03-14,1.174,0.839,0.855,0.872,0.892,1.023,1.278,1.377,1.487,1.566,1.646,1.728,1.796,1.867,1.94
2011-03-18,1.172,0.781,0.816,0.846,0.89,1.023,1.274,1.373,1.479,1.554,1.631,1.711,1.779,1.848,1.916
2011-03-24,1.197,0.804,0.821,0.859,0.912,1.045,1.294,1.394,1.506,1.583,1.663,1.744,1.813,1.883,1.953
2011-03-30,1.231,0.807,0.84,0.892,0.96,1.084,1.326,1.426,1.541,1.617,1.7,1.782,1.848,1.917,1.992
2011-04-05,1.262,0.787,0.876,0.933,1.003,1.118,1.359,1.455,1.568,1.642,1.724,1.807,1.877,1.949,2.025
2011-04-11,1.311,1.107,1.116,1.119,1.116,1.178,1.411,1.507,1.612,1.691,1.773,1.86,1.93,2.001,2.083
2011-04-15,1.332,1.151,1.154,1.15,1.161,1.206,1.433,1.53,1.631,1.71,1.787,1.878,1.95,2.022,2.104
2011-04-21,1.356,1.198,1.182,1.184,1.191,1.233,1.457,1.553,1.655,1.733,1.807,1.897,1.972,2.04,2.126
2011-04-29,1.385,1.226,1.229,1.233,1.237,1.27,1.479,1.573,1.675,1.751,1.822,1.909,1.983,2.049,2.132
2011-05-05,1.424,1.202,1.232,1.243,1.254,1.299,1.51,1.609,1.713,1.788,1.861,1.944,2.019,2.09,2.173
2011-05-11,1.42,1.196,1.21,1.227,1.245,1.287,1.502,1.593,1.701,1.767,1.839,1.924,1.994,2.057,2.141
2011-05-17,1.428,1.179,1.196,1.214,1.241,1.29,1.508,1.602,1.71,1.776,1.846,1.934,2.004,2.065,2.149
2011-05-23,1.434,1.193,1.199,1.213,1.245,1.295,1.514,1.607,1.716,1.782,1.851,1.941,2.006,2.067,2.15
2011-05-27,1.43,1.122,1.15,1.186,1.232,1.289,1.51,1.602,1.708,1.772,1.839,1.928,1.992,2.051,2.135
2011-06-02,1.435,1.026,1.093,1.162,1.224,1.298,1.515,1.614,1.714,1.779,1.842,1.93,2,2.059,2.137
2011-06-08,1.452,1.077,1.133,1.192,1.239,1.316,1.533,1.633,1.733,1.797,1.862,1.948,2.014,2.071,2.151
2011-06-14,1.477,1.261,1.262,1.266,1.274,1.354,1.552,1.645,1.741,1.799,1.865,1.946,2.005,2.063,2.137
2011-06-20,1.51,1.304,1.303,1.302,1.311,1.387,1.58,1.672,1.764,1.82,1.881,1.954,2.012,2.071,2.144
2011-06-24,1.528,1.203,1.231,1.276,1.31,1.402,1.592,1.68,1.769,1.824,1.885,1.954,2.014,2.073,2.145
2011-06-30,1.547,1.189,1.235,1.284,1.325,1.414,1.61,1.697,1.788,1.844,1.901,1.969,2.03,2.089,2.162
2011-07-06,1.569,1.14,1.244,1.296,1.342,1.433,1.637,1.721,1.814,1.866,1.927,1.996,2.055,2.114,2.189
2011-07-12,1.599,1.453,1.448,1.443,1.442,1.483,1.653,1.729,1.818,1.87,1.928,1.99,2.047,2.108,2.178
2011-07-18,1.608,1.465,1.466,1.457,1.465,1.498,1.656,1.73,1.812,1.864,1.92,1.983,2.04,2.1,2.169
2011-07-22,1.611,1.3,1.332,1.388,1.445,1.496,1.663,1.738,1.824,1.882,1.939,2.006,2.063,2.123,2.192
2011-07-28,1.61,1.251,1.306,1.377,1.436,1.496,1.665,1.739,1.824,1.876,1.934,1.998,2.055,2.118,2.183
2011-08-03,1.601,1.2,1.304,1.379,1.431,1.49,1.658,1.731,1.812,1.866,1.922,1.986,2.043,2.108,2.172
2011-08-09,1.555,1.281,1.318,1.354,1.392,1.448,1.607,1.67,1.745,1.801,1.849,1.906,1.964,2.028,2.086
2011-08-15,1.538,1.149,1.233,1.295,1.362,1.424,1.599,1.664,1.74,1.796,1.845,1.901,1.958,2.02,2.078
2011-08-19,1.533,1.118,1.206,1.271,1.344,1.416,1.591,1.654,1.73,1.79,1.838,1.891,1.945,2.006,2.066
2011-08-25,1.539,1.11,1.204,1.275,1.349,1.417,1.6,1.665,1.745,1.804,1.85,1.907,1.962,2.024,2.085
2011-08-31,1.542,1.101,1.204,1.277,1.351,1.419,1.603,1.667,1.749,1.805,1.853,1.911,1.962,2.029,2.089
2011-09-06,1.534,1.089,1.193,1.272,1.343,1.413,1.589,1.651,1.732,1.789,1.834,1.893,1.944,2.01,2.066
2011-09-12,1.527,1.096,1.194,1.275,1.34,1.409,1.583,1.643,1.723,1.78,1.826,1.882,1.933,1.996,2.051
2011-09-16,1.535,1.111,1.2,1.28,1.346,1.414,1.595,1.659,1.736,1.794,1.839,1.898,1.949,2.015,2.068
2011-09-22,1.536,1.17,1.227,1.294,1.35,1.415,1.594,1.655,1.734,1.789,1.834,1.892,1.944,2.009,2.06
2011-09-28,1.544,1.228,1.261,1.307,1.357,1.423,1.605,1.667,1.746,1.804,1.848,1.908,1.959,2.022,2.075
2011-10-04,1.557,1.184,1.239,1.296,1.354,1.426,1.612,1.678,1.756,1.814,1.86,1.918,1.967,2.033,2.083
2011-10-10,1.567,1.185,1.244,1.301,1.362,1.433,1.623,1.687,1.768,1.825,1.876,1.933,1.984,2.05,2.102
2011-10-14,1.574,1.174,1.239,1.302,1.366,1.437,1.63,1.694,1.777,1.833,1.885,1.941,1.992,2.059,2.115
2011-10-20,1.584,1.158,1.232,1.303,1.367,1.44,1.636,1.702,1.785,1.848,1.901,1.956,2.004,2.067,2.123
2011-10-26,1.588,1.147,1.225,1.297,1.364,1.44,1.639,1.703,1.785,1.846,1.898,1.952,1.999,2.062,2.117
2011-11-01,1.585,1.134,1.212,1.287,1.362,1.449,1.637,1.703,1.782,1.839,1.889,1.947,1.994,2.054,2.111
2011-11-07,1.476,0.976,1.046,1.12,1.223,1.333,1.543,1.613,1.695,1.755,1.813,1.871,1.928,1.983,2.039
2011-11-11,1.462,0.926,1.006,1.089,1.201,1.313,1.531,1.608,1.688,1.749,1.809,1.864,1.92,1.977,2.032
2011-11-17,1.46,0.906,0.996,1.084,1.2,1.311,1.528,1.605,1.69,1.747,1.809,1.861,1.915,1.968,2.024
2011-11-23,1.471,0.909,0.994,1.081,1.198,1.311,1.537,1.615,1.698,1.756,1.818,1.871,1.927,1.981,2.033
2011-11-29,1.477,0.905,0.994,1.082,1.21,1.315,1.545,1.62,1.706,1.763,1.827,1.879,1.935,1.989,2.042
2011-12-05,1.47,0.895,0.982,1.068,1.206,1.306,1.539,1.615,1.703,1.756,1.819,1.872,1.928,1.983,2.036
2011-12-09,1.437,0.831,0.92,1.05,1.169,1.275,1.506,1.584,1.675,1.73,1.793,1.846,1.904,1.955,2.012
2011-12-15,1.419,0.762,0.919,1.013,1.139,1.252,1.495,1.574,1.667,1.723,1.785,1.839,1.894,1.945,2.001
2011-12-21,1.416,0.757,0.944,1.015,1.131,1.249,1.493,1.569,1.666,1.722,1.783,1.837,1.89,1.941,1.997
2011-12-27,1.396,0.846,0.904,0.978,1.097,1.225,1.474,1.552,1.648,1.704,1.765,1.818,1.869,1.921,1.976
2012-01-02,1.343,0.652,0.738,0.845,1.005,1.165,1.425,1.507,1.606,1.667,1.727,1.782,1.833,1.885,1.937
2012-01-06,1.288,0.564,0.662,0.762,0.93,1.105,1.372,1.458,1.56,1.621,1.679,1.737,1.788,1.839,1.89
2012-01-12,1.245,0.497,0.596,0.706,0.864,1.057,1.335,1.424,1.527,1.59,1.645,1.705,1.755,1.805,1.856
2012-01-18,1.204,0.448,0.547,0.647,0.8,1.004,1.297,1.387,1.486,1.553,1.609,1.669,1.719,1.768,1.818
2012-01-24,1.158,0.422,0.514,0.61,0.752,0.957,1.256,1.348,1.451,1.515,1.574,1.632,1.683,1.732,1.784
2012-01-30,1.131,0.404,0.492,0.583,0.721,0.928,1.228,1.321,1.425,1.493,1.552,1.612,1.663,1.711,1.762
2012-02-03,1.102,0.387,0.469,0.561,0.682,0.891,1.198,1.292,1.396,1.466,1.522,1.582,1.631,1.681,1.732
2012-02-09,1.07,0.375,0.446,0.539,0.647,0.858,1.168,1.262,1.37,1.437,1.496,1.555,1.602,1.651,1.702
2012-02-15,1.045,0.372,0.432,0.523,0.62,0.83,1.144,1.236,1.345,1.412,1.473,1.527,1.574,1.622,1.675
2012-02-21,1.026,0.364,0.421,0.508,0.6,0.808,1.123,1.217,1.321,1.386,1.446,1.501,1.547,1.596,1.652
2012-02-27,0.997,0.361,0.412,0.484,0.576,0.777,1.094,1.19,1.292,1.355,1.419,1.474,1.522,1.573,1.627
2012-03-02,0.948,0.334,0.378,0.432,0.532,0.736,1.055,1.153,1.254,1.317,1.379,1.435,1.483,1.533,1.584
2012-03-08,0.902,0.319,0.354,0.402,0.495,0.693,1.012,1.111,1.213,1.28,1.339,1.393,1.441,1.492,1.544
2012-03-14,0.871,0.318,0.346,0.389,0.472,0.662,0.98,1.078,1.177,1.248,1.308,1.362,1.41,1.459,1.513
2012-03-20,0.832,0.317,0.347,0.381,0.447,0.628,0.942,1.037,1.136,1.205,1.268,1.321,1.372,1.42,1.474
2012-03-26,0.8,0.32,0.343,0.374,0.429,0.603,0.91,1.006,1.103,1.174,1.235,1.287,1.339,1.386,1.44
2012-03-30,0.777,0.316,0.338,0.368,0.419,0.583,0.886,0.983,1.078,1.152,1.212,1.262,1.313,1.363,1.416
2012-04-05,0.766,0.317,0.336,0.367,0.414,0.571,0.875,0.971,1.064,1.135,1.194,1.247,1.299,1.348,1.402
2012-04-13,0.753,0.315,0.336,0.366,0.41,0.56,0.864,0.956,1.048,1.118,1.176,1.226,1.279,1.327,1.381
2012-04-19,0.737,0.318,0.337,0.366,0.407,0.546,0.85,0.94,1.033,1.095,1.155,1.204,1.256,1.304,1.357
2012-04-25,0.724,0.319,0.337,0.365,0.404,0.534,0.836,0.928,1.018,1.078,1.136,1.186,1.236,1.285,1.335
2012-05-02,0.704,0.316,0.334,0.361,0.401,0.514,0.809,0.902,0.992,1.049,1.103,1.154,1.204,1.252,1.303
2012-05-08,0.692,0.317,0.335,0.361,0.398,0.508,0.799,0.89,0.98,1.03,1.085,1.135,1.184,1.231,1.281
2012-05-14,0.689,0.318,0.336,0.362,0.397,0.501,0.794,0.886,0.978,1.026,1.08,1.13,1.179,1.225,1.276
2012-05-18,0.684,0.318,0.335,0.362,0.394,0.497,0.786,0.878,0.972,1.021,1.073,1.121,1.17,1.216,1.265
2012-05-24,0.677,0.318,0.335,0.359,0.389,0.491,0.778,0.867,0.96,1.01,1.06,1.108,1.156,1.203,1.25
2012-05-30,0.671,0.317,0.333,0.357,0.387,0.489,0.77,0.859,0.949,1,1.049,1.097,1.145,1.194,1.237
2012-06-05,0.663,0.318,0.334,0.356,0.382,0.485,0.762,0.85,0.94,0.989,1.039,1.087,1.133,1.181,1.223
2012-06-11,0.661,0.32,0.336,0.358,0.383,0.483,0.759,0.849,0.937,0.987,1.036,1.086,1.132,1.18,1.222
2012-06-15,0.662,0.32,0.338,0.358,0.382,0.483,0.76,0.848,0.939,0.987,1.037,1.086,1.134,1.183,1.226
2012-06-21,0.655,0.325,0.338,0.356,0.378,0.479,0.752,0.841,0.929,0.978,1.027,1.077,1.123,1.171,1.214
2012-06-27,0.652,0.323,0.337,0.353,0.376,0.476,0.747,0.836,0.926,0.975,1.024,1.074,1.123,1.168,1.212
2012-07-03,0.65,0.319,0.332,0.349,0.371,0.471,0.747,0.837,0.926,0.977,1.026,1.075,1.121,1.168,1.21
2012-07-09,0.531,0.174,0.185,0.203,0.235,0.348,0.631,0.721,0.817,0.867,0.917,0.966,1.014,1.063,1.104
2012-07-13,0.486,0.127,0.141,0.16,0.194,0.307,0.582,0.672,0.767,0.823,0.871,0.921,0.967,1.01,1.054
2012-07-19,0.458,0.115,0.131,0.145,0.177,0.289,0.557,0.646,0.743,0.795,0.845,0.891,0.94,0.981,1.021
2012-07-25,0.427,0.109,0.121,0.136,0.165,0.263,0.528,0.619,0.712,0.762,0.809,0.858,0.904,0.947,0.989
2012-07-31,0.389,0.102,0.111,0.122,0.149,0.238,0.487,0.579,0.671,0.718,0.764,0.812,0.858,0.902,0.946
2012-08-06,0.374,0.096,0.107,0.117,0.139,0.228,0.472,0.564,0.658,0.705,0.748,0.796,0.841,0.886,0.927
2012-08-10,0.353,0.097,0.106,0.116,0.137,0.215,0.45,0.54,0.631,0.678,0.722,0.77,0.816,0.86,0.903
2012-08-16,0.339,0.096,0.105,0.115,0.133,0.206,0.432,0.523,0.613,0.659,0.705,0.749,0.794,0.839,0.882
2012-08-22,0.31,0.092,0.101,0.11,0.127,0.193,0.401,0.493,0.582,0.63,0.674,0.719,0.762,0.808,0.852
2012-08-28,0.29,0.092,0.099,0.107,0.122,0.182,0.374,0.469,0.553,0.604,0.65,0.693,0.736,0.78,0.825
2012-09-03,0.276,0.091,0.098,0.106,0.122,0.179,0.36,0.453,0.533,0.584,0.629,0.673,0.713,0.756,0.798
2012-09-07,0.265,0.088,0.097,0.104,0.121,0.176,0.343,0.436,0.515,0.563,0.608,0.649,0.689,0.733,0.773
2012-09-13,0.252,0.087,0.096,0.103,0.12,0.172,0.325,0.416,0.493,0.542,0.587,0.63,0.67,0.71,0.75
2012-09-19,0.238,0.085,0.093,0.101,0.118,0.169,0.309,0.4,0.472,0.521,0.564,0.607,0.648,0.688,0.728
2012-09-25,0.222,0.085,0.093,0.1,0.117,0.161,0.291,0.378,0.448,0.495,0.538,0.577,0.619,0.658,0.697
2012-10-01,0.223,0.084,0.09,0.098,0.116,0.159,0.287,0.37,0.438,0.485,0.527,0.567,0.609,0.647,0.685
2012-10-05,0.215,0.081,0.089,0.096,0.112,0.155,0.279,0.357,0.425,0.47,0.513,0.551,0.592,0.631,0.67
2012-10-11,0.21,0.081,0.089,0.095,0.111,0.154,0.273,0.35,0.416,0.459,0.501,0.538,0.578,0.616,0.655
2012-10-17,0.207,0.08,0.088,0.095,0.111,0.152,0.272,0.347,0.409,0.45,0.494,0.529,0.571,0.609,0.648
2012-10-23,0.203,0.08,0.087,0.094,0.11,0.15,0.269,0.341,0.402,0.444,0.485,0.521,0.563,0.6,0.638
2012-10-29,0.196,0.079,0.087,0.094,0.11,0.148,0.261,0.332,0.394,0.434,0.475,0.512,0.554,0.586,0.624
2012-11-02,0.197,0.079,0.086,0.093,0.11,0.148,0.256,0.323,0.385,0.425,0.467,0.503,0.543,0.574,0.611
2012-11-08,0.194,0.079,0.085,0.092,0.109,0.144,0.247,0.311,0.37,0.411,0.451,0.485,0.526,0.557,0.592
2012-11-14,0.191,0.078,0.084,0.092,0.108,0.144,0.242,0.301,0.358,0.4,0.44,0.474,0.517,0.548,0.585
2012-11-20,0.19,0.078,0.085,0.092,0.107,0.144,0.241,0.298,0.352,0.394,0.433,0.467,0.511,0.544,0.582
2012-11-26,0.189,0.077,0.084,0.091,0.107,0.143,0.239,0.295,0.349,0.391,0.43,0.461,0.505,0.543,0.58
2012-11-30,0.191,0.077,0.084,0.09,0.113,0.148,0.237,0.292,0.344,0.385,0.424,0.456,0.5,0.536,0.574
2012-12-06,0.19,0.076,0.083,0.091,0.112,0.148,0.233,0.29,0.339,0.379,0.419,0.452,0.494,0.531,0.57
2012-12-12,0.183,0.077,0.082,0.097,0.11,0.147,0.224,0.274,0.318,0.358,0.397,0.428,0.468,0.505,0.54
2012-12-18,0.184,0.077,0.091,0.098,0.11,0.147,0.225,0.274,0.318,0.359,0.397,0.429,0.469,0.507,0.54
2012-12-24,0.186,0.09,0.092,0.099,0.11,0.148,0.227,0.275,0.319,0.359,0.398,0.43,0.47,0.508,0.544
2012-12-28,0.186,0.082,0.088,0.096,0.109,0.148,0.228,0.278,0.32,0.36,0.399,0.432,0.473,0.509,0.543
2013-01-04,0.191,0.08,0.088,0.096,0.11,0.154,0.234,0.283,0.324,0.364,0.404,0.438,0.478,0.516,0.549
2013-01-10,0.19,0.08,0.088,0.098,0.11,0.155,0.234,0.283,0.325,0.364,0.404,0.437,0.478,0.517,0.55
2013-01-16,0.201,0.08,0.088,0.098,0.111,0.162,0.25,0.297,0.34,0.382,0.42,0.458,0.497,0.536,0.57
2013-01-22,0.209,0.08,0.089,0.099,0.112,0.166,0.26,0.311,0.353,0.396,0.435,0.473,0.512,0.552,0.586
2013-01-28,0.224,0.082,0.09,0.1,0.117,0.174,0.276,0.326,0.37,0.414,0.456,0.493,0.535,0.574,0.609
2013-02-01,0.234,0.084,0.094,0.104,0.122,0.181,0.286,0.335,0.38,0.421,0.464,0.504,0.548,0.586,0.622
2013-02-07,0.232,0.083,0.092,0.103,0.122,0.178,0.283,0.333,0.378,0.418,0.46,0.501,0.544,0.583,0.617
2013-02-13,0.226,0.081,0.091,0.101,0.121,0.176,0.276,0.325,0.369,0.406,0.449,0.489,0.528,0.567,0.602
2013-02-19,0.221,0.08,0.09,0.1,0.12,0.173,0.267,0.314,0.357,0.396,0.436,0.476,0.514,0.551,0.586
2013-02-25,0.213,0.081,0.09,0.1,0.117,0.17,0.26,0.301,0.343,0.381,0.421,0.461,0.498,0.537,0.571
2013-03-01,0.206,0.08,0.089,0.099,0.117,0.166,0.247,0.289,0.328,0.365,0.404,0.441,0.478,0.515,0.549
2013-03-07,0.2,0.079,0.088,0.101,0.118,0.162,0.239,0.281,0.321,0.358,0.397,0.43,0.47,0.505,0.538
2013-03-13,0.203,0.079,0.09,0.101,0.118,0.163,0.241,0.284,0.325,0.361,0.4,0.436,0.474,0.51,0.542
2013-03-19,0.207,0.08,0.091,0.101,0.118,0.167,0.243,0.286,0.33,0.364,0.402,0.44,0.475,0.512,0.545
2013-03-25,0.214,0.088,0.092,0.102,0.119,0.172,0.251,0.294,0.336,0.372,0.408,0.444,0.48,0.516,0.549
2013-03-29,0.211,0.083,0.091,0.1,0.117,0.17,0.251,0.291,0.335,0.37,0.407,0.44,0.478,0.513,0.547
2013-04-05,0.21,0.083,0.092,0.102,0.118,0.17,0.248,0.287,0.326,0.362,0.397,0.431,0.465,0.501,0.534
2013-04-11,0.211,0.084,0.093,0.103,0.119,0.171,0.251,0.291,0.329,0.363,0.398,0.434,0.468,0.504,0.536
2013-04-17,0.21,0.083,0.092,0.102,0.118,0.17,0.249,0.288,0.325,0.361,0.392,0.43,0.463,0.498,0.531
2013-04-23,0.207,0.083,0.092,0.101,0.118,0.168,0.247,0.287,0.32,0.356,0.385,0.42,0.454,0.489,0.52
2013-04-29,0.207,0.083,0.091,0.1,0.117,0.166,0.242,0.282,0.317,0.347,0.378,0.413,0.445,0.48,0.513
2013-05-03,0.201,0.083,0.092,0.1,0.113,0.159,0.236,0.272,0.302,0.333,0.363,0.398,0.428,0.463,0.493
2013-05-09,0.203,0.083,0.092,0.101,0.112,0.16,0.237,0.272,0.302,0.331,0.361,0.397,0.427,0.458,0.488
2013-05-15,0.203,0.083,0.092,0.102,0.112,0.162,0.238,0.272,0.303,0.333,0.363,0.4,0.429,0.461,0.491
2013-05-21,0.198,0.082,0.092,0.101,0.112,0.159,0.231,0.263,0.293,0.323,0.352,0.387,0.417,0.445,0.475
2013-05-27,0.201,0.084,0.092,0.102,0.112,0.16,0.232,0.263,0.295,0.327,0.354,0.389,0.418,0.444,0.474
2013-05-31,0.2,0.087,0.093,0.102,0.113,0.16,0.232,0.263,0.298,0.328,0.357,0.39,0.42,0.447,0.478
2013-06-06,0.2,0.088,0.093,0.105,0.114,0.16,0.233,0.266,0.3,0.33,0.36,0.392,0.421,0.45,0.48
2013-06-12,0.208,0.09,0.096,0.111,0.12,0.165,0.245,0.28,0.319,0.35,0.379,0.413,0.443,0.474,0.504
2013-06-18,0.21,0.089,0.103,0.112,0.122,0.169,0.247,0.282,0.32,0.35,0.38,0.413,0.443,0.474,0.503
2013-06-24,0.221,0.104,0.109,0.116,0.128,0.177,0.261,0.298,0.341,0.375,0.405,0.442,0.473,0.507,0.535
2013-06-28,0.218,0.094,0.102,0.112,0.123,0.176,0.257,0.293,0.335,0.37,0.4,0.435,0.463,0.495,0.527
2013-07-04,0.222,0.094,0.103,0.112,0.123,0.18,0.262,0.3,0.342,0.375,0.407,0.443,0.471,0.503,0.534
2013-07-10,0.217,0.095,0.104,0.112,0.123,0.173,0.253,0.288,0.33,0.362,0.393,0.423,0.453,0.481,0.512
2013-07-16,0.219,0.097,0.104,0.113,0.123,0.174,0.257,0.29,0.332,0.367,0.4,0.43,0.462,0.492,0.522
2013-07-22,0.221,0.1,0.107,0.115,0.125,0.176,0.26,0.292,0.334,0.368,0.4,0.43,0.46,0.489,0.52
2013-07-26,0.226,0.109,0.114,0.122,0.132,0.18,0.265,0.298,0.343,0.377,0.41,0.441,0.473,0.503,0.535
2013-08-01,0.228,0.106,0.111,0.119,0.13,0.181,0.264,0.297,0.34,0.373,0.405,0.441,0.47,0.499,0.531
2013-08-07,0.227,0.102,0.109,0.117,0.128,0.18,0.263,0.299,0.341,0.375,0.408,0.443,0.472,0.501,0.536
2013-08-13,0.225,0.101,0.109,0.118,0.128,0.177,0.261,0.298,0.34,0.372,0.407,0.443,0.473,0.501,0.537
2013-08-19,0.226,0.101,0.11,0.118,0.127,0.176,0.261,0.298,0.342,0.377,0.41,0.45,0.48,0.511,0.545
2013-08-23,0.225,0.105,0.11,0.117,0.127,0.175,0.26,0.298,0.344,0.378,0.413,0.454,0.487,0.519,0.552
2013-08-29,0.225,0.1,0.107,0.115,0.128,0.175,0.259,0.297,0.345,0.377,0.412,0.452,0.486,0.517,0.547
2013-09-04,0.225,0.097,0.106,0.114,0.129,0.176,0.258,0.297,0.343,0.377,0.412,0.453,0.487,0.519,0.549
2013-09-10,0.225,0.098,0.106,0.115,0.129,0.175,0.258,0.297,0.343,0.376,0.412,0.452,0.488,0.519,0.549
2013-09-16,0.223,0.096,0.105,0.114,0.128,0.173,0.256,0.296,0.338,0.374,0.409,0.447,0.482,0.513,0.542
2013-09-20,0.221,0.099,0.105,0.114,0.128,0.174,0.255,0.294,0.335,0.37,0.406,0.444,0.476,0.507,0.536
2013-09-26,0.221,0.102,0.108,0.115,0.129,0.174,0.257,0.295,0.337,0.369,0.407,0.445,0.477,0.507,0.537
2013-10-02,0.225,0.098,0.107,0.115,0.128,0.172,0.257,0.296,0.337,0.37,0.406,0.445,0.475,0.506,0.536
2013-10-08,0.227,0.098,0.106,0.115,0.128,0.171,0.26,0.299,0.34,0.374,0.411,0.448,0.48,0.51,0.539
2013-10-14,0.227,0.098,0.106,0.114,0.127,0.17,0.261,0.3,0.341,0.374,0.411,0.45,0.481,0.512,0.541
2013-10-18,0.224,0.098,0.107,0.113,0.128,0.17,0.259,0.298,0.339,0.37,0.408,0.446,0.477,0.509,0.537
2013-10-24,0.225,0.101,0.108,0.116,0.129,0.171,0.261,0.301,0.343,0.375,0.412,0.451,0.483,0.513,0.542
2013-10-30,0.228,0.102,0.109,0.117,0.129,0.178,0.265,0.306,0.349,0.38,0.417,0.458,0.489,0.518,0.548
2013-11-05,0.227,0.102,0.11,,0.129,0.179,,,0.341,,,0.446,,,0.534
2013-11-11,0.218,0.098,0.102,,0.122,0.173,,,0.322,,,0.417,,,0.502
2013-11-15,0.218,0.097,0.106,,0.123,0.171,,,0.318,,,0.415,,,0.496
2013-11-21,0.217,0.108,0.111,,0.126,0.171,,,0.316,,,0.409,,,0.489
2013-11-27,0.23,0.137,0.135,,0.147,0.19,,,0.327,,,0.418,,,0.497
2013-12-03,0.239,0.127,0.133,,0.175,0.202,,,0.332,,,0.423,,,0.503
2013-12-09,0.255,0.14,0.15,,0.2,0.221,,,0.353,,,0.448,,,0.527
2013-12-13,0.282,0.157,0.168,,0.225,0.25,,,0.38,,,0.477,,,0.556
2013-12-19,0.293,0.181,0.232,,0.236,0.265,,,0.387,,,0.481,,,0.558
2013-12-27,0.293,0.254,0.233,,0.234,0.268,,,0.392,,,0.485,,,0.562
2014-01-03,0.28,0.177,0.188,,0.208,0.247,,,0.381,,,0.474,,,0.551
2014-01-09,0.282,0.173,0.185,,0.205,0.245,,,0.388,,,0.481,,,0.557
2014-01-15,0.29,0.184,0.193,,0.216,0.255,,,0.397,,,0.489,,,0.565
2014-01-21,0.302,0.222,0.231,,0.242,0.271,,,0.409,,,0.5,,,0.571
2014-01-27,0.3,0.21,0.222,,0.239,0.269,,,0.404,,,0.493,,,0.569
2014-01-31,0.296,0.188,0.202,,0.23,0.262,,,0.396,,,0.483,,,0.559
2014-02-06,0.286,0.186,0.196,,0.221,0.251,,,0.385,,,0.468,,,0.547
2014-02-12,0.291,0.198,0.206,,0.23,0.257,,,0.39,,,0.475,,,0.552
2014-02-18,0.288,0.19,0.201,,0.224,0.251,,,0.386,,,0.468,,,0.547
2014-02-24,0.288,0.191,0.199,,0.221,0.252,,,0.384,,,0.466,,,0.549
2014-02-28,0.286,0.184,0.194,,0.218,0.25,,,0.384,,,0.467,,,0.549
2014-03-06,0.287,0.181,0.193,,0.216,0.249,,,0.384,,,0.468,,,0.551
2014-03-12,0.304,0.195,0.208,,0.233,0.268,,,0.405,,,0.49,,,0.574
2014-03-18,0.309,0.194,0.208,,0.234,0.271,,,0.41,,,0.497,,,0.582
2014-03-24,0.32,0.209,0.213,,0.242,0.281,,,0.425,,,0.513,,,0.6
2014-03-28,0.31,0.199,0.206,,0.233,0.276,,,0.414,,,0.498,,,0.585
2014-04-03,0.319,0.204,0.215,,0.24,0.281,,,0.423,,,0.508,,,0.6
2014-04-09,0.327,0.215,0.226,,0.251,0.289,,,0.427,,,0.509,,,0.599
2014-04-15,0.327,0.225,0.232,,0.251,0.289,,,0.426,,,0.508,,,0.598
2014-04-23,0.332,0.227,0.231,,0.253,0.293,,,0.432,,,0.516,,,0.606
2014-04-29,0.347,0.253,0.255,,0.269,0.308,,,0.444,,,0.529,,,0.621
2014-05-06,0.337,0.219,0.231,,0.257,0.297,,,0.438,,,0.524,,,0.613
2014-05-12,0.335,0.241,0.247,,0.267,0.3,,,0.43,,,0.516,,,0.607
2014-05-16,0.318,0.23,0.242,,0.257,0.286,,,0.41,,,0.497,,,0.586
2014-05-22,0.318,0.266,0.262,,0.262,0.288,,,0.407,,,0.496,,,0.583
2014-05-28,0.314,0.263,0.257,,0.255,0.284,,,0.399,,,0.484,,,0.574
2014-06-03,0.307,0.242,0.239,,0.248,0.278,,,0.391,,,0.476,,,0.567
2014-06-09,0.264,0.155,0.162,,0.192,0.227,,,0.354,,,0.438,,,0.529
2014-06-13,0.234,0.079,0.099,,0.14,0.186,,,0.326,,,0.413,,,0.507
2014-06-19,0.212,0.046,0.069,,0.109,0.161,,,0.306,,,0.396,,,0.489
2014-06-25,0.208,0.066,0.071,,0.103,0.157,,,0.306,,,0.394,,,0.487
2014-07-01,0.206,0.051,0.061,,0.098,0.156,,,0.302,,,0.395,,,0.488
2014-07-07,0.203,0.049,0.059,,0.097,0.153,,,0.303,,,0.392,,,0.486
2014-07-11,0.203,0.048,0.058,,0.093,0.154,,,0.305,,,0.394,,,0.487
2014-07-17,0.201,0.046,0.057,,0.091,0.152,,,0.303,,,0.392,,,0.486
2014-07-23,0.208,0.059,0.066,,0.098,0.158,,,0.308,,,0.399,,,0.489
2014-07-29,0.209,0.061,0.068,,0.099,0.159,,,0.306,,,0.399,,,0.489
2014-08-04,0.208,0.044,0.056,,0.096,0.156,,,0.307,,,0.399,,,0.488
2014-08-08,0.203,0.04,0.049,,0.094,0.152,,,0.302,,,0.393,,,0.482
2014-08-14,0.198,0.037,0.051,,0.089,0.149,,,0.298,,,0.389,,,0.478
2014-08-20,0.187,0.035,0.047,,0.084,0.139,,,0.289,,,0.377,,,0.466
2014-08-26,0.171,0.047,0.047,,0.071,0.125,,,0.271,,,0.354,,,0.443
2014-09-01,0.159,0.031,0.038,,0.066,0.114,,,0.259,,,0.341,,,0.428
2014-09-05,0.104,-0.009,-0.006,,0.019,0.063,,,0.203,,,0.286,,,0.374
2014-09-11,0.084,-0.021,-0.019,,0.007,0.047,,,0.188,,,0.264,,,0.352
2014-09-17,0.082,-0.023,-0.013,,0.006,0.046,,,0.188,,,0.261,,,0.347
2014-09-23,0.082,-0.014,-0.012,,0.005,0.042,,,0.185,,,0.257,,,0.343
2014-09-29,0.083,-0.009,-0.009,,0.007,0.043,,,0.184,,,0.253,,,0.339
2014-10-03,0.081,-0.017,-0.014,,0.007,0.042,,,0.181,,,0.252,,,0.335
2014-10-09,0.079,-0.02,-0.014,,0.006,0.042,,,0.179,,,0.251,,,0.332
2014-10-15,0.081,-0.021,-0.013,,0.006,0.044,,,0.181,,,0.254,,,0.338
2014-10-21,0.082,-0.018,-0.008,,0.008,0.046,,,0.186,,,0.258,,,0.339
2014-10-27,0.088,0.014,0.009,,0.012,0.05,,,0.189,,,0.262,,,0.341
2014-10-31,0.086,-0.011,-0.005,,0.01,0.051,,,0.189,,,0.264,,,0.34
2014-11-06,0.081,-0.016,-0.008,,0.009,0.045,,,0.182,,,0.257,,,0.337
2014-11-12,0.079,-0.018,-0.008,,0.009,0.044,,,0.181,,,0.256,,,0.336
2014-11-18,0.081,-0.019,-0.005,,0.009,0.042,,,0.181,,,0.256,,,0.334
2014-11-24,0.081,0.005,0,,0.009,0.043,,,0.182,,,0.256,,,0.332
2014-11-28,0.082,0.001,0.001,,0.02,0.044,,,0.18,,,0.257,,,0.331
2014-12-04,0.082,-0.012,-0.008,,0.022,0.045,,,0.177,,,0.252,,,0.328
2014-12-10,0.083,-0.012,-0.008,,0.022,0.046,,,0.179,,,0.254,,,0.328
2014-12-16,0.082,-0.018,0.021,,0.025,0.049,,,0.179,,,0.255,,,0.329
2014-12-22,0.081,-0.019,0.031,,0.026,0.049,,,0.176,,,0.252,,,0.329
2014-12-30,0.078,-0.005,0.005,,0.019,0.045,,,0.171,,,0.247,,,0.327
2015-01-06,0.073,-0.028,-0.018,,0.015,0.04,,,0.168,,,0.24,,,0.319
2015-01-12,0.071,-0.042,-0.032,,0.009,0.039,,,0.167,,,0.238,,,0.317
2015-01-16,0.06,-0.051,-0.033,,0.002,0.031,,,0.152,,,0.224,,,0.299
2015-01-22,0.055,-0.035,-0.025,,-0.001,0.023,,,0.141,,,0.212,,,0.282
2015-01-28,0.053,-0.014,-0.011,,0.001,0.025,,,0.135,,,0.204,,,0.273
2015-02-03,0.055,-0.025,-0.021,,0.001,0.024,,,0.132,,,0.199,,,0.266
2015-02-09,0.051,-0.031,-0.024,,-0.001,0.022,,,0.131,,,0.195,,,0.261
2015-02-13,0.048,-0.034,-0.019,,0.002,0.021,,,0.127,,,0.188,,,0.259
2015-02-19,0.048,-0.017,-0.016,,0,0.021,,,0.125,,,0.181,,,0.252
2015-02-25,0.042,-0.006,-0.009,,0.001,0.019,,,0.118,,,0.169,,,0.241
2015-03-03,0.038,-0.035,-0.029,,-0.006,0.018,,,0.109,,,0.159,,,0.228
2015-03-09,0.035,-0.042,-0.033,,-0.008,0.014,,,0.105,,,0.155,,,0.222
2015-03-13,0.025,-0.049,-0.046,,-0.01,0.007,,,0.096,,,0.144,,,0.214
2015-03-19,0.024,-0.052,-0.034,,-0.011,0.008,,,0.094,,,0.141,,,0.209
2015-03-25,0.021,-0.037,-0.033,,-0.012,0.007,,,0.088,,,0.138,,,0.201
2015-03-31,0.019,-0.051,-0.044,,-0.015,0.004,,,0.087,,,0.138,,,0.198
2015-04-08,0.014,-0.064,-0.056,,-0.021,-0.003,,,0.081,,,0.131,,,0.191
2015-04-14,0.008,-0.081,-0.07,,-0.025,-0.007,,,0.076,,,0.124,,,0.183
2015-04-20,0.001,-0.091,-0.069,,-0.032,-0.016,,,0.069,,,0.118,,,0.176
2015-04-24,-0.001,-0.082,-0.072,,-0.034,-0.016,,,0.066,,,0.115,,,0.172
2015-04-30,-0.005,-0.093,-0.081,,-0.04,-0.022,,,0.064,,,0.111,,,0.171
2015-05-07,-0.009,-0.105,-0.091,,-0.043,-0.024,,,0.061,,,0.107,,,0.169
2015-05-13,-0.009,-0.111,-0.097,,-0.048,-0.028,,,0.06,,,0.108,,,0.169
2015-05-19,-0.012,-0.119,-0.098,,-0.052,-0.031,,,0.057,,,0.103,,,0.164
2015-05-25,-0.012,-0.11,-0.1,,-0.053,-0.031,,,0.054,,,0.102,,,0.163
2015-05-29,-0.012,-0.122,-0.109,,-0.059,-0.032,,,0.049,,,0.099,,,0.16
2015-06-04,-0.013,-0.124,-0.109,,-0.062,-0.034,,,0.049,,,0.099,,,0.162
2015-06-10,-0.014,-0.125,-0.111,,-0.063,-0.034,,,0.049,,,0.101,,,0.166
2015-06-16,-0.014,-0.13,-0.109,,-0.064,-0.038,,,0.051,,,0.102,,,0.166
2015-06-22,-0.014,-0.119,-0.106,,-0.065,-0.039,,,0.048,,,0.099,,,0.164
2015-06-26,-0.015,-0.118,-0.111,,-0.066,-0.038,,,0.05,,,0.1,,,0.162
2015-07-02,-0.015,-0.124,-0.113,,-0.066,-0.039,,,0.048,,,0.099,,,0.163
2015-07-08,-0.018,-0.131,-0.118,,-0.071,-0.038,,,0.049,,,0.101,,,0.164
2015-07-14,-0.019,-0.131,-0.118,,-0.071,-0.039,,,0.049,,,0.101,,,0.168
2015-07-20,-0.019,-0.134,-0.116,,-0.073,-0.038,,,0.049,,,0.101,,,0.171
2015-07-24,-0.019,-0.129,-0.116,,-0.074,-0.042,,,0.048,,,0.101,,,0.17
2015-07-30,-0.023,-0.131,-0.122,,-0.074,-0.043,,,0.048,,,0.098,,,0.169
2015-08-05,-0.024,-0.134,-0.126,,-0.079,-0.049,,,0.048,,,0.098,,,0.163
2015-08-11,-0.024,-0.139,-0.13,,-0.082,-0.05,,,0.046,,,0.098,,,0.162
2015-08-17,-0.027,-0.142,-0.13,,-0.088,-0.052,,,0.044,,,0.096,,,0.161
2015-08-21,-0.031,-0.142,-0.13,,-0.092,-0.054,,,0.042,,,0.091,,,0.16
2015-08-27,-0.033,-0.141,-0.134,,-0.099,-0.059,,,0.039,,,0.091,,,0.16
2015-09-02,-0.033,-0.143,-0.139,,-0.102,-0.061,,,0.039,,,0.09,,,0.16
2015-09-08,-0.035,-0.149,-0.141,,-0.104,-0.063,,,0.038,,,0.088,,,0.158
2015-09-14,-0.038,-0.148,-0.142,,-0.104,-0.063,,,0.037,,,0.088,,,0.157
2015-09-18,-0.037,-0.148,-0.139,,-0.102,-0.064,,,0.036,,,0.088,,,0.154
2015-09-24,-0.04,-0.141,-0.141,,-0.109,-0.069,,,0.032,,,0.081,,,0.148
2015-09-30,-0.04,-0.145,-0.143,,-0.113,-0.07,,,0.029,,,0.078,,,0.142
2015-10-06,-0.046,-0.149,-0.144,,-0.112,-0.072,,,0.027,,,0.073,,,0.139
2015-10-12,-0.049,-0.149,-0.144,,-0.113,-0.073,,,0.027,,,0.071,,,0.139
2015-10-16,-0.051,-0.149,-0.144,,-0.116,-0.076,,,0.021,,,0.066,,,0.129
2015-10-22,-0.053,-0.148,-0.145,,-0.118,-0.078,,,0.019,,,0.064,,,0.129
2015-10-28,-0.067,-0.146,-0.146,,-0.119,-0.085,,,0.006,,,0.044,,,0.104
2015-11-03,-0.069,-0.15,-0.148,,-0.121,-0.086,,,0.003,,,0.044,,,0.106
2015-11-09,-0.073,-0.151,-0.15,,-0.125,-0.091,,,0.001,,,0.042,,,0.101
2015-11-13,-0.083,-0.155,-0.153,,-0.137,-0.103,,,-0.011,,,0.028,,,0.082
2015-11-19,-0.092,-0.158,-0.153,,-0.149,-0.108,,,-0.019,,,0.021,,,0.074
2015-11-25,-0.104,-0.161,-0.159,,-0.156,-0.119,,,-0.031,,,0.008,,,0.06
2015-12-01,-0.116,-0.171,-0.174,,-0.161,-0.133,,,-0.045,,,-0.006,,,0.045
2015-12-07,-0.113,-0.206,-0.205,,-0.175,-0.14,,,-0.031,,,0.014,,,0.066
2015-12-11,-0.128,-0.239,-0.23,,-0.189,-0.153,,,-0.038,,,0.009,,,0.063
2015-12-17,-0.133,-0.249,-0.229,,-0.198,-0.159,,,-0.041,,,0.003,,,0.059
2015-12-23,-0.131,-0.232,-0.225,,-0.201,-0.162,,,-0.041,,,0.004,,,0.061
2015-12-30,-0.132,-0.246,-0.235,,-0.206,-0.165,,,-0.041,,,0.003,,,0.059
2016-01-06,-0.136,-0.256,-0.248,,-0.214,-0.174,,,-0.044,,,0.001,,,0.056
2016-01-12,-0.144,-0.261,-0.252,,-0.22,-0.179,,,-0.053,,,-0.006,,,0.048
2016-01-18,-0.142,-0.262,-0.252,,-0.222,-0.181,,,-0.054,,,-0.009,,,0.049
2016-01-22,-0.152,-0.263,-0.254,,-0.231,-0.191,,,-0.074,,,-0.024,,,0.032
2016-01-28,-0.16,-0.262,-0.251,,-0.229,-0.192,,,-0.083,,,-0.034,,,0.022
2016-02-03,-0.162,-0.262,-0.254,,-0.232,-0.2,,,-0.096,,,-0.047,,,0.008
2016-02-09,-0.171,-0.265,-0.258,,-0.237,-0.211,,,-0.109,,,-0.058,,,-0.004
2016-02-15,-0.183,-0.267,-0.256,,-0.241,-0.221,,,-0.116,,,-0.063,,,-0.008
2016-02-19,-0.198,-0.268,-0.258,,-0.255,-0.231,,,-0.125,,,-0.072,,,-0.017
2016-02-25,-0.201,-0.265,-0.258,,-0.262,-0.232,,,-0.128,,,-0.072,,,-0.015
2016-03-02,-0.208,-0.269,-0.266,,-0.273,-0.241,,,-0.134,,,-0.08,,,-0.024
2016-03-08,-0.221,-0.272,-0.284,,-0.287,-0.251,,,-0.138,,,-0.08,,,-0.025
2016-03-14,-0.226,-0.324,-0.322,,-0.311,-0.265,,,-0.131,,,-0.069,,,-0.008
2016-03-18,-0.235,-0.344,-0.339,,-0.324,-0.275,,,-0.131,,,-0.069,,,-0.003
2016-03-24,-0.242,-0.349,-0.343,,-0.331,-0.277,,,-0.134,,,-0.072,,,-0.005
2016-04-01,-0.245,-0.356,-0.348,,-0.335,-0.279,,,-0.131,,,-0.068,,,-0.002
2016-04-07,-0.247,-0.359,-0.352,,-0.339,-0.287,,,-0.134,,,-0.071,,,-0.007
2016-04-13,-0.249,-0.36,-0.352,,-0.342,-0.288,,,-0.138,,,-0.074,,,-0.013
2016-04-19,-0.25,-0.36,-0.352,,-0.343,-0.287,,,-0.139,,,-0.072,,,-0.011
2016-04-25,-0.25,-0.358,-0.352,,-0.343,-0.288,,,-0.144,,,-0.078,,,-0.013
2016-04-29,-0.251,-0.359,-0.352,,-0.344,-0.289,,,-0.141,,,-0.077,,,-0.012
2016-05-05,-0.255,-0.363,-0.355,,-0.346,-0.292,,,-0.144,,,-0.079,,,-0.013
2016-05-11,-0.259,-0.364,-0.359,,-0.35,-0.293,,,-0.144,,,-0.078,,,-0.012
2016-05-17,-0.257,-0.361,-0.359,,-0.348,-0.294,,,-0.143,,,-0.077,,,-0.011
2016-05-23,-0.258,-0.361,-0.359,,-0.349,-0.298,,,-0.144,,,-0.079,,,-0.012
2016-05-27,-0.26,-0.363,-0.359,,-0.349,-0.299,,,-0.149,,,-0.082,,,-0.015
2016-06-02,-0.262,-0.363,-0.361,,-0.35,-0.299,,,-0.153,,,-0.088,,,-0.017
2016-06-08,-0.264,-0.363,-0.363,,-0.352,-0.301,,,-0.16,,,-0.09,,,-0.018
2016-06-14,-0.262,-0.363,-0.363,,-0.353,-0.301,,,-0.159,,,-0.089,,,-0.021
2016-06-20,-0.266,-0.366,-0.363,,-0.358,-0.306,,,-0.159,,,-0.093,,,-0.028
2016-06-24,-0.281,-0.373,-0.369,,-0.364,-0.322,,,-0.175,,,-0.11,,,-0.047
2016-06-30,-0.286,-0.371,-0.37,,-0.364,-0.321,,,-0.179,,,-0.116,,,-0.051
2016-07-06,-0.293,-0.375,-0.371,,-0.365,-0.326,,,-0.189,,,-0.129,,,-0.062
2016-07-12,-0.291,-0.377,-0.371,,-0.369,-0.331,,,-0.191,,,-0.129,,,-0.061
2016-07-18,-0.295,-0.377,-0.372,,-0.371,-0.331,,,-0.191,,,-0.124,,,-0.061
2016-07-22,-0.297,-0.377,-0.371,,-0.371,-0.333,,,-0.189,,,-0.121,,,-0.05
2016-07-28,-0.296,-0.377,-0.371,,-0.371,-0.331,,,-0.186,,,-0.119,,,-0.049
2016-08-03,-0.299,-0.375,-0.373,,-0.371,-0.333,,,-0.183,,,-0.119,,,-0.047
2016-08-09,-0.298,-0.379,-0.374,,-0.369,-0.334,,,-0.187,,,-0.117,,,-0.047
2016-08-15,-0.298,-0.379,-0.377,,-0.369,-0.336,,,-0.189,,,-0.119,,,-0.05
2016-08-19,-0.298,-0.379,-0.376,,-0.369,-0.337,,,-0.189,,,-0.118,,,-0.047
2016-08-25,-0.298,-0.378,-0.377,,-0.37,-0.338,,,-0.192,,,-0.119,,,-0.049
2016-08-31,-0.299,-0.38,-0.377,,-0.372,-0.337,,,-0.192,,,-0.122,,,-0.052
2016-09-06,-0.303,-0.381,-0.377,,-0.372,-0.338,,,-0.197,,,-0.123,,,-0.054
2016-09-12,-0.303,-0.379,-0.375,,-0.371,-0.334,,,-0.198,,,-0.127,,,-0.057
2016-09-16,-0.301,-0.381,-0.376,,-0.371,-0.339,,,-0.201,,,-0.127,,,-0.054
2016-09-22,-0.301,-0.378,-0.372,,-0.371,-0.339,,,-0.201,,,-0.126,,,-0.059
2016-09-28,-0.302,-0.378,-0.371,,-0.371,-0.339,,,-0.202,,,-0.129,,,-0.061
2016-10-04,-0.301,-0.381,-0.373,,-0.372,-0.337,,,-0.202,,,-0.131,,,-0.064
2016-10-10,-0.305,-0.381,-0.372,,-0.371,-0.338,,,-0.203,,,-0.132,,,-0.064
2016-10-14,-0.311,-0.379,-0.372,,-0.371,-0.338,,,-0.204,,,-0.133,,,-0.072
2016-10-20,-0.313,-0.381,-0.373,,-0.372,-0.339,,,-0.211,,,-0.133,,,-0.073
2016-10-26,-0.313,-0.381,-0.374,,-0.372,-0.339,,,-0.212,,,-0.131,,,-0.07
2016-11-01,-0.313,-0.379,-0.376,,-0.374,-0.339,,,-0.211,,,-0.131,,,-0.069
2016-11-07,-0.312,-0.379,-0.376,,-0.373,-0.339,,,-0.211,,,-0.13,,,-0.07
2016-11-11,-0.312,-0.379,-0.376,,-0.374,-0.339,,,-0.21,,,-0.13,,,-0.069
2016-11-17,-0.312,-0.379,-0.373,,-0.372,-0.339,,,-0.215,,,-0.135,,,-0.075
2016-11-23,-0.313,-0.381,-0.373,,-0.373,-0.339,,,-0.22,,,-0.136,,,-0.078
2016-11-29,-0.314,-0.381,-0.374,,-0.372,-0.339,,,-0.219,,,-0.135,,,-0.079
2016-12-05,-0.313,-0.38,-0.373,,-0.373,-0.338,,,-0.218,,,-0.136,,,-0.078
2016-12-09,-0.316,-0.379,-0.373,,-0.371,-0.337,,,-0.217,,,-0.138,,,-0.081
2016-12-15,-0.316,-0.381,-0.37,,-0.37,-0.337,,,-0.217,,,-0.137,,,-0.081
2016-12-21,-0.315,-0.379,-0.371,,-0.369,-0.336,,,-0.216,,,-0.138,,,-0.082
2016-12-28,-0.319,-0.369,-0.371,,-0.366,-0.337,,,-0.221,,,-0.139,,,-0.082
2017-01-03,-0.319,-0.374,-0.374,,-0.37,-0.338,,,-0.221,,,-0.14,,,-0.084
2017-01-09,-0.322,-0.379,-0.374,,-0.371,-0.34,,,-0.23,,,-0.148,,,-0.088
2017-01-13,-0.327,-0.379,-0.373,,-0.372,-0.339,,,-0.236,,,-0.152,,,-0.094
2017-01-19,-0.329,-0.38,-0.372,,-0.372,-0.339,,,-0.24,,,-0.154,,,-0.1
2017-01-25,-0.328,-0.379,-0.372,,-0.372,-0.34,,,-0.242,,,-0.159,,,-0.101
2017-01-31,-0.327,-0.379,-0.374,,-0.372,-0.34,,,-0.243,,,-0.159,,,-0.101
2017-02-06,-0.328,-0.379,-0.372,,-0.373,-0.341,,,-0.244,,,-0.159,,,-0.101
2017-02-10,-0.329,-0.379,-0.372,,-0.371,-0.341,,,-0.24,,,-0.161,,,-0.101
2017-02-16,-0.328,-0.379,-0.372,,-0.372,-0.34,,,-0.239,,,-0.166,,,-0.106
2017-02-22,-0.33,-0.379,-0.372,,-0.371,-0.341,,,-0.239,,,-0.17,,,-0.111
2017-02-28,-0.33,-0.378,-0.371,,-0.371,-0.341,,,-0.239,,,-0.172,,,-0.114
2017-03-06,-0.329,-0.379,-0.372,,-0.374,-0.34,,,-0.241,,,-0.17,,,-0.111
2017-03-10,-0.329,-0.379,-0.372,,-0.372,-0.34,,,-0.241,,,-0.169,,,-0.109
2017-03-16,-0.329,-0.379,-0.371,,-0.371,-0.34,,,-0.241,,,-0.171,,,-0.111
2017-03-22,-0.33,-0.38,-0.371,,-0.373,-0.339,,,-0.242,,,-0.171,,,-0.106
2017-03-28,-0.33,-0.38,-0.371,,-0.373,-0.339,,,-0.242,,,-0.172,,,-0.11
2017-04-03,-0.33,-0.379,-0.372,,-0.372,-0.339,,,-0.243,,,-0.173,,,-0.111
2017-04-07,-0.33,-0.38,-0.372,,-0.373,-0.339,,,-0.241,,,-0.178,,,-0.116
2017-04-13,-0.331,-0.38,-0.373,,-0.372,-0.341,,,-0.246,,,-0.182,,,-0.12
2017-04-21,-0.331,-0.379,-0.372,,-0.371,-0.339,,,-0.249,,,-0.18,,,-0.124
2017-04-27,-0.329,-0.379,-0.372,,-0.373,-0.34,,,-0.248,,,-0.179,,,-0.121
2017-05-04,-0.329,-0.379,-0.373,,-0.374,-0.34,,,-0.25,,,-0.179,,,-0.126
2017-05-10,-0.329,-0.38,-0.372,,-0.374,-0.341,,,-0.249,,,-0.178,,,-0.124
2017-05-16,-0.331,-0.379,-0.371,,-0.371,-0.341,,,-0.25,,,-0.179,,,-0.128
2017-05-22,-0.329,-0.379,-0.374,,-0.374,-0.341,,,-0.251,,,-0.179,,,-0.129
2017-05-26,-0.329,-0.379,-0.373,,-0.371,-0.341,,,-0.254,,,-0.181,,,-0.13
2017-06-01,-0.329,-0.379,-0.372,,-0.374,-0.343,,,-0.254,,,-0.181,,,-0.131
2017-06-07,-0.329,-0.379,-0.372,,-0.371,-0.341,,,-0.259,,,-0.184,,,-0.134
2017-06-13,-0.331,-0.379,-0.372,,-0.373,-0.34,,,-0.27,,,-0.202,,,-0.149
2017-06-19,-0.329,-0.38,-0.373,,-0.374,-0.341,,,-0.271,,,-0.201,,,-0.156
2017-06-23,-0.331,-0.38,-0.374,,-0.374,-0.342,,,-0.273,,,-0.202,,,-0.163
2017-06-29,-0.331,-0.379,-0.373,,-0.373,-0.342,,,-0.27,,,-0.198,,,-0.156
2017-07-05,-0.331,-0.379,-0.375,,-0.373,-0.344,,,-0.274,,,-0.204,,,-0.16
2017-07-11,-0.331,-0.378,-0.376,,-0.374,-0.341,,,-0.273,,,-0.206,,,-0.155
2017-07-17,-0.33,-0.379,-0.376,,-0.373,-0.341,,,-0.274,,,-0.207,,,-0.151
2017-07-21,-0.331,-0.379,-0.376,,-0.374,-0.341,,,-0.272,,,-0.206,,,-0.152
2017-07-27,-0.329,-0.38,-0.379,,-0.371,-0.339,,,-0.272,,,-0.208,,,-0.153
2017-08-02,-0.331,-0.379,-0.376,,-0.373,-0.34,,,-0.273,,,-0.209,,,-0.153
2017-08-08,-0.328,-0.379,-0.377,,-0.374,-0.339,,,-0.269,,,-0.21,,,-0.152
2017-08-14,-0.329,-0.379,-0.376,,-0.372,-0.339,,,-0.271,,,-0.211,,,-0.158
2017-08-18,-0.329,-0.379,-0.376,,-0.371,-0.34,,,-0.271,,,-0.211,,,-0.158
2017-08-24,-0.329,-0.379,-0.376,,-0.371,-0.34,,,-0.272,,,-0.212,,,-0.159
2017-08-30,-0.33,-0.379,-0.377,,-0.372,-0.339,,,-0.273,,,-0.211,,,-0.161
2017-09-05,-0.329,-0.378,-0.376,,-0.372,-0.339,,,-0.274,,,-0.214,,,-0.161
2017-09-11,-0.331,-0.379,-0.378,,-0.373,-0.341,,,-0.274,,,-0.217,,,-0.168
2017-09-15,-0.329,-0.38,-0.377,,-0.371,-0.341,,,-0.271,,,-0.22,,,-0.171
2017-09-21,-0.33,-0.38,-0.378,,-0.373,-0.341,,,-0.272,,,-0.219,,,-0.171
2017-09-27,-0.329,-0.379,-0.376,,-0.372,-0.339,,,-0.273,,,-0.219,,,-0.171
2017-10-03,-0.33,-0.38,-0.377,,-0.373,-0.34,,,-0.273,,,-0.22,,,-0.171
2017-10-09,-0.329,-0.379,-0.377,,-0.373,-0.34,,,-0.274,,,-0.222,,,-0.176
2017-10-13,-0.329,-0.381,-0.377,,-0.371,-0.34,,,-0.274,,,-0.222,,,-0.181
2017-10-19,-0.329,-0.381,-0.376,,-0.373,-0.339,,,-0.274,,,-0.221,,,-0.183
2017-10-25,-0.331,-0.379,-0.376,,-0.373,-0.341,,,-0.274,,,-0.219,,,-0.183
2017-10-31,-0.331,-0.379,-0.376,,-0.372,-0.341,,,-0.276,,,-0.221,,,-0.185
2017-11-06,-0.329,-0.379,-0.376,,-0.371,-0.342,,,-0.276,,,-0.221,,,-0.191
2017-11-10,-0.329,-0.379,-0.376,,-0.371,-0.341,,,-0.275,,,-0.219,,,-0.191
2017-11-16,-0.329,-0.38,-0.376,,-0.372,-0.341,,,-0.275,,,-0.218,,,-0.192
2017-11-22,-0.329,-0.378,-0.376,,-0.371,-0.34,,,-0.272,,,-0.218,,,-0.186
2017-11-28,-0.329,-0.379,-0.376,,-0.371,-0.342,,,-0.274,,,-0.218,,,-0.186
2017-12-04,-0.326,-0.374,-0.37,,-0.368,-0.336,,,-0.272,,,-0.219,,,-0.19
2017-12-08,-0.326,-0.377,-0.371,,-0.369,-0.337,,,-0.271,,,-0.219,,,-0.191
2017-12-14,-0.331,-0.379,-0.373,,-0.371,-0.341,,,-0.271,,,-0.223,,,-0.192
2017-12-20,-0.329,-0.378,-0.37,,-0.37,-0.339,,,-0.271,,,-0.219,,,-0.188
2017-12-28,-0.329,-0.377,-0.374,,-0.367,-0.341,,,-0.271,,,-0.217,,,-0.186
2018-01-04,-0.329,-0.378,-0.371,,-0.368,-0.339,,,-0.271,,,-0.22,,,-0.187
2018-01-10,-0.329,-0.379,-0.374,,-0.369,-0.341,,,-0.271,,,-0.22,,,-0.186
2018-01-16,-0.329,-0.379,-0.374,,-0.369,-0.341,,,-0.272,,,-0.222,,,-0.186
2018-01-22,-0.328,-0.379,-0.371,,-0.369,-0.341,,,-0.277,,,-0.222,,,-0.191
2018-01-26,-0.328,-0.378,-0.372,,-0.369,-0.34,,,-0.278,,,-0.222,,,-0.191
2018-02-01,-0.328,-0.379,-0.372,,-0.369,-0.341,,,-0.278,,,-0.222,,,-0.191
2018-02-07,-0.329,-0.379,-0.371,,-0.369,-0.341,,,-0.278,,,-0.222,,,-0.191
2018-02-13,-0.329,-0.379,-0.373,,-0.369,-0.341,,,-0.276,,,-0.222,,,-0.191
2018-02-19,-0.329,-0.379,-0.374,,-0.369,-0.341,,,-0.274,,,-0.219,,,-0.193
2018-02-23,-0.328,-0.379,-0.372,,-0.37,-0.341,,,-0.271,,,-0.221,,,-0.191
2018-03-01,-0.327,-0.378,-0.372,,-0.371,-0.341,,,-0.271,,,-0.221,,,-0.191
2018-03-07,-0.327,-0.379,-0.374,,-0.371,-0.341,,,-0.272,,,-0.223,,,-0.191
2018-03-13,-0.327,-0.379,-0.374,,-0.371,-0.341,,,-0.271,,,-0.223,,,-0.191
2018-03-19,-0.329,-0.378,-0.373,,-0.37,-0.341,,,-0.272,,,-0.223,,,-0.192
2018-03-23,-0.329,-0.376,-0.374,,-0.37,-0.341,,,-0.27,,,-0.221,,,-0.19
2018-03-29,-0.328,-0.379,-0.376,,-0.372,-0.341,,,-0.271,,,-0.22,,,-0.19
2018-04-06,-0.329,-0.379,-0.376,,-0.372,-0.342,,,-0.27,,,-0.221,,,-0.191
2018-04-12,-0.329,-0.38,-0.377,,-0.371,-0.341,,,-0.271,,,-0.219,,,-0.191
2018-04-18,-0.328,-0.379,-0.378,,-0.371,-0.341,,,-0.271,,,-0.219,,,-0.189
2018-04-24,-0.328,-0.379,-0.379,,-0.372,-0.341,,,-0.27,,,-0.219,,,-0.189
2018-04-30,-0.329,-0.379,-0.378,,-0.371,-0.341,,,-0.269,,,-0.22,,,-0.189
2018-05-07,-0.328,-0.379,-0.376,,-0.372,-0.34,,,-0.269,,,-0.219,,,-0.189
2018-05-11,-0.327,-0.381,-0.376,,-0.371,-0.341,,,-0.271,,,-0.219,,,-0.189
2018-05-17,-0.326,-0.38,-0.376,,-0.371,-0.341,,,-0.27,,,-0.217,,,-0.188
2018-05-23,-0.323,-0.379,-0.376,,-0.371,-0.34,,,-0.27,,,-0.218,,,-0.189
2018-05-29,-0.321,-0.379,-0.376,,-0.371,-0.339,,,-0.269,,,-0.214,,,-0.186
2018-06-04,-0.321,-0.378,-0.373,,-0.371,-0.339,,,-0.269,,,-0.213,,,-0.184
2018-06-08,-0.321,-0.38,-0.373,,-0.371,-0.338,,,-0.267,,,-0.211,,,-0.18
2018-06-14,-0.321,-0.379,-0.37,,-0.369,-0.338,,,-0.268,,,-0.212,,,-0.181
2018-06-20,-0.323,-0.379,-0.37,,-0.37,-0.338,,,-0.268,,,-0.213,,,-0.182
2018-06-26,-0.323,-0.378,-0.372,,-0.37,-0.338,,,-0.27,,,-0.214,,,-0.181
2018-07-02,-0.321,-0.38,-0.374,,-0.369,-0.337,,,-0.269,,,-0.216,,,-0.181
2018-07-06,-0.321,-0.378,-0.371,,-0.371,-0.336,,,-0.27,,,-0.218,,,-0.181
2018-07-12,-0.321,-0.377,-0.372,,-0.37,-0.336,,,-0.271,,,-0.216,,,-0.179
2018-07-18,-0.321,-0.379,-0.371,,-0.369,-0.336,,,-0.269,,,-0.216,,,-0.179
2018-07-24,-0.321,-0.377,-0.371,,-0.369,-0.337,,,-0.269,,,-0.217,,,-0.179
2018-07-30,-0.319,-0.376,-0.372,,-0.369,-0.337,,,-0.268,,,-0.217,,,-0.179
2018-08-03,-0.319,-0.377,-0.371,,-0.369,-0.337,,,-0.268,,,-0.217,,,-0.176
2018-08-09,-0.319,-0.378,-0.369,,-0.369,-0.337,,,-0.266,,,-0.213,,,-0.173
2018-08-15,-0.319,-0.376,-0.369,,-0.368,-0.336,,,-0.266,,,-0.207,,,-0.166
2018-08-21,-0.319,-0.377,-0.369,,-0.371,-0.338,,,-0.266,,,-0.206,,,-0.167
2018-08-27,-0.319,-0.376,-0.371,,-0.37,-0.337,,,-0.265,,,-0.206,,,-0.166
2018-08-31,-0.319,-0.377,-0.371,,-0.369,-0.339,,,-0.268,,,-0.208,,,-0.166
2018-09-06,-0.319,-0.376,-0.372,,-0.371,-0.338,,,-0.269,,,-0.207,,,-0.167
2018-09-12,-0.319,-0.378,-0.372,,-0.371,-0.339,,,-0.269,,,-0.207,,,-0.166
2018-09-18,-0.319,-0.377,-0.374,,-0.372,-0.339,,,-0.268,,,-0.206,,,-0.168
2018-09-24,-0.319,-0.376,-0.371,,-0.372,-0.338,,,-0.267,,,-0.208,,,-0.167
2018-09-28,-0.318,-0.378,-0.37,,-0.371,-0.338,,,-0.268,,,-0.208,,,-0.159
2018-10-04,-0.318,-0.376,-0.372,,-0.371,-0.337,,,-0.268,,,-0.208,,,-0.159
2018-10-10,-0.318,-0.376,-0.371,,-0.369,-0.337,,,-0.268,,,-0.206,,,-0.156
2018-10-16,-0.318,-0.377,-0.372,,-0.369,-0.337,,,-0.265,,,-0.205,,,-0.156
2018-10-22,-0.317,-0.376,-0.371,,-0.369,-0.339,,,-0.261,,,-0.2,,,-0.151
2018-10-26,-0.318,-0.376,-0.371,,-0.369,-0.338,,,-0.259,,,-0.198,,,-0.148
2018-11-01,-0.318,-0.376,-0.371,,-0.368,-0.336,,,-0.258,,,-0.197,,,-0.148
2018-11-07,-0.317,-0.376,-0.371,,-0.369,-0.336,,,-0.258,,,-0.197,,,-0.149
2018-11-13,-0.316,-0.377,-0.373,,-0.369,-0.339,,,-0.257,,,-0.196,,,-0.147
2018-11-19,-0.316,-0.377,-0.373,,-0.369,-0.337,,,-0.257,,,-0.196,,,-0.148
2018-11-23,-0.316,-0.376,-0.371,,-0.369,-0.336,,,-0.257,,,-0.196,,,-0.147
2018-11-29,-0.316,-0.376,-0.371,,-0.368,-0.336,,,-0.253,,,-0.195,,,-0.146
2018-12-05,-0.316,-0.379,,,-0.367,,,,-0.246,,,,,,-0.141
2018-12-11,-0.312,-0.378,,,-0.368,,,,-0.244,,,,,,-0.131
2018-12-17,-0.311,-0.378,,,-0.369,,,,-0.237,,,,,,-0.127
2018-12-21,-0.31,-0.376,,,-0.366,,,,-0.238,,,,,,-0.119
2018-12-31,-0.309,-0.373,,,-0.363,,,,-0.237,,,,,,-0.117
2019-01-07,-0.31,-0.373,,,-0.363,,,,-0.236,,,,,,-0.119
2019-01-11,-0.308,-0.375,,,-0.365,,,,-0.236,,,,,,-0.117
2019-01-17,-0.308,-0.379,,,-0.368,,,,-0.236,,,,,,-0.118
2019-01-23,-0.308,-0.376,,,-0.368,,,,-0.237,,,,,,-0.116
2019-01-29,-0.306,-0.377,,,-0.368,,,,-0.237,,,,,,-0.109
2019-02-04,-0.307,-0.374,,,-0.367,,,,-0.235,,,,,,-0.109
2019-02-08,-0.308,-0.372,,,-0.368,,,,-0.233,,,,,,-0.109
2019-02-14,-0.308,-0.372,,,-0.368,,,,-0.231,,,,,,-0.108
2019-02-20,-0.308,-0.373,,,-0.367,,,,-0.231,,,,,,-0.108
2019-02-26,-0.31,-0.373,,,-0.368,,,,-0.23,,,,,,-0.108
2019-03-04,-0.309,-0.373,,,-0.367,,,,-0.23,,,,,,-0.108
2019-03-08,-0.308,-0.375,,,-0.367,,,,-0.232,,,,,,-0.109
2019-03-14,-0.309,-0.377,,,-0.368,,,,-0.232,,,,,,-0.109
2019-03-20,-0.309,-0.377,,,-0.367,,,,-0.231,,,,,,-0.109
2019-03-26,-0.309,-0.379,,,-0.368,,,,-0.228,,,,,,-0.108
2019-04-01,-0.31,-0.379,,,-0.367,,,,-0.228,,,,,,-0.112
2019-04-05,-0.31,-0.379,,,-0.367,,,,-0.231,,,,,,-0.112
2019-04-11,-0.31,-0.378,,,-0.367,,,,-0.232,,,,,,-0.112
2019-04-17,-0.311,-0.378,,,-0.368,,,,-0.232,,,,,,-0.112
2019-04-25,-0.312,-0.378,,,-0.368,,,,-0.23,,,,,,-0.112
2019-05-02,-0.309,-0.377,,,-0.366,,,,-0.232,,,,,,-0.114
2019-05-08,-0.308,-0.38,,,-0.366,,,,-0.23,,,,,,-0.117
2019-05-14,-0.311,-0.38,,,-0.366,,,,-0.232,,,,,,-0.121
2019-05-20,-0.314,-0.379,,,-0.368,,,,-0.241,,,,,,-0.135
2019-05-24,-0.311,-0.379,,,-0.372,,,,-0.241,,,,,,-0.148
2019-05-30,-0.32,-0.387,,,-0.376,,,,-0.247,,,,,,-0.163
2019-06-05,-0.32,-0.389,,,-0.383,,,,-0.254,,,,,,-0.177
2019-06-11,-0.319,-0.396,,,-0.377,,,,-0.258,,,,,,-0.178
2019-06-17,-0.32,-0.395,,,-0.385,,,,-0.268,,,,,,-0.177
2019-06-21,-0.344,-0.4,,,-0.398,,,,-0.308,,,,,,-0.212
2019-06-27,-0.344,-0.403,,,-0.391,,,,-0.313,,,,,,-0.213
2019-07-03,-0.353,-0.397,,,-0.39,,,,-0.335,,,,,,-0.243
2019-07-09,-0.358,-0.394,,,-0.389,,,,-0.336,,,,,,-0.258
2019-07-15,-0.363,-0.401,,,-0.393,,,,-0.343,,,,,,-0.287
2019-07-19,-0.375,-0.4,,,-0.403,,,,-0.354,,,,,,-0.308
2019-07-25,-0.378,-0.413,,,-0.401,,,,-0.368,,,,,,-0.318
2019-07-31,-0.375,-0.407,,,-0.392,,,,-0.362,,,,,,-0.303
2019-08-06,-0.389,-0.415,,,-0.4,,,,-0.383,,,,,,-0.319
2019-08-12,-0.4,-0.404,,,-0.405,,,,-0.4,,,,,,-0.352
2019-08-16,-0.42,-0.403,,,-0.423,,,,-0.427,,,,,,-0.385
2019-08-22,-0.418,-0.396,,,-0.415,,,,-0.418,,,,,,-0.386
2019-08-28,-0.422,-0.415,,,-0.417,,,,-0.427,,,,,,-0.379
2019-09-03,-0.448,-0.413,,,-0.435,,,,-0.448,,,,,,-0.385
2019-09-09,-0.433,-0.407,,,-0.448,,,,-0.413,,,,,,-0.36
2019-09-13,-0.4,-0.425,,,-0.438,,,,-0.377,,,,,,-0.325
2019-09-19,-0.396,-0.492,,,-0.45,,,,-0.368,,,,,,-0.303
2019-09-25,-0.41,-0.508,,,-0.453,,,,-0.375,,,,,,-0.325
2019-10-01,-0.428,-0.497,,,-0.467,,,,-0.387,,,,,,-0.33
2019-10-07,-0.423,-0.498,,,-0.468,,,,-0.389,,,,,,-0.336
2019-10-11,-0.418,-0.496,,,-0.473,,,,-0.358,,,,,,-0.303
2019-10-17,-0.41,-0.499,,,-0.448,,,,-0.349,,,,,,-0.294
2019-10-23,-0.402,-0.497,,,-0.443,,,,-0.351,,,,,,-0.288
2019-10-29,-0.405,-0.482,,,-0.443,,,,-0.343,,,,,,-0.28
2019-11-04,-0.398,-0.483,,,-0.443,,,,-0.343,,,,,,-0.276
2019-11-08,-0.395,-0.477,,,-0.463,,,,-0.324,,,,,,-0.262
2019-11-14,-0.399,-0.478,,,-0.455,,,,-0.33,,,,,,-0.266
2019-11-20,-0.406,-0.482,,,-0.45,,,,-0.338,,,,,,-0.273
2019-11-26,-0.399,-0.499,,,-0.451,,,,-0.338,,,,,,-0.279
2019-12-02,-0.4,-0.472,,,-0.439,,,,-0.345,,,,,,-0.27
2019-12-06,-0.393,-0.489,,,-0.456,,,,-0.333,,,,,,-0.269
2019-12-12,-0.395,-0.487,,,-0.464,,,,-0.34,,,,,,-0.266
2019-12-18,-0.403,-0.491,,,-0.461,,,,-0.348,,,,,,-0.269
2019-12-24,-0.398,-0.513,,,-0.452,,,,-0.331,,,,,,-0.248
2020-01-02,-0.379,-0.491,,,-0.436,,,,-0.323,,,,,,-0.248
2020-01-08,-0.39,-0.511,,,-0.448,,,,-0.332,,,,,,-0.251
2020-01-14,-0.391,-0.503,,,-0.46,,,,-0.329,,,,,,-0.243
2020-01-20,-0.392,-0.501,,,-0.463,,,,-0.333,,,,,,-0.244
2020-01-24,-0.386,-0.503,,,-0.451,,,,-0.323,,,,,,-0.258
2020-01-30,-0.398,-0.508,,,-0.458,,,,-0.337,,,,,,-0.278
2020-02-05,-0.4,-0.508,,,-0.459,,,,-0.346,,,,,,-0.278
2020-02-11,-0.409,-0.515,,,-0.477,,,,-0.35,,,,,,-0.276
2020-02-17,-0.413,-0.504,,,-0.48,,,,-0.353,,,,,,-0.294
2020-02-21,-0.415,-0.517,,,-0.478,,,,-0.356,,,,,,-0.287
2020-02-27,-0.425,-0.521,,,-0.488,,,,-0.375,,,,,,-0.303
2020-03-04,-0.468,-0.507,,,-0.502,,,,-0.418,,,,,,-0.359
2020-03-10,-0.482,-0.524,,,-0.513,,,,-0.438,,,,,,-0.358
2020-03-16,-0.41,-0.507,,,-0.488,,,,-0.372,,,,,,-0.268
2020-03-20,-0.371,-0.496,,,-0.45,,,,-0.313,,,,,,-0.186
2020-03-26,-0.349,-0.493,,,-0.443,,,,-0.274,,,,,,-0.148
2020-04-01,-0.343,-0.516,,,-0.468,,,,-0.276,,,,,,-0.168
2020-04-07,-0.293,-0.515,,,-0.406,,,,-0.232,,,,,,-0.122
2020-04-15,-0.25,-0.525,,,-0.422,,,,-0.196,,,,,,-0.11
2020-04-21,-0.233,-0.516,,,-0.425,,,,-0.178,,,,,,-0.078
2020-04-27,-0.223,-0.513,,,-0.448,,,,-0.147,,,,,,-0.109
2020-05-04,-0.286,-0.5,,,-0.476,,,,-0.157,,,,,,-0.108
2020-05-08,-0.246,-0.503,,,-0.451,,,,-0.145,,,,,,-0.075
2020-05-14,-0.262,-0.515,,,-0.469,,,,-0.137,,,,,,-0.078
2020-05-20,-0.28,-0.508,,,-0.468,,,,-0.139,,,,,,-0.058
2020-05-26,-0.274,-0.513,,,-0.462,,,,-0.133,,,,,,-0.078
2020-06-01,-0.325,-0.52,,,-0.498,,,,-0.163,,,,,,-0.103
2020-06-05,-0.353,-0.519,,,-0.483,,,,-0.196,,,,,,-0.12
2020-06-11,-0.358,-0.513,,,-0.479,,,,-0.183,,,,,,-0.118
2020-06-17,-0.396,-0.523,,,-0.492,,,,-0.215,,,,,,-0.13
2020-06-23,-0.409,-0.523,,,-0.508,,,,-0.269,,,,,,-0.188
2020-06-29,-0.413,-0.518,,,-0.507,,,,-0.287,,,,,,-0.205
2020-07-03,-0.435,-0.519,,,-0.502,,,,-0.314,,,,,,-0.238
2020-07-09,-0.438,-0.523,,,-0.498,,,,-0.328,,,,,,-0.263
2020-07-15,-0.443,-0.533,,,-0.513,,,,-0.333,,,,,,-0.273
2020-07-21,-0.452,-0.535,,,-0.501,,,,-0.353,,,,,,-0.28
2020-07-27,-0.457,-0.538,,,-0.516,,,,-0.375,,,,,,-0.288
2020-07-31,-0.463,-0.523,,,-0.51,,,,-0.407,,,,,,-0.333
2020-08-06,-0.474,-0.527,,,-0.512,,,,-0.417,,,,,,-0.34
2020-08-12,-0.486,-0.537,,,-0.511,,,,-0.428,,,,,,-0.353
2020-08-18,-0.483,-0.534,,,-0.517,,,,-0.44,,,,,,-0.365
2020-08-24,-0.488,-0.54,,,-0.518,,,,-0.442,,,,,,-0.377
2020-08-28,-0.477,-0.538,,,-0.523,,,,-0.444,,,,,,-0.369
2020-09-03,-0.48,-0.532,,,-0.512,,,,-0.455,,,,,,-0.394
2020-09-09,-0.493,-0.54,,,-0.519,,,,-0.463,,,,,,-0.408
2020-09-15,-0.485,-0.539,,,-0.523,,,,-0.458,,,,,,-0.415
2020-09-21,-0.508,-0.539,,,-0.533,,,,-0.47,,,,,,-0.433
2020-09-25,-0.498,-0.53,,,-0.523,,,,-0.468,,,,,,-0.433
2020-10-01,-0.498,-0.555,,,-0.526,,,,-0.481,,,,,,-0.442
2020-10-07,-0.508,-0.546,,,-0.54,,,,-0.488,,,,,,-0.463
2020-10-13,-0.508,-0.537,,,-0.535,,,,-0.483,,,,,,-0.467
2020-10-19,-0.509,-0.537,,,-0.538,,,,-0.497,,,,,,-0.47
2020-10-23,-0.512,-0.533,,,-0.539,,,,-0.496,,,,,,-0.464
2020-10-29,-0.515,-0.548,,,-0.55,,,,-0.515,,,,,,-0.482
2020-11-04,-0.517,-0.553,,,-0.55,,,,-0.515,,,,,,-0.486
2020-11-10,-0.51,-0.556,,,-0.527,,,,-0.505,,,,,,-0.472
2020-11-16,-0.522,-0.529,,,-0.537,,,,-0.505,,,,,,-0.476
2020-11-20,-0.528,-0.545,,,-0.543,,,,-0.509,,,,,,-0.483
2020-11-26,-0.528,-0.55,,,-0.539,,,,-0.506,,,,,,-0.483
2020-12-02,-0.524,-0.558,,,-0.548,,,,-0.508,,,,,,-0.486
2020-12-08,-0.536,-0.553,,,-0.549,,,,-0.518,,,,,,-0.504
2020-12-14,-0.543,-0.565,,,-0.573,,,,-0.522,,,,,,-0.505
2020-12-18,-0.537,-0.548,,,-0.56,,,,-0.52,,,,,,-0.498
2020-12-24,-0.542,-0.57,,,-0.568,,,,-0.519,,,,,,-0.494
2020-12-31,-0.545,-0.578,,,-0.554,,,,-0.526,,,,,,-0.499
2021-01-07,-0.554,-0.568,,,-0.563,,,,-0.524,,,,,,-0.509
2021-01-13,-0.545,-0.564,,,-0.563,,,,-0.527,,,,,,-0.498
2021-01-19,-0.548,-0.564,,,-0.561,,,,-0.528,,,,,,-0.502
2021-01-25,-0.543,-0.571,,,-0.554,,,,-0.521,,,,,,-0.493
2021-01-29,-0.548,-0.563,,,-0.571,,,,-0.531,,,,,,-0.512
2021-02-04,-0.543,-0.561,,,-0.568,,,,-0.525,,,,,,-0.508
2021-02-10,-0.541,-0.573,,,-0.55,,,,-0.522,,,,,,-0.503
2021-02-16,-0.543,-0.573,,,-0.55,,,,-0.52,,,,,,-0.5
2021-02-22,-0.543,-0.566,,,-0.55,,,,-0.516,,,,,,-0.494
2021-02-26,-0.53,-0.567,,,-0.547,,,,-0.516,,,,,,-0.483
2021-03-04,-0.541,-0.572,,,-0.56,,,,-0.518,,,,,,-0.486
2021-03-10,-0.543,-0.571,,,-0.553,,,,-0.52,,,,,,-0.487
2021-03-16,-0.542,-0.558,,,-0.563,,,,-0.52,,,,,,-0.491
2021-03-22,-0.538,-0.563,,,-0.549,,,,-0.518,,,,,,-0.491
2021-03-26,-0.537,-0.559,,,-0.55,,,,-0.514,,,,,,-0.489
2021-04-01,-0.538,-0.555,,,-0.551,,,,-0.512,,,,,,-0.488
2021-04-09,-0.544,-0.558,,,-0.559,,,,-0.522,,,,,,-0.497
2021-04-15,-0.537,-0.559,,,-0.561,,,,-0.512,,,,,,-0.478
2021-04-21,-0.535,-0.562,,,-0.554,,,,-0.513,,,,,,-0.476
2021-04-27,-0.535,-0.562,,,-0.558,,,,-0.518,,,,,,-0.484
2021-05-03,-0.535,-0.568,,,-0.559,,,,-0.518,,,,,,-0.486
2021-05-07,-0.529,-0.56,,,-0.553,,,,-0.514,,,,,,-0.483
2021-05-13,-0.541,-0.563,,,-0.553,,,,-0.515,,,,,,-0.482
2021-05-19,-0.552,-0.56,,,-0.562,,,,-0.515,,,,,,-0.479
2021-05-25,-0.538,-0.568,,,-0.557,,,,-0.505,,,,,,-0.476
2021-05-31,-0.544,-0.574,,,-0.563,,,,-0.513,,,,,,-0.483
2021-06-04,-0.546,-0.571,,,-0.558,,,,-0.513,,,,,,-0.486
2021-06-10,-0.545,-0.564,,,-0.549,,,,-0.519,,,,,,-0.488
2021-06-16,-0.547,-0.562,,,-0.548,,,,-0.519,,,,,,-0.485
2021-06-22,-0.54,-0.564,,,-0.553,,,,-0.508,,,,,,-0.477
2021-06-28,-0.543,-0.566,,,-0.564,,,,-0.513,,,,,,-0.48
2021-07-02,-0.546,-0.562,,,-0.555,,,,-0.512,,,,,,-0.485
2021-07-08,-0.546,-0.568,,,-0.556,,,,-0.515,,,,,,-0.493
2021-07-14,-0.546,-0.573,,,-0.559,,,,-0.513,,,,,,-0.488
2021-07-20,-0.543,-0.566,,,-0.558,,,,-0.518,,,,,,-0.486
2021-07-26,-0.544,-0.562,,,-0.558,,,,-0.519,,,,,,-0.493
2021-07-30,-0.544,-0.564,,,-0.556,,,,-0.523,,,,,,-0.502
2021-08-05,-0.54,-0.573,,,-0.568,,,,-0.527,,,,,,-0.504
2021-08-11,-0.549,-0.575,,,-0.565,,,,-0.53,,,,,,-0.498
2021-08-17,-0.55,-0.573,,,-0.565,,,,-0.527,,,,,,-0.491
2021-08-23,-0.549,-0.575,,,-0.557,,,,-0.529,,,,,,-0.494
2021-08-27,-0.55,-0.565,,,-0.556,,,,-0.529,,,,,,-0.502
2021-09-02,-0.551,-0.56,,,-0.558,,,,-0.52,,,,,,-0.499
2021-09-08,-0.541,-0.574,,,-0.557,,,,-0.517,,,,,,-0.494
2021-09-14,-0.548,-0.576,,,-0.556,,,,-0.522,,,,,,-0.488
2021-09-20,-0.545,-0.565,,,-0.558,,,,-0.528,,,,,,-0.489
2021-09-24,-0.543,-0.567,,,-0.553,,,,-0.523,,,,,,-0.488
2021-09-30,-0.545,-0.568,,,-0.563,,,,-0.528,,,,,,-0.488
2021-10-06,-0.551,-0.567,,,-0.564,,,,-0.53,,,,,,-0.487
2021-10-12,-0.552,-0.568,,,-0.561,,,,-0.523,,,,,,-0.476
2021-10-18,-0.548,-0.573,,,-0.561,,,,-0.527,,,,,,-0.48
2021-10-22,-0.549,-0.568,,,-0.563,,,,-0.534,,,,,,-0.471
2021-10-28,-0.557,-0.566,,,-0.556,,,,-0.533,,,,,,-0.473
2021-11-03,-0.573,-0.573,,,-0.565,,,,-0.538,,,,,,-0.482
2021-11-09,-0.565,-0.581,,,-0.563,,,,-0.533,,,,,,-0.498
2021-11-15,-0.561,-0.566,,,-0.566,,,,-0.528,,,,,,-0.48
2021-11-19,-0.559,-0.568,,,-0.558,,,,-0.528,,,,,,-0.49
2021-11-25,-0.575,-0.584,,,-0.568,,,,-0.542,,,,,,-0.498
2021-12-01,-0.572,-0.576,,,-0.573,,,,-0.541,,,,,,-0.505
2021-12-07,-0.565,-0.584,,,-0.573,,,,-0.538,,,,,,-0.499
2021-12-13,-0.603,-0.574,,,-0.593,,,,-0.547,,,,,,-0.504
2021-12-17,-0.581,-0.588,,,-0.611,,,,-0.551,,,,,,-0.511
2021-12-23,-0.588,-0.578,,,-0.648,,,,-0.537,,,,,,-0.499
2021-12-29,-0.571,-0.602,,,-0.594,,,,-0.544,,,,,,-0.492
2022-01-04,-0.565,-0.575,,,-0.569,,,,-0.535,,,,,,-0.498
2022-01-10,-0.57,-0.579,,,-0.563,,,,-0.531,,,,,,-0.489
2022-01-14,-0.568,-0.574,,,-0.565,,,,-0.533,,,,,,-0.483
2022-01-20,-0.553,-0.577,,,-0.561,,,,-0.521,,,,,,-0.46
2022-01-26,-0.554,-0.572,,,-0.565,,,,-0.524,,,,,,-0.468
2022-02-01,-0.547,-0.567,,,-0.56,,,,-0.503,,,,,,-0.431
2022-02-07,-0.53,-0.573,,,-0.548,,,,-0.456,,,,,,-0.31
2022-02-11,-0.523,-0.577,,,-0.557,,,,-0.458,,,,,,-0.298
2022-02-17,-0.529,-0.578,,,-0.562,,,,-0.478,,,,,,-0.313
2022-02-23,-0.529,-0.568,,,-0.544,,,,-0.483,,,,,,-0.332
2022-03-01,-0.534,-0.565,,,-0.553,,,,-0.496,,,,,,-0.363
2022-03-07,-0.498,-0.568,,,-0.517,,,,-0.453,,,,,,-0.352
2022-03-11,-0.502,-0.565,,,-0.548,,,,-0.414,,,,,,-0.268
2022-03-17,-0.493,-0.565,,,-0.548,,,,-0.402,,,,,,-0.216
2022-03-23,-0.493,-0.567,,,-0.549,,,,-0.392,,,,,,-0.165
2022-03-29,-0.473,-0.576,,,-0.533,,,,-0.381,,,,,,-0.105
2022-04-04,-0.447,-0.567,,,-0.551,,,,-0.358,,,,,,-0.083
2022-04-08,-0.449,-0.565,,,-0.541,,,,-0.35,,,,,,-0.048
2022-04-14,-0.452,-0.56,,,-0.547,,,,-0.317,,,,,,0.003
2022-04-22,-0.427,-0.57,,,-0.52,,,,-0.268,,,,,,0.084
2022-04-28,-0.438,-0.571,,,-0.522,,,,-0.242,,,,,,0.118
2022-05-04,-0.427,-0.569,,,-0.544,,,,-0.205,,,,,,0.234
2022-05-10,-0.417,-0.564,,,-0.553,,,,-0.202,,,,,,0.236
2022-05-16,-0.403,-0.565,,,-0.558,,,,-0.192,,,,,,0.206
2022-05-20,-0.348,-0.566,,,-0.535,,,,-0.078,,,,,,0.353
2022-05-26,-0.352,-0.563,,,-0.544,,,,-0.061,,,,,,0.36
2022-06-01,-0.335,-0.577,,,-0.541,,,,-0.034,,,,,,0.417
2022-06-07,-0.298,-0.578,,,-0.525,,,,0.029,,,,,,0.561
2022-06-13,-0.281,-0.568,,,-0.536,,,,0.108,,,,,,0.792
2022-06-17,-0.169,-0.568,,,-0.487,,,,0.291,,,,,,1.124
2022-06-23,-0.186,-0.568,,,-0.528,,,,0.273,,,,,,1.089
2022-06-29,-0.191,-0.563,,,-0.535,,,,0.278,,,,,,1.068
2022-07-05,-0.145,-0.567,,,-0.46,,,,0.234,,,,,,0.939
2022-07-11,-0.07,-0.572,,,-0.398,,,,0.365,,,,,,0.969
2022-07-15,0.072,-0.565,,,-0.317,,,,0.532,,,,,,1.057
2022-07-21,0.145,-0.513,,,-0.252,,,,0.632,,,,,,1.142
2022-07-27,0.238,-0.118,,,-0.062,,,,0.631,,,,,,1.013
2022-08-02,0.26,-0.07,,,-0.048,,,,0.652,,,,,,0.926
2022-08-08,0.301,-0.078,,,-0.032,,,,0.729,,,,,,1.11
2022-08-12,0.333,-0.068,,,-0.035,,,,0.766,,,,,,1.163
2022-08-18,0.391,-0.073,,,0.003,,,,0.826,,,,,,1.229
2022-08-24,0.493,-0.072,,,0.079,,,,0.947,,,,,,1.427
2022-08-30,0.62,-0.069,,,0.196,,,,1.193,,,,,,1.758
2022-09-05,0.783,-0.073,,,0.298,,,,1.298,,,,,,1.874
2022-09-09,0.934,0.173,,,0.48,,,,1.442,,,,,,2.015
2022-09-15,1.03,0.65,,,0.68,,,,1.608,,,,,,2.223
2022-09-21,1.118,0.671,,,0.708,,,,1.766,,,,,,2.416
2022-09-27,1.228,0.657,,,0.722,,,,1.851,,,,,,2.625
2022-10-03,1.185,0.659,,,0.674,,,,1.775,,,,,,2.5
2022-10-07,1.288,0.656,,,0.783,,,,1.897,,,,,,2.552
2022-10-13,1.378,0.628,,,0.845,,,,2.012,,,,,,2.661
2022-10-19,1.462,0.668,,,0.938,,,,2.057,,,,,,2.684
2022-10-25,1.577,0.664,,,1.038,,,,2.106,,,,,,2.725
2022-10-31,1.704,1.018,,,1.253,,,,2.13,,,,,,2.63
2022-11-04,1.734,1.385,,,1.398,,,,2.278,,,,,,2.794
2022-11-10,1.798,1.391,,,1.395,,,,2.319,,,,,,2.862
2022-11-16,1.803,1.382,,,1.395,,,,2.311,,,,,,2.843
2022-11-22,1.863,1.406,,,1.418,,,,2.338,,,,,,2.847
2022-11-28,1.954,1.397,,,1.492,,,,2.436,,,,,,2.892
2022-12-02,1.975,1.398,,,1.514,,,,2.406,,,,,,2.811
2022-12-08,1.99,1.398,,,1.538,,,,2.456,,,,,,2.858
2022-12-14,2.081,1.432,,,1.697,,,,2.519,,,,,,2.871
2022-12-20,2.081,1.774,,,1.898,,,,2.625,,,,,,3.118
2022-12-27,2.128,1.885,,,1.895,,,,2.703,,,,,,3.265
2023-01-02,2.162,1.876,,,1.883,,,,2.732,,,,,,3.316
2023-01-06,2.254,1.89,,,1.904,,,,2.805,,,,,,3.328
2023-01-12,2.288,1.886,,,1.918,,,,2.818,,,,,,3.325
2023-01-18,2.342,1.887,,,1.985,,,,2.832,,,,,,3.311
2023-01-24,2.501,1.893,,,2.052,,,,2.922,,,,,,3.353
2023-01-30,2.482,1.894,,,2.144,,,,2.959,,,,,,3.368
2023-02-03,2.545,2.107,,,2.255,,,,3.011,,,,,,3.374
2023-02-09,2.607,2.382,,,2.363,,,,3.103,,,,,,3.486
2023-02-15,2.682,2.379,,,2.405,,,,3.166,,,,,,3.542
2023-02-21,2.682,2.375,,,2.392,,,,3.225,,,,,,3.578
2023-02-27,2.716,2.344,,,2.422,,,,3.242,,,,,,3.68
2023-03-03,2.849,2.393,,,2.551,,,,3.353,,,,,,3.826
2023-03-09,2.948,2.373,,,2.573,,,,3.461,,,,,,3.978
2023-03-15,2.815,2.415,,,2.615,,,,3.131,,,,,,3.662
2023-03-21,2.908,2.712,,,2.822,,,,3.071,,,,,,3.322
2023-03-27,3.012,2.879,,,2.902,,,,3.239,,,,,,3.469
2023-03-31,3.038,2.898,,,2.915,,,,3.341,,,,,,3.622
2023-04-06,3.075,2.886,,,2.887,,,,3.339,,,,,,3.578
2023-04-14,3.175,2.894,,,2.948,,,,3.51,,,,,,3.723
2023-04-20,3.211,2.878,,,2.998,,,,3.612,,,,,,3.855
2023-04-26,3.242,2.88,,,3.015,,,,3.648,,,,,,3.858
2023-05-03,3.275,2.91,,,3.088,,,,3.644,,,,,,3.843
2023-05-09,3.27,3.078,,,3.161,,,,3.608,,,,,,3.804
2023-05-15,3.358,3.145,,,3.15,,,,3.663,,,,,,3.805
2023-05-19,3.415,3.129,,,3.134,,,,3.707,,,,,,3.878
2023-05-25,3.457,3.152,,,3.198,,,,3.769,,,,,,3.943
2023-05-31,3.463,3.122,,,3.211,,,,3.746,,,,,,3.939
2023-06-06,3.476,3.152,,,3.254,,,,3.715,,,,,,3.914
2023-06-12,3.478,3.136,,,3.315,,,,3.753,,,,,,3.938
2023-06-16,3.572,3.234,,,3.355,,,,3.822,,,,,,4.02
2023-06-22,3.6,3.401,,,3.413,,,,3.907,,,,,,4.111
2023-06-28,3.598,3.391,,,3.418,,,,3.93,,,,,,4.119
2023-07-04,3.613,3.378,,,3.388,,,,3.888,,,,,,4.164
2023-07-10,3.661,3.395,,,3.438,,,,3.931,,,,,,4.19
2023-07-14,3.66,3.393,,,3.464,,,,3.941,,,,,,4.134
2023-07-20,3.698,3.402,,,3.472,,,,3.952,,,,,,4.141
2023-07-26,3.714,3.401,,,3.545,,,,3.952,,,,,,4.114
2023-08-01,3.723,3.532,,,3.58,,,,3.948,,,,,,4.076
2023-08-07,3.754,3.637,,,3.638,,,,3.949,,,,,,4.055
2023-08-11,3.781,3.628,,,3.638,,,,3.928,,,,,,4.056
2023-08-17,3.815,3.64,,,3.632,,,,3.941,,,,,,4.095
2023-08-23,3.826,3.64,,,3.642,,,,3.953,,,,,,4.082
2023-08-29,3.783,3.638,,,3.631,,,,3.944,,,,,,4.074
2023-09-04,3.798,3.636,,,3.636,,,,3.955,,,,,,4.049
2023-09-08,3.8,3.659,,,3.682,,,,3.952,,,,,,4.086
2023-09-14,3.867,3.674,,,3.725,,,,4.04,,,,,,4.159
2023-09-20,3.934,3.878,,,3.834,,,,4.07,,,,,,4.222
2023-09-26,3.941,3.882,,,3.843,,,,4.09,,,,,,4.199
2023-10-02,3.951,3.858,,,3.858,,,,4.138,,,,,,4.198
2023-10-06,3.983,3.898,,,3.863,,,,4.113,,,,,,4.194
2023-10-12,3.965,3.882,,,3.872,,,,4.121,,,,,,4.162
2023-10-18,3.993,3.891,,,3.864,,,,4.143,,,,,,4.196
2023-10-24,3.941,3.88,,,3.842,,,,4.102,,,,,,4.154
2023-10-30,3.968,3.883,,,3.893,,,,4.109,,,,,,4.078
2023-11-03,3.956,3.887,,,3.877,,,,4.062,,,,,,4.004
2023-11-09,3.987,3.892,,,3.838,,,,4.055,,,,,,4.028
2023-11-15,3.994,3.865,,,3.791,,,,4.076,,,,,,4.028
2023-11-21,3.973,3.887,,,3.815,,,,4.07,,,,,,4.023
2023-11-27,3.951,3.873,,,3.848,,,,4.05,,,,,,4.057
2023-12-01,3.96,3.839,,,3.869,,,,4.004,,,,,,3.902
2023-12-07,3.969,3.865,,,3.872,,,,3.948,,,,,,3.727
2023-12-13,3.925,3.854,,,3.833,,,,3.945,,,,,,3.758
2023-12-19,3.923,3.865,,,3.853,,,,3.922,,,,,,3.635
2023-12-27,3.925,3.857,,,3.843,,,,3.885,,,,,,3.554
2024-01-03,3.929,3.887,,,3.865,,,,3.882,,,,,,3.545
2024-01-09,3.928,3.869,,,3.867,,,,3.891,,,,,,3.601
2024-01-15,3.928,3.88,,,3.868,,,,3.874,,,,,,3.57
2024-01-19,3.958,3.858,,,3.854,,,,3.908,,,,,,3.655
2024-01-25,3.925,3.851,,,3.868,,,,3.911,,,,,,3.662
2024-01-31,3.905,3.832,,,3.877,,,,3.835,,,,,,3.572
2024-02-06,3.932,3.876,,,3.893,,,,3.922,,,,,,3.667
2024-02-12,3.912,3.876,,,3.882,,,,3.908,,,,,,3.678
2024-02-16,3.933,3.882,,,3.881,,,,3.895,,,,,,3.648
2024-02-22,3.945,3.86,,,3.864,,,,3.907,,,,,,3.697
2024-02-28,3.942,3.878,,,3.856,,,,3.915,,,,,,3.748
2024-03-05,3.926,3.881,,,3.868,,,,3.921,,,,,,3.751
2024-03-11,3.928,3.893,,,3.871,,,,3.892,,,,,,3.703
2024-03-15,3.928,3.89,,,3.862,,,,3.908,,,,,,3.709
2024-03-21,3.926,3.868,,,3.848,,,,3.902,,,,,,3.735
2024-03-27,3.908,3.835,,,3.835,,,,3.862,,,,,,3.684
2024-04-04,3.891,3.875,,,3.877,,,,3.844,,,,,,3.663
2024-04-10,3.912,3.879,,,3.854,,,,3.83,,,,,,3.689
2024-04-16,3.904,3.863,,,3.855,,,,3.842,,,,,,3.702
2024-04-22,3.891,3.866,,,3.819,,,,3.85,,,,,,3.734
2024-04-26,3.865,3.883,,,3.848,,,,3.835,,,,,,3.724
2024-05-03,3.827,3.893,,,3.865,,,,3.802,,,,,,3.693
2024-05-09,3.806,3.878,,,3.862,,,,3.802,,,,,,3.628
2024-05-15,3.816,3.872,,,3.83,,,,3.798,,,,,,3.679
2024-05-21,3.823,3.894,,,3.785,,,,3.784,,,,,,3.68
2024-05-27,3.8,3.863,,,3.792,,,,3.775,,,,,,3.74
2024-05-31,3.785,3.889,,,3.717,,,,3.745,,,,,,3.711
2024-06-06,3.755,3.848,,,3.688,,,,3.744,,,,,,3.684
2024-06-12,3.72,3.65,,,3.63,,,,3.748,,,,,,3.719
2024-06-18,3.717,3.612,,,3.606,,,,3.695,,,,,,3.6
2024-06-24,3.682,3.619,,,3.622,,,,3.661,,,,,,3.58
2024-06-28,3.711,3.612,,,3.632,,,,3.682,,,,,,3.578
2024-07-04,3.708,3.608,,,3.624,,,,3.683,,,,,,3.592
2024-07-10,3.704,3.608,,,3.598,,,,3.683,,,,,,3.602
2024-07-16,3.674,3.589,,,3.583,,,,3.634,,,,,,3.506
2024-07-22,3.705,3.612,,,3.63,,,,3.641,,,,,,3.511
2024-07-26,3.655,3.642,,,3.621,,,,3.591,,,,,,3.426
2024-08-01,3.638,3.642,,,3.606,,,,3.563,,,,,,3.349
2024-08-07,3.569,3.626,,,3.594,,,,3.462,,,,,,3.192
2024-08-13,3.542,3.649,,,3.635,,,,3.441,,,,,,3.18
2024-08-19,3.551,3.652,,,3.584,,,,3.408,,,,,,3.183
2024-08-23,3.525,3.635,,,3.595,,,,3.382,,,,,,3.102
2024-08-29,3.505,3.606,,,3.602,,,,3.376,,,,,,3.108
2024-09-04,3.449,3.602,,,3.536,,,,3.379,,,,,,3.094
2024-09-10,3.46,3.64,,,3.489,,,,3.293,,,,,,2.97
2024-09-16,3.488,3.492,,,3.412,,,,3.285,,,,,,2.975
2024-09-20,3.436,3.351,,,3.374,,,,3.184,,,,,,2.918
2024-09-26,3.345,3.367,,,3.378,,,,3.162,,,,,,2.755
2024-10-02,3.246,3.348,,,3.329,,,,3.092,,,,,,2.745
2024-10-08,3.265,3.392,,,3.272,,,,3.058,,,,,,2.798
2024-10-14,3.205,3.4,,,3.258,,,,3.062,,,,,,2.799
2024-10-18,3.201,3.339,,,3.147,,,,3.028,,,,,,2.709
2024-10-24,3.072,3.165,,,3.102,,,,2.92,,,,,,2.614
2024-10-30,3.056,3.144,,,3.13,,,,2.867,,,,,,2.548
2024-11-05,3.057,3.142,,,3.092,,,,2.923,,,,,,2.63
2024-11-11,3.04,3.148,,,3.08,,,,2.831,,,,,,2.528
2024-11-15,2.998,3.172,,,3.062,,,,2.748,,,,,,2.475
2024-11-21,3.005,3.141,,,3.079,,,,2.778,,,,,,2.491
2024-11-27,2.912,3.163,,,2.977,,,,2.694,,,,,,2.448
2024-12-03,2.879,3.116,,,3.002,,,,2.634,,,,,,2.356
2024-12-09,2.862,3.159,,,2.944,,,,2.661,,,,,,2.45
2024-12-13,2.843,3.076,,,2.871,,,,2.639,,,,,,2.405
2024-12-19,2.839,2.895,,,2.795,,,,2.637,,,,,,2.469
2024-12-27,2.683,2.935,,,2.863,,,,2.577,,,,,,2.465
2025-01-03,2.731,2.901,,,2.792,,,,2.554,,,,,,2.448
2025-01-09,2.789,2.904,,,2.883,,,,2.649,,,,,,2.553
2025-01-15,2.748,2.916,,,2.843,,,,2.657,,,,,,2.559
2025-01-21,2.681,2.909,,,2.774,,,,2.606,,,,,,2.489
2025-01-27,2.641,2.903,,,2.735,,,,2.6,,,,,,2.528
2025-01-31,2.589,2.801,,,2.66,,,,2.59,,,,,,2.519
2025-02-06,2.535,2.694,,,2.655,,,,2.466,,,,,,2.354
2025-02-12,2.553,2.658,,,2.616,,,,2.486,,,,,,2.37
2025-02-18,2.516,2.668,,,2.624,,,,2.484,,,,,,2.444
2025-02-24,2.521,2.63,,,2.6,,,,2.421,,,,,,2.431
2025-02-28,2.464,2.607,,,2.463,,,,2.355,,,,,,2.394
2025-03-06,2.511,2.624,,,2.481,,,,2.394,,,,,,2.448
2025-03-12,2.527,2.418,,,2.392,,,,2.372,,,,,,2.431
2025-03-18,2.426,2.413,,,2.363,,,,2.422,,,,,,2.416
2025-03-24,2.367,2.386,,,2.34,,,,2.399,,,,,,2.366
2025-03-28,2.328,2.401,,,2.344,,,,2.354,,,,,,2.324
2025-04-03,2.349,2.407,,,2.357,,,,2.303,,,,,,2.311
2025-04-09,2.301,2.389,,,2.328,,,,2.231,,,,,,2.156
2025-04-15,2.263,2.362,,,2.207,,,,2.214,,,,,,2.126
2025-04-23,2.158,2.224,,,2.134,,,,2.104,,,,,,2.022
2025-04-29,2.176,2.136,,,2.16,,,,2.131,,,,,,2.076
2025-05-06,2.143,2.17,,,2.144,,,,2.145,,,,,,2.045
2025-05-12,2.139,2.181,,,2.123,,,,2.121,,,,,,2.067
2025-05-16,2.101,2.15,,,2.089,,,,2.156,,,,,,2.142
2025-05-22,2.049,2.149,,,2.088,,,,2.118,,,,,,2.104
2025-05-28,2.011,2.148,,,2.009,,,,2.042,,,,,,2.056
2025-06-03,1.971,2.189,,,1.947,,,,2.074,,,,,,2.07
2025-06-09,1.955,2.109,,,1.962,,,,2.053,,,,,,2.088
2025-06-13,2.004,1.901,,,1.917,,,,2.056,,,,,,2.084
2025-06-19,2.036,1.908,,,1.899,,,,2.05,,,,,,2.109
2025-06-25,1.993,1.914,,,1.976,,,,2.036,,,,,,2.084
2025-07-01,1.961,1.902,,,1.906,,,,2.051,,,,,,2.07
2025-07-07,1.944,1.911,,,1.889,,,,2.016,,,,,,2.044
2025-07-11,2.026,1.897,,,1.913,,,,2.072,,,,,,2.089
2025-07-17,2.024,1.9,,,1.895,,,,2.069,,,,,,2.087
2025-07-23,1.939,1.887,,,1.912,,,,2.034,,,,,,2.038
2025-07-29,2.026,1.926,,,1.901,,,,2.083,,,,,,2.116
2025-08-04,1.994,1.87,,,1.911,,,,2.077,,,,,,2.156
2025-08-08,2.019,1.884,,,1.9,,,,2.083,,,,,,2.121
2025-08-14,2.034,1.894,,,1.874,,,,2.112,,,,,,2.116
2025-08-20,2.034,1.899,,,1.911,,,,2.093,,,,,,2.084
2025-08-26,2.022,1.906,,,1.881,,,,2.064,,,,,,2.116
2025-09-01,2.074,1.852,,,1.875,,,,2.086,,,,,,2.148
2025-09-05,2.053,1.906,,,1.88,,,,2.1,,,,,,2.178
2025-09-11,2.014,1.901,,,1.877,,,,2.119,,,,,,2.168
2025-09-17,2.024,1.916,,,1.923,,,,2.083,,,,,,2.164
2025-09-23,1.996,1.899,,,1.87,,,,2.097,,,,,,2.16
2025-09-29,2.016,1.901,,,1.931,,,,2.109,,,,,,2.189
2025-10-03,2.02,1.895,,,1.939,,,,2.095,,,,,,2.224
2025-10-09,2.025,1.926,,,1.926,,,,2.104,,,,,,2.209
2025-10-15,2.016,1.931,,,1.906,,,,2.103,,,,,,2.163
2025-10-21,2.038,1.901,,,1.904,,,,2.11,,,,,,2.157
2025-10-27,2.084,1.929,,,1.886,,,,2.124,,,,,,2.175
2025-10-31,2.04,1.921,,,1.917,,,,2.138,,,,,,2.196
2025-11-06,1.998,1.906,,,1.859,,,,2.129,,,,,,2.211
2025-11-12,2.048,1.918,,,1.871,,,,2.139,,,,,,2.224
2025-11-18,2.051,1.911,,,1.899,,,,2.155,,,,,,2.233
2025-11-24,2.059,1.92,,,1.914,,,,2.12,,,,,,2.209
2025-11-28,2.06,1.891,,,1.946,,,,2.11,,,,,,2.209
2025-12-04,2.055,1.919,,,1.912,,,,2.126,,,,,,2.254