date,Euribor_3m,VIX,Bund_10Y,ECB_Deposit,ECB_Marginal,ECB_Main,HICP_Germany,HICP_EuroArea
1999-01-01,3.245,,3.702,2.0,4.5,3.0,0.1,0.8
1999-01-07,3.206,24.37,3.702,2.75,3.25,3.0,0.1,0.8
1999-01-13,3.183,30.11,3.702,2.75,3.25,3.0,0.1,0.8
1999-01-19,3.056,29.24,3.702,2.75,3.25,3.0,0.1,0.8
1999-01-25,3.069,31.13,3.702,2.0,4.5,3.0,0.1,0.8
1999-01-29,3.074,26.25,3.702,2.0,4.5,3.0,0.1,0.8
1999-02-04,3.105,29.48,3.849,2.0,4.5,3.0,0.3,0.8
1999-02-10,3.109,30.45,3.849,2.0,4.5,3.0,0.3,0.8
1999-02-16,3.092,29.65,3.849,2.0,4.5,3.0,0.3,0.8
1999-02-22,3.075,25.87,3.849,2.0,4.5,3.0,0.3,0.8
1999-02-26,3.098,27.88,3.849,2.0,4.5,3.0,0.3,0.8
1999-03-04,3.111,26.67,4.03782608695652,2.0,4.5,3.0,0.1,0.7
1999-03-10,3.081,24.79,4.03782608695652,2.0,4.5,3.0,0.1,0.7
1999-03-16,3.036,25.15,4.03782608695652,2.0,4.5,3.0,0.1,0.7
1999-03-22,3.02,25.0,4.03782608695652,2.0,4.5,3.0,0.1,0.7
1999-03-26,2.991,24.04,4.03782608695652,2.0,4.5,3.0,0.1,0.7
1999-04-01,2.942,22.06,3.85,2.0,4.5,3.0,0.5,0.9
1999-04-07,2.9,22.81,3.85,2.0,4.5,3.0,0.5,0.9
1999-04-13,2.651,22.73,3.85,1.5,3.5,2.5,0.5,0.9
1999-04-19,2.621,26.42,3.85,1.5,3.5,2.5,0.5,0.9
1999-04-23,2.594,22.76,3.85,1.5,3.5,2.5,0.5,0.9
1999-04-29,2.585,25.06,3.85,1.5,3.5,2.5,0.5,0.9
1999-05-05,2.581,25.19,4.012105263157888,1.5,3.5,2.5,0.8,1.1
1999-05-11,2.579,25.62,4.012105263157888,1.5,3.5,2.5,0.8,1.1
1999-05-17,2.575,27.28,4.012105263157888,1.5,3.5,2.5,0.8,1.1
1999-05-21,2.581,24.4,4.012105263157888,1.5,3.5,2.5,0.8,1.1
1999-05-27,2.577,28.12,4.012105263157888,1.5,3.5,2.5,0.8,1.1
1999-06-02,2.601,26.21,4.3604761904761915,1.5,3.5,2.5,0.4,0.9
1999-06-08,2.6,24.02,4.3604761904761915,1.5,3.5,2.5,0.4,0.9
1999-06-14,2.623,26.51,4.3604761904761915,1.5,3.5,2.5,0.4,0.9
1999-06-18,2.632,21.75,4.3604761904761915,1.5,3.5,2.5,0.4,0.9
1999-06-24,2.649,23.06,4.3604761904761915,1.5,3.5,2.5,0.4,0.9
1999-06-30,2.669,21.09,4.3604761904761915,1.5,3.5,2.5,0.4,0.9
1999-07-06,2.663,20.73,4.67636363636364,1.5,3.5,2.5,0.4,0.9
1999-07-12,2.665,19.73,4.67636363636364,1.5,3.5,2.5,0.4,0.9
1999-07-16,2.693,17.42,4.67636363636364,1.5,3.5,2.5,0.4,0.9
1999-07-22,2.681,23.05,4.67636363636364,1.5,3.5,2.5,0.4,0.9
1999-07-28,2.685,22.85,4.67636363636364,1.5,3.5,2.5,0.4,0.9
1999-08-03,2.705,26.27,4.879090909090912,1.5,3.5,2.5,0.5,1.0
1999-08-09,2.703,27.66,4.879090909090912,1.5,3.5,2.5,0.5,1.0
1999-08-13,2.704,22.31,4.879090909090912,1.5,3.5,2.5,0.5,1.0
1999-08-19,2.677,24.39,4.879090909090912,1.5,3.5,2.5,0.5,1.0
1999-08-25,2.686,20.96,4.879090909090912,1.5,3.5,2.5,0.5,1.0
1999-08-31,2.697,24.45,4.879090909090912,1.5,3.5,2.5,0.6,1.1
1999-09-06,2.69,24.45,5.04045454545455,1.5,3.5,2.5,0.6,1.1
1999-09-10,2.692,22.03,5.04045454545455,1.5,3.5,2.5,0.6,1.1
1999-09-16,2.69,25.25,5.04045454545455,1.5,3.5,2.5,0.6,1.1
1999-09-22,2.687,25.19,5.04045454545455,1.5,3.5,2.5,0.6,1.1
1999-09-28,2.698,26.06,5.04045454545455,1.5,3.5,2.5,0.6,1.1
1999-10-04,3.225,24.46,5.2923809523809515,1.5,3.5,2.5,0.8,1.2
1999-10-08,3.263,20.49,5.2923809523809515,1.5,3.5,2.5,0.8,1.2
1999-10-14,3.379,26.05,5.2923809523809515,1.5,3.5,2.5,0.8,1.2
1999-10-20,3.45,23.9,5.2923809523809515,1.5,3.5,2.5,0.8,1.2
1999-10-26,3.485,24.26,5.2923809523809515,1.5,3.5,2.5,0.8,1.2
1999-11-01,3.501,22.09,5.04,1.5,3.5,2.5,0.9,1.3
1999-11-05,3.505,21.66,5.04,2.0,4.0,3.0,0.9,1.3
1999-11-11,3.462,22.07,5.04,2.0,4.0,3.0,0.9,1.3
1999-11-17,3.449,20.96,5.04,2.0,4.0,3.0,0.9,1.3
1999-11-23,3.451,21.0,5.04,2.0,4.0,3.0,0.9,1.3
1999-11-29,3.445,23.57,5.04,2.0,4.0,3.0,0.9,1.3
1999-12-03,3.454,19.32,5.14761904761905,2.0,4.0,3.0,1.0,1.5
1999-12-09,3.461,21.19,5.14761904761905,2.0,4.0,3.0,1.0,1.5
1999-12-15,3.456,22.03,5.14761904761905,2.0,4.0,3.0,1.0,1.5
1999-12-21,3.466,22.66,5.14761904761905,2.0,4.0,3.0,1.0,1.5
1999-12-27,3.45,23.07,5.14761904761905,2.0,4.0,3.0,1.0,1.5
2000-01-03,3.338,24.21,5.53952380952381,2.0,4.0,3.0,1.4,1.7
2000-01-07,3.322,21.72,5.53952380952381,2.0,4.0,3.0,1.4,1.7
2000-01-13,3.322,21.71,5.53952380952381,2.0,4.0,3.0,1.4,1.7
2000-01-19,3.308,21.72,5.53952380952381,2.0,4.0,3.0,1.4,1.7
2000-01-25,3.322,23.02,5.53952380952381,2.0,4.0,3.0,1.4,1.7
2000-01-31,3.492,24.95,5.53952380952381,2.0,4.0,3.0,1.7,1.9
2000-02-04,3.493,21.54,5.508571428571432,2.25,4.25,3.25,1.7,1.9
2000-02-10,3.487,23.07,5.508571428571432,2.25,4.25,3.25,1.7,1.9
2000-02-16,3.488,23.51,5.508571428571432,2.25,4.25,3.25,1.7,1.9
2000-02-22,3.625,25.86,5.508571428571432,2.25,4.25,3.25,1.7,1.9
2000-02-28,3.616,24.68,5.508571428571432,2.25,4.25,3.25,1.7,1.9
2000-03-03,3.632,19.21,5.33304347826087,2.25,4.25,3.25,1.7,1.9
2000-03-09,3.714,22.21,5.33304347826087,2.25,4.25,3.25,1.7,1.9
2000-03-15,3.794,22.34,5.33304347826087,2.25,4.25,3.25,1.7,1.9
2000-03-21,3.766,21.7,5.33304347826087,2.5,4.5,3.5,1.7,1.9
2000-03-27,3.797,24.53,5.33304347826087,2.5,4.5,3.5,1.7,1.9
2000-03-31,3.831,24.11,5.33304347826087,2.5,4.5,3.5,1.4,2.0
2000-04-06,3.834,27.15,5.22555555555556,2.5,4.5,3.5,1.4,2.0
2000-04-12,3.917,28.98,5.22555555555556,2.5,4.5,3.5,1.4,2.0
2000-04-18,3.937,26.12,5.22555555555556,2.5,4.5,3.5,1.4,2.0
2000-04-26,4.036,26.97,5.22555555555556,2.5,4.5,3.5,1.4,2.0
2000-05-03,4.183,31.63,5.37818181818182,2.75,4.75,3.75,1.0,1.7
2000-05-09,4.319,28.93,5.37818181818182,2.75,4.75,3.75,1.0,1.7
2000-05-15,4.329,24.86,5.37818181818182,2.75,4.75,3.75,1.0,1.7
2000-05-19,4.461,25.44,5.37818181818182,2.75,4.75,3.75,1.0,1.7
2000-05-25,4.428,24.58,5.37818181818182,2.75,4.75,3.75,1.0,1.7
2000-05-31,4.453,23.65,5.37818181818182,2.75,4.75,3.75,0.8,1.8
2000-06-06,4.428,23.05,5.19136363636364,2.75,4.75,3.75,0.8,1.8
2000-06-12,4.549,22.32,5.19136363636364,3.25,5.25,4.25,0.8,1.8
2000-06-16,4.476,20.5,5.19136363636364,3.25,5.25,4.25,0.8,1.8
2000-06-22,4.518,22.0,5.19136363636364,3.25,5.25,4.25,0.8,1.8
2000-06-28,4.547,20.29,5.19136363636364,3.25,5.25,4.25,0.8,1.8
2000-07-04,4.547,20.29,5.26619047619048,3.25,5.25,4.25,1.4,2.1
2000-07-10,4.537,20.33,5.26619047619048,3.25,5.25,4.25,1.4,2.1
2000-07-14,4.558,19.32,5.26619047619048,3.25,5.25,4.25,1.4,2.1
2000-07-20,4.636,18.94,5.26619047619048,3.25,5.25,4.25,1.4,2.1
2000-07-26,4.631,19.67,5.26619047619048,3.25,5.25,4.25,1.4,2.1
2000-08-01,4.636,20.55,5.2104347826087,3.25,5.25,4.25,1.3,2.1
2000-08-07,4.639,19.03,5.2104347826087,3.25,5.25,4.25,1.3,2.1
2000-08-11,4.711,18.55,5.2104347826087,3.25,5.25,4.25,1.3,2.1
2000-08-17,4.841,17.48,5.2104347826087,3.25,5.25,4.25,1.3,2.1
2000-08-23,4.87,17.38,5.2104347826087,3.25,5.25,4.25,1.3,2.1
2000-08-29,4.915,16.89,5.2104347826087,3.25,5.25,4.25,1.3,2.1
2000-09-04,4.816,16.89,5.263333333333329,3.5,5.5,4.5,1.0,2.0
2000-09-08,4.86,18.46,5.263333333333329,3.5,5.5,4.5,1.0,2.0
2000-09-14,4.831,18.26,5.263333333333329,3.5,5.5,4.5,1.0,2.0
2000-09-20,4.818,19.93,5.263333333333329,3.5,5.5,4.5,1.0,2.0
2000-09-26,4.884,21.88,5.263333333333329,3.5,5.5,4.5,1.0,2.0
2000-10-02,4.991,21.23,5.20714285714286,3.5,5.5,4.5,1.5,2.4
2000-10-06,5.021,22.71,5.20714285714286,3.75,5.75,4.75,1.5,2.4
2000-10-12,5.007,30.51,5.20714285714286,3.75,5.75,4.75,1.5,2.4
2000-10-18,5.016,28.72,5.20714285714286,3.75,5.75,4.75,1.5,2.4
2000-10-24,5.1,24.28,5.20714285714286,3.75,5.75,4.75,1.5,2.4
2000-10-30,5.138,25.46,5.20714285714286,3.75,5.75,4.75,1.5,2.4
2000-11-03,5.125,23.67,5.15363636363636,3.75,5.75,4.75,1.5,2.4
2000-11-09,5.123,27.2,5.15363636363636,3.75,5.75,4.75,1.5,2.4
2000-11-15,5.085,26.15,5.15363636363636,3.75,5.75,4.75,1.5,2.4
2000-11-21,5.07,26.62,5.15363636363636,3.75,5.75,4.75,1.5,2.4
2000-11-27,5.075,26.93,5.15363636363636,3.75,5.75,4.75,1.5,2.4
2000-12-01,5.021,27.48,4.890526315789471,3.75,5.75,4.75,1.4,2.5
2000-12-07,4.956,25.34,4.890526315789471,3.75,5.75,4.75,1.4,2.5
2000-12-13,4.966,23.63,4.890526315789471,3.75,5.75,4.75,1.4,2.5
2000-12-19,4.916,27.17,4.890526315789471,3.75,5.75,4.75,1.4,2.5
2000-12-25,4.879,27.17,4.890526315789471,3.75,5.75,4.75,1.4,2.5
2000-12-29,4.855,26.85,4.890526315789471,3.75,5.75,4.75,1.4,2.5
2001-01-05,4.701,28.67,4.80318181818182,3.75,5.75,4.75,2.2,2.5
2001-01-11,4.797,25.79,4.80318181818182,3.75,5.75,4.75,2.2,2.5
2001-01-17,4.795,24.93,4.80318181818182,3.75,5.75,4.75,2.2,2.5
2001-01-23,4.756,21.57,4.80318181818182,3.75,5.75,4.75,2.2,2.5
2001-01-29,4.785,22.61,4.80318181818182,3.75,5.75,4.75,2.2,2.5
2001-02-02,4.724,21.95,4.7775,3.75,5.75,4.75,1.3,2.0
2001-02-08,4.731,21.46,4.7775,3.75,5.75,4.75,1.3,2.0
2001-02-14,4.743,21.52,4.7775,3.75,5.75,4.75,1.3,2.0
2001-02-20,4.779,24.69,4.7775,3.75,5.75,4.75,1.3,2.0
2001-02-26,4.811,25.43,4.7775,3.75,5.75,4.75,1.3,2.0
2001-03-02,4.761,27.43,4.66772727272727,3.75,5.75,4.75,1.8,2.0
2001-03-08,4.778,24.29,4.66772727272727,3.75,5.75,4.75,1.8,2.0
2001-03-14,4.784,29.61,4.66772727272727,3.75,5.75,4.75,1.8,2.0
2001-03-20,4.766,30.96,4.66772727272727,3.75,5.75,4.75,1.8,2.0
2001-03-26,4.566,29.04,4.66772727272727,3.75,5.75,4.75,1.8,2.0
2001-03-30,4.561,28.64,4.66772727272727,3.75,5.75,4.75,1.8,2.0
2001-04-05,4.573,29.94,4.8278947368421115,3.75,5.75,4.75,1.8,2.2
2001-04-11,4.583,28.46,4.8278947368421115,3.75,5.75,4.75,1.8,2.2
2001-04-19,4.677,24.16,4.8278947368421115,3.75,5.75,4.75,1.8,2.2
2001-04-25,4.78,27.4,4.8278947368421115,3.75,5.75,4.75,1.8,2.2
2001-05-02,4.817,24.23,5.04681818181818,3.75,5.75,4.75,2.2,2.7
2001-05-08,4.801,24.44,5.04681818181818,3.75,5.75,4.75,2.2,2.7
2001-05-14,4.572,24.26,5.04681818181818,3.5,5.5,4.5,2.2,2.7
2001-05-18,4.557,21.23,5.04681818181818,3.5,5.5,4.5,2.2,2.7
2001-05-24,4.559,20.57,5.04681818181818,3.5,5.5,4.5,2.2,2.7
2001-05-30,4.544,22.76,5.04681818181818,3.5,5.5,4.5,2.2,2.7
2001-06-05,4.486,19.58,5.0,3.5,5.5,4.5,2.9,3.1
2001-06-11,4.451,20.7,5.0,3.5,5.5,4.5,2.9,3.1
2001-06-15,4.465,22.81,5.0,3.5,5.5,4.5,2.9,3.1
2001-06-21,4.433,19.38,5.0,3.5,5.5,4.5,2.9,3.1
2001-06-27,4.435,20.88,5.0,3.5,5.5,4.5,2.9,3.1
2001-07-03,4.416,18.92,5.01590909090909,3.5,5.5,4.5,2.4,2.9
2001-07-09,4.482,22.48,5.01590909090909,3.5,5.5,4.5,2.4,2.9
2001-07-13,4.484,21.14,5.01590909090909,3.5,5.5,4.5,2.4,2.9
2001-07-19,4.466,22.51,5.01590909090909,3.5,5.5,4.5,2.4,2.9
2001-07-25,4.466,24.0,5.01590909090909,3.5,5.5,4.5,2.4,2.9
2001-07-31,4.444,21.62,5.01590909090909,3.5,5.5,4.5,2.1,2.5
2001-08-06,4.425,21.89,4.82391304347826,3.5,5.5,4.5,2.1,2.5
2001-08-10,4.382,20.55,4.82391304347826,3.5,5.5,4.5,2.1,2.5
2001-08-16,4.346,21.54,4.82391304347826,3.5,5.5,4.5,2.1,2.5
2001-08-22,4.308,22.44,4.82391304347826,3.5,5.5,4.5,2.1,2.5
2001-08-28,4.305,22.0,4.82391304347826,3.5,5.5,4.5,2.1,2.5
2001-09-03,4.254,22.0,4.813,3.25,5.25,4.25,2.2,2.3
2001-09-07,4.264,30.99,4.813,3.25,5.25,4.25,2.2,2.3
2001-09-13,4.165,30.99,4.813,3.25,5.25,4.25,2.2,2.3
2001-09-19,3.76,40.56,4.813,2.75,4.75,3.75,2.2,2.3
2001-09-25,3.654,35.81,4.813,2.75,4.75,3.75,2.2,2.3
2001-10-01,3.656,32.32,4.5995652173913,2.75,4.75,3.75,1.8,2.2
2001-10-05,3.558,33.39,4.5995652173913,2.75,4.75,3.75,1.8,2.2
2001-10-11,3.614,31.5,4.5995652173913,2.75,4.75,3.75,1.8,2.2
2001-10-17,3.645,35.08,4.5995652173913,2.75,4.75,3.75,1.8,2.2
2001-10-23,3.579,32.0,4.5995652173913,2.75,4.75,3.75,1.8,2.2
2001-10-29,3.576,31.64,4.5995652173913,2.75,4.75,3.75,1.8,2.2
2001-11-02,3.499,30.71,4.447727272727271,2.75,4.75,3.75,1.6,2.2
2001-11-08,3.324,28.62,4.447727272727271,2.75,4.75,3.75,1.6,2.2
2001-11-14,3.338,26.56,4.447727272727271,2.25,4.25,3.25,1.6,2.2
2001-11-20,3.349,24.12,4.447727272727271,2.25,4.25,3.25,1.6,2.2
2001-11-26,3.369,23.79,4.447727272727271,2.25,4.25,3.25,1.6,2.2
2001-11-30,3.36,23.84,4.447727272727271,2.25,4.25,3.25,1.4,2.0
2001-12-06,3.364,23.71,4.73588235294118,2.25,4.25,3.25,1.4,2.0
2001-12-12,3.351,24.87,4.73588235294118,2.25,4.25,3.25,1.4,2.0
2001-12-18,3.35,23.29,4.73588235294118,2.25,4.25,3.25,1.4,2.0
2001-12-24,3.34,22.62,4.73588235294118,2.25,4.25,3.25,1.4,2.0
2002-01-03,3.272,21.34,4.8627272727272715,2.25,4.25,3.25,1.4,2.1
2002-01-09,3.325,22.13,4.8627272727272715,2.25,4.25,3.25,1.4,2.1
2002-01-15,3.329,22.7,4.8627272727272715,2.25,4.25,3.25,1.4,2.1
2002-01-21,3.346,22.7,4.8627272727272715,2.25,4.25,3.25,1.4,2.1
2002-01-25,3.378,21.01,4.8627272727272715,2.25,4.25,3.25,1.4,2.1
2002-01-31,3.371,21.09,4.8627272727272715,2.25,4.25,3.25,2.0,2.6
2002-02-06,3.353,26.09,4.9195,2.25,4.25,3.25,2.0,2.6
2002-02-12,3.352,21.62,4.9195,2.25,4.25,3.25,2.0,2.6
2002-02-18,3.352,21.62,4.9195,2.25,4.25,3.25,2.0,2.6
2002-02-22,3.355,22.86,4.9195,2.25,4.25,3.25,2.0,2.6
2002-02-28,3.366,21.59,4.9195,2.25,4.25,3.25,1.8,2.5
2002-03-06,3.369,19.94,5.161,2.25,4.25,3.25,1.8,2.5
2002-03-12,3.374,19.59,5.161,2.25,4.25,3.25,1.8,2.5
2002-03-18,3.381,18.93,5.161,2.25,4.25,3.25,1.8,2.5
2002-03-22,3.401,17.77,5.161,2.25,4.25,3.25,1.8,2.5
2002-03-28,3.448,17.4,5.161,2.25,4.25,3.25,1.8,2.5
2002-04-05,3.43,19.13,5.1552380952381,2.25,4.25,3.25,1.9,2.5
2002-04-11,3.414,20.3,5.1552380952381,2.25,4.25,3.25,1.9,2.5
2002-04-17,3.395,18.43,5.1552380952381,2.25,4.25,3.25,1.9,2.5
2002-04-23,3.392,20.28,5.1552380952381,2.25,4.25,3.25,1.9,2.5
2002-04-29,3.386,24.05,5.1552380952381,2.25,4.25,3.25,1.9,2.5
2002-05-06,3.416,22.56,5.16772727272727,2.25,4.25,3.25,1.5,2.4
2002-05-10,3.427,22.41,5.16772727272727,2.25,4.25,3.25,1.5,2.4
2002-05-16,3.497,18.5,5.16772727272727,2.25,4.25,3.25,1.5,2.4
2002-05-22,3.487,19.58,5.16772727272727,2.25,4.25,3.25,1.5,2.4
2002-05-28,3.497,20.31,5.16772727272727,2.25,4.25,3.25,1.5,2.4
2002-06-03,3.483,23.37,5.0175,2.25,4.25,3.25,1.1,2.1
2002-06-07,3.466,23.51,5.0175,2.25,4.25,3.25,1.1,2.1
2002-06-13,3.47,25.02,5.0175,2.25,4.25,3.25,1.1,2.1
2002-06-19,3.467,26.06,5.0175,2.25,4.25,3.25,1.1,2.1
2002-06-25,3.461,27.84,5.0175,2.25,4.25,3.25,1.1,2.1
2002-07-01,3.438,27.11,4.86739130434783,2.25,4.25,3.25,0.9,1.9
2002-07-05,3.439,27.11,4.86739130434783,2.25,4.25,3.25,0.9,1.9
2002-07-11,3.414,33.85,4.86739130434783,2.25,4.25,3.25,0.9,1.9
2002-07-17,3.407,35.45,4.86739130434783,2.25,4.25,3.25,0.9,1.9
2002-07-23,3.402,44.92,4.86739130434783,2.25,4.25,3.25,0.9,1.9
2002-07-29,3.373,31.33,4.86739130434783,2.25,4.25,3.25,0.9,1.9
2002-08-02,3.361,41.29,4.5895454545454495,2.25,4.25,3.25,1.1,2.0
2002-08-08,3.336,36.33,4.5895454545454495,2.25,4.25,3.25,1.1,2.0
2002-08-14,3.326,32.36,4.5895454545454495,2.25,4.25,3.25,1.1,2.0
2002-08-20,3.353,29.59,4.5895454545454495,2.25,4.25,3.25,1.1,2.0
2002-08-26,3.368,29.89,4.5895454545454495,2.25,4.25,3.25,1.1,2.0
2002-08-30,3.358,32.64,4.5895454545454495,2.25,4.25,3.25,1.1,2.0
2002-09-05,3.314,38.86,4.38523809523809,2.25,4.25,3.25,1.1,2.1
2002-09-11,3.315,34.81,4.38523809523809,2.25,4.25,3.25,1.1,2.1
2002-09-17,3.314,38.01,4.38523809523809,2.25,4.25,3.25,1.1,2.1
2002-09-23,3.297,39.68,4.38523809523809,2.25,4.25,3.25,1.1,2.1
2002-09-27,3.297,36.97,4.38523809523809,2.25,4.25,3.25,1.1,2.1
2002-10-03,3.265,37.31,4.46391304347826,2.25,4.25,3.25,1.1,2.1
2002-10-09,3.23,42.13,4.46391304347826,2.25,4.25,3.25,1.1,2.1
2002-10-15,3.281,34.02,4.46391304347826,2.25,4.25,3.25,1.1,2.1
2002-10-21,3.263,33.11,4.46391304347826,2.25,4.25,3.25,1.1,2.1
2002-10-25,3.253,30.0,4.46391304347826,2.25,4.25,3.25,1.1,2.1
2002-10-31,3.259,31.14,4.46391304347826,2.25,4.25,3.25,1.2,2.3
2002-11-06,3.214,30.73,4.47761904761905,2.25,4.25,3.25,1.2,2.3
2002-11-12,3.174,30.58,4.47761904761905,2.25,4.25,3.25,1.2,2.3
2002-11-18,3.1,27.66,4.47761904761905,2.25,4.25,3.25,1.2,2.3
2002-11-22,3.043,23.16,4.47761904761905,2.25,4.25,3.25,1.2,2.3
2002-11-28,3.055,23.16,4.47761904761905,2.25,4.25,3.25,1.2,2.3
2002-12-04,2.989,28.92,4.33555555555556,2.25,4.25,3.25,1.1,2.3
2002-12-10,2.918,28.76,4.33555555555556,1.75,3.75,2.75,1.1,2.3
2002-12-16,2.942,26.24,4.33555555555556,1.75,3.75,2.75,1.1,2.3
2002-12-20,2.943,26.71,4.33555555555556,1.75,3.75,2.75,1.1,2.3
2002-12-30,2.867,29.62,4.33555555555556,1.75,3.75,2.75,1.1,2.3
2003-01-06,2.86,24.91,4.18,1.75,3.75,2.75,1.1,2.3
2003-01-10,2.836,24.32,4.18,1.75,3.75,2.75,1.1,2.3
2003-01-16,2.828,25.01,4.18,1.75,3.75,2.75,1.1,2.3
2003-01-22,2.825,29.01,4.18,1.75,3.75,2.75,1.1,2.3
2003-01-28,2.818,31.93,4.18,1.75,3.75,2.75,1.1,2.3
2003-02-03,2.807,31.02,3.955,1.75,3.75,2.75,1.1,2.1
2003-02-07,2.763,34.01,3.955,1.75,3.75,2.75,1.1,2.1
2003-02-13,2.707,33.7,3.955,1.75,3.75,2.75,1.1,2.1
2003-02-19,2.687,31.31,3.955,1.75,3.75,2.75,1.1,2.1
2003-02-25,2.571,31.74,3.955,1.75,3.75,2.75,1.1,2.1
2003-03-03,2.503,30.43,4.00047619047619,1.75,3.75,2.75,1.2,2.4
2003-03-07,2.528,31.08,4.00047619047619,1.5,3.5,2.5,1.2,2.4
2003-03-13,2.545,31.76,4.00047619047619,1.5,3.5,2.5,1.2,2.4
2003-03-19,2.562,31.54,4.00047619047619,1.5,3.5,2.5,1.2,2.4
2003-03-25,2.528,28.75,4.00047619047619,1.5,3.5,2.5,1.2,2.4
2003-03-31,2.522,29.15,4.00047619047619,1.5,3.5,2.5,1.2,2.4
2003-04-04,2.517,29.13,4.147,1.5,3.5,2.5,1.2,2.4
2003-04-10,2.519,25.6,4.147,1.5,3.5,2.5,1.2,2.4
2003-04-16,2.561,22.52,4.147,1.5,3.5,2.5,1.2,2.4
2003-04-24,2.552,20.33,4.147,1.5,3.5,2.5,1.2,2.4
2003-04-30,2.53,21.21,4.147,1.5,3.5,2.5,1.0,2.1
2003-05-07,2.476,21.0,3.8152380952381,1.5,3.5,2.5,1.0,2.1
2003-05-13,2.464,19.91,3.8152380952381,1.5,3.5,2.5,1.0,2.1
2003-05-19,2.381,20.51,3.8152380952381,1.5,3.5,2.5,1.0,2.1
2003-05-23,2.345,19.17,3.8152380952381,1.5,3.5,2.5,1.0,2.1
2003-05-29,2.292,20.43,3.8152380952381,1.5,3.5,2.5,1.0,2.1
2003-06-04,2.185,20.62,3.6166666666666702,1.5,3.5,2.5,0.6,1.8
2003-06-10,2.133,20.64,3.6166666666666702,1.0,3.0,2.0,0.6,1.8
2003-06-16,2.129,20.22,3.6166666666666702,1.0,3.0,2.0,0.6,1.8
2003-06-20,2.142,19.14,3.6166666666666702,1.0,3.0,2.0,0.6,1.8
2003-06-26,2.14,19.4,3.6166666666666702,1.0,3.0,2.0,0.6,1.8
2003-07-02,2.142,19.03,3.97260869565217,1.0,3.0,2.0,1.0,2.0
2003-07-08,2.134,19.48,3.97260869565217,1.0,3.0,2.0,1.0,2.0
2003-07-14,2.129,19.59,3.97260869565217,1.0,3.0,2.0,1.0,2.0
2003-07-18,2.128,19.11,3.97260869565217,1.0,3.0,2.0,1.0,2.0
2003-07-24,2.122,18.6,3.97260869565217,1.0,3.0,2.0,1.0,2.0
2003-07-30,2.121,18.85,3.97260869565217,1.0,3.0,2.0,1.0,2.0
2003-08-05,2.138,22.68,4.13,1.0,3.0,2.0,0.9,1.9
2003-08-11,2.135,19.75,4.13,1.0,3.0,2.0,0.9,1.9
2003-08-15,2.138,18.27,4.13,1.0,3.0,2.0,0.9,1.9
2003-08-21,2.141,17.84,4.13,1.0,3.0,2.0,0.9,1.9
2003-08-27,2.154,19.13,4.13,1.0,3.0,2.0,0.9,1.9
2003-09-02,2.153,19.02,4.17136363636364,1.0,3.0,2.0,1.1,2.0
2003-09-08,2.157,18.26,4.17136363636364,1.0,3.0,2.0,1.1,2.0
2003-09-12,2.152,18.68,4.17136363636364,1.0,3.0,2.0,1.1,2.0
2003-09-18,2.15,17.57,4.17136363636364,1.0,3.0,2.0,1.1,2.0
2003-09-24,2.135,21.22,4.17136363636364,1.0,3.0,2.0,1.1,2.0
2003-09-30,2.128,22.72,4.17136363636364,1.0,3.0,2.0,1.1,2.1
2003-10-06,2.145,19.51,4.22130434782609,1.0,3.0,2.0,1.1,2.1
2003-10-10,2.135,18.45,4.22130434782609,1.0,3.0,2.0,1.1,2.1
2003-10-16,2.14,17.19,4.22130434782609,1.0,3.0,2.0,1.1,2.1
2003-10-22,2.152,17.67,4.22130434782609,1.0,3.0,2.0,1.1,2.1
2003-10-28,2.154,16.82,4.22130434782609,1.0,3.0,2.0,1.1,2.1
2003-11-03,2.163,16.55,4.353,1.0,3.0,2.0,1.2,2.0
2003-11-07,2.169,16.93,4.353,1.0,3.0,2.0,1.2,2.0
2003-11-13,2.171,16.47,4.353,1.0,3.0,2.0,1.2,2.0
2003-11-19,2.147,18.8,4.353,1.0,3.0,2.0,1.2,2.0
2003-11-25,2.152,16.71,4.353,1.0,3.0,2.0,1.2,2.0
2003-12-01,2.16,16.77,4.2910526315789514,1.0,3.0,2.0,1.4,2.2
2003-12-05,2.154,17.09,4.2910526315789514,1.0,3.0,2.0,1.4,2.2
2003-12-11,2.15,16.73,4.2910526315789514,1.0,3.0,2.0,1.4,2.2
2003-12-17,2.144,15.58,4.2910526315789514,1.0,3.0,2.0,1.4,2.2
2003-12-23,2.142,16.49,4.2910526315789514,1.0,3.0,2.0,1.4,2.2
2003-12-31,2.124,18.31,4.2910526315789514,1.0,3.0,2.0,1.1,2.0
2004-01-07,2.104,15.5,4.17095238095238,1.0,3.0,2.0,1.1,2.0
2004-01-13,2.092,18.04,4.17095238095238,1.0,3.0,2.0,1.1,2.0
2004-01-19,2.077,18.04,4.17095238095238,1.0,3.0,2.0,1.1,2.0
2004-01-23,2.073,14.84,4.17095238095238,1.0,3.0,2.0,1.1,2.0
2004-01-29,2.091,17.14,4.17095238095238,1.0,3.0,2.0,1.1,2.0
2004-02-04,2.085,17.87,4.11,1.0,3.0,2.0,1.1,1.8
2004-02-10,2.07,15.94,4.11,1.0,3.0,2.0,1.1,1.8
2004-02-16,2.065,15.94,4.11,1.0,3.0,2.0,1.1,1.8
2004-02-20,2.061,16.04,4.11,1.0,3.0,2.0,1.1,1.8
2004-02-26,2.053,14.83,4.11,1.0,3.0,2.0,1.1,1.8
2004-03-03,2.057,14.55,3.9134782608695695,1.0,3.0,2.0,0.8,1.6
2004-03-09,2.052,16.6,3.9134782608695695,1.0,3.0,2.0,0.8,1.6
2004-03-15,2.052,21.13,3.9134782608695695,1.0,3.0,2.0,0.8,1.6
2004-03-19,2.034,19.15,3.9134782608695695,1.0,3.0,2.0,0.8,1.6
2004-03-25,1.989,17.88,3.9134782608695695,1.0,3.0,2.0,0.8,1.6
2004-03-31,1.958,16.74,3.9134782608695695,1.0,3.0,2.0,1.1,1.7
2004-04-06,2.051,15.32,4.097,1.0,3.0,2.0,1.1,1.7
2004-04-14,2.048,15.62,4.097,1.0,3.0,2.0,1.1,1.7
2004-04-20,2.052,16.67,4.097,1.0,3.0,2.0,1.1,1.7
2004-04-26,2.064,14.77,4.097,1.0,3.0,2.0,1.1,1.7
2004-04-30,2.073,17.19,4.097,1.0,3.0,2.0,1.7,2.1
2004-05-06,2.074,17.05,4.253333333333329,1.0,3.0,2.0,1.7,2.1
2004-05-12,2.084,18.14,4.253333333333329,1.0,3.0,2.0,1.7,2.1
2004-05-18,2.091,19.33,4.253333333333329,1.0,3.0,2.0,1.7,2.1
2004-05-24,2.093,18.08,4.253333333333329,1.0,3.0,2.0,1.7,2.1
2004-05-28,2.087,15.5,4.253333333333329,1.0,3.0,2.0,1.7,2.1
2004-06-03,2.096,17.03,4.312727272727272,1.0,3.0,2.0,2.2,2.5
2004-06-09,2.103,15.39,4.312727272727272,1.0,3.0,2.0,2.2,2.5
2004-06-15,2.121,15.05,4.312727272727272,1.0,3.0,2.0,2.2,2.5
2004-06-21,2.124,15.26,4.312727272727272,1.0,3.0,2.0,2.2,2.5
2004-06-28,2.121,16.07,4.312727272727272,1.0,3.0,2.0,2.2,2.5
2004-07-02,2.116,15.08,4.23681818181818,1.0,3.0,2.0,1.9,2.4
2004-07-08,2.114,16.2,4.23681818181818,1.0,3.0,2.0,1.9,2.4
2004-07-14,2.115,13.76,4.23681818181818,1.0,3.0,2.0,1.9,2.4
2004-07-20,2.115,14.17,4.23681818181818,1.0,3.0,2.0,1.9,2.4
2004-07-26,2.117,17.3,4.23681818181818,1.0,3.0,2.0,1.9,2.4
2004-07-30,2.116,15.32,4.23681818181818,1.0,3.0,2.0,1.9,2.4
2004-08-05,2.116,18.32,4.08045454545455,1.0,3.0,2.0,1.9,2.3
2004-08-11,2.113,18.04,4.08045454545455,1.0,3.0,2.0,1.9,2.3
2004-08-17,2.113,17.02,4.08045454545455,1.0,3.0,2.0,1.9,2.3
2004-08-23,2.114,15.88,4.08045454545455,1.0,3.0,2.0,1.9,2.3
2004-08-27,2.115,14.71,4.08045454545455,1.0,3.0,2.0,1.9,2.3
2004-09-02,2.111,14.28,4.01636363636364,1.0,3.0,2.0,2.2,2.4
2004-09-08,2.115,14.06,4.01636363636364,1.0,3.0,2.0,2.2,2.4
2004-09-14,2.116,13.56,4.01636363636364,1.0,3.0,2.0,2.2,2.4
2004-09-20,2.115,14.43,4.01636363636364,1.0,3.0,2.0,2.2,2.4
2004-09-24,2.116,14.28,4.01636363636364,1.0,3.0,2.0,2.2,2.4
2004-09-30,2.15,13.34,4.01636363636364,1.0,3.0,2.0,1.9,2.1
2004-10-06,2.15,13.28,3.8947619047619,1.0,3.0,2.0,1.9,2.1
2004-10-12,2.146,15.05,3.8947619047619,1.0,3.0,2.0,1.9,2.1
2004-10-18,2.145,14.71,3.8947619047619,1.0,3.0,2.0,1.9,2.1
2004-10-22,2.145,15.28,3.8947619047619,1.0,3.0,2.0,1.9,2.1
2004-10-28,2.152,15.39,3.8947619047619,1.0,3.0,2.0,1.9,2.1
2004-11-03,2.158,14.04,3.780454545454551,1.0,3.0,2.0,2.2,2.4
2004-11-09,2.17,13.61,3.780454545454551,1.0,3.0,2.0,2.2,2.4
2004-11-15,2.173,13.38,3.780454545454551,1.0,3.0,2.0,2.2,2.4
2004-11-19,2.176,13.5,3.780454545454551,1.0,3.0,2.0,2.2,2.4
2004-11-25,2.176,13.5,3.780454545454551,1.0,3.0,2.0,2.2,2.4
2004-12-01,2.174,12.97,3.57952380952381,1.0,3.0,2.0,1.9,2.2
2004-12-07,2.171,13.67,3.57952380952381,1.0,3.0,2.0,1.9,2.2
2004-12-13,2.174,12.54,3.57952380952381,1.0,3.0,2.0,1.9,2.2
2004-12-17,2.175,11.95,3.57952380952381,1.0,3.0,2.0,1.9,2.2
2004-12-23,2.178,11.23,3.57952380952381,1.0,3.0,2.0,1.9,2.2
2004-12-29,2.18,11.62,3.57952380952381,1.0,3.0,2.0,1.9,2.2
2005-01-04,2.151,13.98,3.5647619047619,1.0,3.0,2.0,2.3,2.3
2005-01-10,2.146,13.23,3.5647619047619,1.0,3.0,2.0,2.3,2.3
2005-01-14,2.144,12.43,3.5647619047619,1.0,3.0,2.0,2.3,2.3
2005-01-20,2.144,13.83,3.5647619047619,1.0,3.0,2.0,2.3,2.3
2005-01-26,2.143,13.44,3.5647619047619,1.0,3.0,2.0,2.3,2.3
2005-02-01,2.142,12.03,3.544,1.0,3.0,2.0,1.7,1.9
2005-02-07,2.142,11.73,3.544,1.0,3.0,2.0,1.7,1.9
2005-02-11,2.14,11.43,3.544,1.0,3.0,2.0,1.7,1.9
2005-02-17,2.135,11.77,3.544,1.0,3.0,2.0,1.7,1.9
2005-02-23,2.135,12.39,3.544,1.0,3.0,2.0,1.7,1.9
2005-03-01,2.136,12.04,3.69619047619048,1.0,3.0,2.0,1.8,2.1
2005-03-07,2.133,12.26,3.69619047619048,1.0,3.0,2.0,1.8,2.1
2005-03-11,2.135,12.8,3.69619047619048,1.0,3.0,2.0,1.8,2.1
2005-03-17,2.136,13.29,3.69619047619048,1.0,3.0,2.0,1.8,2.1
2005-03-23,2.142,14.06,3.69619047619048,1.0,3.0,2.0,1.8,2.1
2005-03-31,2.147,14.02,3.69619047619048,1.0,3.0,2.0,1.8,2.2
2005-04-06,2.148,13.15,3.48238095238095,1.0,3.0,2.0,1.8,2.2
2005-04-12,2.14,11.3,3.48238095238095,1.0,3.0,2.0,1.8,2.2
2005-04-18,2.134,16.56,3.48238095238095,1.0,3.0,2.0,1.8,2.2
2005-04-22,2.133,15.38,3.48238095238095,1.0,3.0,2.0,1.8,2.2
2005-04-28,2.128,16.86,3.48238095238095,1.0,3.0,2.0,1.8,2.2
2005-05-04,2.125,13.85,3.30409090909091,1.0,3.0,2.0,1.4,2.1
2005-05-10,2.125,14.91,3.30409090909091,1.0,3.0,2.0,1.4,2.1
2005-05-16,2.126,15.68,3.30409090909091,1.0,3.0,2.0,1.4,2.1
2005-05-20,2.126,13.14,3.30409090909091,1.0,3.0,2.0,1.4,2.1
2005-05-26,2.125,12.24,3.30409090909091,1.0,3.0,2.0,1.4,2.1
2005-06-01,2.124,12.36,3.12636363636364,1.0,3.0,2.0,1.5,2.0
2005-06-07,2.116,12.39,3.12636363636364,1.0,3.0,2.0,1.5,2.0
2005-06-13,2.111,11.65,3.12636363636364,1.0,3.0,2.0,1.5,2.0
2005-06-17,2.116,11.48,3.12636363636364,1.0,3.0,2.0,1.5,2.0
2005-06-23,2.102,12.13,3.12636363636364,1.0,3.0,2.0,1.5,2.0
2005-06-29,2.104,11.77,3.12636363636364,1.0,3.0,2.0,1.5,2.0
2005-07-05,2.114,11.68,3.20571428571429,1.0,3.0,2.0,1.7,2.0
2005-07-11,2.115,11.28,3.20571428571429,1.0,3.0,2.0,1.7,2.0
2005-07-15,2.122,10.33,3.20571428571429,1.0,3.0,2.0,1.7,2.0
2005-07-21,2.123,10.97,3.20571428571429,1.0,3.0,2.0,1.7,2.0
2005-07-27,2.126,10.36,3.20571428571429,1.0,3.0,2.0,1.7,2.0
2005-08-02,2.127,11.75,3.23260869565217,1.0,3.0,2.0,1.9,2.1
2005-08-08,2.133,13.21,3.23260869565217,1.0,3.0,2.0,1.9,2.1
2005-08-12,2.134,12.74,3.23260869565217,1.0,3.0,2.0,1.9,2.1
2005-08-18,2.132,13.42,3.23260869565217,1.0,3.0,2.0,1.9,2.1
2005-08-24,2.132,14.17,3.23260869565217,1.0,3.0,2.0,1.9,2.1
2005-08-30,2.134,13.65,3.23260869565217,1.0,3.0,2.0,1.9,2.1
2005-09-05,2.131,13.65,3.06772727272727,1.0,3.0,2.0,1.9,2.2
2005-09-09,2.134,11.98,3.06772727272727,1.0,3.0,2.0,1.9,2.2
2005-09-15,2.136,12.49,3.06772727272727,1.0,3.0,2.0,1.9,2.2
2005-09-21,2.136,13.79,3.06772727272727,1.0,3.0,2.0,1.9,2.2
2005-09-27,2.144,12.76,3.06772727272727,1.0,3.0,2.0,1.9,2.2
2005-10-03,2.178,12.46,3.23857142857143,1.0,3.0,2.0,2.6,2.6
2005-10-07,2.192,14.59,3.23857142857143,1.0,3.0,2.0,2.6,2.6
2005-10-13,2.185,16.47,3.23857142857143,1.0,3.0,2.0,2.6,2.6
2005-10-19,2.188,13.5,3.23857142857143,1.0,3.0,2.0,2.6,2.6
2005-10-25,2.186,14.53,3.23857142857143,1.0,3.0,2.0,2.6,2.6
2005-10-31,2.263,15.32,3.23857142857143,1.0,3.0,2.0,2.4,2.5
2005-11-04,2.265,13.17,3.44818181818182,1.0,3.0,2.0,2.4,2.5
2005-11-10,2.324,11.9,3.44818181818182,1.0,3.0,2.0,2.4,2.5
2005-11-16,2.35,12.26,3.44818181818182,1.0,3.0,2.0,2.4,2.5
2005-11-22,2.437,10.6,3.44818181818182,1.0,3.0,2.0,2.4,2.5
2005-11-28,2.461,11.84,3.44818181818182,1.0,3.0,2.0,2.4,2.5
2005-12-02,2.452,11.01,3.33761904761905,1.0,3.0,2.0,2.3,2.3
2005-12-08,2.452,12.21,3.33761904761905,1.25,3.25,2.25,2.3,2.3
2005-12-14,2.463,10.48,3.33761904761905,1.25,3.25,2.25,2.3,2.3
2005-12-20,2.489,11.19,3.33761904761905,1.25,3.25,2.25,2.3,2.3
2005-12-26,2.495,11.19,3.33761904761905,1.25,3.25,2.25,2.3,2.3
2005-12-30,2.488,12.07,3.33761904761905,1.25,3.25,2.25,2.3,2.3
2006-01-05,2.49,11.31,3.32136363636364,1.25,3.25,2.25,2.1,2.3
2006-01-11,2.502,10.94,3.32136363636364,1.25,3.25,2.25,2.1,2.3
2006-01-17,2.508,11.91,3.32136363636364,1.25,3.25,2.25,2.1,2.3
2006-01-23,2.524,13.93,3.32136363636364,1.25,3.25,2.25,2.1,2.3
2006-01-27,2.536,11.97,3.32136363636364,1.25,3.25,2.25,2.1,2.3
2006-02-02,2.563,13.23,3.4725,1.25,3.25,2.25,2.1,2.4
2006-02-08,2.575,12.83,3.4725,1.25,3.25,2.25,2.1,2.4
2006-02-14,2.596,12.25,3.4725,1.25,3.25,2.25,2.1,2.4
2006-02-20,2.609,12.25,3.4725,1.25,3.25,2.25,2.1,2.4
2006-02-24,2.644,11.46,3.4725,1.25,3.25,2.25,2.1,2.4
2006-03-02,2.674,11.72,3.637391304347831,1.25,3.25,2.25,2.1,2.4
2006-03-08,2.694,12.32,3.637391304347831,1.5,3.5,2.5,2.1,2.4
2006-03-14,2.704,10.74,3.637391304347831,1.5,3.5,2.5,2.1,2.4
2006-03-20,2.723,11.79,3.637391304347831,1.5,3.5,2.5,2.1,2.4
2006-03-24,2.741,11.19,3.637391304347831,1.5,3.5,2.5,2.1,2.4
2006-03-30,2.814,11.57,3.637391304347831,1.5,3.5,2.5,2.1,2.4
2006-04-05,2.824,11.13,3.895,1.5,3.5,2.5,1.9,2.2
2006-04-11,2.762,13.0,3.895,1.5,3.5,2.5,1.9,2.2
2006-04-19,2.77,11.32,3.895,1.5,3.5,2.5,1.9,2.2
2006-04-25,2.79,11.75,3.895,1.5,3.5,2.5,1.9,2.2
2006-05-02,2.86,11.99,3.96272727272727,1.5,3.5,2.5,2.2,2.4
2006-05-08,2.866,12.0,3.96272727272727,1.5,3.5,2.5,2.2,2.4
2006-05-12,2.885,14.19,3.96272727272727,1.5,3.5,2.5,2.2,2.4
2006-05-18,2.893,16.99,3.96272727272727,1.5,3.5,2.5,2.2,2.4
2006-05-24,2.905,17.36,3.96272727272727,1.5,3.5,2.5,2.2,2.4
2006-05-30,2.922,18.66,3.96272727272727,1.5,3.5,2.5,2.2,2.4
2006-06-05,2.957,16.65,3.9604545454545503,1.5,3.5,2.5,2.1,2.5
2006-06-09,2.953,18.12,3.9604545454545503,1.5,3.5,2.5,2.1,2.5
2006-06-15,2.963,15.9,3.9604545454545503,1.75,3.75,2.75,2.1,2.5
2006-06-21,2.985,15.52,3.9604545454545503,1.75,3.75,2.75,2.1,2.5
2006-06-27,3.041,16.4,3.9604545454545503,1.75,3.75,2.75,2.1,2.5
2006-07-03,3.055,13.05,4.01,1.75,3.75,2.75,2.1,2.5
2006-07-07,3.075,13.97,4.01,1.75,3.75,2.75,2.1,2.5
2006-07-13,3.09,17.79,4.01,1.75,3.75,2.75,2.1,2.5
2006-07-19,3.114,15.55,4.01,1.75,3.75,2.75,2.1,2.5
2006-07-25,3.134,14.85,4.01,1.75,3.75,2.75,2.1,2.5
2006-07-31,3.161,14.95,4.01,1.75,3.75,2.75,2.1,2.4
2006-08-04,3.201,14.34,3.88391304347826,1.75,3.75,2.75,2.1,2.4
2006-08-10,3.215,14.46,3.88391304347826,2.0,4.0,3.0,2.1,2.4
2006-08-16,3.227,12.41,3.88391304347826,2.0,4.0,3.0,2.1,2.4
2006-08-22,3.249,12.19,3.88391304347826,2.0,4.0,3.0,2.1,2.4
2006-08-28,3.254,12.18,3.88391304347826,2.0,4.0,3.0,2.1,2.4
2006-09-01,3.267,11.96,3.75380952380952,2.0,4.0,3.0,1.7,2.3
2006-09-07,3.294,13.88,3.75380952380952,2.0,4.0,3.0,1.7,2.3
2006-09-13,3.321,11.18,3.75380952380952,2.0,4.0,3.0,1.7,2.3
2006-09-19,3.349,11.98,3.75380952380952,2.0,4.0,3.0,1.7,2.3
2006-09-25,3.374,12.12,3.75380952380952,2.0,4.0,3.0,1.7,2.3
2006-09-29,3.417,11.98,3.75380952380952,2.0,4.0,3.0,1.7,2.3
2006-10-05,3.464,11.98,3.7877272727272704,2.0,4.0,3.0,0.9,1.8
2006-10-11,3.487,11.62,3.7877272727272704,2.25,4.25,3.25,0.9,1.8
2006-10-17,3.503,11.73,3.7877272727272704,2.25,4.25,3.25,0.9,1.8
2006-10-23,3.526,11.08,3.7877272727272704,2.25,4.25,3.25,0.9,1.8
2006-10-27,3.554,10.8,3.7877272727272704,2.25,4.25,3.25,0.9,1.8
2006-11-02,3.566,11.42,3.71409090909091,2.25,4.25,3.25,1.0,1.6
2006-11-08,3.577,10.75,3.71409090909091,2.25,4.25,3.25,1.0,1.6
2006-11-14,3.593,10.5,3.71409090909091,2.25,4.25,3.25,1.0,1.6
2006-11-20,3.603,9.97,3.71409090909091,2.25,4.25,3.25,1.0,1.6
2006-11-24,3.624,10.73,3.71409090909091,2.25,4.25,3.25,1.0,1.6
2006-11-30,3.636,10.91,3.71409090909091,2.25,4.25,3.25,1.5,1.8
2006-12-06,3.653,11.33,3.7705263157894704,2.25,4.25,3.25,1.5,1.8
2006-12-12,3.674,10.65,3.7705263157894704,2.25,4.25,3.25,1.5,1.8
2006-12-18,3.699,10.6,3.7705263157894704,2.5,4.5,3.5,1.5,1.8
2006-12-22,3.716,11.36,3.7705263157894704,2.5,4.5,3.5,1.5,1.8
2006-12-28,3.723,10.99,3.7705263157894704,2.5,4.5,3.5,1.5,1.8
2007-01-04,3.734,11.51,4.01681818181818,2.5,4.5,3.5,1.4,1.9
2007-01-10,3.745,11.47,4.01681818181818,2.5,4.5,3.5,1.4,1.9
2007-01-16,3.746,10.74,4.01681818181818,2.5,4.5,3.5,1.4,1.9
2007-01-22,3.755,10.77,4.01681818181818,2.5,4.5,3.5,1.4,1.9
2007-01-26,3.772,11.13,4.01681818181818,2.5,4.5,3.5,1.4,1.9
2007-02-01,3.785,10.31,4.049,2.5,4.5,3.5,1.7,1.8
2007-02-07,3.786,10.32,4.049,2.5,4.5,3.5,1.7,1.8
2007-02-13,3.814,10.34,4.049,2.5,4.5,3.5,1.7,1.8
2007-02-19,3.831,10.34,4.049,2.5,4.5,3.5,1.7,1.8
2007-02-23,3.846,10.58,4.049,2.5,4.5,3.5,1.7,1.8
2007-03-01,3.856,15.82,3.9409090909090896,2.5,4.5,3.5,1.9,1.8
2007-03-07,3.868,15.24,3.9409090909090896,2.5,4.5,3.5,1.9,1.8
2007-03-13,3.889,18.13,3.9409090909090896,2.5,4.5,3.5,1.9,1.8
2007-03-19,3.892,14.59,3.9409090909090896,2.75,4.75,3.75,1.9,1.8
2007-03-23,3.904,12.95,3.9409090909090896,2.75,4.75,3.75,1.9,1.8
2007-03-29,3.922,15.14,3.9409090909090896,2.75,4.75,3.75,1.9,1.8
2007-04-04,3.944,13.24,4.1521052631579,2.75,4.75,3.75,2.0,1.9
2007-04-10,3.955,12.68,4.1521052631579,2.75,4.75,3.75,2.0,1.9
2007-04-16,3.975,11.98,4.1521052631579,2.75,4.75,3.75,2.0,1.9
2007-04-20,3.988,12.07,4.1521052631579,2.75,4.75,3.75,2.0,1.9
2007-04-26,4.005,12.79,4.1521052631579,2.75,4.75,3.75,2.0,1.9
2007-05-02,4.023,13.08,4.27904761904762,2.75,4.75,3.75,2.1,1.9
2007-05-08,4.043,13.21,4.27904761904762,2.75,4.75,3.75,2.1,1.9
2007-05-14,4.063,13.96,4.27904761904762,2.75,4.75,3.75,2.1,1.9
2007-05-18,4.077,12.76,4.27904761904762,2.75,4.75,3.75,2.1,1.9
2007-05-24,4.095,14.08,4.27904761904762,2.75,4.75,3.75,2.1,1.9
2007-05-30,4.113,12.83,4.27904761904762,2.75,4.75,3.75,2.1,1.9
2007-06-05,4.126,13.63,4.560476190476191,2.75,4.75,3.75,2.0,1.9
2007-06-11,4.14,14.71,4.560476190476191,2.75,4.75,3.75,2.0,1.9
2007-06-15,4.148,13.94,4.560476190476191,3.0,5.0,4.0,2.0,1.9
2007-06-21,4.159,14.21,4.560476190476191,3.0,5.0,4.0,2.0,1.9
2007-06-27,4.164,15.53,4.560476190476191,3.0,5.0,4.0,2.0,1.9
2007-07-03,4.182,14.92,4.505,3.0,5.0,4.0,2.0,1.9
2007-07-09,4.197,15.16,4.505,3.0,5.0,4.0,2.0,1.9
2007-07-13,4.214,15.15,4.505,3.0,5.0,4.0,2.0,1.9
2007-07-19,4.226,15.23,4.505,3.0,5.0,4.0,2.0,1.9
2007-07-25,4.239,18.1,4.505,3.0,5.0,4.0,2.0,1.9
2007-07-31,4.26,23.52,4.505,3.0,5.0,4.0,2.1,1.8
2007-08-06,4.309,22.94,4.29652173913043,3.0,5.0,4.0,2.1,1.8
2007-08-10,4.451,28.3,4.29652173913043,3.0,5.0,4.0,2.1,1.8
2007-08-16,4.574,30.83,4.29652173913043,3.0,5.0,4.0,2.1,1.8
2007-08-22,4.676,22.89,4.29652173913043,3.0,5.0,4.0,2.1,1.8
2007-08-28,4.717,26.3,4.29652173913043,3.0,5.0,4.0,2.1,1.8
2007-09-03,4.741,26.3,4.226,3.0,5.0,4.0,1.9,1.7
2007-09-07,4.752,26.23,4.226,3.0,5.0,4.0,1.9,1.7
2007-09-13,4.73,24.76,4.226,3.0,5.0,4.0,1.9,1.7
2007-09-19,4.723,20.03,4.226,3.0,5.0,4.0,1.9,1.7
2007-09-25,4.725,18.6,4.226,3.0,5.0,4.0,1.9,1.7
2007-10-01,4.791,17.84,4.282608695652169,3.0,5.0,4.0,2.6,2.1
2007-10-05,4.775,16.91,4.282608695652169,3.0,5.0,4.0,2.6,2.1
2007-10-11,4.732,18.88,4.282608695652169,3.0,5.0,4.0,2.6,2.1
2007-10-17,4.655,18.54,4.282608695652169,3.0,5.0,4.0,2.6,2.1
2007-10-23,4.63,20.41,4.282608695652169,3.0,5.0,4.0,2.6,2.1
2007-10-29,4.606,19.87,4.282608695652169,3.0,5.0,4.0,2.6,2.1
2007-11-02,4.591,23.01,4.0890909090909116,3.0,5.0,4.0,2.6,2.5
2007-11-08,4.579,26.16,4.0890909090909116,3.0,5.0,4.0,2.6,2.5
2007-11-14,4.576,25.94,4.0890909090909116,3.0,5.0,4.0,2.6,2.5
2007-11-20,4.636,24.88,4.0890909090909116,3.0,5.0,4.0,2.6,2.5
2007-11-26,4.713,28.91,4.0890909090909116,3.0,5.0,4.0,2.6,2.5
2007-11-30,4.81,22.87,4.0890909090909116,3.0,5.0,4.0,3.3,3.1
2007-12-06,4.884,20.96,4.20588235294118,3.0,5.0,4.0,3.3,3.1
2007-12-12,4.953,22.47,4.20588235294118,3.0,5.0,4.0,3.3,3.1
2007-12-18,4.876,22.64,4.20588235294118,3.0,5.0,4.0,3.3,3.1
2007-12-24,4.765,18.6,4.20588235294118,3.0,5.0,4.0,3.3,3.1
2008-01-02,4.665,23.17,4.0277272727272715,3.0,5.0,4.0,3.1,3.1
2008-01-08,4.598,25.43,4.0277272727272715,3.0,5.0,4.0,3.1,3.1
2008-01-14,4.558,22.9,4.0277272727272715,3.0,5.0,4.0,3.1,3.1
2008-01-18,4.411,27.18,4.0277272727272715,3.0,5.0,4.0,3.1,3.1
2008-01-24,4.302,27.78,4.0277272727272715,3.0,5.0,4.0,3.1,3.1
2008-01-30,4.381,27.62,4.0277272727272715,3.0,5.0,4.0,3.1,3.1
2008-02-05,4.372,28.24,3.95285714285714,3.0,5.0,4.0,3.0,3.2
2008-02-11,4.334,27.6,3.95285714285714,3.0,5.0,4.0,3.0,3.2
2008-02-15,4.355,25.02,3.95285714285714,3.0,5.0,4.0,3.0,3.2
2008-02-21,4.373,25.12,3.95285714285714,3.0,5.0,4.0,3.0,3.2
2008-02-27,4.386,22.69,3.95285714285714,3.0,5.0,4.0,3.0,3.2
2008-03-04,4.391,25.52,3.7994736842105294,3.0,5.0,4.0,3.0,3.3
2008-03-10,4.558,29.38,3.7994736842105294,3.0,5.0,4.0,3.0,3.3
2008-03-14,4.617,31.16,3.7994736842105294,3.0,5.0,4.0,3.0,3.3
2008-03-20,4.674,26.62,3.7994736842105294,3.0,5.0,4.0,3.0,3.3
2008-03-26,4.718,26.08,3.7994736842105294,3.0,5.0,4.0,3.0,3.3
2008-04-01,4.731,22.68,4.04,3.0,5.0,4.0,3.3,3.6
2008-04-07,4.742,22.42,4.04,3.0,5.0,4.0,3.3,3.6
2008-04-11,4.747,23.46,4.04,3.0,5.0,4.0,3.3,3.6
2008-04-17,4.784,20.37,4.04,3.0,5.0,4.0,3.3,3.6
2008-04-23,4.829,20.26,4.04,3.0,5.0,4.0,3.3,3.6
2008-04-29,4.857,20.24,4.04,3.0,5.0,4.0,3.3,3.6
2008-05-06,4.857,18.21,4.20190476190476,3.0,5.0,4.0,2.6,3.3
2008-05-12,4.857,17.79,4.20190476190476,3.0,5.0,4.0,2.6,3.3
2008-05-16,4.859,16.47,4.20190476190476,3.0,5.0,4.0,2.6,3.3
2008-05-22,4.855,18.05,4.20190476190476,3.0,5.0,4.0,2.6,3.3
2008-05-28,4.857,19.07,4.20190476190476,3.0,5.0,4.0,2.6,3.3
2008-06-03,4.864,20.24,4.520476190476191,3.0,5.0,4.0,3.2,3.7
2008-06-09,4.961,23.12,4.520476190476191,3.0,5.0,4.0,3.2,3.7
2008-06-13,4.961,21.22,4.520476190476191,3.0,5.0,4.0,3.2,3.7
2008-06-19,4.961,21.58,4.520476190476191,3.0,5.0,4.0,3.2,3.7
2008-06-25,4.958,21.14,4.520476190476191,3.0,5.0,4.0,3.2,3.7
2008-07-01,4.955,23.65,4.4904347826087,3.0,5.0,4.0,3.4,3.9
2008-07-07,4.96,25.78,4.4904347826087,3.0,5.0,4.0,3.4,3.9
2008-07-11,4.963,27.49,4.4904347826087,3.25,5.25,4.25,3.4,3.9
2008-07-17,4.958,25.01,4.4904347826087,3.25,5.25,4.25,3.4,3.9
2008-07-23,4.963,21.31,4.4904347826087,3.25,5.25,4.25,3.4,3.9
2008-07-29,4.961,22.03,4.4904347826087,3.25,5.25,4.25,3.4,3.9
2008-08-04,4.97,23.49,4.202380952380951,3.25,5.25,4.25,3.4,4.1
2008-08-08,4.966,20.66,4.202380952380951,3.25,5.25,4.25,3.4,4.1
2008-08-14,4.964,20.34,4.202380952380951,3.25,5.25,4.25,3.4,4.1
2008-08-20,4.964,20.42,4.202380952380951,3.25,5.25,4.25,3.4,4.1
2008-08-26,4.965,20.49,4.202380952380951,3.25,5.25,4.25,3.4,4.1
2008-09-01,4.961,20.49,4.0940909090909114,3.25,5.25,4.25,3.3,3.8
2008-09-05,4.96,23.06,4.0940909090909114,3.25,5.25,4.25,3.3,3.8
2008-09-11,4.958,24.39,4.0940909090909114,3.25,5.25,4.25,3.3,3.8
2008-09-17,4.973,36.22,4.0940909090909114,3.25,5.25,4.25,3.3,3.8
2008-09-23,5.055,35.72,4.0940909090909114,3.25,5.25,4.25,3.3,3.8
2008-09-29,5.237,46.72,4.0940909090909114,3.25,5.25,4.25,3.3,3.8
2008-10-03,5.339,45.14,3.8834782608695697,3.25,5.25,4.25,3.0,3.6
2008-10-09,5.393,63.92,3.8834782608695697,3.25,4.25,4.25,3.0,3.6
2008-10-15,5.168,69.25,3.8834782608695697,3.25,4.25,3.75,3.0,3.6
2008-10-21,4.968,53.11,3.8834782608695697,3.25,4.25,3.75,3.0,3.6
2008-10-27,4.912,80.06,3.8834782608695697,3.25,4.25,3.75,3.0,3.6
2008-10-31,4.76,59.89,3.8834782608695697,3.25,4.25,3.75,2.6,3.2
2008-11-06,4.592,63.68,3.5565,3.25,4.25,3.75,2.6,3.2
2008-11-12,4.286,66.46,3.5565,2.75,3.75,3.25,2.6,3.2
2008-11-18,4.153,67.64,3.5565,2.75,3.75,3.25,2.6,3.2
2008-11-24,3.97,64.7,3.5565,2.75,3.75,3.25,2.6,3.2
2008-11-28,3.853,55.84,3.5565,2.75,3.75,3.25,2.6,3.2
2008-12-04,3.669,63.64,3.0478947368421094,2.75,3.75,3.25,1.4,2.1
2008-12-10,3.376,55.73,3.0478947368421094,2.0,3.0,2.5,1.4,2.1
2008-12-16,3.204,52.37,3.0478947368421094,2.0,3.0,2.5,1.4,2.1
2008-12-22,3.053,44.56,3.0478947368421094,2.0,3.0,2.5,1.4,2.1
2008-12-30,2.928,41.63,3.0478947368421094,2.0,3.0,2.5,1.4,2.1
2009-01-06,2.797,38.56,3.07095238095238,2.0,3.0,2.5,1.1,1.6
2009-01-12,2.653,45.84,3.07095238095238,2.0,3.0,2.5,1.1,1.6
2009-01-16,2.453,46.11,3.07095238095238,2.0,3.0,2.5,1.1,1.6
2009-01-22,2.254,47.29,3.07095238095238,1.0,3.0,2.0,1.1,1.6
2009-01-28,2.115,39.66,3.07095238095238,1.0,3.0,2.0,1.1,1.6
2009-02-03,2.064,43.06,3.1275,1.0,3.0,2.0,1.0,1.1
2009-02-09,2.005,43.64,3.1275,1.0,3.0,2.0,1.0,1.1
2009-02-13,1.943,42.93,3.1275,1.0,3.0,2.0,1.0,1.1
2009-02-19,1.888,47.08,3.1275,1.0,3.0,2.0,1.0,1.1
2009-02-25,1.848,44.67,3.1275,1.0,3.0,2.0,1.0,1.1
2009-03-03,1.799,50.93,3.01954545454545,1.0,3.0,2.0,1.1,1.2
2009-03-09,1.703,49.68,3.01954545454545,1.0,3.0,2.0,1.1,1.2
2009-03-13,1.64,42.36,3.01954545454545,0.5,2.5,1.5,1.1,1.2
2009-03-19,1.584,43.68,3.01954545454545,0.5,2.5,1.5,1.1,1.2
2009-03-25,1.548,42.25,3.01954545454545,0.5,2.5,1.5,1.1,1.2
2009-03-31,1.51,44.14,3.01954545454545,0.5,2.5,1.5,0.3,0.6
2009-04-06,1.466,40.93,3.133,0.5,2.5,1.5,0.3,0.6
2009-04-14,1.423,37.67,3.133,0.25,2.25,1.25,0.3,0.6
2009-04-20,1.405,39.18,3.133,0.25,2.25,1.25,0.3,0.6
2009-04-24,1.4,36.82,3.133,0.25,2.25,1.25,0.3,0.6
2009-04-30,1.365,36.5,3.133,0.25,2.25,1.25,0.7,0.6
2009-05-07,1.327,33.44,3.371,0.25,2.25,1.25,0.7,0.6
2009-05-13,1.281,33.65,3.371,0.25,1.75,1.0,0.7,0.6
2009-05-19,1.237,28.8,3.371,0.25,1.75,1.0,0.7,0.6
2009-05-25,1.264,28.8,3.371,0.25,1.75,1.0,0.7,0.6
2009-05-29,1.269,28.92,3.371,0.25,1.75,1.0,0.7,0.6
2009-06-04,1.26,30.18,3.47363636363636,0.25,1.75,1.0,-0.1,0.0
2009-06-10,1.283,28.46,3.47363636363636,0.25,1.75,1.0,-0.1,0.0
2009-06-16,1.252,32.68,3.47363636363636,0.25,1.75,1.0,-0.1,0.0
2009-06-22,1.215,31.17,3.47363636363636,0.25,1.75,1.0,-0.1,0.0
2009-06-26,1.12,25.93,3.47363636363636,0.25,1.75,1.0,-0.1,0.0
2009-07-02,1.072,27.95,3.33782608695652,0.25,1.75,1.0,0.0,-0.1
2009-07-08,1.029,31.3,3.33782608695652,0.25,1.75,1.0,0.0,-0.1
2009-07-14,0.985,25.02,3.33782608695652,0.25,1.75,1.0,0.0,-0.1
2009-07-20,0.944,24.4,3.33782608695652,0.25,1.75,1.0,0.0,-0.1
2009-07-24,0.921,23.09,3.33782608695652,0.25,1.75,1.0,0.0,-0.1
2009-07-30,0.899,25.4,3.33782608695652,0.25,1.75,1.0,0.0,-0.1
2009-08-05,0.884,24.9,3.3052380952381,0.25,1.75,1.0,-0.7,-0.6
2009-08-11,0.883,25.99,3.3052380952381,0.25,1.75,1.0,-0.7,-0.6
2009-08-17,0.861,27.89,3.3052380952381,0.25,1.75,1.0,-0.7,-0.6
2009-08-21,0.849,25.01,3.3052380952381,0.25,1.75,1.0,-0.7,-0.6
2009-08-27,0.829,24.68,3.3052380952381,0.25,1.75,1.0,-0.7,-0.6
2009-09-02,0.813,28.9,3.26318181818182,0.25,1.75,1.0,0.0,-0.2
2009-09-08,0.788,25.62,3.26318181818182,0.25,1.75,1.0,0.0,-0.2
2009-09-14,0.771,23.86,3.26318181818182,0.25,1.75,1.0,0.0,-0.2
2009-09-18,0.762,23.92,3.26318181818182,0.25,1.75,1.0,0.0,-0.2
2009-09-24,0.743,24.95,3.26318181818182,0.25,1.75,1.0,0.0,-0.2
2009-09-30,0.753,25.61,3.26318181818182,0.25,1.75,1.0,-0.4,-0.3
2009-10-06,0.744,25.7,3.2090909090909094,0.25,1.75,1.0,-0.4,-0.3
2009-10-12,0.743,23.01,3.2090909090909094,0.25,1.75,1.0,-0.4,-0.3
2009-10-16,0.739,21.43,3.2090909090909094,0.25,1.75,1.0,-0.4,-0.3
2009-10-22,0.733,20.69,3.2090909090909094,0.25,1.75,1.0,-0.4,-0.3
2009-10-28,0.724,27.91,3.2090909090909094,0.25,1.75,1.0,-0.4,-0.3
2009-11-03,0.72,28.81,3.21714285714286,0.25,1.75,1.0,-0.1,-0.1
2009-11-09,0.715,23.15,3.21714285714286,0.25,1.75,1.0,-0.1,-0.1
2009-11-13,0.714,23.36,3.21714285714286,0.25,1.75,1.0,-0.1,-0.1
2009-11-19,0.715,22.63,3.21714285714286,0.25,1.75,1.0,-0.1,-0.1
2009-11-25,0.716,20.48,3.21714285714286,0.25,1.75,1.0,-0.1,-0.1
2009-12-01,0.72,21.92,3.1385,0.25,1.75,1.0,0.3,0.5
2009-12-07,0.717,22.1,3.1385,0.25,1.75,1.0,0.3,0.5
2009-12-11,0.714,21.59,3.1385,0.25,1.75,1.0,0.3,0.5
2009-12-17,0.712,22.51,3.1385,0.25,1.75,1.0,0.3,0.5
2009-12-23,0.706,19.71,3.1385,0.25,1.75,1.0,0.3,0.5
2009-12-30,0.7,19.96,3.1385,0.25,1.75,1.0,0.3,0.5
2010-01-06,0.694,19.16,3.2575,0.25,1.75,1.0,0.9,0.9
2010-01-12,0.685,18.25,3.2575,0.25,1.75,1.0,0.9,0.9
2010-01-18,0.677,18.25,3.2575,0.25,1.75,1.0,0.9,0.9
2010-01-22,0.67,27.31,3.2575,0.25,1.75,1.0,0.9,0.9
2010-01-28,0.665,23.73,3.2575,0.25,1.75,1.0,0.9,0.9
2010-02-03,0.665,21.6,3.17,0.25,1.75,1.0,0.7,0.9
2010-02-09,0.661,26.0,3.17,0.25,1.75,1.0,0.7,0.9
2010-02-15,0.661,26.0,3.17,0.25,1.75,1.0,0.7,0.9
2010-02-19,0.661,20.02,3.17,0.25,1.75,1.0,0.7,0.9
2010-02-25,0.658,20.1,3.17,0.25,1.75,1.0,0.7,0.9
2010-03-03,0.655,18.83,3.10217391304348,0.25,1.75,1.0,0.4,0.8
2010-03-09,0.652,17.92,3.10217391304348,0.25,1.75,1.0,0.4,0.8
2010-03-15,0.646,18.0,3.10217391304348,0.25,1.75,1.0,0.4,0.8
2010-03-19,0.642,16.97,3.10217391304348,0.25,1.75,1.0,0.4,0.8
2010-03-25,0.635,18.4,3.10217391304348,0.25,1.75,1.0,0.4,0.8
2010-03-31,0.634,17.59,3.10217391304348,0.25,1.75,1.0,1.2,1.6
2010-04-06,0.638,16.23,3.0645,0.25,1.75,1.0,1.2,1.6
2010-04-12,0.642,15.58,3.0645,0.25,1.75,1.0,1.2,1.6
2010-04-16,0.644,18.36,3.0645,0.25,1.75,1.0,1.2,1.6
2010-04-22,0.644,16.47,3.0645,0.25,1.75,1.0,1.2,1.6
2010-04-28,0.654,21.08,3.0645,0.25,1.75,1.0,1.2,1.6
2010-05-04,0.668,23.84,2.73428571428571,0.25,1.75,1.0,1.0,1.6
2010-05-10,0.682,28.84,2.73428571428571,0.25,1.75,1.0,1.0,1.6
2010-05-14,0.684,31.24,2.73428571428571,0.25,1.75,1.0,1.0,1.6
2010-05-20,0.692,45.79,2.73428571428571,0.25,1.75,1.0,1.0,1.6
2010-05-26,0.697,35.02,2.73428571428571,0.25,1.75,1.0,1.0,1.6
2010-06-01,0.702,35.54,2.54318181818182,0.25,1.75,1.0,1.2,1.7
2010-06-07,0.711,36.57,2.54318181818182,0.25,1.75,1.0,1.2,1.7
2010-06-11,0.719,28.79,2.54318181818182,0.25,1.75,1.0,1.2,1.7
2010-06-17,0.729,25.05,2.54318181818182,0.25,1.75,1.0,1.2,1.7
2010-06-23,0.739,26.91,2.54318181818182,0.25,1.75,1.0,1.2,1.7
2010-06-29,0.761,34.13,2.54318181818182,0.25,1.75,1.0,1.2,1.7
2010-07-05,0.793,34.13,2.6159090909090894,0.25,1.75,1.0,0.9,1.5
2010-07-09,0.822,24.98,2.6159090909090894,0.25,1.75,1.0,0.9,1.5
2010-07-15,0.846,25.14,2.6159090909090894,0.25,1.75,1.0,0.9,1.5
2010-07-21,0.881,25.64,2.6159090909090894,0.25,1.75,1.0,0.9,1.5
2010-07-27,0.893,23.19,2.6159090909090894,0.25,1.75,1.0,0.9,1.5
2010-08-02,0.898,22.01,2.35,0.25,1.75,1.0,1.2,1.7
2010-08-06,0.905,21.74,2.35,0.25,1.75,1.0,1.2,1.7
2010-08-12,0.899,25.73,2.35,0.25,1.75,1.0,1.2,1.7
2010-08-18,0.894,24.59,2.35,0.25,1.75,1.0,1.2,1.7
2010-08-24,0.889,27.46,2.35,0.25,1.75,1.0,1.2,1.7
2010-08-30,0.888,27.21,2.35,0.25,1.75,1.0,1.2,1.7
2010-09-03,0.883,21.31,2.30045454545455,0.25,1.75,1.0,1.0,1.6
2010-09-09,0.879,22.81,2.30045454545455,0.25,1.75,1.0,1.0,1.6
2010-09-15,0.876,22.1,2.30045454545455,0.25,1.75,1.0,1.0,1.6
2010-09-21,0.879,22.35,2.30045454545455,0.25,1.75,1.0,1.0,1.6
2010-09-27,0.879,22.54,2.30045454545455,0.25,1.75,1.0,1.0,1.6
2010-10-01,0.942,22.5,2.34571428571429,0.25,1.75,1.0,1.2,1.9
2010-10-07,0.965,21.56,2.34571428571429,0.25,1.75,1.0,1.2,1.9
2010-10-13,0.985,19.07,2.34571428571429,0.25,1.75,1.0,1.2,1.9
2010-10-19,1.008,20.63,2.34571428571429,0.25,1.75,1.0,1.2,1.9
2010-10-25,1.032,19.85,2.34571428571429,0.25,1.75,1.0,1.2,1.9
2010-10-29,1.045,21.2,2.34571428571429,0.25,1.75,1.0,1.2,1.9
2010-11-04,1.05,18.52,2.53272727272727,0.25,1.75,1.0,1.3,1.9
2010-11-10,1.048,18.47,2.53272727272727,0.25,1.75,1.0,1.3,1.9
2010-11-16,1.046,22.58,2.53272727272727,0.25,1.75,1.0,1.3,1.9
2010-11-22,1.039,18.37,2.53272727272727,0.25,1.75,1.0,1.3,1.9
2010-11-26,1.028,22.22,2.53272727272727,0.25,1.75,1.0,1.3,1.9
2010-12-02,1.027,19.39,2.9147619047619,0.25,1.75,1.0,1.5,1.9
2010-12-08,1.03,17.74,2.9147619047619,0.25,1.75,1.0,1.5,1.9
2010-12-14,1.026,17.61,2.9147619047619,0.25,1.75,1.0,1.5,1.9
2010-12-20,1.022,16.41,2.9147619047619,0.25,1.75,1.0,1.5,1.9
2010-12-24,1.014,16.41,2.9147619047619,0.25,1.75,1.0,1.5,1.9
2010-12-30,1.01,17.52,2.9147619047619,0.25,1.75,1.0,1.5,1.9
2011-01-05,0.998,17.02,3.0166666666666706,0.25,1.75,1.0,1.8,2.2
2011-01-11,0.995,16.89,3.0166666666666706,0.25,1.75,1.0,1.8,2.2
2011-01-17,1.009,16.89,3.0166666666666706,0.25,1.75,1.0,1.8,2.2
2011-01-21,1.025,18.47,3.0166666666666706,0.25,1.75,1.0,1.8,2.2
2011-01-27,1.057,16.15,3.0166666666666706,0.25,1.75,1.0,1.8,2.2
2011-02-02,1.083,17.3,3.199,0.25,1.75,1.0,2.0,2.3
2011-02-08,1.079,15.81,3.199,0.25,1.75,1.0,2.0,2.3
2011-02-14,1.091,15.95,3.199,0.25,1.75,1.0,2.0,2.3
2011-02-18,1.078,16.43,3.199,0.25,1.75,1.0,2.0,2.3
2011-02-24,1.088,21.32,3.199,0.25,1.75,1.0,2.0,2.3
2011-03-02,1.095,20.7,3.21173913043478,0.25,1.75,1.0,2.3,2.4
2011-03-08,1.18,19.82,3.21173913043478,0.25,1.75,1.0,2.3,2.4
2011-03-14,1.174,21.13,3.21173913043478,0.25,1.75,1.0,2.3,2.4
2011-03-18,1.172,24.44,3.21173913043478,0.25,1.75,1.0,2.3,2.4
2011-03-24,1.197,18.0,3.21173913043478,0.25,1.75,1.0,2.3,2.4
2011-03-30,1.231,17.71,3.21173913043478,0.25,1.75,1.0,2.3,2.4
2011-04-05,1.262,17.25,3.34052631578947,0.25,1.75,1.0,2.4,2.7
2011-04-11,1.311,16.59,3.34052631578947,0.25,1.75,1.0,2.4,2.7
2011-04-15,1.332,15.32,3.34052631578947,0.5,2.0,1.25,2.4,2.7
2011-04-21,1.356,14.69,3.34052631578947,0.5,2.0,1.25,2.4,2.7
2011-04-29,1.385,14.75,3.34052631578947,0.5,2.0,1.25,2.4,2.7
2011-05-05,1.424,18.2,3.06090909090909,0.5,2.0,1.25,2.7,2.8
2011-05-11,1.42,16.95,3.06090909090909,0.5,2.0,1.25,2.7,2.8
2011-05-17,1.428,17.55,3.06090909090909,0.5,2.0,1.25,2.7,2.8
2011-05-23,1.434,18.27,3.06090909090909,0.5,2.0,1.25,2.7,2.8
2011-05-27,1.43,15.98,3.06090909090909,0.5,2.0,1.25,2.7,2.8
2011-06-02,1.435,18.09,2.89090909090909,0.5,2.0,1.25,2.5,2.7
2011-06-08,1.452,18.79,2.89090909090909,0.5,2.0,1.25,2.5,2.7
2011-06-14,1.477,18.26,2.89090909090909,0.5,2.0,1.25,2.5,2.7
2011-06-20,1.51,19.99,2.89090909090909,0.5,2.0,1.25,2.5,2.7
2011-06-24,1.528,21.1,2.89090909090909,0.5,2.0,1.25,2.5,2.7
2011-06-30,1.547,16.52,2.89090909090909,0.5,2.0,1.25,2.4,2.7
2011-07-06,1.569,16.34,2.74380952380952,0.5,2.0,1.25,2.4,2.7
2011-07-12,1.599,19.87,2.74380952380952,0.5,2.0,1.25,2.4,2.7
2011-07-18,1.608,20.95,2.74380952380952,0.75,2.25,1.5,2.4,2.7
2011-07-22,1.611,17.52,2.74380952380952,0.75,2.25,1.5,2.4,2.7
2011-07-28,1.61,23.74,2.74380952380952,0.75,2.25,1.5,2.4,2.7
2011-08-03,1.601,23.38,2.21347826086957,0.75,2.25,1.5,2.6,2.6
2011-08-09,1.555,35.06,2.21347826086957,0.75,2.25,1.5,2.6,2.6
2011-08-15,1.538,31.87,2.21347826086957,0.75,2.25,1.5,2.6,2.6
2011-08-19,1.533,43.05,2.21347826086957,0.75,2.25,1.5,2.6,2.6
2011-08-25,1.539,39.76,2.21347826086957,0.75,2.25,1.5,2.6,2.6
2011-08-31,1.542,31.62,2.21347826086957,0.75,2.25,1.5,2.5,2.5
2011-09-06,1.534,37.0,1.82909090909091,0.75,2.25,1.5,2.5,2.5
2011-09-12,1.527,38.59,1.82909090909091,0.75,2.25,1.5,2.5,2.5
2011-09-16,1.535,30.98,1.82909090909091,0.75,2.25,1.5,2.5,2.5
2011-09-22,1.536,41.35,1.82909090909091,0.75,2.25,1.5,2.5,2.5
2011-09-28,1.544,41.08,1.82909090909091,0.75,2.25,1.5,2.5,2.5
2011-10-04,1.557,40.82,2.0023809523809506,0.75,2.25,1.5,2.8,3.0
2011-10-10,1.567,33.02,2.0023809523809506,0.75,2.25,1.5,2.8,3.0
2011-10-14,1.574,28.24,2.0023809523809506,0.75,2.25,1.5,2.8,3.0
2011-10-20,1.584,34.78,2.0023809523809506,0.75,2.25,1.5,2.8,3.0
2011-10-26,1.588,29.86,2.0023809523809506,0.75,2.25,1.5,2.8,3.0
2011-11-01,1.585,34.77,1.8740909090909097,0.75,2.25,1.5,2.8,3.0
2011-11-07,1.476,29.85,1.8740909090909097,0.75,2.25,1.5,2.8,3.0
2011-11-11,1.462,30.04,1.8740909090909097,0.5,2.0,1.25,2.8,3.0
2011-11-17,1.46,34.51,1.8740909090909097,0.5,2.0,1.25,2.8,3.0
2011-11-23,1.471,33.98,1.8740909090909097,0.5,2.0,1.25,2.8,3.0
2011-11-29,1.477,30.64,1.8740909090909097,0.5,2.0,1.25,2.8,3.0
2011-12-05,1.47,27.84,1.92761904761905,0.5,2.0,1.25,2.7,3.0
2011-12-09,1.437,26.38,1.92761904761905,0.5,2.0,1.25,2.7,3.0
2011-12-15,1.419,25.11,1.92761904761905,0.25,1.75,1.0,2.7,3.0
2011-12-21,1.416,21.43,1.92761904761905,0.25,1.75,1.0,2.7,3.0
2011-12-27,1.396,21.91,1.92761904761905,0.25,1.75,1.0,2.7,3.0
2012-01-02,1.343,21.91,1.8209090909090897,0.25,1.75,1.0,2.2,2.8
2012-01-06,1.288,20.63,1.8209090909090897,0.25,1.75,1.0,2.2,2.8
2012-01-12,1.245,20.47,1.8209090909090897,0.25,1.75,1.0,2.2,2.8
2012-01-18,1.204,20.89,1.8209090909090897,0.25,1.75,1.0,2.2,2.8
2012-01-24,1.158,18.91,1.8209090909090897,0.25,1.75,1.0,2.2,2.8
2012-01-30,1.131,19.4,1.8209090909090897,0.25,1.75,1.0,2.2,2.8
2012-02-03,1.102,17.1,1.85190476190476,0.25,1.75,1.0,2.4,2.7
2012-02-09,1.07,18.63,1.85190476190476,0.25,1.75,1.0,2.4,2.7
2012-02-15,1.045,21.14,1.85190476190476,0.25,1.75,1.0,2.4,2.7
2012-02-21,1.026,18.19,1.85190476190476,0.25,1.75,1.0,2.4,2.7
2012-02-27,0.997,18.19,1.85190476190476,0.25,1.75,1.0,2.4,2.7
2012-03-02,0.948,17.29,1.83045454545455,0.25,1.75,1.0,2.6,2.7
2012-03-08,0.902,17.95,1.83045454545455,0.25,1.75,1.0,2.6,2.7
2012-03-14,0.871,15.31,1.83045454545455,0.25,1.75,1.0,2.6,2.7
2012-03-20,0.832,15.58,1.83045454545455,0.25,1.75,1.0,2.6,2.7
2012-03-26,0.8,14.26,1.83045454545455,0.25,1.75,1.0,2.6,2.7
2012-03-30,0.777,15.5,1.83045454545455,0.25,1.75,1.0,2.6,2.7
2012-04-05,0.766,16.7,1.62421052631579,0.25,1.75,1.0,2.3,2.7
2012-04-13,0.753,19.55,1.62421052631579,0.25,1.75,1.0,2.3,2.7
2012-04-19,0.737,18.36,1.62421052631579,0.25,1.75,1.0,2.3,2.7
2012-04-25,0.724,16.82,1.62421052631579,0.25,1.75,1.0,2.3,2.7
2012-05-02,0.704,16.88,1.33681818181818,0.25,1.75,1.0,2.2,2.6
2012-05-08,0.692,19.05,1.33681818181818,0.25,1.75,1.0,2.2,2.6
2012-05-14,0.689,21.87,1.33681818181818,0.25,1.75,1.0,2.2,2.6
2012-05-18,0.684,25.1,1.33681818181818,0.25,1.75,1.0,2.2,2.6
2012-05-24,0.677,21.54,1.33681818181818,0.25,1.75,1.0,2.2,2.6
2012-05-30,0.671,24.14,1.33681818181818,0.25,1.75,1.0,2.2,2.6
2012-06-05,0.663,24.68,1.30047619047619,0.25,1.75,1.0,2.1,2.4
2012-06-11,0.661,23.56,1.30047619047619,0.25,1.75,1.0,2.1,2.4
2012-06-15,0.662,21.11,1.30047619047619,0.25,1.75,1.0,2.1,2.4
2012-06-21,0.655,20.08,1.30047619047619,0.25,1.75,1.0,2.1,2.4
2012-06-27,0.652,19.45,1.30047619047619,0.25,1.75,1.0,2.1,2.4
2012-07-03,0.65,16.66,1.24227272727273,0.25,1.75,1.0,1.9,2.4
2012-07-09,0.531,17.98,1.24227272727273,0.25,1.75,1.0,1.9,2.4
2012-07-13,0.486,16.74,1.24227272727273,0.0,1.5,0.75,1.9,2.4
2012-07-19,0.458,15.45,1.24227272727273,0.0,1.5,0.75,1.9,2.4
2012-07-25,0.427,19.34,1.24227272727273,0.0,1.5,0.75,1.9,2.4
2012-07-31,0.389,18.93,1.24227272727273,0.0,1.5,0.75,1.9,2.4
2012-08-06,0.374,15.95,1.34173913043478,0.0,1.5,0.75,1.9,2.4
2012-08-10,0.353,14.74,1.34173913043478,0.0,1.5,0.75,1.9,2.4
2012-08-16,0.339,14.29,1.34173913043478,0.0,1.5,0.75,1.9,2.4
2012-08-22,0.31,15.11,1.34173913043478,0.0,1.5,0.75,1.9,2.4
2012-08-28,0.29,16.49,1.34173913043478,0.0,1.5,0.75,1.9,2.4
2012-09-03,0.276,16.49,1.4905,0.0,1.5,0.75,2.3,2.6
2012-09-07,0.265,14.38,1.4905,0.0,1.5,0.75,2.3,2.6
2012-09-13,0.252,14.05,1.4905,0.0,1.5,0.75,2.3,2.6
2012-09-19,0.238,13.88,1.4905,0.0,1.5,0.75,2.3,2.6
2012-09-25,0.222,15.43,1.4905,0.0,1.5,0.75,2.3,2.6
2012-10-01,0.223,16.32,1.46695652173913,0.0,1.5,0.75,2.2,2.6
2012-10-05,0.215,14.33,1.46695652173913,0.0,1.5,0.75,2.2,2.6
2012-10-11,0.21,15.59,1.46695652173913,0.0,1.5,0.75,2.2,2.6
2012-10-17,0.207,15.07,1.46695652173913,0.0,1.5,0.75,2.2,2.6
2012-10-23,0.203,18.83,1.46695652173913,0.0,1.5,0.75,2.2,2.6
2012-10-29,0.196,18.83,1.46695652173913,0.0,1.5,0.75,2.2,2.6
2012-11-02,0.197,17.59,1.33590909090909,0.0,1.5,0.75,2.1,2.5
2012-11-08,0.194,18.49,1.33590909090909,0.0,1.5,0.75,2.1,2.5
2012-11-14,0.191,17.92,1.33590909090909,0.0,1.5,0.75,2.1,2.5
2012-11-20,0.19,15.08,1.33590909090909,0.0,1.5,0.75,2.1,2.5
2012-11-26,0.189,15.5,1.33590909090909,0.0,1.5,0.75,2.1,2.5
2012-11-30,0.191,15.87,1.33590909090909,0.0,1.5,0.75,1.9,2.2
2012-12-06,0.19,16.58,1.29941176470588,0.0,1.5,0.75,1.9,2.2
2012-12-12,0.183,15.95,1.29941176470588,0.0,1.5,0.75,1.9,2.2
2012-12-18,0.184,15.57,1.29941176470588,0.0,1.5,0.75,1.9,2.2
2012-12-24,0.186,17.84,1.29941176470588,0.0,1.5,0.75,1.9,2.2
2012-12-28,0.186,22.72,1.29941176470588,0.0,1.5,0.75,1.9,2.2
2013-01-04,0.191,13.83,1.51227272727273,0.0,1.5,0.75,2.1,2.2
2013-01-10,0.19,13.49,1.51227272727273,0.0,1.5,0.75,2.1,2.2
2013-01-16,0.201,13.42,1.51227272727273,0.0,1.5,0.75,2.1,2.2
2013-01-22,0.209,12.43,1.51227272727273,0.0,1.5,0.75,2.1,2.2
2013-01-28,0.224,13.57,1.51227272727273,0.0,1.5,0.75,2.1,2.2
2013-02-01,0.234,12.9,1.5435,0.0,1.5,0.75,1.9,2.0
2013-02-07,0.232,13.5,1.5435,0.0,1.5,0.75,1.9,2.0
2013-02-13,0.226,12.98,1.5435,0.0,1.5,0.75,1.9,2.0
2013-02-19,0.221,12.31,1.5435,0.0,1.5,0.75,1.9,2.0
2013-02-25,0.213,18.99,1.5435,0.0,1.5,0.75,1.9,2.0
2013-03-01,0.206,15.36,1.3545,0.0,1.5,0.75,1.8,1.9
2013-03-07,0.2,13.06,1.3545,0.0,1.5,0.75,1.8,1.9
2013-03-13,0.203,11.83,1.3545,0.0,1.5,0.75,1.8,1.9
2013-03-19,0.207,14.39,1.3545,0.0,1.5,0.75,1.8,1.9
2013-03-25,0.214,13.74,1.3545,0.0,1.5,0.75,1.8,1.9
2013-03-29,0.211,13.74,1.3545,0.0,1.5,0.75,1.8,1.9
2013-04-05,0.21,13.92,1.19619047619048,0.0,1.5,0.75,1.9,1.7
2013-04-11,0.211,12.24,1.19619047619048,0.0,1.5,0.75,1.9,1.7
2013-04-17,0.21,16.51,1.19619047619048,0.0,1.5,0.75,1.9,1.7
2013-04-23,0.207,13.48,1.19619047619048,0.0,1.5,0.75,1.9,1.7
2013-04-29,0.207,13.71,1.19619047619048,0.0,1.5,0.75,1.9,1.7
2013-05-03,0.201,12.85,1.29409090909091,0.0,1.5,0.75,1.1,1.2
2013-05-09,0.203,13.13,1.29409090909091,0.0,1.0,0.5,1.1,1.2
2013-05-15,0.203,12.81,1.29409090909091,0.0,1.0,0.5,1.1,1.2
2013-05-21,0.198,13.37,1.29409090909091,0.0,1.0,0.5,1.1,1.2
2013-05-27,0.201,13.37,1.29409090909091,0.0,1.0,0.5,1.1,1.2
2013-05-31,0.2,16.3,1.29409090909091,0.0,1.0,0.5,1.5,1.4
2013-06-06,0.2,16.63,1.5305,0.0,1.0,0.5,1.5,1.4
2013-06-12,0.208,18.59,1.5305,0.0,1.0,0.5,1.5,1.4
2013-06-18,0.21,16.61,1.5305,0.0,1.0,0.5,1.5,1.4
2013-06-24,0.221,20.11,1.5305,0.0,1.0,0.5,1.5,1.4
2013-06-28,0.218,16.86,1.5305,0.0,1.0,0.5,1.5,1.4
2013-07-04,0.222,16.86,1.56565217391304,0.0,1.0,0.5,2.0,1.6
2013-07-10,0.217,14.21,1.56565217391304,0.0,1.0,0.5,2.0,1.6
2013-07-16,0.219,14.42,1.56565217391304,0.0,1.0,0.5,2.0,1.6
2013-07-22,0.221,12.29,1.56565217391304,0.0,1.0,0.5,2.0,1.6
2013-07-26,0.226,12.72,1.56565217391304,0.0,1.0,0.5,2.0,1.6
2013-08-01,0.228,12.94,1.735,0.0,1.0,0.5,2.0,1.6
2013-08-07,0.227,12.98,1.735,0.0,1.0,0.5,2.0,1.6
2013-08-13,0.225,12.31,1.735,0.0,1.0,0.5,2.0,1.6
2013-08-19,0.226,15.1,1.735,0.0,1.0,0.5,2.0,1.6
2013-08-23,0.225,13.98,1.735,0.0,1.0,0.5,2.0,1.6
2013-08-29,0.225,16.81,1.735,0.0,1.0,0.5,2.0,1.6
2013-09-04,0.225,15.88,1.88809523809524,0.0,1.0,0.5,1.5,1.3
2013-09-10,0.225,14.53,1.88809523809524,0.0,1.0,0.5,1.5,1.3
2013-09-16,0.223,14.38,1.88809523809524,0.0,1.0,0.5,1.5,1.3
2013-09-20,0.221,13.12,1.88809523809524,0.0,1.0,0.5,1.5,1.3
2013-09-26,0.221,14.06,1.88809523809524,0.0,1.0,0.5,1.5,1.3
2013-10-02,0.225,16.6,1.76217391304348,0.0,1.0,0.5,1.5,1.1
2013-10-08,0.227,20.34,1.76217391304348,0.0,1.0,0.5,1.5,1.1
2013-10-14,0.227,16.07,1.76217391304348,0.0,1.0,0.5,1.5,1.1
2013-10-18,0.224,13.04,1.76217391304348,0.0,1.0,0.5,1.5,1.1
2013-10-24,0.225,13.2,1.76217391304348,0.0,1.0,0.5,1.5,1.1
2013-10-30,0.228,13.65,1.76217391304348,0.0,1.0,0.5,1.5,1.1
2013-11-05,0.227,13.27,1.67714285714286,0.0,1.0,0.5,1.2,0.7
2013-11-11,0.218,12.53,1.67714285714286,0.0,1.0,0.5,1.2,0.7
2013-11-15,0.218,12.19,1.67714285714286,0.0,0.75,0.25,1.2,0.7
2013-11-21,0.217,12.66,1.67714285714286,0.0,0.75,0.25,1.2,0.7
2013-11-27,0.23,12.98,1.67714285714286,0.0,0.75,0.25,1.2,0.7
2013-12-03,0.239,14.55,1.79777777777778,0.0,0.75,0.25,1.6,0.9
2013-12-09,0.255,13.49,1.79777777777778,0.0,0.75,0.25,1.6,0.9
2013-12-13,0.282,15.76,1.79777777777778,0.0,0.75,0.25,1.6,0.9
2013-12-19,0.293,14.15,1.79777777777778,0.0,0.75,0.25,1.6,0.9
2013-12-27,0.293,12.46,1.79777777777778,0.0,0.75,0.25,1.6,0.9
2014-01-03,0.28,13.76,1.75590909090909,0.0,0.75,0.25,1.2,0.8
2014-01-09,0.282,12.89,1.75590909090909,0.0,0.75,0.25,1.2,0.8
2014-01-15,0.29,12.28,1.75590909090909,0.0,0.75,0.25,1.2,0.8
2014-01-21,0.302,12.87,1.75590909090909,0.0,0.75,0.25,1.2,0.8
2014-01-27,0.3,17.42,1.75590909090909,0.0,0.75,0.25,1.2,0.8
2014-01-31,0.296,18.41,1.75590909090909,0.0,0.75,0.25,1.1,0.8
2014-02-06,0.286,17.23,1.5585,0.0,0.75,0.25,1.1,0.8
2014-02-12,0.291,14.3,1.5585,0.0,0.75,0.25,1.1,0.8
2014-02-18,0.288,13.87,1.5585,0.0,0.75,0.25,1.1,0.8
2014-02-24,0.288,14.23,1.5585,0.0,0.75,0.25,1.1,0.8
2014-02-28,0.286,14.0,1.5585,0.0,0.75,0.25,1.0,0.7
2014-03-06,0.287,14.21,1.50857142857143,0.0,0.75,0.25,1.0,0.7
2014-03-12,0.304,14.47,1.50857142857143,0.0,0.75,0.25,1.0,0.7
2014-03-18,0.309,14.52,1.50857142857143,0.0,0.75,0.25,1.0,0.7
2014-03-24,0.32,15.09,1.50857142857143,0.0,0.75,0.25,1.0,0.7
2014-03-28,0.31,14.41,1.50857142857143,0.0,0.75,0.25,1.0,0.7
2014-04-03,0.319,13.37,1.4565,0.0,0.75,0.25,0.7,0.5
2014-04-09,0.327,13.82,1.4565,0.0,0.75,0.25,0.7,0.5
2014-04-15,0.327,15.61,1.4565,0.0,0.75,0.25,0.7,0.5
2014-04-23,0.332,13.27,1.4565,0.0,0.75,0.25,0.7,0.5
2014-04-29,0.347,13.71,1.4565,0.0,0.75,0.25,0.7,0.5
2014-05-06,0.337,13.8,1.32714285714286,0.0,0.75,0.25,1.1,0.7
2014-05-12,0.335,12.23,1.32714285714286,0.0,0.75,0.25,1.1,0.7
2014-05-16,0.318,12.44,1.32714285714286,0.0,0.75,0.25,1.1,0.7
2014-05-22,0.318,12.03,1.32714285714286,0.0,0.75,0.25,1.1,0.7
2014-05-28,0.314,11.68,1.32714285714286,0.0,0.75,0.25,1.1,0.7
2014-06-03,0.307,11.87,1.26428571428571,0.0,0.75,0.25,0.7,0.5
2014-06-09,0.264,11.15,1.26428571428571,0.0,0.75,0.25,0.7,0.5
2014-06-13,0.234,12.18,1.26428571428571,-0.1,0.4,0.15,0.7,0.5
2014-06-19,0.212,10.62,1.26428571428571,-0.1,0.4,0.15,0.7,0.5
2014-06-25,0.208,11.59,1.26428571428571,-0.1,0.4,0.15,0.7,0.5
2014-07-01,0.206,11.15,1.11434782608696,-0.1,0.4,0.15,0.9,0.5
2014-07-07,0.203,11.33,1.11434782608696,-0.1,0.4,0.15,0.9,0.5
2014-07-11,0.203,12.08,1.11434782608696,-0.1,0.4,0.15,0.9,0.5
2014-07-17,0.201,14.54,1.11434782608696,-0.1,0.4,0.15,0.9,0.5
2014-07-23,0.208,11.52,1.11434782608696,-0.1,0.4,0.15,0.9,0.5
2014-07-29,0.209,13.28,1.11434782608696,-0.1,0.4,0.15,0.9,0.5
2014-08-04,0.208,15.12,0.956190476190476,-0.1,0.4,0.15,0.7,0.4
2014-08-08,0.203,15.77,0.956190476190476,-0.1,0.4,0.15,0.7,0.4
2014-08-14,0.198,12.42,0.956190476190476,-0.1,0.4,0.15,0.7,0.4
2014-08-20,0.187,11.78,0.956190476190476,-0.1,0.4,0.15,0.7,0.4
2014-08-26,0.171,11.63,0.956190476190476,-0.1,0.4,0.15,0.7,0.4
2014-09-01,0.159,11.63,0.921363636363636,-0.1,0.4,0.15,0.8,0.4
2014-09-05,0.104,12.09,0.921363636363636,-0.1,0.4,0.15,0.8,0.4
2014-09-11,0.084,12.8,0.921363636363636,-0.2,0.3,0.05,0.8,0.4
2014-09-17,0.082,12.65,0.921363636363636,-0.2,0.3,0.05,0.8,0.4
2014-09-23,0.082,14.93,0.921363636363636,-0.2,0.3,0.05,0.8,0.4
2014-09-29,0.083,15.98,0.921363636363636,-0.2,0.3,0.05,0.8,0.4
2014-10-03,0.081,14.55,0.790909090909091,-0.2,0.3,0.05,0.8,0.3
2014-10-09,0.079,18.76,0.790909090909091,-0.2,0.3,0.05,0.8,0.3
2014-10-15,0.081,26.25,0.790909090909091,-0.2,0.3,0.05,0.8,0.3
2014-10-21,0.082,16.08,0.790909090909091,-0.2,0.3,0.05,0.8,0.3
2014-10-27,0.088,16.04,0.790909090909091,-0.2,0.3,0.05,0.8,0.3
2014-10-31,0.086,14.03,0.790909090909091,-0.2,0.3,0.05,0.7,0.4
2014-11-06,0.081,13.67,0.719,-0.2,0.3,0.05,0.7,0.4
2014-11-12,0.079,13.02,0.719,-0.2,0.3,0.05,0.7,0.4
2014-11-18,0.081,13.86,0.719,-0.2,0.3,0.05,0.7,0.4
2014-11-24,0.081,12.62,0.719,-0.2,0.3,0.05,0.7,0.4
2014-11-28,0.082,13.33,0.719,-0.2,0.3,0.05,0.7,0.4
2014-12-04,0.082,12.38,0.588947368421053,-0.2,0.3,0.05,0.5,0.3
2014-12-10,0.083,18.53,0.588947368421053,-0.2,0.3,0.05,0.5,0.3
2014-12-16,0.082,23.57,0.588947368421053,-0.2,0.3,0.05,0.5,0.3
2014-12-22,0.081,15.25,0.588947368421053,-0.2,0.3,0.05,0.5,0.3
2014-12-30,0.078,15.92,0.588947368421053,-0.2,0.3,0.05,0.5,0.3
2015-01-06,0.073,21.12,0.39,-0.2,0.3,0.05,0.1,-0.2
2015-01-12,0.071,19.6,0.39,-0.2,0.3,0.05,0.1,-0.2
2015-01-16,0.06,20.95,0.39,-0.2,0.3,0.05,0.1,-0.2
2015-01-22,0.055,16.4,0.39,-0.2,0.3,0.05,0.1,-0.2
2015-01-28,0.053,20.44,0.39,-0.2,0.3,0.05,0.1,-0.2
2015-02-03,0.055,17.33,0.302,-0.2,0.3,0.05,-0.5,-0.6
2015-02-09,0.051,18.55,0.302,-0.2,0.3,0.05,-0.5,-0.6
2015-02-13,0.048,14.69,0.302,-0.2,0.3,0.05,-0.5,-0.6
2015-02-19,0.048,15.29,0.302,-0.2,0.3,0.05,-0.5,-0.6
2015-02-25,0.042,13.84,0.302,-0.2,0.3,0.05,-0.5,-0.6
2015-03-03,0.038,13.86,0.227272727272727,-0.2,0.3,0.05,-0.2,-0.3
2015-03-09,0.035,15.06,0.227272727272727,-0.2,0.3,0.05,-0.2,-0.3
2015-03-13,0.025,16.0,0.227272727272727,-0.2,0.3,0.05,-0.2,-0.3
2015-03-19,0.024,14.07,0.227272727272727,-0.2,0.3,0.05,-0.2,-0.3
2015-03-25,0.021,15.44,0.227272727272727,-0.2,0.3,0.05,-0.2,-0.3
2015-03-31,0.019,15.29,0.227272727272727,-0.2,0.3,0.05,0.3,-0.1
2015-04-08,0.014,13.98,0.122,-0.2,0.3,0.05,0.3,-0.1
2015-04-14,0.008,13.67,0.122,-0.2,0.3,0.05,0.3,-0.1
2015-04-20,0.001,13.3,0.122,-0.2,0.3,0.05,0.3,-0.1
2015-04-24,-0.001,12.29,0.122,-0.2,0.3,0.05,0.3,-0.1
2015-04-30,-0.005,14.55,0.122,-0.2,0.3,0.05,1.0,0.2
2015-05-07,-0.009,15.13,0.55578947368421,-0.2,0.3,0.05,1.0,0.2
2015-05-13,-0.009,13.76,0.55578947368421,-0.2,0.3,0.05,1.0,0.2
2015-05-19,-0.012,12.85,0.55578947368421,-0.2,0.3,0.05,1.0,0.2
2015-05-25,-0.012,12.85,0.55578947368421,-0.2,0.3,0.05,1.0,0.2
2015-05-29,-0.012,13.84,0.55578947368421,-0.2,0.3,0.05,1.0,0.2
2015-06-04,-0.013,14.71,0.792727272727273,-0.2,0.3,0.05,1.6,0.6
2015-06-10,-0.014,13.22,0.792727272727273,-0.2,0.3,0.05,1.6,0.6
2015-06-16,-0.014,14.81,0.792727272727273,-0.2,0.3,0.05,1.6,0.6
2015-06-22,-0.014,12.74,0.792727272727273,-0.2,0.3,0.05,1.6,0.6
2015-06-26,-0.015,14.02,0.792727272727273,-0.2,0.3,0.05,1.6,0.6
2015-07-02,-0.015,16.79,0.71,-0.2,0.3,0.05,1.1,0.5
2015-07-08,-0.018,19.66,0.71,-0.2,0.3,0.05,1.1,0.5
2015-07-14,-0.019,13.37,0.71,-0.2,0.3,0.05,1.1,0.5
2015-07-20,-0.019,12.25,0.71,-0.2,0.3,0.05,1.1,0.5
2015-07-24,-0.019,13.74,0.71,-0.2,0.3,0.05,1.1,0.5
2015-07-30,-0.023,12.13,0.71,-0.2,0.3,0.05,1.1,0.5
2015-08-05,-0.024,12.51,0.608571428571429,-0.2,0.3,0.05,1.3,0.5
2015-08-11,-0.024,13.71,0.608571428571429,-0.2,0.3,0.05,1.3,0.5
2015-08-17,-0.027,13.02,0.608571428571429,-0.2,0.3,0.05,1.3,0.5
2015-08-21,-0.031,28.03,0.608571428571429,-0.2,0.3,0.05,1.3,0.5
2015-08-27,-0.033,26.1,0.608571428571429,-0.2,0.3,0.05,1.3,0.5
2015-09-02,-0.033,26.09,0.654090909090909,-0.2,0.3,0.05,1.1,0.4
2015-09-08,-0.035,24.9,0.654090909090909,-0.2,0.3,0.05,1.1,0.4
2015-09-14,-0.038,24.25,0.654090909090909,-0.2,0.3,0.05,1.1,0.4
2015-09-18,-0.037,22.28,0.654090909090909,-0.2,0.3,0.05,1.1,0.4
2015-09-24,-0.04,23.47,0.654090909090909,-0.2,0.3,0.05,1.1,0.4
2015-09-30,-0.04,24.5,0.654090909090909,-0.2,0.3,0.05,0.8,0.2
2015-10-06,-0.046,19.4,0.518181818181818,-0.2,0.3,0.05,0.8,0.2
2015-10-12,-0.049,16.17,0.518181818181818,-0.2,0.3,0.05,0.8,0.2
2015-10-16,-0.051,15.05,0.518181818181818,-0.2,0.3,0.05,0.8,0.2
2015-10-22,-0.053,14.45,0.518181818181818,-0.2,0.3,0.05,0.8,0.2
2015-10-28,-0.067,14.33,0.518181818181818,-0.2,0.3,0.05,0.8,0.2
2015-11-03,-0.069,14.54,0.516190476190476,-0.2,0.3,0.05,1.2,0.4
2015-11-09,-0.073,16.52,0.516190476190476,-0.2,0.3,0.05,1.2,0.4
2015-11-13,-0.083,20.08,0.516190476190476,-0.2,0.3,0.05,1.2,0.4
2015-11-19,-0.092,16.99,0.516190476190476,-0.2,0.3,0.05,1.2,0.4
2015-11-25,-0.104,15.19,0.516190476190476,-0.2,0.3,0.05,1.2,0.4
2015-12-01,-0.116,14.67,0.5455,-0.2,0.3,0.05,0.2,0.1
2015-12-07,-0.113,15.84,0.5455,-0.2,0.3,0.05,0.2,0.1
2015-12-11,-0.128,24.39,0.5455,-0.3,0.3,0.05,0.2,0.1
2015-12-17,-0.133,18.94,0.5455,-0.3,0.3,0.05,0.2,0.1
2015-12-23,-0.131,15.57,0.5455,-0.3,0.3,0.05,0.2,0.1
2015-12-30,-0.132,17.29,0.5455,-0.3,0.3,0.05,0.2,0.1
2016-01-06,-0.136,20.59,0.4305,-0.3,0.3,0.05,0.2,0.3
2016-01-12,-0.144,22.47,0.4305,-0.3,0.3,0.05,0.2,0.3
2016-01-18,-0.142,22.47,0.4305,-0.3,0.3,0.05,0.2,0.3
2016-01-22,-0.152,22.34,0.4305,-0.3,0.3,0.05,0.2,0.3
2016-01-28,-0.16,22.42,0.4305,-0.3,0.3,0.05,0.2,0.3
2016-02-03,-0.162,21.65,0.172857142857143,-0.3,0.3,0.05,0.4,0.3
2016-02-09,-0.171,26.54,0.172857142857143,-0.3,0.3,0.05,0.4,0.3
2016-02-15,-0.183,26.54,0.172857142857143,-0.3,0.3,0.05,0.4,0.3
2016-02-19,-0.198,20.53,0.172857142857143,-0.3,0.3,0.05,0.4,0.3
2016-02-25,-0.201,19.11,0.172857142857143,-0.3,0.3,0.05,0.4,0.3
2016-03-02,-0.208,17.09,0.171428571428571,-0.3,0.3,0.05,-0.1,-0.1
2016-03-08,-0.221,18.67,0.171428571428571,-0.3,0.3,0.05,-0.1,-0.1
2016-03-14,-0.226,16.92,0.171428571428571,-0.3,0.3,0.05,-0.1,-0.1
2016-03-18,-0.235,14.02,0.171428571428571,-0.4,0.25,0.0,-0.1,-0.1
2016-03-24,-0.242,14.74,0.171428571428571,-0.4,0.25,0.0,-0.1,-0.1
2016-04-01,-0.245,13.1,0.134285714285714,-0.4,0.25,0.0,0.1,0.0
2016-04-07,-0.247,16.16,0.134285714285714,-0.4,0.25,0.0,0.1,0.0
2016-04-13,-0.249,13.84,0.134285714285714,-0.4,0.25,0.0,0.1,0.0
2016-04-19,-0.25,13.24,0.134285714285714,-0.4,0.25,0.0,0.1,0.0
2016-04-25,-0.25,14.08,0.134285714285714,-0.4,0.25,0.0,0.1,0.0
2016-04-29,-0.251,15.7,0.134285714285714,-0.4,0.25,0.0,0.1,0.0
2016-05-05,-0.255,15.91,0.132857142857143,-0.4,0.25,0.0,-0.3,-0.3
2016-05-11,-0.259,14.69,0.132857142857143,-0.4,0.25,0.0,-0.3,-0.3
2016-05-17,-0.257,15.57,0.132857142857143,-0.4,0.25,0.0,-0.3,-0.3
2016-05-23,-0.258,15.82,0.132857142857143,-0.4,0.25,0.0,-0.3,-0.3
2016-05-27,-0.26,13.12,0.132857142857143,-0.4,0.25,0.0,-0.3,-0.3
2016-06-02,-0.262,13.63,-0.0168181818181818,-0.4,0.25,0.0,-0.1,-0.1
2016-06-08,-0.264,14.08,-0.0168181818181818,-0.4,0.25,0.0,-0.1,-0.1
2016-06-14,-0.262,20.5,-0.0168181818181818,-0.4,0.25,0.0,-0.1,-0.1
2016-06-20,-0.266,18.37,-0.0168181818181818,-0.4,0.25,0.0,-0.1,-0.1
2016-06-24,-0.281,25.76,-0.0168181818181818,-0.4,0.25,0.0,-0.1,-0.1
2016-06-30,-0.286,15.63,-0.0168181818181818,-0.4,0.25,0.0,0.1,0.0
2016-07-06,-0.293,14.96,-0.154285714285714,-0.4,0.25,0.0,0.1,0.0
2016-07-12,-0.291,13.55,-0.154285714285714,-0.4,0.25,0.0,0.1,0.0
2016-07-18,-0.295,12.44,-0.154285714285714,-0.4,0.25,0.0,0.1,0.0
2016-07-22,-0.297,12.02,-0.154285714285714,-0.4,0.25,0.0,0.1,0.0
2016-07-28,-0.296,12.72,-0.154285714285714,-0.4,0.25,0.0,0.1,0.0
2016-08-03,-0.299,12.86,-0.131739130434783,-0.4,0.25,0.0,0.3,0.2
2016-08-09,-0.298,11.66,-0.131739130434783,-0.4,0.25,0.0,0.3,0.2
2016-08-15,-0.298,11.81,-0.131739130434783,-0.4,0.25,0.0,0.3,0.2
2016-08-19,-0.298,11.34,-0.131739130434783,-0.4,0.25,0.0,0.3,0.2
2016-08-25,-0.298,13.63,-0.131739130434783,-0.4,0.25,0.0,0.3,0.2
2016-08-31,-0.299,13.42,-0.131739130434783,-0.4,0.25,0.0,0.3,0.2
2016-09-06,-0.303,12.02,-0.0840909090909091,-0.4,0.25,0.0,0.3,0.2
2016-09-12,-0.303,15.16,-0.0840909090909091,-0.4,0.25,0.0,0.3,0.2
2016-09-16,-0.301,15.37,-0.0840909090909091,-0.4,0.25,0.0,0.3,0.2
2016-09-22,-0.301,12.02,-0.0840909090909091,-0.4,0.25,0.0,0.3,0.2
2016-09-28,-0.302,12.39,-0.0840909090909091,-0.4,0.25,0.0,0.3,0.2
2016-10-04,-0.301,13.63,0.002,-0.4,0.25,0.0,0.6,0.4
2016-10-10,-0.305,13.38,0.002,-0.4,0.25,0.0,0.6,0.4
2016-10-14,-0.311,16.12,0.002,-0.4,0.25,0.0,0.6,0.4
2016-10-20,-0.313,13.75,0.002,-0.4,0.25,0.0,0.6,0.4
2016-10-26,-0.313,14.24,0.002,-0.4,0.25,0.0,0.6,0.4
2016-11-01,-0.313,18.56,0.189090909090909,-0.4,0.25,0.0,0.7,0.5
2016-11-07,-0.312,18.71,0.189090909090909,-0.4,0.25,0.0,0.7,0.5
2016-11-11,-0.312,14.17,0.189090909090909,-0.4,0.25,0.0,0.7,0.5
2016-11-17,-0.312,13.35,0.189090909090909,-0.4,0.25,0.0,0.7,0.5
2016-11-23,-0.313,12.43,0.189090909090909,-0.4,0.25,0.0,0.7,0.5
2016-11-29,-0.314,12.9,0.189090909090909,-0.4,0.25,0.0,0.7,0.5
2016-12-05,-0.313,12.14,0.251904761904762,-0.4,0.25,0.0,0.8,0.6
2016-12-09,-0.316,11.75,0.251904761904762,-0.4,0.25,0.0,0.8,0.6
2016-12-15,-0.316,12.79,0.251904761904762,-0.4,0.25,0.0,0.8,0.6
2016-12-21,-0.315,11.27,0.251904761904762,-0.4,0.25,0.0,0.8,0.6
2016-12-28,-0.319,12.95,0.251904761904762,-0.4,0.25,0.0,0.8,0.6
2017-01-03,-0.319,12.85,0.250909090909091,-0.4,0.25,0.0,1.6,1.1
2017-01-09,-0.322,11.56,0.250909090909091,-0.4,0.25,0.0,1.6,1.1
2017-01-13,-0.327,11.23,0.250909090909091,-0.4,0.25,0.0,1.6,1.1
2017-01-19,-0.329,12.78,0.250909090909091,-0.4,0.25,0.0,1.6,1.1
2017-01-25,-0.328,10.81,0.250909090909091,-0.4,0.25,0.0,1.6,1.1
2017-01-31,-0.327,11.99,0.250909090909091,-0.4,0.25,0.0,1.7,1.7
2017-02-06,-0.328,11.37,0.258,-0.4,0.25,0.0,1.7,1.7
2017-02-10,-0.329,10.85,0.258,-0.4,0.25,0.0,1.7,1.7
2017-02-16,-0.328,11.76,0.258,-0.4,0.25,0.0,1.7,1.7
2017-02-22,-0.33,11.74,0.258,-0.4,0.25,0.0,1.7,1.7
2017-02-28,-0.33,12.92,0.258,-0.4,0.25,0.0,2.1,2.0
2017-03-06,-0.329,11.24,0.348260869565217,-0.4,0.25,0.0,2.1,2.0
2017-03-10,-0.329,11.66,0.348260869565217,-0.4,0.25,0.0,2.1,2.0
2017-03-16,-0.329,11.21,0.348260869565217,-0.4,0.25,0.0,2.1,2.0
2017-03-22,-0.33,12.81,0.348260869565217,-0.4,0.25,0.0,2.1,2.0
2017-03-28,-0.33,11.53,0.348260869565217,-0.4,0.25,0.0,2.1,2.0
2017-04-03,-0.33,12.38,0.225555555555556,-0.4,0.25,0.0,1.5,1.5
2017-04-07,-0.33,12.87,0.225555555555556,-0.4,0.25,0.0,1.5,1.5
2017-04-13,-0.331,15.96,0.225555555555556,-0.4,0.25,0.0,1.5,1.5
2017-04-21,-0.331,14.63,0.225555555555556,-0.4,0.25,0.0,1.5,1.5
2017-04-27,-0.329,10.36,0.225555555555556,-0.4,0.25,0.0,1.5,1.5
2017-05-04,-0.329,10.46,0.336363636363636,-0.4,0.25,0.0,2.0,1.9
2017-05-10,-0.329,10.21,0.336363636363636,-0.4,0.25,0.0,2.0,1.9
2017-05-16,-0.331,10.65,0.336363636363636,-0.4,0.25,0.0,2.0,1.9
2017-05-22,-0.329,10.93,0.336363636363636,-0.4,0.25,0.0,2.0,1.9
2017-05-26,-0.329,9.81,0.336363636363636,-0.4,0.25,0.0,2.0,1.9
2017-06-01,-0.329,9.89,0.25047619047619,-0.4,0.25,0.0,1.3,1.4
2017-06-07,-0.329,10.39,0.25047619047619,-0.4,0.25,0.0,1.3,1.4
2017-06-13,-0.331,10.42,0.25047619047619,-0.4,0.25,0.0,1.3,1.4
2017-06-19,-0.329,10.37,0.25047619047619,-0.4,0.25,0.0,1.3,1.4
2017-06-23,-0.331,10.02,0.25047619047619,-0.4,0.25,0.0,1.3,1.4
2017-06-29,-0.331,11.44,0.25047619047619,-0.4,0.25,0.0,1.3,1.4
2017-07-05,-0.331,11.07,0.455714285714286,-0.4,0.25,0.0,1.7,1.3
2017-07-11,-0.331,10.89,0.455714285714286,-0.4,0.25,0.0,1.7,1.3
2017-07-17,-0.33,9.82,0.455714285714286,-0.4,0.25,0.0,1.7,1.3
2017-07-21,-0.331,9.36,0.455714285714286,-0.4,0.25,0.0,1.7,1.3
2017-07-27,-0.329,10.11,0.455714285714286,-0.4,0.25,0.0,1.7,1.3
2017-08-02,-0.331,10.28,0.346086956521739,-0.4,0.25,0.0,1.7,1.3
2017-08-08,-0.328,10.96,0.346086956521739,-0.4,0.25,0.0,1.7,1.3
2017-08-14,-0.329,12.33,0.346086956521739,-0.4,0.25,0.0,1.7,1.3
2017-08-18,-0.329,14.26,0.346086956521739,-0.4,0.25,0.0,1.7,1.3
2017-08-24,-0.329,12.23,0.346086956521739,-0.4,0.25,0.0,1.7,1.3
2017-08-30,-0.33,11.22,0.346086956521739,-0.4,0.25,0.0,1.7,1.3
2017-09-05,-0.329,12.23,0.347142857142857,-0.4,0.25,0.0,1.9,1.5
2017-09-11,-0.331,10.73,0.347142857142857,-0.4,0.25,0.0,1.9,1.5
2017-09-15,-0.329,10.17,0.347142857142857,-0.4,0.25,0.0,1.9,1.5
2017-09-21,-0.33,9.67,0.347142857142857,-0.4,0.25,0.0,1.9,1.5
2017-09-27,-0.329,9.87,0.347142857142857,-0.4,0.25,0.0,1.9,1.5
2017-10-03,-0.33,9.51,0.3725,-0.4,0.25,0.0,1.9,1.6
2017-10-09,-0.329,10.33,0.3725,-0.4,0.25,0.0,1.9,1.6
2017-10-13,-0.329,9.61,0.3725,-0.4,0.25,0.0,1.9,1.6
2017-10-19,-0.329,10.05,0.3725,-0.4,0.25,0.0,1.9,1.6
2017-10-25,-0.331,11.23,0.3725,-0.4,0.25,0.0,1.9,1.6
2017-10-31,-0.331,10.18,0.3725,-0.4,0.25,0.0,1.5,1.4
2017-11-06,-0.329,9.4,0.308181818181818,-0.4,0.25,0.0,1.5,1.4
2017-11-10,-0.329,11.29,0.308181818181818,-0.4,0.25,0.0,1.5,1.4
2017-11-16,-0.329,11.76,0.308181818181818,-0.4,0.25,0.0,1.5,1.4
2017-11-22,-0.329,9.88,0.308181818181818,-0.4,0.25,0.0,1.5,1.4
2017-11-28,-0.329,10.03,0.308181818181818,-0.4,0.25,0.0,1.5,1.4
2017-12-04,-0.326,11.68,0.296842105263158,-0.4,0.25,0.0,1.7,1.5
2017-12-08,-0.326,9.58,0.296842105263158,-0.4,0.25,0.0,1.7,1.5
2017-12-14,-0.331,10.49,0.296842105263158,-0.4,0.25,0.0,1.7,1.5
2017-12-20,-0.329,9.72,0.296842105263158,-0.4,0.25,0.0,1.7,1.5
2017-12-28,-0.329,10.18,0.296842105263158,-0.4,0.25,0.0,1.7,1.5
2018-01-04,-0.329,9.22,0.474545454545455,-0.4,0.25,0.0,1.5,1.3
2018-01-10,-0.329,9.82,0.474545454545455,-0.4,0.25,0.0,1.5,1.3
2018-01-16,-0.329,11.66,0.474545454545455,-0.4,0.25,0.0,1.5,1.3
2018-01-22,-0.328,11.03,0.474545454545455,-0.4,0.25,0.0,1.5,1.3
2018-01-26,-0.328,11.08,0.474545454545455,-0.4,0.25,0.0,1.5,1.3
2018-02-01,-0.328,13.47,0.659,-0.4,0.25,0.0,1.5,1.3
2018-02-07,-0.329,27.73,0.659,-0.4,0.25,0.0,1.5,1.3
2018-02-13,-0.329,24.97,0.659,-0.4,0.25,0.0,1.5,1.3
2018-02-19,-0.329,24.97,0.659,-0.4,0.25,0.0,1.5,1.3
2018-02-23,-0.328,16.49,0.659,-0.4,0.25,0.0,1.5,1.3
2018-03-01,-0.327,22.47,0.52952380952381,-0.4,0.25,0.0,1.2,1.1
2018-03-07,-0.327,17.76,0.52952380952381,-0.4,0.25,0.0,1.2,1.1
2018-03-13,-0.327,16.35,0.52952380952381,-0.4,0.25,0.0,1.2,1.1
2018-03-19,-0.329,19.02,0.52952380952381,-0.4,0.25,0.0,1.2,1.1
2018-03-23,-0.329,24.87,0.52952380952381,-0.4,0.25,0.0,1.2,1.1
2018-03-29,-0.328,19.97,0.52952380952381,-0.4,0.25,0.0,1.2,1.1
2018-04-06,-0.329,21.49,0.48,-0.4,0.25,0.0,1.7,1.4
2018-04-12,-0.329,18.49,0.48,-0.4,0.25,0.0,1.7,1.4
2018-04-18,-0.328,15.6,0.48,-0.4,0.25,0.0,1.7,1.4
2018-04-24,-0.328,18.02,0.48,-0.4,0.25,0.0,1.7,1.4
2018-04-30,-0.329,15.93,0.48,-0.4,0.25,0.0,1.3,1.2
2018-05-07,-0.328,14.75,0.45,-0.4,0.25,0.0,1.3,1.2
2018-05-11,-0.327,12.65,0.45,-0.4,0.25,0.0,1.3,1.2
2018-05-17,-0.326,13.43,0.45,-0.4,0.25,0.0,1.3,1.2
2018-05-23,-0.323,12.58,0.45,-0.4,0.25,0.0,1.3,1.2
2018-05-29,-0.321,17.02,0.45,-0.4,0.25,0.0,1.3,1.2
2018-06-04,-0.321,12.74,0.327142857142857,-0.4,0.25,0.0,2.5,2.0
2018-06-08,-0.321,12.18,0.327142857142857,-0.4,0.25,0.0,2.5,2.0
2018-06-14,-0.321,12.12,0.327142857142857,-0.4,0.25,0.0,2.5,2.0
2018-06-20,-0.323,12.79,0.327142857142857,-0.4,0.25,0.0,2.5,2.0
2018-06-26,-0.323,15.92,0.327142857142857,-0.4,0.25,0.0,2.5,2.0
2018-07-02,-0.321,15.6,0.274545454545455,-0.4,0.25,0.0,2.1,2.0
2018-07-06,-0.321,13.37,0.274545454545455,-0.4,0.25,0.0,2.1,2.0
2018-07-12,-0.321,12.58,0.274545454545455,-0.4,0.25,0.0,2.1,2.0
2018-07-18,-0.321,12.1,0.274545454545455,-0.4,0.25,0.0,2.1,2.0
2018-07-24,-0.321,12.41,0.274545454545455,-0.4,0.25,0.0,2.1,2.0
2018-07-30,-0.319,14.26,0.274545454545455,-0.4,0.25,0.0,2.1,2.0
2018-08-03,-0.319,11.64,0.290869565217391,-0.4,0.25,0.0,2.2,2.2
2018-08-09,-0.319,11.27,0.290869565217391,-0.4,0.25,0.0,2.2,2.2
2018-08-15,-0.319,14.64,0.290869565217391,-0.4,0.25,0.0,2.2,2.2
2018-08-21,-0.319,12.86,0.290869565217391,-0.4,0.25,0.0,2.2,2.2
2018-08-27,-0.319,12.16,0.290869565217391,-0.4,0.25,0.0,2.2,2.2
2018-08-31,-0.319,12.86,0.290869565217391,-0.4,0.25,0.0,2.1,2.1
2018-09-06,-0.319,14.65,0.3705,-0.4,0.25,0.0,2.1,2.1
2018-09-12,-0.319,13.14,0.3705,-0.4,0.25,0.0,2.1,2.1
2018-09-18,-0.319,12.79,0.3705,-0.4,0.25,0.0,2.1,2.1
2018-09-24,-0.319,12.2,0.3705,-0.4,0.25,0.0,2.1,2.1
2018-09-28,-0.318,12.12,0.3705,-0.4,0.25,0.0,2.1,2.1
2018-10-04,-0.318,14.22,0.399090909090909,-0.4,0.25,0.0,2.2,2.1
2018-10-10,-0.318,22.96,0.399090909090909,-0.4,0.25,0.0,2.2,2.1
2018-10-16,-0.318,17.62,0.399090909090909,-0.4,0.25,0.0,2.2,2.1
2018-10-22,-0.317,19.64,0.399090909090909,-0.4,0.25,0.0,2.2,2.1
2018-10-26,-0.318,24.16,0.399090909090909,-0.4,0.25,0.0,2.2,2.1
2018-11-01,-0.318,19.34,0.314090909090909,-0.4,0.25,0.0,2.6,2.3
2018-11-07,-0.317,16.36,0.314090909090909,-0.4,0.25,0.0,2.6,2.3
2018-11-13,-0.316,20.02,0.314090909090909,-0.4,0.25,0.0,2.6,2.3
2018-11-19,-0.316,20.1,0.314090909090909,-0.4,0.25,0.0,2.6,2.3
2018-11-23,-0.316,21.52,0.314090909090909,-0.4,0.25,0.0,2.6,2.3
2018-11-29,-0.316,18.79,0.314090909090909,-0.4,0.25,0.0,2.6,2.3
2018-12-05,-0.316,18.79,0.187058823529412,-0.4,0.25,0.0,2.2,1.9
2018-12-11,-0.312,21.76,0.187058823529412,-0.4,0.25,0.0,2.2,1.9
2018-12-17,-0.311,24.52,0.187058823529412,-0.4,0.25,0.0,2.2,1.9
2018-12-21,-0.31,30.11,0.187058823529412,-0.4,0.25,0.0,2.2,1.9
2018-12-31,-0.309,25.42,0.187058823529412,-0.4,0.25,0.0,1.7,1.5
2019-01-07,-0.31,21.4,0.132727272727273,-0.4,0.25,0.0,1.7,1.5
2019-01-11,-0.308,18.19,0.132727272727273,-0.4,0.25,0.0,1.7,1.5
2019-01-17,-0.308,18.06,0.132727272727273,-0.4,0.25,0.0,1.7,1.5
2019-01-23,-0.308,19.52,0.132727272727273,-0.4,0.25,0.0,1.7,1.5
2019-01-29,-0.306,19.13,0.132727272727273,-0.4,0.25,0.0,1.7,1.5
2019-02-04,-0.307,15.73,0.0555,-0.4,0.25,0.0,1.7,1.4
2019-02-08,-0.308,15.72,0.0555,-0.4,0.25,0.0,1.7,1.4
2019-02-14,-0.308,16.22,0.0555,-0.4,0.25,0.0,1.7,1.4
2019-02-20,-0.308,14.02,0.0555,-0.4,0.25,0.0,1.7,1.4
2019-02-26,-0.31,15.17,0.0555,-0.4,0.25,0.0,1.7,1.4
2019-03-04,-0.309,14.63,0.010952380952381,-0.4,0.25,0.0,1.7,1.5
2019-03-08,-0.308,16.05,0.010952380952381,-0.4,0.25,0.0,1.7,1.5
2019-03-14,-0.309,13.5,0.010952380952381,-0.4,0.25,0.0,1.7,1.5
2019-03-20,-0.309,13.91,0.010952380952381,-0.4,0.25,0.0,1.7,1.5
2019-03-26,-0.309,14.68,0.010952380952381,-0.4,0.25,0.0,1.7,1.5
2019-04-01,-0.31,13.4,-0.0395,-0.4,0.25,0.0,1.4,1.4
2019-04-05,-0.31,12.82,-0.0395,-0.4,0.25,0.0,1.4,1.4
2019-04-11,-0.31,13.02,-0.0395,-0.4,0.25,0.0,1.4,1.4
2019-04-17,-0.311,12.6,-0.0395,-0.4,0.25,0.0,1.4,1.4
2019-04-25,-0.312,13.25,-0.0395,-0.4,0.25,0.0,1.4,1.4
2019-05-02,-0.309,14.42,-0.134545454545455,-0.4,0.25,0.0,2.1,1.7
2019-05-08,-0.308,19.4,-0.134545454545455,-0.4,0.25,0.0,2.1,1.7
2019-05-14,-0.311,18.06,-0.134545454545455,-0.4,0.25,0.0,2.1,1.7
2019-05-20,-0.314,16.31,-0.134545454545455,-0.4,0.25,0.0,2.1,1.7
2019-05-24,-0.311,15.85,-0.134545454545455,-0.4,0.25,0.0,2.1,1.7
2019-05-30,-0.32,17.3,-0.134545454545455,-0.4,0.25,0.0,2.1,1.7
2019-06-05,-0.32,16.09,-0.315263157894737,-0.4,0.25,0.0,1.3,1.2
2019-06-11,-0.319,15.99,-0.315263157894737,-0.4,0.25,0.0,1.3,1.2
2019-06-17,-0.32,15.35,-0.315263157894737,-0.4,0.25,0.0,1.3,1.2
2019-06-21,-0.344,15.4,-0.315263157894737,-0.4,0.25,0.0,1.3,1.2
2019-06-27,-0.344,15.82,-0.315263157894737,-0.4,0.25,0.0,1.3,1.2
2019-07-03,-0.353,12.57,-0.388260869565217,-0.4,0.25,0.0,1.5,1.3
2019-07-09,-0.358,14.09,-0.388260869565217,-0.4,0.25,0.0,1.5,1.3
2019-07-15,-0.363,12.68,-0.388260869565217,-0.4,0.25,0.0,1.5,1.3
2019-07-19,-0.375,14.45,-0.388260869565217,-0.4,0.25,0.0,1.5,1.3
2019-07-25,-0.378,12.74,-0.388260869565217,-0.4,0.25,0.0,1.5,1.3
2019-07-31,-0.375,16.12,-0.388260869565217,-0.4,0.25,0.0,1.1,1.0
2019-08-06,-0.389,20.17,-0.649090909090909,-0.4,0.25,0.0,1.1,1.0
2019-08-12,-0.4,21.09,-0.649090909090909,-0.4,0.25,0.0,1.1,1.0
2019-08-16,-0.42,18.47,-0.649090909090909,-0.4,0.25,0.0,1.1,1.0
2019-08-22,-0.418,16.68,-0.649090909090909,-0.4,0.25,0.0,1.1,1.0
2019-08-28,-0.422,19.35,-0.649090909090909,-0.4,0.25,0.0,1.1,1.0
2019-09-03,-0.448,19.66,-0.594761904761905,-0.4,0.25,0.0,1.0,1.0
2019-09-09,-0.433,15.27,-0.594761904761905,-0.4,0.25,0.0,1.0,1.0
2019-09-13,-0.4,13.74,-0.594761904761905,-0.4,0.25,0.0,1.0,1.0
2019-09-19,-0.396,14.05,-0.594761904761905,-0.5,0.25,0.0,1.0,1.0
2019-09-25,-0.41,15.96,-0.594761904761905,-0.5,0.25,0.0,1.0,1.0
2019-10-01,-0.428,18.56,-0.469545454545455,-0.5,0.25,0.0,0.9,0.8
2019-10-07,-0.423,17.86,-0.469545454545455,-0.5,0.25,0.0,0.9,0.8
2019-10-11,-0.418,15.58,-0.469545454545455,-0.5,0.25,0.0,0.9,0.8
2019-10-17,-0.41,13.79,-0.469545454545455,-0.5,0.25,0.0,0.9,0.8
2019-10-23,-0.402,14.01,-0.469545454545455,-0.5,0.25,0.0,0.9,0.8
2019-10-29,-0.405,13.2,-0.469545454545455,-0.5,0.25,0.0,0.9,0.8
2019-11-04,-0.398,12.83,-0.352380952380952,-0.5,0.25,0.0,0.9,0.7
2019-11-08,-0.395,12.07,-0.352380952380952,-0.5,0.25,0.0,0.9,0.7
2019-11-14,-0.399,13.05,-0.352380952380952,-0.5,0.25,0.0,0.9,0.7
2019-11-20,-0.406,12.78,-0.352380952380952,-0.5,0.25,0.0,0.9,0.7
2019-11-26,-0.399,11.54,-0.352380952380952,-0.5,0.25,0.0,0.9,0.7
2019-12-02,-0.4,14.91,-0.299444444444444,-0.5,0.25,0.0,1.2,1.0
2019-12-06,-0.393,13.62,-0.299444444444444,-0.5,0.25,0.0,1.2,1.0
2019-12-12,-0.395,13.94,-0.299444444444444,-0.5,0.25,0.0,1.2,1.0
2019-12-18,-0.403,12.58,-0.299444444444444,-0.5,0.25,0.0,1.2,1.0
2019-12-24,-0.398,12.67,-0.299444444444444,-0.5,0.25,0.0,1.2,1.0
2020-01-02,-0.379,12.47,-0.313636363636364,-0.5,0.25,0.0,1.5,1.3
2020-01-08,-0.39,13.45,-0.313636363636364,-0.5,0.25,0.0,1.5,1.3
2020-01-14,-0.391,12.39,-0.313636363636364,-0.5,0.25,0.0,1.5,1.3
2020-01-20,-0.392,12.39,-0.313636363636364,-0.5,0.25,0.0,1.5,1.3
2020-01-24,-0.386,14.56,-0.313636363636364,-0.5,0.25,0.0,1.5,1.3
2020-01-30,-0.398,15.49,-0.313636363636364,-0.5,0.25,0.0,1.5,1.3
2020-02-05,-0.4,15.15,-0.466,-0.5,0.25,0.0,1.6,1.4
2020-02-11,-0.409,15.18,-0.466,-0.5,0.25,0.0,1.6,1.4
2020-02-17,-0.413,15.18,-0.466,-0.5,0.25,0.0,1.6,1.4
2020-02-21,-0.415,17.08,-0.466,-0.5,0.25,0.0,1.6,1.4
2020-02-27,-0.425,39.16,-0.466,-0.5,0.25,0.0,1.6,1.4
2020-03-04,-0.468,31.99,-0.541363636363636,-0.5,0.25,0.0,1.7,1.2
2020-03-10,-0.482,47.3,-0.541363636363636,-0.5,0.25,0.0,1.7,1.2
2020-03-16,-0.41,82.69,-0.541363636363636,-0.5,0.25,0.0,1.7,1.2
2020-03-20,-0.371,66.04,-0.541363636363636,-0.5,0.25,0.0,1.7,1.2
2020-03-26,-0.349,61.0,-0.541363636363636,-0.5,0.25,0.0,1.7,1.2
2020-04-01,-0.343,57.06,-0.4495,-0.5,0.25,0.0,1.3,0.7
2020-04-07,-0.293,46.7,-0.4495,-0.5,0.25,0.0,1.3,0.7
2020-04-15,-0.25,40.84,-0.4495,-0.5,0.25,0.0,1.3,0.7
2020-04-21,-0.233,45.41,-0.4495,-0.5,0.25,0.0,1.3,0.7
2020-04-27,-0.223,33.29,-0.4495,-0.5,0.25,0.0,1.3,0.7
2020-05-04,-0.286,35.97,-0.5165,-0.5,0.25,0.0,0.8,0.3
2020-05-08,-0.246,27.98,-0.5165,-0.5,0.25,0.0,0.8,0.3
2020-05-14,-0.262,32.61,-0.5165,-0.5,0.25,0.0,0.8,0.3
2020-05-20,-0.28,27.99,-0.5165,-0.5,0.25,0.0,0.8,0.3
2020-05-26,-0.274,28.01,-0.5165,-0.5,0.25,0.0,0.8,0.3
2020-06-01,-0.325,28.23,-0.434285714285714,-0.5,0.25,0.0,0.5,0.1
2020-06-05,-0.353,24.52,-0.434285714285714,-0.5,0.25,0.0,0.5,0.1
2020-06-11,-0.358,40.79,-0.434285714285714,-0.5,0.25,0.0,0.5,0.1
2020-06-17,-0.396,33.47,-0.434285714285714,-0.5,0.25,0.0,0.5,0.1
2020-06-23,-0.409,31.37,-0.434285714285714,-0.5,0.25,0.0,0.5,0.1
2020-06-29,-0.413,31.78,-0.434285714285714,-0.5,0.25,0.0,0.5,0.1
2020-07-03,-0.435,31.78,-0.52304347826087,-0.5,0.25,0.0,0.8,0.3
2020-07-09,-0.438,29.26,-0.52304347826087,-0.5,0.25,0.0,0.8,0.3
2020-07-15,-0.443,27.76,-0.52304347826087,-0.5,0.25,0.0,0.8,0.3
2020-07-21,-0.452,24.84,-0.52304347826087,-0.5,0.25,0.0,0.8,0.3
2020-07-27,-0.457,24.74,-0.52304347826087,-0.5,0.25,0.0,0.8,0.3
2020-07-31,-0.463,24.46,-0.52304347826087,-0.5,0.25,0.0,0.0,0.4
2020-08-06,-0.474,22.65,-0.523333333333333,-0.5,0.25,0.0,0.0,0.4
2020-08-12,-0.486,22.28,-0.523333333333333,-0.5,0.25,0.0,0.0,0.4
2020-08-18,-0.483,21.51,-0.523333333333333,-0.5,0.25,0.0,0.0,0.4
2020-08-24,-0.488,22.37,-0.523333333333333,-0.5,0.25,0.0,0.0,0.4
2020-08-28,-0.477,22.96,-0.523333333333333,-0.5,0.25,0.0,0.0,0.4
2020-09-03,-0.48,33.6,-0.524090909090909,-0.5,0.25,0.0,-0.1,-0.2
2020-09-09,-0.493,28.81,-0.524090909090909,-0.5,0.25,0.0,-0.1,-0.2
2020-09-15,-0.485,25.59,-0.524090909090909,-0.5,0.25,0.0,-0.1,-0.2
2020-09-21,-0.508,27.78,-0.524090909090909,-0.5,0.25,0.0,-0.1,-0.2
2020-09-25,-0.498,26.38,-0.524090909090909,-0.5,0.25,0.0,-0.1,-0.2
2020-10-01,-0.498,26.7,-0.607272727272727,-0.5,0.25,0.0,-0.4,-0.3
2020-10-07,-0.508,28.06,-0.607272727272727,-0.5,0.25,0.0,-0.4,-0.3
2020-10-13,-0.508,26.07,-0.607272727272727,-0.5,0.25,0.0,-0.4,-0.3
2020-10-19,-0.509,29.18,-0.607272727272727,-0.5,0.25,0.0,-0.4,-0.3
2020-10-23,-0.512,27.55,-0.607272727272727,-0.5,0.25,0.0,-0.4,-0.3
2020-10-29,-0.515,37.59,-0.607272727272727,-0.5,0.25,0.0,-0.4,-0.3
2020-11-04,-0.517,29.57,-0.614761904761905,-0.5,0.25,0.0,-0.5,-0.3
2020-11-10,-0.51,24.8,-0.614761904761905,-0.5,0.25,0.0,-0.5,-0.3
2020-11-16,-0.522,22.45,-0.614761904761905,-0.5,0.25,0.0,-0.5,-0.3
2020-11-20,-0.528,23.7,-0.614761904761905,-0.5,0.25,0.0,-0.5,-0.3
2020-11-26,-0.528,23.7,-0.614761904761905,-0.5,0.25,0.0,-0.5,-0.3
2020-12-02,-0.524,21.17,-0.6185,-0.5,0.25,0.0,-0.7,-0.3
2020-12-08,-0.536,20.68,-0.6185,-0.5,0.25,0.0,-0.7,-0.3
2020-12-14,-0.543,24.72,-0.6185,-0.5,0.25,0.0,-0.7,-0.3
2020-12-18,-0.537,21.57,-0.6185,-0.5,0.25,0.0,-0.7,-0.3
2020-12-24,-0.542,21.53,-0.6185,-0.5,0.25,0.0,-0.7,-0.3
2020-12-31,-0.545,22.75,-0.6185,-0.5,0.25,0.0,-0.7,-0.3
2021-01-07,-0.554,22.37,-0.5835,-0.5,0.25,0.0,-0.7,-0.3
2021-01-13,-0.545,22.21,-0.5835,-0.5,0.25,0.0,-0.7,-0.3
2021-01-19,-0.548,23.24,-0.5835,-0.5,0.25,0.0,-0.7,-0.3
2021-01-25,-0.543,23.19,-0.5835,-0.5,0.25,0.0,-0.7,-0.3
2021-01-29,-0.548,33.09,-0.5835,-0.5,0.25,0.0,-0.7,-0.3
2021-02-04,-0.543,21.77,-0.4455,-0.5,0.25,0.0,1.6,0.9
2021-02-10,-0.541,21.99,-0.4455,-0.5,0.25,0.0,1.6,0.9
2021-02-16,-0.543,21.46,-0.4455,-0.5,0.25,0.0,1.6,0.9
2021-02-22,-0.543,23.45,-0.4455,-0.5,0.25,0.0,1.6,0.9
2021-02-26,-0.53,27.95,-0.4455,-0.5,0.25,0.0,1.6,0.9
2021-03-04,-0.541,28.57,-0.364782608695652,-0.5,0.25,0.0,1.6,0.9
2021-03-10,-0.543,22.56,-0.364782608695652,-0.5,0.25,0.0,1.6,0.9
2021-03-16,-0.542,19.79,-0.364782608695652,-0.5,0.25,0.0,1.6,0.9
2021-03-22,-0.538,18.88,-0.364782608695652,-0.5,0.25,0.0,1.6,0.9
2021-03-26,-0.537,18.86,-0.364782608695652,-0.5,0.25,0.0,1.6,0.9
2021-04-01,-0.538,17.33,-0.325,-0.5,0.25,0.0,2.0,1.3
2021-04-09,-0.544,16.69,-0.325,-0.5,0.25,0.0,2.0,1.3
2021-04-15,-0.537,16.57,-0.325,-0.5,0.25,0.0,2.0,1.3
2021-04-21,-0.535,17.5,-0.325,-0.5,0.25,0.0,2.0,1.3
2021-04-27,-0.535,17.56,-0.325,-0.5,0.25,0.0,2.0,1.3
2021-05-03,-0.535,18.31,-0.2235,-0.5,0.25,0.0,2.1,1.6
2021-05-07,-0.529,16.69,-0.2235,-0.5,0.25,0.0,2.1,1.6
2021-05-13,-0.541,23.13,-0.2235,-0.5,0.25,0.0,2.1,1.6
2021-05-19,-0.552,22.18,-0.2235,-0.5,0.25,0.0,2.1,1.6
2021-05-25,-0.538,18.84,-0.2235,-0.5,0.25,0.0,2.1,1.6
2021-05-31,-0.544,18.84,-0.2235,-0.5,0.25,0.0,2.4,2.0
2021-06-04,-0.546,16.42,-0.288636363636364,-0.5,0.25,0.0,2.4,2.0
2021-06-10,-0.545,16.1,-0.288636363636364,-0.5,0.25,0.0,2.4,2.0
2021-06-16,-0.547,18.15,-0.288636363636364,-0.5,0.25,0.0,2.4,2.0
2021-06-22,-0.54,16.66,-0.288636363636364,-0.5,0.25,0.0,2.4,2.0
2021-06-28,-0.543,15.76,-0.288636363636364,-0.5,0.25,0.0,2.4,2.0
2021-07-02,-0.546,15.07,-0.451363636363636,-0.5,0.25,0.0,2.1,1.9
2021-07-08,-0.546,19.0,-0.451363636363636,-0.5,0.25,0.0,2.1,1.9
2021-07-14,-0.546,16.33,-0.451363636363636,-0.5,0.25,0.0,2.1,1.9
2021-07-20,-0.543,19.73,-0.451363636363636,-0.5,0.25,0.0,2.1,1.9
2021-07-26,-0.544,17.58,-0.451363636363636,-0.5,0.25,0.0,2.1,1.9
2021-07-30,-0.544,18.24,-0.451363636363636,-0.5,0.25,0.0,2.1,1.9
2021-08-05,-0.54,17.28,-0.538636363636364,-0.5,0.25,0.0,3.1,2.2
2021-08-11,-0.549,16.06,-0.538636363636364,-0.5,0.25,0.0,3.1,2.2
2021-08-17,-0.55,17.91,-0.538636363636364,-0.5,0.25,0.0,3.1,2.2
2021-08-23,-0.549,17.15,-0.538636363636364,-0.5,0.25,0.0,3.1,2.2
2021-08-27,-0.55,16.39,-0.538636363636364,-0.5,0.25,0.0,3.1,2.2
2021-09-02,-0.551,16.41,-0.362727272727273,-0.5,0.25,0.0,3.4,3.0
2021-09-08,-0.541,17.96,-0.362727272727273,-0.5,0.25,0.0,3.4,3.0
2021-09-14,-0.548,19.46,-0.362727272727273,-0.5,0.25,0.0,3.4,3.0
2021-09-20,-0.545,25.71,-0.362727272727273,-0.5,0.25,0.0,3.4,3.0
2021-09-24,-0.543,17.75,-0.362727272727273,-0.5,0.25,0.0,3.4,3.0
2021-09-30,-0.545,23.14,-0.362727272727273,-0.5,0.25,0.0,4.1,3.4
2021-10-06,-0.551,21.0,-0.204285714285714,-0.5,0.25,0.0,4.1,3.4
2021-10-12,-0.552,19.85,-0.204285714285714,-0.5,0.25,0.0,4.1,3.4
2021-10-18,-0.548,16.31,-0.204285714285714,-0.5,0.25,0.0,4.1,3.4
2021-10-22,-0.549,15.43,-0.204285714285714,-0.5,0.25,0.0,4.1,3.4
2021-10-28,-0.557,16.53,-0.204285714285714,-0.5,0.25,0.0,4.1,3.4
2021-11-03,-0.573,15.1,-0.313636363636364,-0.5,0.25,0.0,4.6,4.1
2021-11-09,-0.565,17.78,-0.313636363636364,-0.5,0.25,0.0,4.6,4.1
2021-11-15,-0.561,16.49,-0.313636363636364,-0.5,0.25,0.0,4.6,4.1
2021-11-19,-0.559,17.91,-0.313636363636364,-0.5,0.25,0.0,4.6,4.1
2021-11-25,-0.575,17.91,-0.313636363636364,-0.5,0.25,0.0,4.6,4.1
2021-12-01,-0.572,31.12,-0.384285714285714,-0.5,0.25,0.0,6.0,4.9
2021-12-07,-0.565,21.89,-0.384285714285714,-0.5,0.25,0.0,6.0,4.9
2021-12-13,-0.603,20.31,-0.384285714285714,-0.5,0.25,0.0,6.0,4.9
2021-12-17,-0.581,21.57,-0.384285714285714,-0.5,0.25,0.0,6.0,4.9
2021-12-23,-0.588,17.96,-0.384285714285714,-0.5,0.25,0.0,6.0,4.9
2021-12-29,-0.571,16.95,-0.384285714285714,-0.5,0.25,0.0,6.0,4.9
2022-01-04,-0.565,16.91,-0.114761904761905,-0.5,0.25,0.0,5.7,5.0
2022-01-10,-0.57,19.4,-0.114761904761905,-0.5,0.25,0.0,5.7,5.0
2022-01-14,-0.568,19.19,-0.114761904761905,-0.5,0.25,0.0,5.7,5.0
2022-01-20,-0.553,25.59,-0.114761904761905,-0.5,0.25,0.0,5.7,5.0
2022-01-26,-0.554,31.96,-0.114761904761905,-0.5,0.25,0.0,5.7,5.0
2022-02-01,-0.547,21.96,0.15,-0.5,0.25,0.0,5.1,5.1
2022-02-07,-0.53,22.86,0.15,-0.5,0.25,0.0,5.1,5.1
2022-02-11,-0.523,27.36,0.15,-0.5,0.25,0.0,5.1,5.1
2022-02-17,-0.529,28.11,0.15,-0.5,0.25,0.0,5.1,5.1
2022-02-23,-0.529,31.02,0.15,-0.5,0.25,0.0,5.1,5.1
2022-03-01,-0.534,33.32,0.281739130434783,-0.5,0.25,0.0,5.5,5.9
2022-03-07,-0.498,36.45,0.281739130434783,-0.5,0.25,0.0,5.5,5.9
2022-03-11,-0.502,30.75,0.281739130434783,-0.5,0.25,0.0,5.5,5.9
2022-03-17,-0.493,25.67,0.281739130434783,-0.5,0.25,0.0,5.5,5.9
2022-03-23,-0.493,23.57,0.281739130434783,-0.5,0.25,0.0,5.5,5.9
2022-03-29,-0.473,18.9,0.281739130434783,-0.5,0.25,0.0,5.5,5.9
2022-04-04,-0.447,18.57,0.746315789473684,-0.5,0.25,0.0,7.6,7.4
2022-04-08,-0.449,21.16,0.746315789473684,-0.5,0.25,0.0,7.6,7.4
2022-04-14,-0.452,22.7,0.746315789473684,-0.5,0.25,0.0,7.6,7.4
2022-04-22,-0.427,28.21,0.746315789473684,-0.5,0.25,0.0,7.6,7.4
2022-04-28,-0.438,29.99,0.746315789473684,-0.5,0.25,0.0,7.6,7.4
2022-05-04,-0.427,25.42,0.952727272727273,-0.5,0.25,0.0,7.8,7.4
2022-05-10,-0.417,32.99,0.952727272727273,-0.5,0.25,0.0,7.8,7.4
2022-05-16,-0.403,27.47,0.952727272727273,-0.5,0.25,0.0,7.8,7.4
2022-05-20,-0.348,29.43,0.952727272727273,-0.5,0.25,0.0,7.8,7.4
2022-05-26,-0.352,27.5,0.952727272727273,-0.5,0.25,0.0,7.8,7.4
2022-06-01,-0.335,25.69,1.445,-0.5,0.25,0.0,8.7,8.1
2022-06-07,-0.298,24.02,1.445,-0.5,0.25,0.0,8.7,8.1
2022-06-13,-0.281,34.02,1.445,-0.5,0.25,0.0,8.7,8.1
2022-06-17,-0.169,31.13,1.445,-0.5,0.25,0.0,8.7,8.1
2022-06-23,-0.186,29.05,1.445,-0.5,0.25,0.0,8.7,8.1
2022-06-29,-0.191,28.16,1.445,-0.5,0.25,0.0,8.7,8.1
2022-07-05,-0.145,27.54,1.08190476190476,-0.5,0.25,0.0,8.2,8.6
2022-07-11,-0.07,26.17,1.08190476190476,-0.5,0.25,0.0,8.2,8.6
2022-07-15,0.072,24.23,1.08190476190476,-0.5,0.25,0.0,8.2,8.6
2022-07-21,0.145,23.11,1.08190476190476,-0.5,0.25,0.0,8.2,8.6
2022-07-27,0.238,23.24,1.08190476190476,0.0,0.75,0.5,8.2,8.6
2022-08-02,0.26,23.93,1.03434782608696,0.0,0.75,0.5,8.5,8.9
2022-08-08,0.301,21.29,1.03434782608696,0.0,0.75,0.5,8.5,8.9
2022-08-12,0.333,19.53,1.03434782608696,0.0,0.75,0.5,8.5,8.9
2022-08-18,0.391,19.56,1.03434782608696,0.0,0.75,0.5,8.5,8.9
2022-08-24,0.493,22.82,1.03434782608696,0.0,0.75,0.5,8.5,8.9
2022-08-30,0.62,26.21,1.03434782608696,0.0,0.75,0.5,8.5,8.9
2022-09-05,0.783,25.99,1.79545454545455,0.0,0.75,0.5,8.8,9.1
2022-09-09,0.934,22.79,1.79545454545455,0.0,0.75,0.5,8.8,9.1
2022-09-15,1.03,26.27,1.79545454545455,0.75,1.5,1.25,8.8,9.1
2022-09-21,1.118,27.99,1.79545454545455,0.75,1.5,1.25,8.8,9.1
2022-09-27,1.228,32.6,1.79545454545455,0.75,1.5,1.25,8.8,9.1
2022-10-03,1.185,30.1,2.18666666666667,0.75,1.5,1.25,10.9,9.9
2022-10-07,1.288,31.36,2.18666666666667,0.75,1.5,1.25,10.9,9.9
2022-10-13,1.378,31.94,2.18666666666667,0.75,1.5,1.25,10.9,9.9
2022-10-19,1.462,30.76,2.18666666666667,0.75,1.5,1.25,10.9,9.9
2022-10-25,1.577,28.46,2.18666666666667,0.75,1.5,1.25,10.9,9.9
2022-10-31,1.704,25.88,2.18666666666667,0.75,1.5,1.25,11.6,10.6
2022-11-04,1.734,24.55,2.06636363636364,1.5,2.25,2.0,11.6,10.6
2022-11-10,1.798,23.53,2.06636363636364,1.5,2.25,2.0,11.6,10.6
2022-11-16,1.803,24.11,2.06636363636364,1.5,2.25,2.0,11.6,10.6
2022-11-22,1.863,21.29,2.06636363636364,1.5,2.25,2.0,11.6,10.6
2022-11-28,1.954,22.21,2.06636363636364,1.5,2.25,2.0,11.6,10.6
2022-12-02,1.975,19.06,2.0852380952381,1.5,2.25,2.0,11.3,10.1
2022-12-08,1.99,22.29,2.0852380952381,1.5,2.25,2.0,11.3,10.1
2022-12-14,2.081,21.14,2.0852380952381,1.5,2.25,2.0,11.3,10.1
2022-12-20,2.081,21.48,2.0852380952381,1.5,2.25,2.0,11.3,10.1
2022-12-27,2.128,21.65,2.0852380952381,2.0,2.75,2.5,11.3,10.1
2023-01-02,2.162,21.65,2.19272727272727,2.0,2.75,2.5,9.6,9.2
2023-01-06,2.254,21.13,2.19272727272727,2.0,2.75,2.5,9.6,9.2
2023-01-12,2.288,18.83,2.19272727272727,2.0,2.75,2.5,9.6,9.2
2023-01-18,2.342,20.34,2.19272727272727,2.0,2.75,2.5,9.6,9.2
2023-01-24,2.501,19.2,2.19272727272727,2.0,2.75,2.5,9.6,9.2
2023-01-30,2.482,19.94,2.19272727272727,2.0,2.75,2.5,9.6,9.2
2023-02-03,2.545,18.33,2.3705,2.0,2.75,2.5,9.2,8.6
2023-02-09,2.607,20.71,2.3705,2.5,3.25,3.0,9.2,8.6
2023-02-15,2.682,18.23,2.3705,2.5,3.25,3.0,9.2,8.6
2023-02-21,2.682,22.87,2.3705,2.5,3.25,3.0,9.2,8.6
2023-02-27,2.716,20.95,2.3705,2.5,3.25,3.0,9.2,8.6
2023-03-03,2.849,18.49,2.3834782608695706,2.5,3.25,3.0,9.3,8.5
2023-03-09,2.948,22.61,2.3834782608695706,2.5,3.25,3.0,9.3,8.5
2023-03-15,2.815,26.14,2.3834782608695706,2.5,3.25,3.0,9.3,8.5
2023-03-21,2.908,21.38,2.3834782608695706,2.5,3.25,3.0,9.3,8.5
2023-03-27,3.012,20.6,2.3834782608695706,3.0,3.75,3.5,9.3,8.5
2023-03-31,3.038,18.7,2.3834782608695706,3.0,3.75,3.5,7.8,6.9
2023-04-06,3.075,18.4,2.35944444444444,3.0,3.75,3.5,7.8,6.9
2023-04-14,3.175,17.07,2.35944444444444,3.0,3.75,3.5,7.8,6.9
2023-04-20,3.211,17.17,2.35944444444444,3.0,3.75,3.5,7.8,6.9
2023-04-26,3.242,18.84,2.35944444444444,3.0,3.75,3.5,7.8,6.9
2023-05-03,3.275,18.34,2.3422727272727295,3.0,3.75,3.5,7.6,7.0
2023-05-09,3.27,17.71,2.3422727272727295,3.0,3.75,3.5,7.6,7.0
2023-05-15,3.358,17.12,2.3422727272727295,3.25,4.0,3.75,7.6,7.0
2023-05-19,3.415,16.81,2.3422727272727295,3.25,4.0,3.75,7.6,7.0
2023-05-25,3.457,19.14,2.3422727272727295,3.25,4.0,3.75,7.6,7.0
2023-05-31,3.463,17.94,2.3422727272727295,3.25,4.0,3.75,6.3,6.1
2023-06-06,3.476,13.96,2.37636363636364,3.25,4.0,3.75,6.3,6.1
2023-06-12,3.478,15.01,2.37636363636364,3.25,4.0,3.75,6.3,6.1
2023-06-16,3.572,13.54,2.37636363636364,3.25,4.0,3.75,6.3,6.1
2023-06-22,3.6,12.91,2.37636363636364,3.5,4.25,4.0,6.3,6.1
2023-06-28,3.598,13.43,2.37636363636364,3.5,4.25,4.0,6.3,6.1
2023-07-04,3.613,13.7,2.45666666666667,3.5,4.25,4.0,6.8,5.5
2023-07-10,3.661,15.07,2.45666666666667,3.5,4.25,4.0,6.8,5.5
2023-07-14,3.66,13.34,2.45666666666667,3.5,4.25,4.0,6.8,5.5
2023-07-20,3.698,13.99,2.45666666666667,3.5,4.25,4.0,6.8,5.5
2023-07-26,3.714,13.19,2.45666666666667,3.5,4.25,4.0,6.8,5.5
2023-08-01,3.723,13.93,2.54565217391304,3.5,4.25,4.0,6.5,5.3
2023-08-07,3.754,15.77,2.54565217391304,3.75,4.5,4.25,6.5,5.3
2023-08-11,3.781,14.84,2.54565217391304,3.75,4.5,4.25,6.5,5.3
2023-08-17,3.815,17.89,2.54565217391304,3.75,4.5,4.25,6.5,5.3
2023-08-23,3.826,15.98,2.54565217391304,3.75,4.5,4.25,6.5,5.3
2023-08-29,3.783,14.45,2.54565217391304,3.75,4.5,4.25,6.5,5.3
2023-09-04,3.798,13.82,2.66142857142857,3.75,4.5,4.25,6.4,5.2
2023-09-08,3.8,13.84,2.66142857142857,3.75,4.5,4.25,6.4,5.2
2023-09-14,3.867,12.82,2.66142857142857,3.75,4.5,4.25,6.4,5.2
2023-09-20,3.934,15.14,2.66142857142857,4.0,4.75,4.5,6.4,5.2
2023-09-26,3.941,18.94,2.66142857142857,4.0,4.75,4.5,6.4,5.2
2023-10-02,3.951,17.61,2.82318181818182,4.0,4.75,4.5,4.3,4.3
2023-10-06,3.983,17.45,2.82318181818182,4.0,4.75,4.5,4.3,4.3
2023-10-12,3.965,16.69,2.82318181818182,4.0,4.75,4.5,4.3,4.3
2023-10-18,3.993,19.22,2.82318181818182,4.0,4.75,4.5,4.3,4.3
2023-10-24,3.941,18.97,2.82318181818182,4.0,4.75,4.5,4.3,4.3
2023-10-30,3.968,19.75,2.82318181818182,4.0,4.75,4.5,4.3,4.3
2023-11-03,3.956,14.91,2.60136363636364,4.0,4.75,4.5,3.0,2.9
2023-11-09,3.987,15.29,2.60136363636364,4.0,4.75,4.5,3.0,2.9
2023-11-15,3.994,14.18,2.60136363636364,4.0,4.75,4.5,3.0,2.9
2023-11-21,3.973,13.35,2.60136363636364,4.0,4.75,4.5,3.0,2.9
2023-11-27,3.951,12.69,2.60136363636364,4.0,4.75,4.5,3.0,2.9
2023-12-01,3.96,12.63,2.10210526315789,4.0,4.75,4.5,2.3,2.4
2023-12-07,3.969,13.06,2.10210526315789,4.0,4.75,4.5,2.3,2.4
2023-12-13,3.925,12.19,2.10210526315789,4.0,4.75,4.5,2.3,2.4
2023-12-19,3.923,12.53,2.10210526315789,4.0,4.75,4.5,2.3,2.4
2023-12-27,3.925,12.43,2.10210526315789,4.0,4.75,4.5,2.3,2.4
2024-01-03,3.929,14.04,2.1745454545454495,4.0,4.75,4.5,3.8,2.9
2024-01-09,3.928,12.76,2.1745454545454495,4.0,4.75,4.5,3.8,2.9
2024-01-15,3.928,13.25,2.1745454545454495,4.0,4.75,4.5,3.8,2.9
2024-01-19,3.958,13.3,2.1745454545454495,4.0,4.75,4.5,3.8,2.9
2024-01-25,3.925,13.45,2.1745454545454495,4.0,4.75,4.5,3.8,2.9
2024-01-31,3.905,14.35,2.1745454545454495,4.0,4.75,4.5,3.1,2.8
2024-02-06,3.932,13.06,2.33190476190476,4.0,4.75,4.5,3.1,2.8
2024-02-12,3.912,13.93,2.33190476190476,4.0,4.75,4.5,3.1,2.8
2024-02-16,3.933,14.24,2.33190476190476,4.0,4.75,4.5,3.1,2.8
2024-02-22,3.945,14.54,2.33190476190476,4.0,4.75,4.5,3.1,2.8
2024-02-28,3.942,13.84,2.33190476190476,4.0,4.75,4.5,3.1,2.8
2024-03-05,3.926,14.46,2.3495,4.0,4.75,4.5,2.7,2.6
2024-03-11,3.928,15.22,2.3495,4.0,4.75,4.5,2.7,2.6
2024-03-15,3.928,14.41,2.3495,4.0,4.75,4.5,2.7,2.6
2024-03-21,3.926,12.92,2.3495,4.0,4.75,4.5,2.7,2.6
2024-03-27,3.908,12.78,2.3495,4.0,4.75,4.5,2.7,2.6
2024-04-04,3.891,16.35,2.4457142857142906,4.0,4.75,4.5,2.3,2.4
2024-04-10,3.912,15.8,2.4457142857142906,4.0,4.75,4.5,2.3,2.4
2024-04-16,3.904,18.4,2.4457142857142906,4.0,4.75,4.5,2.3,2.4
2024-04-22,3.891,16.94,2.4457142857142906,4.0,4.75,4.5,2.3,2.4
2024-04-26,3.865,15.03,2.4457142857142906,4.0,4.75,4.5,2.3,2.4
2024-05-03,3.827,13.49,2.51954545454545,4.0,4.75,4.5,2.4,2.4
2024-05-09,3.806,12.69,2.51954545454545,4.0,4.75,4.5,2.4,2.4
2024-05-15,3.816,12.45,2.51954545454545,4.0,4.75,4.5,2.4,2.4
2024-05-21,3.823,11.86,2.51954545454545,4.0,4.75,4.5,2.4,2.4
2024-05-27,3.8,12.36,2.51954545454545,4.0,4.75,4.5,2.4,2.4
2024-05-31,3.785,12.92,2.51954545454545,4.0,4.75,4.5,2.8,2.6
2024-06-06,3.755,12.58,2.4845,4.0,4.75,4.5,2.8,2.6
2024-06-12,3.72,12.04,2.4845,3.75,4.5,4.25,2.8,2.6
2024-06-18,3.717,12.3,2.4845,3.75,4.5,4.25,2.8,2.6
2024-06-24,3.682,13.33,2.4845,3.75,4.5,4.25,2.8,2.6
2024-06-28,3.711,12.44,2.4845,3.75,4.5,4.25,2.8,2.6
2024-07-04,3.708,12.26,2.45826086956522,3.75,4.5,4.25,2.5,2.5
2024-07-10,3.704,12.85,2.45826086956522,3.75,4.5,4.25,2.5,2.5
2024-07-16,3.674,13.19,2.45826086956522,3.75,4.5,4.25,2.5,2.5
2024-07-22,3.705,14.91,2.45826086956522,3.75,4.5,4.25,2.5,2.5
2024-07-26,3.655,16.39,2.45826086956522,3.75,4.5,4.25,2.5,2.5
2024-08-01,3.638,18.59,2.2077272727272694,3.75,4.5,4.25,2.6,2.6
2024-08-07,3.569,27.85,2.2077272727272694,3.75,4.5,4.25,2.6,2.6
2024-08-13,3.542,18.12,2.2077272727272694,3.75,4.5,4.25,2.6,2.6
2024-08-19,3.551,14.65,2.2077272727272694,3.75,4.5,4.25,2.6,2.6
2024-08-23,3.525,15.86,2.2077272727272694,3.75,4.5,4.25,2.6,2.6
2024-08-29,3.505,15.65,2.2077272727272694,3.75,4.5,4.25,2.6,2.6
2024-09-04,3.449,21.32,2.16714285714286,3.75,4.5,4.25,2.0,2.2
2024-09-10,3.46,19.08,2.16714285714286,3.75,4.5,4.25,2.0,2.2
2024-09-16,3.488,17.14,2.16714285714286,3.75,4.5,4.25,2.0,2.2
2024-09-20,3.436,16.15,2.16714285714286,3.5,3.9,3.65,2.0,2.2
2024-09-26,3.345,15.37,2.16714285714286,3.5,3.9,3.65,2.0,2.2
2024-10-02,3.246,18.9,2.2295652173913,3.5,3.9,3.65,1.8,1.7
2024-10-08,3.265,21.42,2.2295652173913,3.5,3.9,3.65,1.8,1.7
2024-10-14,3.205,19.7,2.2295652173913,3.5,3.9,3.65,1.8,1.7
2024-10-18,3.201,18.03,2.2295652173913,3.5,3.9,3.65,1.8,1.7
2024-10-24,3.072,19.08,2.2295652173913,3.25,3.65,3.4,1.8,1.7
2024-10-30,3.056,20.35,2.2295652173913,3.25,3.65,3.4,1.8,1.7
2024-11-05,3.057,20.49,2.30571428571429,3.25,3.65,3.4,2.4,2.0
2024-11-11,3.04,14.97,2.30571428571429,3.25,3.65,3.4,2.4,2.0
2024-11-15,2.998,16.14,2.30571428571429,3.25,3.65,3.4,2.4,2.0
2024-11-21,3.005,16.87,2.30571428571429,3.25,3.65,3.4,2.4,2.0
2024-11-27,2.912,14.1,2.30571428571429,3.25,3.65,3.4,2.4,2.0
2024-12-03,2.879,13.3,2.17888888888889,3.25,3.65,3.4,2.4,2.2
2024-12-09,2.862,14.19,2.17888888888889,3.25,3.65,3.4,2.4,2.2
2024-12-13,2.843,13.81,2.17888888888889,3.25,3.65,3.4,2.4,2.2
2024-12-19,2.839,24.09,2.17888888888889,3.0,3.4,3.15,2.4,2.2
2024-12-27,2.683,15.95,2.17888888888889,3.0,3.4,3.15,2.4,2.2
2025-01-03,2.731,16.13,2.48363636363636,3.0,3.4,3.15,2.8,2.4
2025-01-09,2.789,18.07,2.48363636363636,3.0,3.4,3.15,2.8,2.4
2025-01-15,2.748,16.12,2.48363636363636,3.0,3.4,3.15,2.8,2.4
2025-01-21,2.681,15.06,2.48363636363636,3.0,3.4,3.15,2.8,2.4
2025-01-27,2.641,17.9,2.48363636363636,3.0,3.4,3.15,2.8,2.4
2025-01-31,2.589,16.43,2.48363636363636,3.0,3.4,3.15,2.8,2.5
2025-02-06,2.535,15.5,2.4055,2.75,3.15,2.9,2.8,2.5
2025-02-12,2.553,15.89,2.4055,2.75,3.15,2.9,2.8,2.5
2025-02-18,2.516,15.35,2.4055,2.75,3.15,2.9,2.8,2.5
2025-02-24,2.521,18.98,2.4055,2.75,3.15,2.9,2.8,2.5
2025-02-28,2.464,19.63,2.4055,2.75,3.15,2.9,2.6,2.3
2025-03-06,2.511,24.87,2.74142857142857,2.75,3.15,2.9,2.6,2.3
2025-03-12,2.527,24.23,2.74142857142857,2.5,2.9,2.65,2.6,2.3
2025-03-18,2.426,21.7,2.74142857142857,2.5,2.9,2.65,2.6,2.3
2025-03-24,2.367,17.48,2.74142857142857,2.5,2.9,2.65,2.6,2.3
2025-03-28,2.328,21.65,2.74142857142857,2.5,2.9,2.65,2.6,2.3
2025-04-03,2.349,30.02,2.5105,2.5,2.9,2.65,2.3,2.2
2025-04-09,2.301,33.62,2.5105,2.5,2.9,2.65,2.3,2.2
2025-04-15,2.263,30.12,2.5105,2.5,2.9,2.65,2.3,2.2
2025-04-23,2.158,28.45,2.5105,2.25,2.65,2.4,2.3,2.2
2025-04-29,2.176,24.17,2.5105,2.25,2.65,2.4,2.3,2.2
2025-05-06,2.143,24.76,2.56285714285714,2.25,2.65,2.4,2.2,2.2
2025-05-12,2.139,18.39,2.56285714285714,2.25,2.65,2.4,2.2,2.2
2025-05-16,2.101,17.24,2.56285714285714,2.25,2.65,2.4,2.2,2.2
2025-05-22,2.049,20.28,2.56285714285714,2.25,2.65,2.4,2.2,2.2
2025-05-28,2.011,19.31,2.56285714285714,2.25,2.65,2.4,2.2,2.2
2025-06-03,1.971,17.69,2.51904761904762,2.25,2.65,2.4,2.1,1.9
2025-06-09,1.955,17.16,2.51904761904762,2.25,2.65,2.4,2.1,1.9
2025-06-13,2.004,20.82,2.51904761904762,2.0,2.4,2.15,2.1,1.9
2025-06-19,2.036,22.17,2.51904761904762,2.0,2.4,2.15,2.1,1.9
2025-06-25,1.993,16.76,2.51904761904762,2.0,2.4,2.15,2.1,1.9
2025-07-01,1.961,16.83,2.63130434782609,2.0,2.4,2.15,2.0,2.0
2025-07-07,1.944,17.79,2.63130434782609,2.0,2.4,2.15,2.0,2.0
2025-07-11,2.026,16.4,2.63130434782609,2.0,2.4,2.15,2.0,2.0
2025-07-17,2.024,16.52,2.63130434782609,2.0,2.4,2.15,2.0,2.0
2025-07-23,1.939,15.37,2.63130434782609,2.0,2.4,2.15,2.0,2.0
2025-07-29,2.026,15.98,2.63130434782609,2.0,2.4,2.15,2.0,2.0
2025-08-04,1.994,17.52,2.67333333333333,2.0,2.4,2.15,1.8,2.0
2025-08-08,2.019,15.15,2.67333333333333,2.0,2.4,2.15,1.8,2.0
2025-08-14,2.034,14.83,2.67333333333333,2.0,2.4,2.15,1.8,2.0
2025-08-20,2.034,15.69,2.67333333333333,2.0,2.4,2.15,1.8,2.0
2025-08-26,2.022,14.62,2.67333333333333,2.0,2.4,2.15,1.8,2.0
2025-09-01,2.074,16.12,2.69318181818182,2.0,2.4,2.15,2.1,2.0
2025-09-05,2.053,15.18,2.69318181818182,2.0,2.4,2.15,2.1,2.0
2025-09-11,2.014,14.71,2.69318181818182,2.0,2.4,2.15,2.1,2.0
2025-09-17,2.024,15.72,2.69318181818182,2.0,2.4,2.15,2.1,2.0
2025-09-23,1.996,16.64,2.69318181818182,2.0,2.4,2.15,2.1,2.0
2025-09-29,2.016,16.12,2.69318181818182,2.0,2.4,2.15,2.1,2.0
2025-10-03,2.02,16.65,2.69318181818182,2.0,2.4,2.15,2.4,2.2
2025-10-09,2.025,16.43,2.69318181818182,2.0,2.4,2.15,2.4,2.2
2025-10-15,2.016,20.64,2.69318181818182,2.0,2.4,2.15,2.4,2.2
2025-10-21,2.038,17.87,2.69318181818182,2.0,2.4,2.15,2.4,2.2
2025-10-27,2.084,15.79,2.69318181818182,2.0,2.4,2.15,2.4,2.2
2025-10-31,2.04,17.44,2.69318181818182,2.0,2.4,2.15,2.3,2.1
2025-11-06,1.998,19.5,2.69318181818182,2.0,2.4,2.15,2.3,2.1
2025-11-12,2.048,17.51,2.69318181818182,2.0,2.4,2.15,2.3,2.1
2025-11-18,2.051,24.69,2.69318181818182,2.0,2.4,2.15,2.3,2.1
2025-11-24,2.059,20.52,2.69318181818182,2.0,2.4,2.15,2.3,2.1
2025-11-28,2.06,16.35,2.69318181818182,2.0,2.4,2.15,2.3,2.1
2025-12-04,2.055,15.78,2.69318181818182,2.0,2.4,2.15,2.3,2.1
