date,Euribor_3m,Euribor_1w,Euribor_1m,Euribor_6m,Euribor_12m,VIX,EuroStoxx_Banks,Bund_10Y,ECB_Deposit,ECB_Marginal,ECB_Main,ECB_Yield_10Y,ECB_Yield_1Y,ECB_Yield_10Y,ECB_Yield_1Y,TIME PERIOD,Euro short-term rate - Calculation method (EST.B.EU000A2X2A25.CM),Euro short-term rate - Number of active banks (EST.B.EU000A2X2A25.NB),Euro short-term rate - Number of transactions (EST.B.EU000A2X2A25.NT),Euro short-term rate - Rate at 25th percentile of volume (EST.B.EU000A2X2A25.R25),Euro short-term rate - Rate at 75th percentile of volume (EST.B.EU000A2X2A25.R75),Euro short-term rate - Publication type (EST.B.EU000A2X2A25.RP),Euro short-term rate - Total volume (EST.B.EU000A2X2A25.TT),Euro short-term rate - Share of volume of the 5 largest active banks (EST.B.EU000A2X2A25.VL),Euro short-term rate - Volume-weighted trimmed mean rate (EST.B.EU000A2X2A25.WT),OIS_1m,OIS_3m
2004-09-08,2.115,2.062,2.075,2.214,2.427,14.06,38881.92922016912,4.01636363636364,1.0,3.0,2.0,5.195932,2.731688,4.228419,2.346666,01 Oct 2019,0.0,32.0,432.0,-0.57,-0.53,0.0,35996.0,54.0,-0.549,-0.32,-0.45
2004-09-14,2.116,2.063,2.077,2.205,2.394,13.56,38881.92922016912,4.01636363636364,1.0,3.0,2.0,5.138031,2.634655,4.13065,2.29586,01 Oct 2019,0.0,32.0,432.0,-0.57,-0.53,0.0,35996.0,54.0,-0.549,-0.32,-0.45
2004-09-20,2.115,2.064,2.079,2.204,2.385,14.43,38881.92922016912,4.01636363636364,1.0,3.0,2.0,5.085004,2.596526,4.081284,2.281191,01 Oct 2019,0.0,32.0,432.0,-0.57,-0.53,0.0,35996.0,54.0,-0.549,-0.32,-0.45
2004-09-24,2.116,2.075,2.081,2.204,2.377,14.28,38881.92922016912,4.01636363636364,1.0,3.0,2.0,5.034066,2.58228,4.040459,2.281093,01 Oct 2019,0.0,32.0,432.0,-0.57,-0.53,0.0,35996.0,54.0,-0.549,-0.32,-0.45
2004-09-30,2.15,2.072,2.08,2.212,2.392,13.34,40114.83453387619,4.01636363636364,1.0,3.0,2.0,5.098378,2.605263,4.065687,2.281661,01 Oct 2019,0.0,32.0,432.0,-0.57,-0.53,0.0,35996.0,54.0,-0.549,-0.32,-0.45
2004-10-06,2.15,2.117,2.086,2.211,2.378,13.28,40114.83453387619,3.8947619047619,1.0,3.0,2.0,5.092075,2.574114,4.068815,2.279477,01 Oct 2019,0.0,32.0,432.0,-0.57,-0.53,0.0,35996.0,54.0,-0.549,-0.32,-0.45
2004-10-12,2.146,2.073,2.082,2.186,2.314,15.05,40114.83453387619,3.8947619047619,1.0,3.0,2.0,5.065762,2.447067,3.99307,2.207868,01 Oct 2019,0.0,32.0,432.0,-0.57,-0.53,0.0,35996.0,54.0,-0.549,-0.32,-0.45
2004-10-18,2.145,2.074,2.085,2.175,2.282,14.71,40114.83453387619,3.8947619047619,1.0,3.0,2.0,5.07265,2.39907,3.983234,2.184427,01 Oct 2019,0.0,32.0,432.0,-0.57,-0.53,0.0,35996.0,54.0,-0.549,-0.32,-0.45
2004-10-22,2.145,2.087,2.089,2.182,2.285,15.28,40114.83453387619,3.8947619047619,1.0,3.0,2.0,5.046504,2.39538,3.960501,2.191096,01 Oct 2019,0.0,32.0,432.0,-0.57,-0.53,0.0,35996.0,54.0,-0.549,-0.32,-0.45
2004-10-28,2.152,2.085,2.091,2.199,2.308,15.39,40114.83453387619,3.8947619047619,1.0,3.0,2.0,5.060085,2.441863,3.994896,2.219596,01 Oct 2019,0.0,32.0,432.0,-0.57,-0.53,0.0,35996.0,54.0,-0.549,-0.32,-0.45
2004-11-03,2.158,2.099,2.094,2.208,2.338,14.04,41973.066082054494,3.780454545454551,1.0,3.0,2.0,5.079803,2.436261,3.985772,2.198835,01 Oct 2019,0.0,32.0,432.0,-0.57,-0.53,0.0,35996.0,54.0,-0.549,-0.32,-0.45
2004-11-09,2.17,2.084,2.101,2.239,2.38,13.61,41973.066082054494,3.780454545454551,1.0,3.0,2.0,5.003367,2.449314,3.944108,2.246411,01 Oct 2019,0.0,32.0,432.0,-0.57,-0.53,0.0,35996.0,54.0,-0.549,-0.32,-0.45
2004-11-15,2.173,2.091,2.103,2.208,2.305,13.38,41973.066082054494,3.780454545454551,1.0,3.0,2.0,4.921982,2.356246,3.853985,2.203326,01 Oct 2019,0.0,32.0,432.0,-0.57,-0.53,0.0,35996.0,54.0,-0.549,-0.32,-0.45
2004-11-19,2.176,2.095,2.104,2.228,2.346,13.5,41973.066082054494,3.780454545454551,1.0,3.0,2.0,4.91224,2.418433,3.861852,2.236649,01 Oct 2019,0.0,32.0,432.0,-0.57,-0.53,0.0,35996.0,54.0,-0.549,-0.32,-0.45
2004-11-25,2.176,2.103,2.116,2.213,2.303,13.5,41973.066082054494,3.780454545454551,1.0,3.0,2.0,4.875337,2.321483,3.807568,2.179165,01 Oct 2019,0.0,32.0,432.0,-0.57,-0.53,0.0,35996.0,54.0,-0.549,-0.32,-0.45
2004-12-01,2.174,2.076,2.169,2.2,2.278,12.97,43033.71959494728,3.57952380952381,1.0,3.0,2.0,4.851796,2.300714,3.798845,2.160345,01 Oct 2019,0.0,32.0,432.0,-0.57,-0.53,0.0,35996.0,54.0,-0.549,-0.32,-0.45
2004-12-07,2.171,2.09,2.165,2.187,2.254,13.67,43033.71959494728,3.57952380952381,1.0,3.0,2.0,4.792975,2.254824,3.722882,2.138361,01 Oct 2019,0.0,32.0,432.0,-0.57,-0.53,0.0,35996.0,54.0,-0.549,-0.32,-0.45
2004-12-13,2.174,2.128,2.168,2.196,2.266,12.54,43033.71959494728,3.57952380952381,1.0,3.0,2.0,4.652863,2.276965,3.635391,2.152547,01 Oct 2019,0.0,32.0,432.0,-0.57,-0.53,0.0,35996.0,54.0,-0.549,-0.32,-0.45
2004-12-17,2.175,2.115,2.174,2.206,2.307,11.95,43033.71959494728,3.57952380952381,1.0,3.0,2.0,4.58029,2.385159,3.648564,2.209851,01 Oct 2019,0.0,32.0,432.0,-0.57,-0.53,0.0,35996.0,54.0,-0.549,-0.32,-0.45
2004-12-23,2.178,2.251,2.174,2.222,2.34,11.23,43033.71959494728,3.57952380952381,1.0,3.0,2.0,4.57622,2.399076,3.613551,2.214698,01 Oct 2019,0.0,32.0,432.0,-0.57,-0.53,0.0,35996.0,54.0,-0.549,-0.32,-0.45
2004-12-29,2.18,2.241,2.171,2.229,2.366,11.62,43033.71959494728,3.57952380952381,1.0,3.0,2.0,4.654601,2.486277,3.709169,2.260297,01 Oct 2019,0.0,32.0,432.0,-0.57,-0.53,0.0,35996.0,54.0,-0.549,-0.32,-0.45
2005-01-04,2.151,2.112,2.123,2.21,2.351,13.98,44517.17298256603,3.5647619047619,1.0,3.0,2.0,4.605948,2.463414,3.668323,2.231982,01 Oct 2019,0.0,32.0,432.0,-0.57,-0.53,0.0,35996.0,54.0,-0.549,-0.32,-0.45
2005-01-10,2.146,2.104,2.114,2.198,2.326,13.23,44517.17298256603,3.5647619047619,1.0,3.0,2.0,4.566889,2.381684,3.621085,2.179831,01 Oct 2019,0.0,32.0,432.0,-0.57,-0.53,0.0,35996.0,54.0,-0.549,-0.32,-0.45
2005-01-14,2.144,2.074,2.106,2.187,2.296,12.43,44517.17298256603,3.5647619047619,1.0,3.0,2.0,4.490615,2.370915,3.580548,2.185829,01 Oct 2019,0.0,32.0,432.0,-0.57,-0.53,0.0,35996.0,54.0,-0.549,-0.32,-0.45
2005-01-20,2.144,2.1,2.108,2.186,2.297,13.83,44517.17298256603,3.5647619047619,1.0,3.0,2.0,4.447732,2.397866,3.580961,2.199972,01 Oct 2019,0.0,32.0,432.0,-0.57,-0.53,0.0,35996.0,54.0,-0.549,-0.32,-0.45
2005-01-26,2.143,2.103,2.107,2.181,2.29,13.44,44517.17298256603,3.5647619047619,1.0,3.0,2.0,4.413493,2.377237,3.573076,2.183268,01 Oct 2019,0.0,32.0,432.0,-0.57,-0.53,0.0,35996.0,54.0,-0.549,-0.32,-0.45
2005-02-01,2.142,2.095,2.106,2.183,2.288,12.03,45459.86011065873,3.544,1.0,3.0,2.0,4.39747,2.380236,3.555893,2.180269,01 Oct 2019,0.0,32.0,432.0,-0.57,-0.53,0.0,35996.0,54.0,-0.549,-0.32,-0.45
2005-02-07,2.142,2.095,2.105,2.184,2.304,11.73,45459.86011065873,3.544,1.0,3.0,2.0,4.198062,2.404535,3.479576,2.200515,01 Oct 2019,0.0,32.0,432.0,-0.57,-0.53,0.0,35996.0,54.0,-0.549,-0.32,-0.45
2005-02-11,2.14,2.094,2.104,2.174,2.281,11.43,45459.86011065873,3.544,1.0,3.0,2.0,4.246014,2.361311,3.468299,2.179056,01 Oct 2019,0.0,32.0,432.0,-0.57,-0.53,0.0,35996.0,54.0,-0.549,-0.32,-0.45
2005-02-17,2.135,2.089,2.103,2.182,2.315,11.77,45459.86011065873,3.544,1.0,3.0,2.0,4.368485,2.453552,3.587066,2.219426,01 Oct 2019,0.0,32.0,432.0,-0.57,-0.53,0.0,35996.0,54.0,-0.549,-0.32,-0.45
2005-02-23,2.135,2.088,2.103,2.194,2.331,12.39,45459.86011065873,3.544,1.0,3.0,2.0,4.504364,2.461354,3.680708,2.223606,01 Oct 2019,0.0,32.0,432.0,-0.57,-0.53,0.0,35996.0,54.0,-0.549,-0.32,-0.45
2005-03-01,2.136,2.091,2.103,2.199,2.344,12.04,46777.32539931099,3.69619047619048,1.0,3.0,2.0,4.565206,2.492279,3.733986,2.239107,01 Oct 2019,0.0,32.0,432.0,-0.57,-0.53,0.0,35996.0,54.0,-0.549,-0.32,-0.45
2005-03-07,2.133,2.079,2.102,2.178,2.293,12.26,46777.32539931099,3.69619047619048,1.0,3.0,2.0,4.556325,2.397995,3.68145,2.187365,01 Oct 2019,0.0,32.0,432.0,-0.57,-0.53,0.0,35996.0,54.0,-0.549,-0.32,-0.45
2005-03-11,2.135,2.082,2.102,2.177,2.306,12.8,46777.32539931099,3.69619047619048,1.0,3.0,2.0,4.706869,2.421971,3.787095,2.200069,01 Oct 2019,0.0,32.0,432.0,-0.57,-0.53,0.0,35996.0,54.0,-0.549,-0.32,-0.45
2005-03-17,2.136,2.084,2.104,2.184,2.328,13.29,46777.32539931099,3.69619047619048,1.0,3.0,2.0,4.543093,2.475856,3.696787,2.236285,01 Oct 2019,0.0,32.0,432.0,-0.57,-0.53,0.0,35996.0,54.0,-0.549,-0.32,-0.45
2005-03-23,2.142,2.091,2.104,2.218,2.395,14.06,46777.32539931099,3.69619047619048,1.0,3.0,2.0,4.538618,2.554953,3.73916,2.281479,01 Oct 2019,0.0,32.0,432.0,-0.57,-0.53,0.0,35996.0,54.0,-0.549,-0.32,-0.45
2005-03-31,2.147,2.093,2.105,2.207,2.359,14.02,46495.458816160346,3.69619047619048,1.0,3.0,2.0,4.500639,2.479995,3.654529,2.235843,01 Oct 2019,0.0,32.0,432.0,-0.57,-0.53,0.0,35996.0,54.0,-0.549,-0.32,-0.45
2005-04-06,2.148,2.092,2.105,2.194,2.319,13.15,46495.458816160346,3.48238095238095,1.0,3.0,2.0,4.501771,2.411455,3.615034,2.207123,01 Oct 2019,0.0,32.0,432.0,-0.57,-0.53,0.0,35996.0,54.0,-0.549,-0.32,-0.45
2005-04-12,2.14,2.091,2.105,2.174,2.284,11.3,46495.458816160346,3.48238095238095,1.0,3.0,2.0,4.503465,2.373201,3.590845,2.179164,01 Oct 2019,0.0,32.0,432.0,-0.57,-0.53,0.0,35996.0,54.0,-0.549,-0.32,-0.45
2005-04-18,2.134,2.092,2.105,2.162,2.231,16.56,46495.458816160346,3.48238095238095,1.0,3.0,2.0,4.479689,2.31009,3.53554,2.133972,01 Oct 2019,0.0,32.0,432.0,-0.57,-0.53,0.0,35996.0,54.0,-0.549,-0.32,-0.45
2005-04-22,2.133,2.092,2.104,2.162,2.236,15.38,46495.458816160346,3.48238095238095,1.0,3.0,2.0,4.440112,2.267609,3.508397,2.115986,01 Oct 2019,0.0,32.0,432.0,-0.57,-0.53,0.0,35996.0,54.0,-0.549,-0.32,-0.45
2005-04-28,2.128,2.093,2.105,2.153,2.211,16.86,46495.458816160346,3.48238095238095,1.0,3.0,2.0,4.376016,2.218627,3.446112,2.087982,01 Oct 2019,0.0,32.0,432.0,-0.57,-0.53,0.0,35996.0,54.0,-0.549,-0.32,-0.45
2005-05-04,2.125,2.101,2.104,2.141,2.184,13.85,44889.86324250965,3.30409090909091,1.0,3.0,2.0,4.449716,2.192378,3.482926,2.077106,01 Oct 2019,0.0,32.0,432.0,-0.57,-0.53,0.0,35996.0,54.0,-0.549,-0.32,-0.45
2005-05-10,2.125,2.093,2.104,2.144,2.192,14.91,44889.86324250965,3.30409090909091,1.0,3.0,2.0,4.37136,2.173643,3.426347,2.066329,01 Oct 2019,0.0,32.0,432.0,-0.57,-0.53,0.0,35996.0,54.0,-0.549,-0.32,-0.45
2005-05-16,2.126,2.092,2.105,2.146,2.2,15.68,44889.86324250965,3.30409090909091,1.0,3.0,2.0,4.280316,2.191342,3.372632,2.08203,01 Oct 2019,0.0,32.0,432.0,-0.57,-0.53,0.0,35996.0,54.0,-0.549,-0.32,-0.45
2005-05-20,2.126,2.092,2.104,2.149,2.212,13.14,44889.86324250965,3.30409090909091,1.0,3.0,2.0,4.262398,2.238805,3.39553,2.103109,01 Oct 2019,0.0,32.0,432.0,-0.57,-0.53,0.0,35996.0,54.0,-0.549,-0.32,-0.45
2005-05-26,2.125,2.099,2.104,2.139,2.174,12.24,44889.86324250965,3.30409090909091,1.0,3.0,2.0,4.29149,2.162788,3.369033,2.067867,01 Oct 2019,0.0,32.0,432.0,-0.57,-0.53,0.0,35996.0,54.0,-0.549,-0.32,-0.45
2005-06-01,2.124,2.099,2.104,2.127,2.14,12.36,47356.71782023175,3.12636363636364,1.0,3.0,2.0,4.287998,2.061002,3.310745,2.000604,01 Oct 2019,0.0,32.0,432.0,-0.57,-0.53,0.0,35996.0,54.0,-0.549,-0.32,-0.45
2005-06-07,2.116,2.094,2.104,2.116,2.121,12.39,47356.71782023175,3.12636363636364,1.0,3.0,2.0,4.047855,1.969581,3.193088,1.979179,01 Oct 2019,0.0,32.0,432.0,-0.57,-0.53,0.0,35996.0,54.0,-0.549,-0.32,-0.45
2005-06-13,2.111,2.093,2.104,2.106,2.101,11.65,47356.71782023175,3.12636363636364,1.0,3.0,2.0,4.111663,1.999163,3.230299,1.986623,01 Oct 2019,0.0,32.0,432.0,-0.57,-0.53,0.0,35996.0,54.0,-0.549,-0.32,-0.45
2005-06-17,2.116,2.093,2.104,2.124,2.136,11.48,47356.71782023175,3.12636363636364,1.0,3.0,2.0,4.21267,2.097026,3.344097,2.027972,01 Oct 2019,0.0,32.0,432.0,-0.57,-0.53,0.0,35996.0,54.0,-0.549,-0.32,-0.45
2005-06-23,2.102,2.101,2.103,2.084,2.057,12.13,47356.71782023175,3.12636363636364,1.0,3.0,2.0,4.080286,1.937544,3.203041,1.941655,01 Oct 2019,0.0,32.0,432.0,-0.57,-0.53,0.0,35996.0,54.0,-0.549,-0.32,-0.45
2005-06-29,2.104,2.101,2.104,2.098,2.085,11.77,47356.71782023175,3.12636363636364,1.0,3.0,2.0,4.08537,1.923227,3.184047,1.944769,01 Oct 2019,0.0,32.0,432.0,-0.57,-0.53,0.0,35996.0,54.0,-0.549,-0.32,-0.45
2005-07-05,2.114,2.098,2.104,2.125,2.145,11.68,48929.95093433552,3.20571428571429,1.0,3.0,2.0,4.115006,2.094796,3.261914,2.034248,01 Oct 2019,0.0,32.0,432.0,-0.57,-0.53,0.0,35996.0,54.0,-0.549,-0.32,-0.45
2005-07-11,2.115,2.095,2.108,2.126,2.152,11.28,48929.95093433552,3.20571428571429,1.0,3.0,2.0,4.13819,2.0977,3.247367,2.043685,01 Oct 2019,0.0,32.0,432.0,-0.57,-0.53,0.0,35996.0,54.0,-0.549,-0.32,-0.45
2005-07-15,2.122,2.098,2.106,2.142,2.192,10.33,48929.95093433552,3.20571428571429,1.0,3.0,2.0,4.214808,2.166153,3.319682,2.079674,01 Oct 2019,0.0,32.0,432.0,-0.57,-0.53,0.0,35996.0,54.0,-0.549,-0.32,-0.45
2005-07-21,2.123,2.101,2.106,2.143,2.185,10.97,48929.95093433552,3.20571428571429,1.0,3.0,2.0,4.207495,2.138655,3.312366,2.069546,01 Oct 2019,0.0,32.0,432.0,-0.57,-0.53,0.0,35996.0,54.0,-0.549,-0.32,-0.45
2005-07-27,2.126,2.103,2.108,2.144,2.187,10.36,48929.95093433552,3.20571428571429,1.0,3.0,2.0,4.125329,2.135901,3.254916,2.075318,01 Oct 2019,0.0,32.0,432.0,-0.57,-0.53,0.0,35996.0,54.0,-0.549,-0.32,-0.45
2005-08-02,2.127,2.098,2.112,2.156,2.222,11.75,51233.94926401503,3.23260869565217,1.0,3.0,2.0,4.15885,2.21568,3.306905,2.10895,01 Oct 2019,0.0,32.0,432.0,-0.57,-0.53,0.0,35996.0,54.0,-0.549,-0.32,-0.45
2005-08-08,2.133,2.101,2.113,2.165,2.255,13.21,51233.94926401503,3.23260869565217,1.0,3.0,2.0,4.217401,2.277654,3.396172,2.142367,01 Oct 2019,0.0,32.0,432.0,-0.57,-0.53,0.0,35996.0,54.0,-0.549,-0.32,-0.45
2005-08-12,2.134,2.101,2.114,2.166,2.24,12.74,51233.94926401503,3.23260869565217,1.0,3.0,2.0,4.163688,2.222883,3.329722,2.116683,01 Oct 2019,0.0,32.0,432.0,-0.57,-0.53,0.0,35996.0,54.0,-0.549,-0.32,-0.45
2005-08-18,2.132,2.1,2.112,2.154,2.196,13.42,51233.94926401503,3.23260869565217,1.0,3.0,2.0,4.08734,2.136425,3.240814,2.077521,01 Oct 2019,0.0,32.0,432.0,-0.57,-0.53,0.0,35996.0,54.0,-0.549,-0.32,-0.45
2005-08-24,2.132,2.102,2.112,2.158,2.204,14.17,51233.94926401503,3.23260869565217,1.0,3.0,2.0,4.016315,2.166283,3.19831,2.094183,01 Oct 2019,0.0,32.0,432.0,-0.57,-0.53,0.0,35996.0,54.0,-0.549,-0.32,-0.45
2005-08-30,2.134,2.102,2.114,2.16,2.224,13.65,51233.94926401503,3.23260869565217,1.0,3.0,2.0,3.988654,2.202379,3.190083,2.111076,01 Oct 2019,0.0,32.0,432.0,-0.57,-0.53,0.0,35996.0,54.0,-0.549,-0.32,-0.45
2005-09-05,2.131,2.103,2.112,2.14,2.154,13.65,50574.17266938093,3.06772727272727,1.0,3.0,2.0,3.922776,2.067585,3.082488,2.027648,01 Oct 2019,0.0,32.0,432.0,-0.57,-0.53,0.0,35996.0,54.0,-0.549,-0.32,-0.45
2005-09-09,2.134,2.102,2.114,2.155,2.188,11.98,50574.17266938093,3.06772727272727,1.0,3.0,2.0,3.893921,2.110852,3.076261,2.057058,01 Oct 2019,0.0,32.0,432.0,-0.57,-0.53,0.0,35996.0,54.0,-0.549,-0.32,-0.45
2005-09-15,2.136,2.103,2.115,2.172,2.231,12.49,50574.17266938093,3.06772727272727,1.0,3.0,2.0,3.936232,2.196078,3.131699,2.099487,01 Oct 2019,0.0,32.0,432.0,-0.57,-0.53,0.0,35996.0,54.0,-0.549,-0.32,-0.45
2005-09-21,2.136,2.103,2.114,2.167,2.221,13.79,50574.17266938093,3.06772727272727,1.0,3.0,2.0,3.831406,2.16153,3.056347,2.082135,01 Oct 2019,0.0,32.0,432.0,-0.57,-0.53,0.0,35996.0,54.0,-0.549,-0.32,-0.45
2005-09-27,2.144,2.122,2.119,2.184,2.266,12.76,50574.17266938093,3.06772727272727,1.0,3.0,2.0,3.890207,2.250999,3.133031,2.130421,01 Oct 2019,0.0,32.0,432.0,-0.57,-0.53,0.0,35996.0,54.0,-0.549,-0.32,-0.45
2005-10-03,2.178,2.104,2.122,2.216,2.334,12.46,53665.29909176323,3.23857142857143,1.0,3.0,2.0,3.869801,2.376509,3.221679,2.194595,01 Oct 2019,0.0,32.0,432.0,-0.57,-0.53,0.0,35996.0,54.0,-0.549,-0.32,-0.45
2005-10-07,2.192,2.104,2.124,2.255,2.384,14.59,53665.29909176323,3.23857142857143,1.0,3.0,2.0,3.831589,2.398547,3.196122,2.226264,01 Oct 2019,0.0,32.0,432.0,-0.57,-0.53,0.0,35996.0,54.0,-0.549,-0.32,-0.45
2005-10-13,2.185,2.103,2.12,2.253,2.385,16.47,53665.29909176323,3.23857142857143,1.0,3.0,2.0,4.006364,2.488891,3.294199,2.262487,01 Oct 2019,0.0,32.0,432.0,-0.57,-0.53,0.0,35996.0,54.0,-0.549,-0.32,-0.45
2005-10-19,2.188,2.1,2.12,2.273,2.416,13.5,53665.29909176323,3.23857142857143,1.0,3.0,2.0,4.004918,2.475685,3.288805,2.265735,01 Oct 2019,0.0,32.0,432.0,-0.57,-0.53,0.0,35996.0,54.0,-0.549,-0.32,-0.45
2005-10-25,2.186,2.101,2.116,2.279,2.432,14.53,53665.29909176323,3.23857142857143,1.0,3.0,2.0,3.991766,2.559851,3.299991,2.313365,01 Oct 2019,0.0,32.0,432.0,-0.57,-0.53,0.0,35996.0,54.0,-0.549,-0.32,-0.45
2005-10-31,2.263,2.099,2.125,2.378,2.552,15.32,53071.30180603403,3.23857142857143,1.0,3.0,2.0,4.073494,2.668664,3.404296,2.406292,01 Oct 2019,0.0,32.0,432.0,-0.57,-0.53,0.0,35996.0,54.0,-0.549,-0.32,-0.45
2005-11-04,2.265,2.095,2.125,2.407,2.605,13.17,53071.30180603403,3.44818181818182,1.0,3.0,2.0,4.110184,2.726683,3.482619,2.443216,01 Oct 2019,0.0,32.0,432.0,-0.57,-0.53,0.0,35996.0,54.0,-0.549,-0.32,-0.45
2005-11-10,2.324,2.098,2.171,2.48,2.683,11.9,53071.30180603403,3.44818181818182,1.0,3.0,2.0,4.114891,2.824929,3.540697,2.52634,01 Oct 2019,0.0,32.0,432.0,-0.57,-0.53,0.0,35996.0,54.0,-0.549,-0.32,-0.45
2005-11-16,2.35,2.102,2.192,2.495,2.684,12.26,53071.30180603403,3.44818181818182,1.0,3.0,2.0,4.070793,2.740859,3.456645,2.497923,01 Oct 2019,0.0,32.0,432.0,-0.57,-0.53,0.0,35996.0,54.0,-0.549,-0.32,-0.45
2005-11-22,2.437,2.18,2.304,2.571,2.76,10.6,53071.30180603403,3.44818181818182,1.0,3.0,2.0,4.071212,2.859046,3.509495,2.604563,01 Oct 2019,0.0,32.0,432.0,-0.57,-0.53,0.0,35996.0,54.0,-0.549,-0.32,-0.45
2005-11-28,2.461,2.162,2.326,2.583,2.744,11.84,53071.30180603403,3.44818181818182,1.0,3.0,2.0,4.013564,2.808726,3.428131,2.58798,01 Oct 2019,0.0,32.0,432.0,-0.57,-0.53,0.0,35996.0,54.0,-0.549,-0.32,-0.45
2005-12-02,2.452,2.343,2.399,2.556,2.704,11.01,55863.86887984131,3.33761904761905,1.0,3.0,2.0,4.009649,2.746559,3.418166,2.543992,01 Oct 2019,0.0,32.0,432.0,-0.57,-0.53,0.0,35996.0,54.0,-0.549,-0.32,-0.45
2005-12-08,2.452,2.343,2.403,2.554,2.709,12.21,55863.86887984131,3.33761904761905,1.25,3.25,2.25,3.972761,2.774265,3.387489,2.56216,01 Oct 2019,0.0,32.0,432.0,-0.57,-0.53,0.0,35996.0,54.0,-0.549,-0.32,-0.45
2005-12-14,2.463,2.345,2.408,2.592,2.777,10.48,55863.86887984131,3.33761904761905,1.25,3.25,2.25,3.915008,2.860853,3.366784,2.615577,01 Oct 2019,0.0,32.0,432.0,-0.57,-0.53,0.0,35996.0,54.0,-0.549,-0.32,-0.45
2005-12-20,2.489,2.358,2.419,2.618,2.815,11.19,55863.86887984131,3.33761904761905,1.25,3.25,2.25,3.847752,2.888519,3.354752,2.640685,01 Oct 2019,0.0,32.0,432.0,-0.57,-0.53,0.0,35996.0,54.0,-0.549,-0.32,-0.45
2005-12-26,2.495,2.472,2.428,2.636,2.843,11.19,55863.86887984131,3.33761904761905,1.25,3.25,2.25,3.847752,2.888519,3.354752,2.640685,01 Oct 2019,0.0,32.0,432.0,-0.57,-0.53,0.0,35996.0,54.0,-0.549,-0.32,-0.45
2005-12-30,2.488,2.362,2.401,2.637,2.844,12.07,55863.86887984131,3.33761904761905,1.25,3.25,2.25,3.752152,2.909213,3.205643,2.649187,01 Oct 2019,0.0,32.0,432.0,-0.57,-0.53,0.0,35996.0,54.0,-0.549,-0.32,-0.45
2006-01-05,2.49,2.36,2.39,2.628,2.79,11.31,57876.60507359849,3.32136363636364,1.25,3.25,2.25,3.764933,2.814564,3.274608,2.605608,01 Oct 2019,0.0,32.0,432.0,-0.57,-0.53,0.0,35996.0,54.0,-0.549,-0.32,-0.45
2006-01-11,2.502,2.36,2.391,2.644,2.832,10.94,57876.60507359849,3.32136363636364,1.25,3.25,2.25,3.706023,2.908538,3.278889,2.66173,01 Oct 2019,0.0,32.0,432.0,-0.57,-0.53,0.0,35996.0,54.0,-0.549,-0.32,-0.45
2006-01-17,2.508,2.354,2.386,2.638,2.805,11.91,57876.60507359849,3.32136363636364,1.25,3.25,2.25,3.707134,2.845079,3.252156,2.623589,01 Oct 2019,0.0,32.0,432.0,-0.57,-0.53,0.0,35996.0,54.0,-0.549,-0.32,-0.45
2006-01-23,2.524,2.357,2.385,2.653,2.838,13.93,57876.60507359849,3.32136363636364,1.25,3.25,2.25,3.812079,2.946152,3.374475,2.680563,01 Oct 2019,0.0,32.0,432.0,-0.57,-0.53,0.0,35996.0,54.0,-0.549,-0.32,-0.45
2006-01-27,2.536,2.355,2.384,2.678,2.874,11.97,57876.60507359849,3.32136363636364,1.25,3.25,2.25,3.9306,2.979146,3.462251,2.696659,01 Oct 2019,0.0,32.0,432.0,-0.57,-0.53,0.0,35996.0,54.0,-0.549,-0.32,-0.45
2006-02-02,2.563,2.363,2.392,2.706,2.916,13.23,61155.64255141455,3.4725,1.25,3.25,2.25,3.939223,3.059565,3.529059,2.743642,01 Oct 2019,0.0,32.0,432.0,-0.57,-0.53,0.0,35996.0,54.0,-0.549,-0.32,-0.45
2006-02-08,2.575,2.364,2.397,2.705,2.906,12.83,61155.64255141455,3.4725,1.25,3.25,2.25,3.950282,3.004263,3.505394,2.722945,01 Oct 2019,0.0,32.0,432.0,-0.57,-0.53,0.0,35996.0,54.0,-0.549,-0.32,-0.45
2006-02-14,2.596,2.365,2.443,2.718,2.899,12.25,61155.64255141455,3.4725,1.25,3.25,2.25,3.949798,2.992455,3.500215,2.720098,01 Oct 2019,0.0,32.0,432.0,-0.57,-0.53,0.0,35996.0,54.0,-0.549,-0.32,-0.45
2006-02-20,2.609,2.372,2.483,2.72,2.88,12.25,61155.64255141455,3.4725,1.25,3.25,2.25,3.899015,2.930273,3.432426,2.69251,01 Oct 2019,0.0,32.0,432.0,-0.57,-0.53,0.0,35996.0,54.0,-0.549,-0.32,-0.45
2006-02-24,2.644,2.392,2.551,2.766,2.956,11.46,61155.64255141455,3.4725,1.25,3.25,2.25,3.899034,3.049032,3.472247,2.768486,01 Oct 2019,0.0,32.0,432.0,-0.57,-0.53,0.0,35996.0,54.0,-0.549,-0.32,-0.45
2006-03-02,2.674,2.543,2.615,2.795,2.995,11.72,65107.00490656644,3.637391304347831,1.25,3.25,2.25,3.924512,3.152123,3.544816,2.838454,01 Oct 2019,0.0,32.0,432.0,-0.57,-0.53,0.0,35996.0,54.0,-0.549,-0.32,-0.45
2006-03-08,2.694,2.609,2.631,2.831,3.056,12.32,65107.00490656644,3.637391304347831,1.5,3.5,2.5,4.006836,3.214645,3.61983,2.875696,01 Oct 2019,0.0,32.0,432.0,-0.57,-0.53,0.0,35996.0,54.0,-0.549,-0.32,-0.45
2006-03-14,2.704,2.604,2.634,2.85,3.092,10.74,65107.00490656644,3.637391304347831,1.5,3.5,2.5,4.066571,3.223898,3.642159,2.88284,01 Oct 2019,0.0,32.0,432.0,-0.57,-0.53,0.0,35996.0,54.0,-0.549,-0.32,-0.45
2006-03-20,2.723,2.611,2.636,2.884,3.134,11.79,65107.00490656644,3.637391304347831,1.5,3.5,2.5,4.026012,3.278243,3.647681,2.930366,01 Oct 2019,0.0,32.0,432.0,-0.57,-0.53,0.0,35996.0,54.0,-0.549,-0.32,-0.45
2006-03-24,2.741,2.63,2.638,2.904,3.135,11.19,65107.00490656644,3.637391304347831,1.5,3.5,2.5,4.04269,3.269223,3.64836,2.935456,01 Oct 2019,0.0,32.0,432.0,-0.57,-0.53,0.0,35996.0,54.0,-0.549,-0.32,-0.45
2006-03-30,2.814,2.624,2.649,2.977,3.229,11.57,65107.00490656644,3.637391304347831,1.5,3.5,2.5,4.14861,3.40329,3.774013,3.034812,01 Oct 2019,0.0,32.0,432.0,-0.57,-0.53,0.0,35996.0,54.0,-0.549,-0.32,-0.45
2006-04-05,2.824,2.635,2.651,3.006,3.26,11.13,65539.2003340641,3.895,1.5,3.5,2.5,4.264582,3.42026,3.844543,3.057402,01 Oct 2019,0.0,32.0,432.0,-0.57,-0.53,0.0,35996.0,54.0,-0.549,-0.32,-0.45
2006-04-11,2.762,2.628,2.637,2.912,3.171,13.0,65539.2003340641,3.895,1.5,3.5,2.5,4.335722,3.372353,3.866271,2.981124,01 Oct 2019,0.0,32.0,432.0,-0.57,-0.53,0.0,35996.0,54.0,-0.549,-0.32,-0.45
2006-04-19,2.77,2.624,2.643,2.922,3.185,11.32,65539.2003340641,3.895,1.5,3.5,2.5,4.408788,3.428476,3.948855,3.003229,01 Oct 2019,0.0,32.0,432.0,-0.57,-0.53,0.0,35996.0,54.0,-0.549,-0.32,-0.45
2006-04-25,2.79,2.651,2.655,2.949,3.221,11.75,65539.2003340641,3.895,1.5,3.5,2.5,4.426943,3.487996,4.023336,3.053486,01 Oct 2019,0.0,32.0,432.0,-0.57,-0.53,0.0,35996.0,54.0,-0.549,-0.32,-0.45
2006-05-02,2.86,2.636,2.667,3.03,3.314,11.99,65477.60726589414,3.96272727272727,1.5,3.5,2.5,4.390643,3.539897,3.988504,3.112914,01 Oct 2019,0.0,32.0,432.0,-0.57,-0.53,0.0,35996.0,54.0,-0.549,-0.32,-0.45
2006-05-08,2.866,2.614,2.64,3.031,3.313,12.0,65477.60726589414,3.96272727272727,1.5,3.5,2.5,4.423787,3.538633,4.000058,3.115928,01 Oct 2019,0.0,32.0,432.0,-0.57,-0.53,0.0,35996.0,54.0,-0.549,-0.32,-0.45
2006-05-12,2.885,2.623,2.653,3.079,3.364,14.19,65477.60726589414,3.96272727272727,1.5,3.5,2.5,4.493104,3.544138,4.048646,3.139644,01 Oct 2019,0.0,32.0,432.0,-0.57,-0.53,0.0,35996.0,54.0,-0.549,-0.32,-0.45
2006-05-18,2.893,2.623,2.694,3.068,3.3,16.99,65477.60726589414,3.96272727272727,1.5,3.5,2.5,4.559184,3.439484,4.015378,3.090501,01 Oct 2019,0.0,32.0,432.0,-0.57,-0.53,0.0,35996.0,54.0,-0.549,-0.32,-0.45
2006-05-24,2.905,2.626,2.731,3.066,3.288,17.36,65477.60726589414,3.96272727272727,1.5,3.5,2.5,4.399279,3.396969,3.883082,3.071703,01 Oct 2019,0.0,32.0,432.0,-0.57,-0.53,0.0,35996.0,54.0,-0.549,-0.32,-0.45
2006-05-30,2.922,2.629,2.779,3.074,3.291,18.66,65477.60726589414,3.96272727272727,1.5,3.5,2.5,4.438592,3.468811,3.928984,3.125022,01 Oct 2019,0.0,32.0,432.0,-0.57,-0.53,0.0,35996.0,54.0,-0.549,-0.32,-0.45
2006-06-05,2.957,2.596,2.827,3.123,3.357,16.65,62201.6911994989,3.9604545454545503,1.5,3.5,2.5,4.397872,3.526449,3.925295,3.171605,01 Oct 2019,0.0,32.0,432.0,-0.57,-0.53,0.0,35996.0,54.0,-0.549,-0.32,-0.45
2006-06-09,2.953,2.754,2.845,3.112,3.336,18.12,62201.6911994989,3.9604545454545503,1.5,3.5,2.5,4.415806,3.463838,3.921213,3.122856,01 Oct 2019,0.0,32.0,432.0,-0.57,-0.53,0.0,35996.0,54.0,-0.549,-0.32,-0.45
2006-06-15,2.963,2.857,2.876,3.125,3.349,15.9,62201.6911994989,3.9604545454545503,1.75,3.75,2.75,4.411578,3.5024,3.938006,3.156751,01 Oct 2019,0.0,32.0,432.0,-0.57,-0.53,0.0,35996.0,54.0,-0.549,-0.32,-0.45
2006-06-21,2.985,2.863,2.884,3.168,3.416,15.52,62201.6911994989,3.9604545454545503,1.75,3.75,2.75,4.457405,3.60785,4.004198,3.223477,01 Oct 2019,0.0,32.0,432.0,-0.57,-0.53,0.0,35996.0,54.0,-0.549,-0.32,-0.45
2006-06-27,3.041,2.891,2.901,3.24,3.52,16.4,62201.6911994989,3.9604545454545503,1.75,3.75,2.75,4.506103,3.72643,4.076779,3.31506,01 Oct 2019,0.0,32.0,432.0,-0.57,-0.53,0.0,35996.0,54.0,-0.549,-0.32,-0.45
2006-07-03,3.055,2.84,2.898,3.239,3.507,13.05,62447.00908236767,4.01,1.75,3.75,2.75,4.471654,3.720763,4.059212,3.310824,01 Oct 2019,0.0,32.0,432.0,-0.57,-0.53,0.0,35996.0,54.0,-0.549,-0.32,-0.45
2006-07-07,3.075,2.842,2.884,3.274,3.559,13.97,62447.00908236767,4.01,1.75,3.75,2.75,4.447436,3.753772,4.053521,3.34814,01 Oct 2019,0.0,32.0,432.0,-0.57,-0.53,0.0,35996.0,54.0,-0.549,-0.32,-0.45
2006-07-13,3.09,2.852,2.916,3.282,3.551,17.79,62447.00908236767,4.01,1.75,3.75,2.75,4.451314,3.707911,4.026135,3.341682,01 Oct 2019,0.0,32.0,432.0,-0.57,-0.53,0.0,35996.0,54.0,-0.549,-0.32,-0.45
2006-07-19,3.114,2.852,2.942,3.297,3.555,15.55,62447.00908236767,4.01,1.75,3.75,2.75,4.42875,3.712781,4.003907,3.349584,01 Oct 2019,0.0,32.0,432.0,-0.57,-0.53,0.0,35996.0,54.0,-0.549,-0.32,-0.45
2006-07-25,3.134,2.849,2.985,3.314,3.525,14.85,62447.00908236767,4.01,1.75,3.75,2.75,4.35721,3.620879,3.926211,3.3137,01 Oct 2019,0.0,32.0,432.0,-0.57,-0.53,0.0,35996.0,54.0,-0.549,-0.32,-0.45
2006-07-31,3.161,2.811,3.03,3.333,3.546,14.95,63661.12329053137,4.01,1.75,3.75,2.75,4.341192,3.632399,3.912682,3.335887,01 Oct 2019,0.0,32.0,432.0,-0.57,-0.53,0.0,35996.0,54.0,-0.549,-0.32,-0.45
2006-08-04,3.201,3.038,3.09,3.381,3.603,14.34,63661.12329053137,3.88391304347826,1.75,3.75,2.75,4.282228,3.654925,3.881787,3.378827,01 Oct 2019,0.0,32.0,432.0,-0.57,-0.53,0.0,35996.0,54.0,-0.549,-0.32,-0.45
2006-08-10,3.215,3.092,3.104,3.394,3.588,14.46,63661.12329053137,3.88391304347826,2.0,4.0,3.0,4.324013,3.664164,3.913917,3.397736,01 Oct 2019,0.0,32.0,432.0,-0.57,-0.53,0.0,35996.0,54.0,-0.549,-0.32,-0.45
2006-08-16,3.227,3.092,3.105,3.424,3.657,12.41,63661.12329053137,3.88391304347826,2.0,4.0,3.0,4.303776,3.731267,3.918252,3.447987,01 Oct 2019,0.0,32.0,432.0,-0.57,-0.53,0.0,35996.0,54.0,-0.549,-0.32,-0.45
2006-08-22,3.249,3.086,3.106,3.436,3.657,12.19,63661.12329053137,3.88391304347826,2.0,4.0,3.0,4.18869,3.609141,3.797172,3.395319,01 Oct 2019,0.0,32.0,432.0,-0.57,-0.53,0.0,35996.0,54.0,-0.549,-0.32,-0.45
2006-08-28,3.254,3.042,3.094,3.432,3.605,12.18,63661.12329053137,3.88391304347826,2.0,4.0,3.0,4.218426,3.582247,3.806546,3.40033,01 Oct 2019,0.0,32.0,432.0,-0.57,-0.53,0.0,35996.0,54.0,-0.549,-0.32,-0.45
2006-09-01,3.267,3.071,3.096,3.46,3.636,11.96,67187.59787034137,3.75380952380952,2.0,4.0,3.0,4.125361,3.612714,3.744432,3.441351,01 Oct 2019,0.0,32.0,432.0,-0.57,-0.53,0.0,35996.0,54.0,-0.549,-0.32,-0.45
2006-09-07,3.294,3.082,3.096,3.502,3.704,13.88,67187.59787034137,3.75380952380952,2.0,4.0,3.0,4.185506,3.715933,3.830701,3.509568,01 Oct 2019,0.0,32.0,432.0,-0.57,-0.53,0.0,35996.0,54.0,-0.549,-0.32,-0.45
2006-09-13,3.321,3.077,3.125,3.534,3.746,11.18,67187.59787034137,3.75380952380952,2.0,4.0,3.0,4.140531,3.727223,3.808659,3.531773,01 Oct 2019,0.0,32.0,432.0,-0.57,-0.53,0.0,35996.0,54.0,-0.549,-0.32,-0.45
2006-09-19,3.349,3.073,3.172,3.55,3.765,11.98,67187.59787034137,3.75380952380952,2.0,4.0,3.0,4.026279,3.726569,3.749834,3.533443,01 Oct 2019,0.0,32.0,432.0,-0.57,-0.53,0.0,35996.0,54.0,-0.549,-0.32,-0.45
2006-09-25,3.374,3.058,3.205,3.532,3.671,12.12,67187.59787034137,3.75380952380952,2.0,4.0,3.0,3.983014,3.54268,3.652223,3.435999,01 Oct 2019,0.0,32.0,432.0,-0.57,-0.53,0.0,35996.0,54.0,-0.549,-0.32,-0.45
2006-09-29,3.417,3.083,3.272,3.567,3.716,11.98,67187.59787034137,3.75380952380952,2.0,4.0,3.0,3.930856,3.60731,3.663617,3.498118,01 Oct 2019,0.0,32.0,432.0,-0.57,-0.53,0.0,35996.0,54.0,-0.549,-0.32,-0.45
2006-10-05,3.464,3.295,3.336,3.604,3.745,11.98,68991.54400250547,3.7877272727272704,2.0,4.0,3.0,3.896778,3.546766,3.619171,3.471175,01 Oct 2019,0.0,32.0,432.0,-0.57,-0.53,0.0,35996.0,54.0,-0.549,-0.32,-0.45
2006-10-11,3.487,3.334,3.346,3.627,3.793,11.62,68991.54400250547,3.7877272727272704,2.25,4.25,3.25,3.967402,3.630012,3.715243,3.510831,01 Oct 2019,0.0,32.0,432.0,-0.57,-0.53,0.0,35996.0,54.0,-0.549,-0.32,-0.45
2006-10-17,3.503,3.334,3.349,3.643,3.796,11.73,68991.54400250547,3.7877272727272704,2.25,4.25,3.25,3.963637,3.604497,3.715814,3.507119,01 Oct 2019,0.0,32.0,432.0,-0.57,-0.53,0.0,35996.0,54.0,-0.549,-0.32,-0.45
2006-10-23,3.526,3.352,3.364,3.669,3.825,11.08,68991.54400250547,3.7877272727272704,2.25,4.25,3.25,4.022427,3.685497,3.790118,3.553017,01 Oct 2019,0.0,32.0,432.0,-0.57,-0.53,0.0,35996.0,54.0,-0.549,-0.32,-0.45
2006-10-27,3.554,3.366,3.381,3.704,3.866,10.8,68991.54400250547,3.7877272727272704,2.25,4.25,3.25,3.920576,3.669123,3.718448,3.57054,01 Oct 2019,0.0,32.0,432.0,-0.57,-0.53,0.0,35996.0,54.0,-0.549,-0.32,-0.45
2006-11-02,3.566,3.359,3.366,3.701,3.828,11.42,71225.5976615513,3.71409090909091,2.25,4.25,3.25,3.879136,3.681163,3.685098,3.57876,01 Oct 2019,0.0,32.0,432.0,-0.57,-0.53,0.0,35996.0,54.0,-0.549,-0.32,-0.45
2006-11-08,3.577,3.351,3.365,3.733,3.878,10.75,71225.5976615513,3.71409090909091,2.25,4.25,3.25,3.875942,3.758747,3.702554,3.630917,01 Oct 2019,0.0,32.0,432.0,-0.57,-0.53,0.0,35996.0,54.0,-0.549,-0.32,-0.45
2006-11-14,3.593,3.352,3.396,3.736,3.885,10.5,71225.5976615513,3.71409090909091,2.25,4.25,3.25,3.866897,3.716036,3.671553,3.606854,01 Oct 2019,0.0,32.0,432.0,-0.57,-0.53,0.0,35996.0,54.0,-0.549,-0.32,-0.45
2006-11-20,3.603,3.345,3.416,3.724,3.851,9.97,71225.5976615513,3.71409090909091,2.25,4.25,3.25,3.866253,3.694185,3.673663,3.58879,01 Oct 2019,0.0,32.0,432.0,-0.57,-0.53,0.0,35996.0,54.0,-0.549,-0.32,-0.45
2006-11-24,3.624,3.337,3.474,3.736,3.859,10.73,71225.5976615513,3.71409090909091,2.25,4.25,3.25,3.881156,3.683479,3.665173,3.59638,01 Oct 2019,0.0,32.0,432.0,-0.57,-0.53,0.0,35996.0,54.0,-0.549,-0.32,-0.45
2006-11-30,3.636,3.336,3.574,3.742,3.859,10.91,70266.20732853116,3.71409090909091,2.25,4.25,3.25,3.878174,3.67216,3.663722,3.592421,01 Oct 2019,0.0,32.0,432.0,-0.57,-0.53,0.0,35996.0,54.0,-0.549,-0.32,-0.45
2006-12-06,3.653,3.402,3.6,3.738,3.832,11.33,70266.20732853116,3.7705263157894704,2.25,4.25,3.25,3.8596,3.651447,3.650986,3.579454,01 Oct 2019,0.0,32.0,432.0,-0.57,-0.53,0.0,35996.0,54.0,-0.549,-0.32,-0.45
2006-12-12,3.674,3.596,3.653,3.785,3.9,10.65,70266.20732853116,3.7705263157894704,2.25,4.25,3.25,3.865611,3.736022,3.696814,3.638278,01 Oct 2019,0.0,32.0,432.0,-0.57,-0.53,0.0,35996.0,54.0,-0.549,-0.32,-0.45
2006-12-18,3.699,3.619,3.657,3.798,3.942,10.6,70266.20732853116,3.7705263157894704,2.5,4.5,3.5,3.932816,3.824604,3.782053,3.685913,01 Oct 2019,0.0,32.0,432.0,-0.57,-0.53,0.0,35996.0,54.0,-0.549,-0.32,-0.45
2006-12-22,3.716,3.749,3.671,3.831,3.991,11.36,70266.20732853116,3.7705263157894704,2.5,4.5,3.5,4.005467,3.877153,3.842342,3.728225,01 Oct 2019,0.0,32.0,432.0,-0.57,-0.53,0.0,35996.0,54.0,-0.549,-0.32,-0.45
2006-12-28,3.723,3.633,3.634,3.851,4.022,10.99,70266.20732853116,3.7705263157894704,2.5,4.5,3.5,4.066804,3.917795,3.896801,3.750841,01 Oct 2019,0.0,32.0,432.0,-0.57,-0.53,0.0,35996.0,54.0,-0.549,-0.32,-0.45
2007-01-04,3.734,3.613,3.625,3.865,4.03,11.51,72817.62188119844,4.01681818181818,2.5,4.5,3.5,4.078675,3.890394,3.902953,3.754924,01 Oct 2019,0.0,32.0,432.0,-0.57,-0.53,0.0,35996.0,54.0,-0.549,-0.32,-0.45
2007-01-10,3.745,3.569,3.612,3.885,4.063,11.47,72817.62188119844,4.01681818181818,2.5,4.5,3.5,4.157782,3.952917,3.965383,3.798284,01 Oct 2019,0.0,32.0,432.0,-0.57,-0.53,0.0,35996.0,54.0,-0.549,-0.32,-0.45
2007-01-16,3.746,3.593,3.614,3.883,4.062,10.74,72817.62188119844,4.01681818181818,2.5,4.5,3.5,4.186539,3.941653,3.988625,3.787985,01 Oct 2019,0.0,32.0,432.0,-0.57,-0.53,0.0,35996.0,54.0,-0.549,-0.32,-0.45
2007-01-22,3.755,3.592,3.613,3.893,4.08,10.77,72817.62188119844,4.01681818181818,2.5,4.5,3.5,4.153653,3.959121,3.985386,3.803551,01 Oct 2019,0.0,32.0,432.0,-0.57,-0.53,0.0,35996.0,54.0,-0.549,-0.32,-0.45
2007-01-26,3.772,3.594,3.614,3.916,4.09,11.13,72817.62188119844,4.01681818181818,2.5,4.5,3.5,4.221799,4.010682,4.055093,3.832461,01 Oct 2019,0.0,32.0,432.0,-0.57,-0.53,0.0,35996.0,54.0,-0.549,-0.32,-0.45
2007-02-01,3.785,3.587,3.609,3.923,4.08,10.31,75646.72721578453,4.049,2.5,4.5,3.5,4.212343,3.965066,4.018988,3.820961,01 Oct 2019,0.0,32.0,432.0,-0.57,-0.53,0.0,35996.0,54.0,-0.549,-0.32,-0.45
2007-02-07,3.786,3.567,3.607,3.92,4.065,10.32,75646.72721578453,4.049,2.5,4.5,3.5,4.189268,3.937181,3.990431,3.815457,01 Oct 2019,0.0,32.0,432.0,-0.57,-0.53,0.0,35996.0,54.0,-0.549,-0.32,-0.45
2007-02-13,3.814,3.585,3.611,3.945,4.099,10.34,75646.72721578453,4.049,2.5,4.5,3.5,4.275258,4.000451,4.074729,3.846424,01 Oct 2019,0.0,32.0,432.0,-0.57,-0.53,0.0,35996.0,54.0,-0.549,-0.32,-0.45
2007-02-19,3.831,3.589,3.658,3.953,4.115,10.34,75646.72721578453,4.049,2.5,4.5,3.5,4.220104,3.98942,4.031917,3.860669,01 Oct 2019,0.0,32.0,432.0,-0.57,-0.53,0.0,35996.0,54.0,-0.549,-0.32,-0.45
2007-02-23,3.846,3.591,3.712,3.973,4.123,10.58,75646.72721578453,4.049,2.5,4.5,3.5,4.178878,3.987702,4.011604,3.864041,01 Oct 2019,0.0,32.0,432.0,-0.57,-0.53,0.0,35996.0,54.0,-0.549,-0.32,-0.45
2007-03-01,3.856,3.583,3.771,3.96,4.077,15.82,73114.10376866061,3.9409090909090896,2.5,4.5,3.5,4.115334,3.855936,3.91427,3.787966,01 Oct 2019,0.0,32.0,432.0,-0.57,-0.53,0.0,35996.0,54.0,-0.549,-0.32,-0.45
2007-03-07,3.868,3.645,3.808,3.96,4.052,15.24,73114.10376866061,3.9409090909090896,2.5,4.5,3.5,4.132278,3.861929,3.901127,3.800606,01 Oct 2019,0.0,32.0,432.0,-0.57,-0.53,0.0,35996.0,54.0,-0.549,-0.32,-0.45
2007-03-13,3.889,3.834,3.856,4.001,4.105,18.13,73114.10376866061,3.9409090909090896,2.5,4.5,3.5,4.112843,3.90628,3.886131,3.855953,01 Oct 2019,0.0,32.0,432.0,-0.57,-0.53,0.0,35996.0,54.0,-0.549,-0.32,-0.45
2007-03-19,3.892,3.838,3.863,4.009,4.126,14.59,73114.10376866061,3.9409090909090896,2.75,4.75,3.75,4.09581,3.944222,3.900858,3.868258,01 Oct 2019,0.0,32.0,432.0,-0.57,-0.53,0.0,35996.0,54.0,-0.549,-0.32,-0.45
2007-03-23,3.904,3.859,3.863,4.014,4.124,12.95,73114.10376866061,3.9409090909090896,2.75,4.75,3.75,4.214692,3.957114,3.967463,3.879593,01 Oct 2019,0.0,32.0,432.0,-0.57,-0.53,0.0,35996.0,54.0,-0.549,-0.32,-0.45
2007-03-29,3.922,3.857,3.864,4.036,4.168,15.14,73114.10376866061,3.9409090909090896,2.75,4.75,3.75,4.259424,4.01015,4.021284,3.910234,01 Oct 2019,0.0,32.0,432.0,-0.57,-0.53,0.0,35996.0,54.0,-0.549,-0.32,-0.45
2007-04-04,3.944,3.85,3.863,4.069,4.203,13.24,74500.46977763857,4.1521052631579,2.75,4.75,3.75,4.301348,4.041459,4.052252,3.936594,01 Oct 2019,0.0,32.0,432.0,-0.57,-0.53,0.0,35996.0,54.0,-0.549,-0.32,-0.45
2007-04-10,3.955,3.841,3.858,4.078,4.232,12.68,74500.46977763857,4.1521052631579,2.75,4.75,3.75,4.345771,4.091126,4.105856,3.967376,01 Oct 2019,0.0,32.0,432.0,-0.57,-0.53,0.0,35996.0,54.0,-0.549,-0.32,-0.45
2007-04-16,3.975,3.837,3.856,4.101,4.271,11.98,74500.46977763857,4.1521052631579,2.75,4.75,3.75,4.422684,4.144555,4.173485,3.998062,01 Oct 2019,0.0,32.0,432.0,-0.57,-0.53,0.0,35996.0,54.0,-0.549,-0.32,-0.45
2007-04-20,3.988,3.849,3.857,4.108,4.276,12.07,74500.46977763857,4.1521052631579,2.75,4.75,3.75,4.402283,4.155833,4.177227,4.01224,01 Oct 2019,0.0,32.0,432.0,-0.57,-0.53,0.0,35996.0,54.0,-0.549,-0.32,-0.45
2007-04-26,4.005,3.853,3.859,4.123,4.283,12.79,74500.46977763857,4.1521052631579,2.75,4.75,3.75,4.362399,4.152974,4.159127,4.015626,01 Oct 2019,0.0,32.0,432.0,-0.57,-0.53,0.0,35996.0,54.0,-0.549,-0.32,-0.45
2007-05-02,4.023,3.848,3.863,4.143,4.306,13.08,78846.43490969829,4.27904761904762,2.75,4.75,3.75,4.356525,4.165304,4.162831,4.030153,01 Oct 2019,0.0,32.0,432.0,-0.57,-0.53,0.0,35996.0,54.0,-0.549,-0.32,-0.45
2007-05-08,4.043,3.837,3.864,4.157,4.323,13.21,78846.43490969829,4.27904761904762,2.75,4.75,3.75,4.359215,4.181227,4.157685,4.043534,01 Oct 2019,0.0,32.0,432.0,-0.57,-0.53,0.0,35996.0,54.0,-0.549,-0.32,-0.45
2007-05-14,4.063,3.851,3.89,4.172,4.331,13.96,78846.43490969829,4.27904761904762,2.75,4.75,3.75,4.42781,4.222165,4.224219,4.065091,01 Oct 2019,0.0,32.0,432.0,-0.57,-0.53,0.0,35996.0,54.0,-0.549,-0.32,-0.45
2007-05-18,4.077,3.853,3.923,4.213,4.4,12.76,78846.43490969829,4.27904761904762,2.75,4.75,3.75,4.448926,4.309584,4.270272,4.132633,01 Oct 2019,0.0,32.0,432.0,-0.57,-0.53,0.0,35996.0,54.0,-0.549,-0.32,-0.45
2007-05-24,4.095,3.861,3.973,4.228,4.413,14.08,78846.43490969829,4.27904761904762,2.75,4.75,3.75,4.494284,4.349979,4.321459,4.154151,01 Oct 2019,0.0,32.0,432.0,-0.57,-0.53,0.0,35996.0,54.0,-0.549,-0.32,-0.45
2007-05-30,4.113,3.853,4.007,4.245,4.439,12.83,78846.43490969829,4.27904761904762,2.75,4.75,3.75,4.503158,4.402288,4.344259,4.18827,01 Oct 2019,0.0,32.0,432.0,-0.57,-0.53,0.0,35996.0,54.0,-0.549,-0.32,-0.45
2007-06-05,4.126,3.835,4.052,4.26,4.486,13.63,80171.20785050631,4.560476190476191,2.75,4.75,3.75,4.562355,4.484899,4.417749,4.228078,01 Oct 2019,0.0,32.0,432.0,-0.57,-0.53,0.0,35996.0,54.0,-0.549,-0.32,-0.45
2007-06-11,4.14,4.095,4.107,4.27,4.494,14.71,80171.20785050631,4.560476190476191,2.75,4.75,3.75,4.692991,4.476158,4.502066,4.223455,01 Oct 2019,0.0,32.0,432.0,-0.57,-0.53,0.0,35996.0,54.0,-0.549,-0.32,-0.45
2007-06-15,4.148,4.096,4.113,4.284,4.519,13.94,80171.20785050631,4.560476190476191,3.0,5.0,4.0,4.835392,4.53363,4.611068,4.250777,01 Oct 2019,0.0,32.0,432.0,-0.57,-0.53,0.0,35996.0,54.0,-0.549,-0.32,-0.45
2007-06-21,4.159,4.122,4.115,4.301,4.534,14.21,80171.20785050631,4.560476190476191,3.0,5.0,4.0,4.782095,4.507399,4.586144,4.24312,01 Oct 2019,0.0,32.0,432.0,-0.57,-0.53,0.0,35996.0,54.0,-0.549,-0.32,-0.45
2007-06-27,4.164,4.129,4.119,4.3,4.505,15.53,80171.20785050631,4.560476190476191,3.0,5.0,4.0,4.693187,4.456219,4.496318,4.230983,01 Oct 2019,0.0,32.0,432.0,-0.57,-0.53,0.0,35996.0,54.0,-0.549,-0.32,-0.45
2007-07-03,4.182,4.068,4.112,4.321,4.526,14.92,77293.03685144587,4.505,3.0,5.0,4.0,4.673488,4.484412,4.492098,4.257552,01 Oct 2019,0.0,32.0,432.0,-0.57,-0.53,0.0,35996.0,54.0,-0.549,-0.32,-0.45
2007-07-09,4.197,4.085,4.105,4.348,4.582,15.16,77293.03685144587,4.505,3.0,5.0,4.0,4.775925,4.572904,4.620858,4.298562,01 Oct 2019,0.0,32.0,432.0,-0.57,-0.53,0.0,35996.0,54.0,-0.549,-0.32,-0.45
2007-07-13,4.214,4.091,4.105,4.364,4.594,15.15,77293.03685144587,4.505,3.0,5.0,4.0,4.720446,4.563035,4.567783,4.307526,01 Oct 2019,0.0,32.0,432.0,-0.57,-0.53,0.0,35996.0,54.0,-0.549,-0.32,-0.45
2007-07-19,4.226,4.089,4.103,4.375,4.591,15.23,77293.03685144587,4.505,3.0,5.0,4.0,4.675589,4.567842,4.537964,4.309733,01 Oct 2019,0.0,32.0,432.0,-0.57,-0.53,0.0,35996.0,54.0,-0.549,-0.32,-0.45
2007-07-25,4.239,4.096,4.104,4.376,4.564,18.1,77293.03685144587,4.505,3.0,5.0,4.0,4.549521,4.437742,4.39873,4.266058,01 Oct 2019,0.0,32.0,432.0,-0.57,-0.53,0.0,35996.0,54.0,-0.549,-0.32,-0.45
2007-07-31,4.26,4.075,4.104,4.382,4.537,23.52,74695.6884852281,4.505,3.0,5.0,4.0,4.530366,4.363943,4.356365,4.233345,01 Oct 2019,0.0,32.0,432.0,-0.57,-0.53,0.0,35996.0,54.0,-0.549,-0.32,-0.45
2007-08-06,4.309,4.092,4.112,4.411,4.551,22.94,74695.6884852281,4.29652173913043,3.0,5.0,4.0,4.514028,4.317611,4.331673,4.211563,01 Oct 2019,0.0,32.0,432.0,-0.57,-0.53,0.0,35996.0,54.0,-0.549,-0.32,-0.45
2007-08-10,4.451,4.225,4.238,4.516,4.633,28.3,74695.6884852281,4.29652173913043,3.0,5.0,4.0,4.59661,4.243822,4.364512,4.140458,01 Oct 2019,0.0,32.0,432.0,-0.57,-0.53,0.0,35996.0,54.0,-0.549,-0.32,-0.45
2007-08-16,4.574,4.125,4.355,4.613,4.645,30.83,74695.6884852281,4.29652173913043,3.0,5.0,4.0,4.608458,3.95646,4.284009,3.976795,01 Oct 2019,0.0,32.0,432.0,-0.57,-0.53,0.0,35996.0,54.0,-0.549,-0.32,-0.45
2007-08-22,4.676,4.139,4.448,4.693,4.714,22.89,74695.6884852281,4.29652173913043,3.0,5.0,4.0,4.637509,4.008381,4.305278,3.965493,01 Oct 2019,0.0,32.0,432.0,-0.57,-0.53,0.0,35996.0,54.0,-0.549,-0.32,-0.45
2007-08-28,4.717,4.11,4.414,4.722,4.745,26.3,74695.6884852281,4.29652173913043,3.0,5.0,4.0,4.635437,4.002697,4.277238,3.964106,01 Oct 2019,0.0,32.0,432.0,-0.57,-0.53,0.0,35996.0,54.0,-0.549,-0.32,-0.45
2007-09-03,4.741,4.208,4.455,4.765,4.783,26.3,71810.2098340119,4.226,3.0,5.0,4.0,4.669634,4.065342,4.304201,3.984999,01 Oct 2019,0.0,32.0,432.0,-0.57,-0.53,0.0,35996.0,54.0,-0.549,-0.32,-0.45
2007-09-07,4.752,4.154,4.442,4.763,4.763,26.23,71810.2098340119,4.226,3.0,5.0,4.0,4.644799,3.862275,4.244449,3.890014,01 Oct 2019,0.0,32.0,432.0,-0.57,-0.53,0.0,35996.0,54.0,-0.549,-0.32,-0.45
2007-09-13,4.73,4.136,4.429,4.755,4.699,24.76,71810.2098340119,4.226,3.0,5.0,4.0,4.572895,3.970375,4.214048,3.931659,01 Oct 2019,0.0,32.0,432.0,-0.57,-0.53,0.0,35996.0,54.0,-0.549,-0.32,-0.45
2007-09-19,4.723,4.193,4.422,4.73,4.689,20.03,71810.2098340119,4.226,3.0,5.0,4.0,4.652389,4.036726,4.302052,3.948126,01 Oct 2019,0.0,32.0,432.0,-0.57,-0.53,0.0,35996.0,54.0,-0.549,-0.32,-0.45
2007-09-25,4.725,4.315,4.408,4.746,4.705,18.6,71810.2098340119,4.226,3.0,5.0,4.0,4.737317,4.008923,4.345966,3.934171,01 Oct 2019,0.0,32.0,432.0,-0.57,-0.53,0.0,35996.0,54.0,-0.549,-0.32,-0.45
2007-10-01,4.791,4.101,4.389,4.753,4.716,17.84,70727.63336465183,4.282608695652169,3.0,5.0,4.0,4.760498,4.035158,4.375585,3.932166,01 Oct 2019,0.0,32.0,432.0,-0.57,-0.53,0.0,35996.0,54.0,-0.549,-0.32,-0.45
2007-10-05,4.775,4.115,4.34,4.725,4.683,16.91,70727.63336465183,4.282608695652169,3.0,5.0,4.0,4.73567,4.027745,4.365137,3.928432,01 Oct 2019,0.0,32.0,432.0,-0.57,-0.53,0.0,35996.0,54.0,-0.549,-0.32,-0.45
2007-10-11,4.732,4.036,4.257,4.693,4.687,18.88,70727.63336465183,4.282608695652169,3.0,5.0,4.0,4.728123,4.142003,4.40837,3.96727,01 Oct 2019,0.0,32.0,432.0,-0.57,-0.53,0.0,35996.0,54.0,-0.549,-0.32,-0.45
2007-10-17,4.655,4.097,4.182,4.655,4.661,18.54,70727.63336465183,4.282608695652169,3.0,5.0,4.0,4.787199,4.212435,4.434419,4.039869,01 Oct 2019,0.0,32.0,432.0,-0.57,-0.53,0.0,35996.0,54.0,-0.549,-0.32,-0.45
2007-10-23,4.63,4.113,4.171,4.608,4.592,20.41,70727.63336465183,4.282608695652169,3.0,5.0,4.0,4.623007,4.030348,4.249181,3.952569,01 Oct 2019,0.0,32.0,432.0,-0.57,-0.53,0.0,35996.0,54.0,-0.549,-0.32,-0.45
2007-10-29,4.606,4.125,4.158,4.598,4.575,19.87,70727.63336465183,4.282608695652169,3.0,5.0,4.0,4.59556,3.966167,4.2184,3.930818,01 Oct 2019,0.0,32.0,432.0,-0.57,-0.53,0.0,35996.0,54.0,-0.549,-0.32,-0.45
2007-11-02,4.591,4.103,4.146,4.606,4.608,23.01,72714.27080070988,4.0890909090909116,3.0,5.0,4.0,4.607076,4.003683,4.220459,3.966957,01 Oct 2019,0.0,32.0,432.0,-0.57,-0.53,0.0,35996.0,54.0,-0.549,-0.32,-0.45
2007-11-08,4.579,4.103,4.138,4.583,4.581,26.16,72714.27080070988,4.0890909090909116,3.0,5.0,4.0,4.639037,3.923956,4.201487,3.916289,01 Oct 2019,0.0,32.0,432.0,-0.57,-0.53,0.0,35996.0,54.0,-0.549,-0.32,-0.45
2007-11-14,4.576,4.115,4.14,4.579,4.574,25.94,72714.27080070988,4.0890909090909116,3.0,5.0,4.0,4.642715,3.939819,4.208095,3.923622,01 Oct 2019,0.0,32.0,432.0,-0.57,-0.53,0.0,35996.0,54.0,-0.549,-0.32,-0.45
2007-11-20,4.636,4.133,4.169,4.617,4.595,24.88,72714.27080070988,4.0890909090909116,3.0,5.0,4.0,4.671757,3.781089,4.150833,3.851731,01 Oct 2019,0.0,32.0,432.0,-0.57,-0.53,0.0,35996.0,54.0,-0.549,-0.32,-0.45
2007-11-26,4.713,4.145,4.185,4.686,4.629,28.91,72714.27080070988,4.0890909090909116,3.0,5.0,4.0,4.724119,3.727691,4.147979,3.810065,01 Oct 2019,0.0,32.0,432.0,-0.57,-0.53,0.0,35996.0,54.0,-0.549,-0.32,-0.45
2007-11-30,4.81,4.109,4.822,4.751,4.692,22.87,69621.04603820857,4.0890909090909116,3.0,5.0,4.0,4.760958,3.812132,4.214501,3.842934,01 Oct 2019,0.0,32.0,432.0,-0.57,-0.53,0.0,35996.0,54.0,-0.549,-0.32,-0.45
2007-12-06,4.884,4.06,4.864,4.8,4.718,20.96,69621.04603820857,4.20588235294118,3.0,5.0,4.0,4.742878,3.7981,4.187971,3.857762,01 Oct 2019,0.0,32.0,432.0,-0.57,-0.53,0.0,35996.0,54.0,-0.549,-0.32,-0.45
2007-12-12,4.953,4.129,4.947,4.906,4.867,22.47,69621.04603820857,4.20588235294118,3.0,5.0,4.0,4.816461,4.036049,4.366701,3.985189,01 Oct 2019,0.0,32.0,432.0,-0.57,-0.53,0.0,35996.0,54.0,-0.549,-0.32,-0.45
2007-12-18,4.876,4.061,4.634,4.837,4.827,22.64,69621.04603820857,4.20588235294118,3.0,5.0,4.0,4.772845,4.082318,4.356194,3.979712,01 Oct 2019,0.0,32.0,432.0,-0.57,-0.53,0.0,35996.0,54.0,-0.549,-0.32,-0.45
2007-12-24,4.765,4.527,4.459,4.775,4.772,18.6,69621.04603820857,4.20588235294118,3.0,5.0,4.0,4.761609,4.051406,4.34598,3.987815,01 Oct 2019,0.0,32.0,432.0,-0.57,-0.53,0.0,35996.0,54.0,-0.549,-0.32,-0.45
2008-01-02,4.665,4.124,4.239,4.703,4.733,23.17,68290.00939555277,4.0277272727272715,3.0,5.0,4.0,4.804655,3.972976,4.338746,3.944946,01 Oct 2019,0.0,32.0,432.0,-0.57,-0.53,0.0,35996.0,54.0,-0.549,-0.32,-0.45
2008-01-08,4.598,4.146,4.202,4.645,4.657,25.43,68290.00939555277,4.0277272727272715,3.0,5.0,4.0,4.756491,3.885378,4.209648,3.904593,01 Oct 2019,0.0,32.0,432.0,-0.57,-0.53,0.0,35996.0,54.0,-0.549,-0.32,-0.45
2008-01-14,4.558,4.139,4.203,4.587,4.595,22.9,68290.00939555277,4.0277272727272715,3.0,5.0,4.0,4.751993,3.73373,4.134104,3.815434,01 Oct 2019,0.0,32.0,432.0,-0.57,-0.53,0.0,35996.0,54.0,-0.549,-0.32,-0.45
2008-01-18,4.411,4.118,4.191,4.424,4.421,27.18,68290.00939555277,4.0277272727272715,3.0,5.0,4.0,4.778554,3.477164,4.074691,3.676675,01 Oct 2019,0.0,32.0,432.0,-0.57,-0.53,0.0,35996.0,54.0,-0.549,-0.32,-0.45
2008-01-24,4.302,4.115,4.179,4.307,4.303,27.78,68290.00939555277,4.0277272727272715,3.0,5.0,4.0,4.838339,3.444537,4.100679,3.617402,01 Oct 2019,0.0,32.0,432.0,-0.57,-0.53,0.0,35996.0,54.0,-0.549,-0.32,-0.45
2008-01-30,4.381,4.156,4.191,4.389,4.355,27.62,68290.00939555277,4.0277272727272715,3.0,5.0,4.0,4.866454,3.455493,4.138065,3.630897,01 Oct 2019,0.0,32.0,432.0,-0.57,-0.53,0.0,35996.0,54.0,-0.549,-0.32,-0.45
2008-02-05,4.372,4.145,4.184,4.371,4.344,28.24,58121.93339597035,3.95285714285714,3.0,5.0,4.0,4.739576,3.178734,3.96253,3.487153,01 Oct 2019,0.0,32.0,432.0,-0.57,-0.53,0.0,35996.0,54.0,-0.549,-0.32,-0.45
2008-02-11,4.334,4.106,4.175,4.311,4.299,27.6,58121.93339597035,3.95285714285714,3.0,5.0,4.0,4.826186,2.932755,3.95993,3.332595,01 Oct 2019,0.0,32.0,432.0,-0.57,-0.53,0.0,35996.0,54.0,-0.549,-0.32,-0.45
2008-02-15,4.355,4.114,4.18,4.35,4.347,25.02,58121.93339597035,3.95285714285714,3.0,5.0,4.0,4.948362,3.020348,4.077093,3.396563,01 Oct 2019,0.0,32.0,432.0,-0.57,-0.53,0.0,35996.0,54.0,-0.549,-0.32,-0.45
2008-02-21,4.373,4.118,4.18,4.376,4.378,25.12,58121.93339597035,3.95285714285714,3.0,5.0,4.0,4.954256,3.292947,4.17337,3.566762,01 Oct 2019,0.0,32.0,432.0,-0.57,-0.53,0.0,35996.0,54.0,-0.549,-0.32,-0.45
2008-02-27,4.386,4.128,4.185,4.39,4.39,22.69,58121.93339597035,3.95285714285714,3.0,5.0,4.0,5.063322,3.239142,4.190961,3.529768,01 Oct 2019,0.0,32.0,432.0,-0.57,-0.53,0.0,35996.0,54.0,-0.549,-0.32,-0.45
2008-03-04,4.391,4.113,4.2,4.395,4.394,25.52,56059.08758743083,3.7994736842105294,3.0,5.0,4.0,4.979812,3.114138,4.023553,3.474364,01 Oct 2019,0.0,32.0,432.0,-0.57,-0.53,0.0,35996.0,54.0,-0.549,-0.32,-0.45
2008-03-10,4.558,4.131,4.296,4.554,4.545,29.38,56059.08758743083,3.7994736842105294,3.0,5.0,4.0,5.025499,3.117266,4.0124,3.486198,01 Oct 2019,0.0,32.0,432.0,-0.57,-0.53,0.0,35996.0,54.0,-0.549,-0.32,-0.45
2008-03-14,4.617,4.15,4.309,4.61,4.607,31.16,56059.08758743083,3.7994736842105294,3.0,5.0,4.0,4.978371,3.207705,3.990701,3.533712,01 Oct 2019,0.0,32.0,432.0,-0.57,-0.53,0.0,35996.0,54.0,-0.549,-0.32,-0.45
2008-03-20,4.674,4.279,4.353,4.675,4.675,26.62,56059.08758743083,3.7994736842105294,3.0,5.0,4.0,4.790436,3.405635,3.999038,3.625569,01 Oct 2019,0.0,32.0,432.0,-0.57,-0.53,0.0,35996.0,54.0,-0.549,-0.32,-0.45
2008-03-26,4.718,4.338,4.376,4.718,4.719,26.08,56059.08758743083,3.7994736842105294,3.0,5.0,4.0,4.833699,3.53851,4.082881,3.716549,01 Oct 2019,0.0,32.0,432.0,-0.57,-0.53,0.0,35996.0,54.0,-0.549,-0.32,-0.45
2008-04-01,4.731,4.247,4.357,4.732,4.735,22.68,55879.5281344608,4.04,3.0,5.0,4.0,4.883144,3.594584,4.155037,3.731749,01 Oct 2019,0.0,32.0,432.0,-0.57,-0.53,0.0,35996.0,54.0,-0.549,-0.32,-0.45
2008-04-07,4.742,4.201,4.349,4.747,4.75,22.42,55879.5281344608,4.04,3.0,5.0,4.0,4.873052,3.612154,4.18646,3.741183,01 Oct 2019,0.0,32.0,432.0,-0.57,-0.53,0.0,35996.0,54.0,-0.549,-0.32,-0.45
2008-04-11,4.747,4.227,4.365,4.751,4.756,23.46,55879.5281344608,4.04,3.0,5.0,4.0,4.838592,3.494281,4.099048,3.690236,01 Oct 2019,0.0,32.0,432.0,-0.57,-0.53,0.0,35996.0,54.0,-0.549,-0.32,-0.45
2008-04-17,4.784,4.223,4.371,4.793,4.796,20.37,55879.5281344608,4.04,3.0,5.0,4.0,4.952958,3.714104,4.271804,3.801878,01 Oct 2019,0.0,32.0,432.0,-0.57,-0.53,0.0,35996.0,54.0,-0.549,-0.32,-0.45
2008-04-23,4.829,4.255,4.386,4.865,4.933,20.26,55879.5281344608,4.04,3.0,5.0,4.0,4.965151,3.973573,4.318829,3.942061,01 Oct 2019,0.0,32.0,432.0,-0.57,-0.53,0.0,35996.0,54.0,-0.549,-0.32,-0.45
2008-04-29,4.857,4.257,4.389,4.883,4.965,20.24,55879.5281344608,4.04,3.0,5.0,4.0,5.025115,3.862416,4.355441,3.886637,01 Oct 2019,0.0,32.0,432.0,-0.57,-0.53,0.0,35996.0,54.0,-0.549,-0.32,-0.45
2008-05-06,4.857,4.26,4.386,4.88,4.956,18.21,60884.22591084664,4.20190476190476,3.0,5.0,4.0,4.919231,3.801181,4.295405,3.866208,01 Oct 2019,0.0,32.0,432.0,-0.57,-0.53,0.0,35996.0,54.0,-0.549,-0.32,-0.45
2008-05-12,4.857,4.198,4.384,4.877,4.948,17.79,60884.22591084664,4.20190476190476,3.0,5.0,4.0,4.866594,3.795418,4.221127,3.867639,01 Oct 2019,0.0,32.0,432.0,-0.57,-0.53,0.0,35996.0,54.0,-0.549,-0.32,-0.45
2008-05-16,4.859,4.184,4.375,4.9,4.988,16.47,60884.22591084664,4.20190476190476,3.0,5.0,4.0,4.950267,4.094349,4.352633,4.00842,01 Oct 2019,0.0,32.0,432.0,-0.57,-0.53,0.0,35996.0,54.0,-0.549,-0.32,-0.45
2008-05-22,4.855,4.219,4.373,4.906,5.0,18.05,60884.22591084664,4.20190476190476,3.0,5.0,4.0,4.986778,4.284713,4.430062,4.129639,01 Oct 2019,0.0,32.0,432.0,-0.57,-0.53,0.0,35996.0,54.0,-0.549,-0.32,-0.45
2008-05-28,4.857,4.228,4.374,4.922,5.053,19.07,60884.22591084664,4.20190476190476,3.0,5.0,4.0,5.014737,4.333237,4.477584,4.146445,01 Oct 2019,0.0,32.0,432.0,-0.57,-0.53,0.0,35996.0,54.0,-0.549,-0.32,-0.45
2008-06-03,4.864,4.205,4.462,4.928,5.093,20.24,58439.29428959181,4.520476190476191,3.0,5.0,4.0,5.11436,4.471658,4.562456,4.234798,01 Oct 2019,0.0,32.0,432.0,-0.57,-0.53,0.0,35996.0,54.0,-0.549,-0.32,-0.45
2008-06-09,4.961,4.173,4.475,5.12,5.429,23.12,58439.29428959181,4.520476190476191,3.0,5.0,4.0,4.833658,4.873413,4.607948,4.535732,01 Oct 2019,0.0,32.0,432.0,-0.57,-0.53,0.0,35996.0,54.0,-0.549,-0.32,-0.45
2008-06-13,4.961,4.125,4.471,5.132,5.439,21.22,58439.29428959181,4.520476190476191,3.0,5.0,4.0,4.989008,4.741554,4.755698,4.461695,01 Oct 2019,0.0,32.0,432.0,-0.57,-0.53,0.0,35996.0,54.0,-0.549,-0.32,-0.45
2008-06-19,4.961,4.121,4.494,5.127,5.43,21.58,58439.29428959181,4.520476190476191,3.0,5.0,4.0,4.798807,4.835616,4.745837,4.509826,01 Oct 2019,0.0,32.0,432.0,-0.57,-0.53,0.0,35996.0,54.0,-0.549,-0.32,-0.45
2008-06-25,4.958,4.313,4.482,5.125,5.418,21.14,58439.29428959181,4.520476190476191,3.0,5.0,4.0,4.934737,4.693205,4.714697,4.463553,01 Oct 2019,0.0,32.0,432.0,-0.57,-0.53,0.0,35996.0,54.0,-0.549,-0.32,-0.45
2008-07-01,4.955,4.13,4.448,5.145,5.418,23.65,48579.18363085917,4.4904347826087,3.0,5.0,4.0,4.972966,4.675615,4.677504,4.48035,01 Oct 2019,0.0,32.0,432.0,-0.57,-0.53,0.0,35996.0,54.0,-0.549,-0.32,-0.45
2008-07-07,4.96,4.333,4.47,5.144,5.393,25.78,48579.18363085917,4.4904347826087,3.0,5.0,4.0,4.981387,4.512489,4.585257,4.374815,01 Oct 2019,0.0,32.0,432.0,-0.57,-0.53,0.0,35996.0,54.0,-0.549,-0.32,-0.45
2008-07-11,4.963,4.345,4.468,5.145,5.388,27.49,48579.18363085917,4.4904347826087,3.25,5.25,4.25,4.894087,4.457843,4.529419,4.356009,01 Oct 2019,0.0,32.0,432.0,-0.57,-0.53,0.0,35996.0,54.0,-0.549,-0.32,-0.45
2008-07-17,4.958,4.357,4.471,5.139,5.377,25.01,48579.18363085917,4.4904347826087,3.25,5.25,4.25,4.939594,4.448928,4.58819,4.32802,01 Oct 2019,0.0,32.0,432.0,-0.57,-0.53,0.0,35996.0,54.0,-0.549,-0.32,-0.45
2008-07-23,4.963,4.398,4.482,5.161,5.432,21.31,48579.18363085917,4.4904347826087,3.25,5.25,4.25,5.023175,4.684784,4.763147,4.455405,01 Oct 2019,0.0,32.0,432.0,-0.57,-0.53,0.0,35996.0,54.0,-0.549,-0.32,-0.45
2008-07-29,4.961,4.409,4.482,5.151,5.38,22.03,48579.18363085917,4.4904347826087,3.25,5.25,4.25,5.012644,4.4179,4.624421,4.345531,01 Oct 2019,0.0,32.0,432.0,-0.57,-0.53,0.0,35996.0,54.0,-0.549,-0.32,-0.45
2008-08-04,4.97,4.397,4.485,5.163,5.359,23.49,49277.58638688798,4.202380952380951,3.25,5.25,4.25,4.910285,4.343212,4.489979,4.316884,01 Oct 2019,0.0,32.0,432.0,-0.57,-0.53,0.0,35996.0,54.0,-0.549,-0.32,-0.45
2008-08-08,4.966,4.396,4.486,5.149,5.313,20.66,49277.58638688798,4.202380952380951,3.25,5.25,4.25,5.001455,4.088259,4.395293,4.191677,01 Oct 2019,0.0,32.0,432.0,-0.57,-0.53,0.0,35996.0,54.0,-0.549,-0.32,-0.45
2008-08-14,4.964,4.392,4.485,5.157,5.307,20.34,49277.58638688798,4.202380952380951,3.25,5.25,4.25,4.976326,4.005614,4.361577,4.177809,01 Oct 2019,0.0,32.0,432.0,-0.57,-0.53,0.0,35996.0,54.0,-0.549,-0.32,-0.45
2008-08-20,4.964,4.386,4.485,5.16,5.314,20.42,49277.58638688798,4.202380952380951,3.25,5.25,4.25,4.909583,3.967859,4.279053,4.136878,01 Oct 2019,0.0,32.0,432.0,-0.57,-0.53,0.0,35996.0,54.0,-0.549,-0.32,-0.45
2008-08-26,4.965,4.409,4.485,5.158,5.308,20.49,49277.58638688798,4.202380952380951,3.25,5.25,4.25,4.9156,3.978887,4.282708,4.130931,01 Oct 2019,0.0,32.0,432.0,-0.57,-0.53,0.0,35996.0,54.0,-0.549,-0.32,-0.45
2008-09-01,4.961,4.397,4.513,5.165,5.325,20.49,48901.76427602046,4.0940909090909114,3.25,5.25,4.25,4.830726,4.022541,4.304177,4.156928,01 Oct 2019,0.0,32.0,432.0,-0.57,-0.53,0.0,35996.0,54.0,-0.549,-0.32,-0.45
2008-09-05,4.96,4.402,4.515,5.171,5.322,23.06,48901.76427602046,4.0940909090909114,3.25,5.25,4.25,4.889881,3.948541,4.211331,4.147637,01 Oct 2019,0.0,32.0,432.0,-0.57,-0.53,0.0,35996.0,54.0,-0.549,-0.32,-0.45
2008-09-11,4.958,4.401,4.515,5.179,5.337,24.39,48901.76427602046,4.0940909090909114,3.25,5.25,4.25,4.983812,3.906715,4.261969,4.12299,01 Oct 2019,0.0,32.0,432.0,-0.57,-0.53,0.0,35996.0,54.0,-0.549,-0.32,-0.45
2008-09-17,4.973,4.504,4.539,5.202,5.363,36.22,48901.76427602046,4.0940909090909114,3.25,5.25,4.25,5.031653,3.746833,4.303796,3.997749,01 Oct 2019,0.0,32.0,432.0,-0.57,-0.53,0.0,35996.0,54.0,-0.549,-0.32,-0.45
2008-09-23,5.055,4.698,4.849,5.256,5.45,35.72,48901.76427602046,4.0940909090909114,3.25,5.25,4.25,5.185973,4.014058,4.498364,4.071626,01 Oct 2019,0.0,32.0,432.0,-0.57,-0.53,0.0,35996.0,54.0,-0.549,-0.32,-0.45
2008-09-29,5.237,4.716,5.006,5.315,5.477,46.72,48901.76427602046,4.0940909090909114,3.25,5.25,4.25,5.142014,3.55687,4.38756,3.74214,01 Oct 2019,0.0,32.0,432.0,-0.57,-0.53,0.0,35996.0,54.0,-0.549,-0.32,-0.45
2008-10-03,5.339,4.868,5.13,5.415,5.493,45.14,43148.55412882347,3.8834782608695697,3.25,5.25,4.25,4.648256,3.01683,4.204874,3.395607,01 Oct 2019,0.0,32.0,432.0,-0.57,-0.53,0.0,35996.0,54.0,-0.549,-0.32,-0.45
2008-10-09,5.393,4.79,5.126,5.448,5.512,63.92,43148.55412882347,3.8834782608695697,3.25,4.25,4.25,4.552717,2.259733,4.192018,3.161657,01 Oct 2019,0.0,32.0,432.0,-0.57,-0.53,0.0,35996.0,54.0,-0.549,-0.32,-0.45
2008-10-15,5.168,4.1,4.867,5.235,5.312,69.25,43148.55412882347,3.8834782608695697,3.25,4.25,3.75,5.035529,2.941698,4.468478,3.139662,01 Oct 2019,0.0,32.0,432.0,-0.57,-0.53,0.0,35996.0,54.0,-0.549,-0.32,-0.45
2008-10-21,4.968,3.925,4.651,5.03,5.112,53.11,43148.55412882347,3.8834782608695697,3.25,4.25,3.75,4.94868,2.583231,4.321715,3.12268,01 Oct 2019,0.0,32.0,432.0,-0.57,-0.53,0.0,35996.0,54.0,-0.549,-0.32,-0.45
2008-10-27,4.912,3.928,4.58,4.964,5.02,80.06,43148.55412882347,3.8834782608695697,3.25,4.25,3.75,4.766661,2.278624,4.138923,2.894859,01 Oct 2019,0.0,32.0,432.0,-0.57,-0.53,0.0,35996.0,54.0,-0.549,-0.32,-0.45
2008-10-31,4.76,3.836,4.434,4.804,4.865,59.89,32071.197411003235,3.8834782608695697,3.25,4.25,3.75,4.968243,2.266485,4.254813,2.863721,01 Oct 2019,0.0,32.0,432.0,-0.57,-0.53,0.0,35996.0,54.0,-0.549,-0.32,-0.45
2008-11-06,4.592,3.692,4.249,4.651,4.701,63.68,32071.197411003235,3.5565,3.25,4.25,3.75,5.134831,2.62636,4.244278,2.758318,01 Oct 2019,0.0,32.0,432.0,-0.57,-0.53,0.0,35996.0,54.0,-0.549,-0.32,-0.45
2008-11-12,4.286,3.297,3.914,4.345,4.412,66.46,32071.197411003235,3.5565,2.75,3.75,3.25,5.12252,2.438549,4.122155,2.401958,01 Oct 2019,0.0,32.0,432.0,-0.57,-0.53,0.0,35996.0,54.0,-0.549,-0.32,-0.45
2008-11-18,4.153,3.244,3.722,4.214,4.271,67.64,32071.197411003235,3.5565,2.75,3.75,3.25,5.153421,2.435193,4.081387,2.339198,01 Oct 2019,0.0,32.0,432.0,-0.57,-0.53,0.0,35996.0,54.0,-0.549,-0.32,-0.45
2008-11-24,3.97,3.183,3.484,4.02,4.077,64.7,32071.197411003235,3.5565,2.75,3.75,3.25,4.821486,2.245868,3.913562,2.165495,01 Oct 2019,0.0,32.0,432.0,-0.57,-0.53,0.0,35996.0,54.0,-0.549,-0.32,-0.45
2008-11-28,3.853,3.145,3.574,3.897,3.951,55.84,32071.197411003235,3.5565,2.75,3.75,3.25,4.476742,2.326786,3.773932,2.102443,01 Oct 2019,0.0,32.0,432.0,-0.57,-0.53,0.0,35996.0,54.0,-0.549,-0.32,-0.45
2008-12-04,3.669,2.868,3.335,3.71,3.777,63.64,26980.89570936423,3.0478947368421094,2.75,3.75,3.25,4.176216,2.219836,3.587733,1.972609,01 Oct 2019,0.0,32.0,432.0,-0.57,-0.53,0.0,35996.0,54.0,-0.549,-0.32,-0.45
2008-12-10,3.376,2.508,3.062,3.466,3.563,55.73,26980.89570936423,3.0478947368421094,2.0,3.0,2.5,4.547336,2.555859,3.811435,2.128487,01 Oct 2019,0.0,32.0,432.0,-0.57,-0.53,0.0,35996.0,54.0,-0.549,-0.32,-0.45
2008-12-16,3.204,2.403,2.915,3.298,3.395,52.37,26980.89570936423,3.0478947368421094,2.0,3.0,2.5,4.658002,2.411316,3.827225,2.065843,01 Oct 2019,0.0,32.0,432.0,-0.57,-0.53,0.0,35996.0,54.0,-0.549,-0.32,-0.45
2008-12-22,3.053,2.288,2.772,3.132,3.227,44.56,26980.89570936423,3.0478947368421094,2.0,3.0,2.5,4.584748,2.127121,3.684746,1.874261,01 Oct 2019,0.0,32.0,432.0,-0.57,-0.53,0.0,35996.0,54.0,-0.549,-0.32,-0.45
2008-12-30,2.928,2.419,2.634,3.0,3.085,41.63,26980.89570936423,3.0478947368421094,2.0,3.0,2.5,4.610048,2.106152,3.68822,1.843814,01 Oct 2019,0.0,32.0,432.0,-0.57,-0.53,0.0,35996.0,54.0,-0.549,-0.32,-0.45
2009-01-06,2.797,2.305,2.512,2.882,2.959,38.56,25749.03434596513,3.07095238095238,2.0,3.0,2.5,4.899074,2.075981,3.813922,1.797156,01 Oct 2019,0.0,32.0,432.0,-0.57,-0.53,0.0,35996.0,54.0,-0.549,-0.32,-0.45
2009-01-12,2.653,2.186,2.377,2.716,2.782,45.84,25749.03434596513,3.07095238095238,2.0,3.0,2.5,4.86949,1.753549,3.726418,1.44836,01 Oct 2019,0.0,32.0,432.0,-0.57,-0.53,0.0,35996.0,54.0,-0.549,-0.32,-0.45
2009-01-16,2.453,1.952,2.116,2.531,2.615,46.11,25749.03434596513,3.07095238095238,2.0,3.0,2.5,4.887676,1.77094,3.736815,1.404009,01 Oct 2019,0.0,32.0,432.0,-0.57,-0.53,0.0,35996.0,54.0,-0.549,-0.32,-0.45
2009-01-22,2.254,1.582,1.913,2.341,2.426,47.29,25749.03434596513,3.07095238095238,1.0,3.0,2.0,5.151776,1.67035,3.887601,1.274705,01 Oct 2019,0.0,32.0,432.0,-0.57,-0.53,0.0,35996.0,54.0,-0.549,-0.32,-0.45
2009-01-28,2.115,1.433,1.771,2.214,2.318,39.66,25749.03434596513,3.07095238095238,1.0,3.0,2.0,5.161571,1.897412,3.928293,1.310649,01 Oct 2019,0.0,32.0,432.0,-0.57,-0.53,0.0,35996.0,54.0,-0.549,-0.32,-0.45
2009-02-03,2.064,1.418,1.723,2.153,2.246,43.06,23259.212861467797,3.1275,1.0,3.0,2.0,5.316477,1.599576,3.994264,1.240439,01 Oct 2019,0.0,32.0,432.0,-0.57,-0.53,0.0,35996.0,54.0,-0.549,-0.32,-0.45
2009-02-09,2.005,1.383,1.68,2.086,2.192,43.64,23259.212861467797,3.1275,1.0,3.0,2.0,5.389289,1.622236,4.030854,1.179755,01 Oct 2019,0.0,32.0,432.0,-0.57,-0.53,0.0,35996.0,54.0,-0.549,-0.32,-0.45
2009-02-13,1.943,1.365,1.63,2.025,2.133,42.93,23259.212861467797,3.1275,1.0,3.0,2.0,5.194789,1.491099,3.852179,1.126432,01 Oct 2019,0.0,32.0,432.0,-0.57,-0.53,0.0,35996.0,54.0,-0.549,-0.32,-0.45
2009-02-19,1.888,1.352,1.582,1.982,2.085,47.08,23259.212861467797,3.1275,1.0,3.0,2.0,5.297042,1.551232,3.89925,1.148819,01 Oct 2019,0.0,32.0,432.0,-0.57,-0.53,0.0,35996.0,54.0,-0.549,-0.32,-0.45
2009-02-25,1.848,1.345,1.553,1.951,2.054,44.67,23259.212861467797,3.1275,1.0,3.0,2.0,5.211768,1.403475,3.784203,1.021601,01 Oct 2019,0.0,32.0,432.0,-0.57,-0.53,0.0,35996.0,54.0,-0.549,-0.32,-0.45
2009-03-03,1.799,1.302,1.5,1.899,2.006,50.93,18572.91992901138,3.01954545454545,1.0,3.0,2.0,5.362422,1.388979,3.884851,0.960468,01 Oct 2019,0.0,32.0,432.0,-0.57,-0.53,0.0,35996.0,54.0,-0.549,-0.32,-0.45
2009-03-09,1.703,1.095,1.361,1.825,1.947,49.68,18572.91992901138,3.01954545454545,1.0,3.0,2.0,5.162997,1.501529,3.774983,0.993892,01 Oct 2019,0.0,32.0,432.0,-0.57,-0.53,0.0,35996.0,54.0,-0.549,-0.32,-0.45
2009-03-13,1.64,0.957,1.248,1.78,1.923,42.36,18572.91992901138,3.01954545454545,0.5,2.5,1.5,5.310248,1.547096,3.873231,0.981249,01 Oct 2019,0.0,32.0,432.0,-0.57,-0.53,0.0,35996.0,54.0,-0.549,-0.32,-0.45
2009-03-19,1.584,0.931,1.19,1.734,1.877,43.68,18572.91992901138,3.01954545454545,0.5,2.5,1.5,5.240206,1.58478,3.863987,0.947711,01 Oct 2019,0.0,32.0,432.0,-0.57,-0.53,0.0,35996.0,54.0,-0.549,-0.32,-0.45
2009-03-25,1.548,1.006,1.163,1.705,1.853,42.25,18572.91992901138,3.01954545454545,0.5,2.5,1.5,5.265374,1.613273,3.858576,0.96919,01 Oct 2019,0.0,32.0,432.0,-0.57,-0.53,0.0,35996.0,54.0,-0.549,-0.32,-0.45
2009-03-31,1.51,0.999,1.121,1.67,1.812,44.14,21344.60799665936,3.01954545454545,0.5,2.5,1.5,5.188793,1.40699,3.773289,0.880698,01 Oct 2019,0.0,32.0,432.0,-0.57,-0.53,0.0,35996.0,54.0,-0.549,-0.32,-0.45
2009-04-06,1.466,0.923,1.055,1.644,1.802,40.93,21344.60799665936,3.133,0.5,2.5,1.5,5.27367,1.786883,3.875596,1.020774,01 Oct 2019,0.0,32.0,432.0,-0.57,-0.53,0.0,35996.0,54.0,-0.549,-0.32,-0.45
2009-04-14,1.423,0.865,1.0,1.609,1.774,37.67,21344.60799665936,3.133,0.25,2.25,1.25,5.346526,1.589815,3.878119,0.980663,01 Oct 2019,0.0,32.0,432.0,-0.57,-0.53,0.0,35996.0,54.0,-0.549,-0.32,-0.45
2009-04-20,1.405,0.91,0.999,1.599,1.768,39.18,21344.60799665936,3.133,0.25,2.25,1.25,5.309141,1.576267,3.856091,1.073713,01 Oct 2019,0.0,32.0,432.0,-0.57,-0.53,0.0,35996.0,54.0,-0.549,-0.32,-0.45
2009-04-24,1.4,0.922,0.999,1.593,1.764,36.82,21344.60799665936,3.133,0.25,2.25,1.25,5.266951,1.5811,3.840339,1.007584,01 Oct 2019,0.0,32.0,432.0,-0.57,-0.53,0.0,35996.0,54.0,-0.549,-0.32,-0.45
2009-04-30,1.365,0.803,0.944,1.562,1.728,36.5,28472.700699446705,3.133,0.25,2.25,1.25,5.190797,1.517351,3.786677,0.961134,01 Oct 2019,0.0,32.0,432.0,-0.57,-0.53,0.0,35996.0,54.0,-0.549,-0.32,-0.45
2009-05-07,1.327,0.72,0.894,1.527,1.699,33.44,28472.700699446705,3.371,0.25,2.25,1.25,5.407907,1.538864,3.932354,0.907094,01 Oct 2019,0.0,32.0,432.0,-0.57,-0.53,0.0,35996.0,54.0,-0.549,-0.32,-0.45
2009-05-13,1.281,0.704,0.845,1.479,1.636,33.65,28472.700699446705,3.371,0.25,1.75,1.0,5.466962,1.362932,3.882583,0.85823,01 Oct 2019,0.0,32.0,432.0,-0.57,-0.53,0.0,35996.0,54.0,-0.549,-0.32,-0.45
2009-05-19,1.237,0.697,0.816,1.434,1.595,28.8,28472.700699446705,3.371,0.25,1.75,1.0,5.552126,1.364502,3.988844,0.870456,01 Oct 2019,0.0,32.0,432.0,-0.57,-0.53,0.0,35996.0,54.0,-0.549,-0.32,-0.45
2009-05-25,1.264,0.931,0.923,1.464,1.631,28.8,28472.700699446705,3.371,0.25,1.75,1.0,5.636765,1.54877,4.096361,0.977837,01 Oct 2019,0.0,32.0,432.0,-0.57,-0.53,0.0,35996.0,54.0,-0.549,-0.32,-0.45
2009-05-29,1.269,0.898,0.935,1.465,1.631,28.92,28472.700699446705,3.371,0.25,1.75,1.0,5.610975,1.42851,4.179407,0.932944,01 Oct 2019,0.0,32.0,432.0,-0.57,-0.53,0.0,35996.0,54.0,-0.549,-0.32,-0.45
2009-06-04,1.26,0.835,0.923,1.457,1.621,30.18,31202.63075477607,3.47363636363636,0.25,1.75,1.0,5.643701,1.502689,4.200385,0.996745,01 Oct 2019,0.0,32.0,432.0,-0.57,-0.53,0.0,35996.0,54.0,-0.549,-0.32,-0.45
2009-06-10,1.283,0.918,0.965,1.488,1.672,28.46,31202.63075477607,3.47363636363636,0.25,1.75,1.0,5.449476,1.718139,4.191531,1.076149,01 Oct 2019,0.0,32.0,432.0,-0.57,-0.53,0.0,35996.0,54.0,-0.549,-0.32,-0.45
2009-06-16,1.252,0.903,0.957,1.465,1.638,32.68,31202.63075477607,3.47363636363636,0.25,1.75,1.0,5.438973,1.648942,4.090804,1.0082,01 Oct 2019,0.0,32.0,432.0,-0.57,-0.53,0.0,35996.0,54.0,-0.549,-0.32,-0.45
2009-06-22,1.215,0.886,0.934,1.428,1.597,31.17,31202.63075477607,3.47363636363636,0.25,1.75,1.0,5.448759,1.47965,4.047005,0.919001,01 Oct 2019,0.0,32.0,432.0,-0.57,-0.53,0.0,35996.0,54.0,-0.549,-0.32,-0.45
2009-06-26,1.12,0.537,0.783,1.334,1.515,25.93,31202.63075477607,3.47363636363636,0.25,1.75,1.0,5.468756,1.366198,3.991265,0.833408,01 Oct 2019,0.0,32.0,432.0,-0.57,-0.53,0.0,35996.0,54.0,-0.549,-0.32,-0.45
2009-07-02,1.072,0.45,0.728,1.291,1.486,27.95,30985.48909071928,3.33782608695652,0.25,1.75,1.0,5.395042,1.297593,3.93129,0.783807,01 Oct 2019,0.0,32.0,432.0,-0.57,-0.53,0.0,35996.0,54.0,-0.549,-0.32,-0.45
2009-07-08,1.029,0.425,0.66,1.249,1.44,31.3,30985.48909071928,3.33782608695652,0.25,1.75,1.0,5.404946,1.289727,3.920833,0.738325,01 Oct 2019,0.0,32.0,432.0,-0.57,-0.53,0.0,35996.0,54.0,-0.549,-0.32,-0.45
2009-07-14,0.985,0.387,0.615,1.225,1.419,25.02,30985.48909071928,3.33782608695652,0.25,1.75,1.0,5.372443,1.365098,3.912519,0.747837,01 Oct 2019,0.0,32.0,432.0,-0.57,-0.53,0.0,35996.0,54.0,-0.549,-0.32,-0.45
2009-07-20,0.944,0.367,0.578,1.194,1.389,24.4,30985.48909071928,3.33782608695652,0.25,1.75,1.0,5.484308,1.499509,3.980105,0.754261,01 Oct 2019,0.0,32.0,432.0,-0.57,-0.53,0.0,35996.0,54.0,-0.549,-0.32,-0.45
2009-07-24,0.921,0.366,0.553,1.17,1.378,23.09,30985.48909071928,3.33782608695652,0.25,1.75,1.0,5.436012,1.511221,3.935624,0.766731,01 Oct 2019,0.0,32.0,432.0,-0.57,-0.53,0.0,35996.0,54.0,-0.549,-0.32,-0.45
2009-07-30,0.899,0.358,0.538,1.149,1.364,25.4,30985.48909071928,3.33782608695652,0.25,1.75,1.0,5.257439,1.568219,3.835632,0.771868,01 Oct 2019,0.0,32.0,432.0,-0.57,-0.53,0.0,35996.0,54.0,-0.549,-0.32,-0.45
2009-08-05,0.884,0.353,0.523,1.133,1.345,24.9,35618.54055746946,3.3052380952381,0.25,1.75,1.0,5.08358,1.71676,3.78158,0.864894,01 Oct 2019,0.0,32.0,432.0,-0.57,-0.53,0.0,35996.0,54.0,-0.549,-0.32,-0.45
2009-08-11,0.883,0.355,0.522,1.13,1.353,25.99,35618.54055746946,3.3052380952381,0.25,1.75,1.0,4.966833,1.715875,3.779802,0.864089,01 Oct 2019,0.0,32.0,432.0,-0.57,-0.53,0.0,35996.0,54.0,-0.549,-0.32,-0.45
2009-08-17,0.861,0.347,0.512,1.114,1.335,27.89,35618.54055746946,3.3052380952381,0.25,1.75,1.0,4.922987,1.542382,3.696896,0.783443,01 Oct 2019,0.0,32.0,432.0,-0.57,-0.53,0.0,35996.0,54.0,-0.549,-0.32,-0.45
2009-08-21,0.849,0.345,0.498,1.107,1.324,25.01,35618.54055746946,3.3052380952381,0.25,1.75,1.0,4.895443,1.640686,3.675452,0.798915,01 Oct 2019,0.0,32.0,432.0,-0.57,-0.53,0.0,35996.0,54.0,-0.549,-0.32,-0.45
2009-08-27,0.829,0.341,0.487,1.093,1.315,24.68,35618.54055746946,3.3052380952381,0.25,1.75,1.0,4.894916,1.569057,3.633246,0.761638,01 Oct 2019,0.0,32.0,432.0,-0.57,-0.53,0.0,35996.0,54.0,-0.549,-0.32,-0.45
2009-09-02,0.813,0.341,0.479,1.078,1.3,28.9,40238.020670216094,3.26318181818182,0.25,1.75,1.0,5.018465,1.473714,3.696215,0.731182,01 Oct 2019,0.0,32.0,432.0,-0.57,-0.53,0.0,35996.0,54.0,-0.549,-0.32,-0.45
2009-09-08,0.788,0.337,0.464,1.055,1.274,25.62,40238.020670216094,3.26318181818182,0.25,1.75,1.0,5.152163,1.319861,3.756648,0.627138,01 Oct 2019,0.0,32.0,432.0,-0.57,-0.53,0.0,35996.0,54.0,-0.549,-0.32,-0.45
2009-09-14,0.771,0.341,0.454,1.04,1.255,23.86,40238.020670216094,3.26318181818182,0.25,1.75,1.0,5.086481,1.284836,3.690117,0.654809,01 Oct 2019,0.0,32.0,432.0,-0.57,-0.53,0.0,35996.0,54.0,-0.549,-0.32,-0.45
2009-09-18,0.762,0.34,0.449,1.035,1.254,23.92,40238.020670216094,3.26318181818182,0.25,1.75,1.0,5.172156,1.394794,3.76625,0.713759,01 Oct 2019,0.0,32.0,432.0,-0.57,-0.53,0.0,35996.0,54.0,-0.549,-0.32,-0.45
2009-09-24,0.743,0.348,0.443,1.021,1.242,24.95,40238.020670216094,3.26318181818182,0.25,1.75,1.0,5.17383,1.28333,3.73282,0.648533,01 Oct 2019,0.0,32.0,432.0,-0.57,-0.53,0.0,35996.0,54.0,-0.549,-0.32,-0.45
2009-09-30,0.753,0.35,0.438,1.016,1.236,25.61,41671.36444305251,3.26318181818182,0.25,1.75,1.0,4.955506,1.340214,3.635107,0.700379,01 Oct 2019,0.0,32.0,432.0,-0.57,-0.53,0.0,35996.0,54.0,-0.549,-0.32,-0.45
2009-10-06,0.744,0.351,0.43,1.01,1.229,25.7,41671.36444305251,3.2090909090909094,0.25,1.75,1.0,5.061151,1.343062,3.639848,0.712616,01 Oct 2019,0.0,32.0,432.0,-0.57,-0.53,0.0,35996.0,54.0,-0.549,-0.32,-0.45
2009-10-12,0.743,0.351,0.431,1.023,1.247,23.01,41671.36444305251,3.2090909090909094,0.25,1.75,1.0,5.062558,1.483237,3.658571,0.8196,01 Oct 2019,0.0,32.0,432.0,-0.57,-0.53,0.0,35996.0,54.0,-0.549,-0.32,-0.45
2009-10-16,0.739,0.351,0.43,1.022,1.251,21.43,41671.36444305251,3.2090909090909094,0.25,1.75,1.0,5.166258,1.573923,3.751247,0.86631,01 Oct 2019,0.0,32.0,432.0,-0.57,-0.53,0.0,35996.0,54.0,-0.549,-0.32,-0.45
2009-10-22,0.733,0.351,0.428,1.021,1.253,20.69,41671.36444305251,3.2090909090909094,0.25,1.75,1.0,5.168524,1.560756,3.709833,0.861901,01 Oct 2019,0.0,32.0,432.0,-0.57,-0.53,0.0,35996.0,54.0,-0.549,-0.32,-0.45
2009-10-28,0.724,0.352,0.426,1.008,1.238,27.91,41671.36444305251,3.2090909090909094,0.25,1.75,1.0,5.138418,1.441348,3.66593,0.779853,01 Oct 2019,0.0,32.0,432.0,-0.57,-0.53,0.0,35996.0,54.0,-0.549,-0.32,-0.45
2009-11-03,0.72,0.356,0.426,1.001,1.236,28.81,39222.25702056582,3.21714285714286,0.25,1.75,1.0,5.146141,1.433819,3.662341,0.802087,01 Oct 2019,0.0,32.0,432.0,-0.57,-0.53,0.0,35996.0,54.0,-0.549,-0.32,-0.45
2009-11-09,0.715,0.36,0.43,0.994,1.231,23.15,39222.25702056582,3.21714285714286,0.25,1.75,1.0,5.226443,1.400335,3.717779,0.757508,01 Oct 2019,0.0,32.0,432.0,-0.57,-0.53,0.0,35996.0,54.0,-0.549,-0.32,-0.45
2009-11-13,0.714,0.362,0.432,0.989,1.224,23.36,39222.25702056582,3.21714285714286,0.25,1.75,1.0,5.205884,1.347875,3.708507,0.742256,01 Oct 2019,0.0,32.0,432.0,-0.57,-0.53,0.0,35996.0,54.0,-0.549,-0.32,-0.45
2009-11-19,0.715,0.365,0.433,0.987,1.224,22.63,39222.25702056582,3.21714285714286,0.25,1.75,1.0,5.107591,1.303531,3.65679,0.742951,01 Oct 2019,0.0,32.0,432.0,-0.57,-0.53,0.0,35996.0,54.0,-0.549,-0.32,-0.45
2009-11-25,0.716,0.371,0.436,0.993,1.235,20.48,39222.25702056582,3.21714285714286,0.25,1.75,1.0,5.100585,1.46707,3.645922,0.836957,01 Oct 2019,0.0,32.0,432.0,-0.57,-0.53,0.0,35996.0,54.0,-0.549,-0.32,-0.45
2009-12-01,0.72,0.379,0.476,0.997,1.236,21.92,39074.01607683474,3.1385,0.25,1.75,1.0,5.039281,1.353935,3.551574,0.790287,01 Oct 2019,0.0,32.0,432.0,-0.57,-0.53,0.0,35996.0,54.0,-0.549,-0.32,-0.45
2009-12-07,0.717,0.383,0.481,0.998,1.245,22.1,39074.01607683474,3.1385,0.25,1.75,1.0,5.016466,1.472708,3.573699,0.801124,01 Oct 2019,0.0,32.0,432.0,-0.57,-0.53,0.0,35996.0,54.0,-0.549,-0.32,-0.45
2009-12-11,0.714,0.381,0.484,0.996,1.245,21.59,39074.01607683474,3.1385,0.25,1.75,1.0,5.145594,1.421826,3.639993,0.805889,01 Oct 2019,0.0,32.0,432.0,-0.57,-0.53,0.0,35996.0,54.0,-0.549,-0.32,-0.45
2009-12-17,0.712,0.377,0.483,0.997,1.242,22.51,39074.01607683474,3.1385,0.25,1.75,1.0,5.055073,1.253296,3.556338,0.724959,01 Oct 2019,0.0,32.0,432.0,-0.57,-0.53,0.0,35996.0,54.0,-0.549,-0.32,-0.45
2009-12-23,0.706,0.412,0.475,0.992,1.239,19.71,39074.01607683474,3.1385,0.25,1.75,1.0,5.155032,1.27783,3.678352,0.741329,01 Oct 2019,0.0,32.0,432.0,-0.57,-0.53,0.0,35996.0,54.0,-0.549,-0.32,-0.45
2009-12-30,0.7,0.389,0.459,0.993,1.247,19.96,39074.01607683474,3.1385,0.25,1.75,1.0,5.20404,1.418819,3.759165,0.810686,01 Oct 2019,0.0,32.0,432.0,-0.57,-0.53,0.0,35996.0,54.0,-0.549,-0.32,-0.45
2010-01-06,0.694,0.367,0.45,0.992,1.246,19.16,39427.91523123499,3.2575,0.25,1.75,1.0,5.193982,1.470319,3.765515,0.778211,01 Oct 2019,0.0,32.0,432.0,-0.57,-0.53,0.0,35996.0,54.0,-0.549,-0.32,-0.45
2010-01-12,0.685,0.359,0.441,0.983,1.236,18.25,39427.91523123499,3.2575,0.25,1.75,1.0,5.110584,1.357119,3.670956,0.714471,01 Oct 2019,0.0,32.0,432.0,-0.57,-0.53,0.0,35996.0,54.0,-0.549,-0.32,-0.45
2010-01-18,0.677,0.354,0.435,0.975,1.225,18.25,39427.91523123499,3.2575,0.25,1.75,1.0,5.145419,1.329226,3.652736,0.672608,01 Oct 2019,0.0,32.0,432.0,-0.57,-0.53,0.0,35996.0,54.0,-0.549,-0.32,-0.45
2010-01-22,0.67,0.348,0.429,0.966,1.222,27.31,39427.91523123499,3.2575,0.25,1.75,1.0,5.262308,1.247287,3.651728,0.666354,01 Oct 2019,0.0,32.0,432.0,-0.57,-0.53,0.0,35996.0,54.0,-0.549,-0.32,-0.45
2010-01-28,0.665,0.344,0.426,0.966,1.226,23.73,39427.91523123499,3.2575,0.25,1.75,1.0,5.187105,1.297491,3.623068,0.705698,01 Oct 2019,0.0,32.0,432.0,-0.57,-0.53,0.0,35996.0,54.0,-0.549,-0.32,-0.45
2010-02-03,0.665,0.347,0.424,0.967,1.228,21.6,35788.70445766781,3.17,0.25,1.75,1.0,5.138132,1.381915,3.602784,0.719185,01 Oct 2019,0.0,32.0,432.0,-0.57,-0.53,0.0,35996.0,54.0,-0.549,-0.32,-0.45
2010-02-09,0.661,0.344,0.421,0.966,1.227,26.0,35788.70445766781,3.17,0.25,1.75,1.0,5.09448,1.216534,3.556734,0.647818,01 Oct 2019,0.0,32.0,432.0,-0.57,-0.53,0.0,35996.0,54.0,-0.549,-0.32,-0.45
2010-02-15,0.661,0.343,0.421,0.963,1.224,26.0,35788.70445766781,3.17,0.25,1.75,1.0,5.14409,1.176986,3.585059,0.603723,01 Oct 2019,0.0,32.0,432.0,-0.57,-0.53,0.0,35996.0,54.0,-0.549,-0.32,-0.45
2010-02-19,0.661,0.345,0.42,0.965,1.227,20.02,35788.70445766781,3.17,0.25,1.75,1.0,5.241403,1.180255,3.637845,0.646895,01 Oct 2019,0.0,32.0,432.0,-0.57,-0.53,0.0,35996.0,54.0,-0.549,-0.32,-0.45
2010-02-25,0.658,0.343,0.418,0.959,1.218,20.1,35788.70445766781,3.17,0.25,1.75,1.0,5.095757,1.007245,3.50321,0.559125,01 Oct 2019,0.0,32.0,432.0,-0.57,-0.53,0.0,35996.0,54.0,-0.549,-0.32,-0.45
2010-03-03,0.655,0.343,0.414,0.957,1.214,18.83,33926.29710825765,3.10217391304348,0.25,1.75,1.0,5.144027,1.050231,3.529489,0.589223,01 Oct 2019,0.0,32.0,432.0,-0.57,-0.53,0.0,35996.0,54.0,-0.549,-0.32,-0.45
2010-03-09,0.652,0.343,0.411,0.956,1.216,17.92,33926.29710825765,3.10217391304348,0.25,1.75,1.0,5.123226,1.02504,3.499187,0.573459,01 Oct 2019,0.0,32.0,432.0,-0.57,-0.53,0.0,35996.0,54.0,-0.549,-0.32,-0.45
2010-03-15,0.646,0.337,0.406,0.956,1.219,18.0,33926.29710825765,3.10217391304348,0.25,1.75,1.0,5.108318,1.112937,3.519991,0.619902,01 Oct 2019,0.0,32.0,432.0,-0.57,-0.53,0.0,35996.0,54.0,-0.549,-0.32,-0.45
2010-03-19,0.642,0.336,0.401,0.951,1.214,16.97,33926.29710825765,3.10217391304348,0.25,1.75,1.0,5.102734,1.06727,3.499452,0.608856,01 Oct 2019,0.0,32.0,432.0,-0.57,-0.53,0.0,35996.0,54.0,-0.549,-0.32,-0.45
2010-03-25,0.635,0.343,0.4,0.946,1.212,18.4,33926.29710825765,3.10217391304348,0.25,1.75,1.0,5.075263,1.040939,3.501447,0.590399,01 Oct 2019,0.0,32.0,432.0,-0.57,-0.53,0.0,35996.0,54.0,-0.549,-0.32,-0.45
2010-03-31,0.634,0.34,0.397,0.944,1.212,17.59,37228.311932352015,3.10217391304348,0.25,1.75,1.0,5.021503,1.021696,3.462697,0.600486,01 Oct 2019,0.0,32.0,432.0,-0.57,-0.53,0.0,35996.0,54.0,-0.549,-0.32,-0.45
2010-04-06,0.638,0.345,0.401,0.949,1.222,16.23,37228.311932352015,3.0645,0.25,1.75,1.0,4.955738,1.055081,3.506911,0.632484,01 Oct 2019,0.0,32.0,432.0,-0.57,-0.53,0.0,35996.0,54.0,-0.549,-0.32,-0.45
2010-04-12,0.642,0.344,0.403,0.953,1.224,15.58,37228.311932352015,3.0645,0.25,1.75,1.0,4.991034,1.094768,3.523134,0.649386,01 Oct 2019,0.0,32.0,432.0,-0.57,-0.53,0.0,35996.0,54.0,-0.549,-0.32,-0.45
2010-04-16,0.644,0.347,0.405,0.954,1.224,18.36,37228.311932352015,3.0645,0.25,1.75,1.0,4.993028,0.98384,3.479744,0.59507,01 Oct 2019,0.0,32.0,432.0,-0.57,-0.53,0.0,35996.0,54.0,-0.549,-0.32,-0.45
2010-04-22,0.644,0.347,0.404,0.955,1.223,16.47,37228.311932352015,3.0645,0.25,1.75,1.0,4.996365,1.060385,3.426441,0.620142,01 Oct 2019,0.0,32.0,432.0,-0.57,-0.53,0.0,35996.0,54.0,-0.549,-0.32,-0.45
2010-04-28,0.654,0.349,0.408,0.964,1.235,21.08,37228.311932352015,3.0645,0.25,1.75,1.0,4.865797,1.097671,3.409327,0.614561,01 Oct 2019,0.0,32.0,432.0,-0.57,-0.53,0.0,35996.0,54.0,-0.549,-0.32,-0.45
2010-05-04,0.668,0.355,0.416,0.974,1.24,23.84,34725.96304415909,2.73428571428571,0.25,1.75,1.0,4.88326,0.967992,3.340877,0.572042,01 Oct 2019,0.0,32.0,432.0,-0.57,-0.53,0.0,35996.0,54.0,-0.549,-0.32,-0.45
2010-05-10,0.682,0.362,0.422,0.981,1.245,28.84,34725.96304415909,2.73428571428571,0.25,1.75,1.0,5.126786,0.771316,3.378167,0.459226,01 Oct 2019,0.0,32.0,432.0,-0.57,-0.53,0.0,35996.0,54.0,-0.549,-0.32,-0.45
2010-05-14,0.684,0.361,0.423,0.979,1.242,31.24,34725.96304415909,2.73428571428571,0.25,1.75,1.0,4.936029,0.701295,3.257722,0.423864,01 Oct 2019,0.0,32.0,432.0,-0.57,-0.53,0.0,35996.0,54.0,-0.549,-0.32,-0.45
2010-05-20,0.692,0.362,0.425,0.986,1.253,45.79,34725.96304415909,2.73428571428571,0.25,1.75,1.0,4.827474,0.802157,3.090359,0.495518,01 Oct 2019,0.0,32.0,432.0,-0.57,-0.53,0.0,35996.0,54.0,-0.549,-0.32,-0.45
2010-05-26,0.697,0.362,0.426,0.989,1.258,35.02,34725.96304415909,2.73428571428571,0.25,1.75,1.0,4.663399,0.892608,3.045314,0.530419,01 Oct 2019,0.0,32.0,432.0,-0.57,-0.53,0.0,35996.0,54.0,-0.549,-0.32,-0.45
2010-06-01,0.702,0.361,0.428,0.991,1.262,35.54,30653.5128927863,2.54318181818182,0.25,1.75,1.0,4.429599,0.466401,2.986138,0.273142,01 Oct 2019,0.0,32.0,432.0,-0.57,-0.53,0.0,35996.0,54.0,-0.549,-0.32,-0.45
2010-06-07,0.711,0.365,0.433,0.998,1.268,36.57,30653.5128927863,2.54318181818182,0.25,1.75,1.0,4.623877,0.504743,3.115852,0.281356,01 Oct 2019,0.0,32.0,432.0,-0.57,-0.53,0.0,35996.0,54.0,-0.549,-0.32,-0.45
2010-06-11,0.719,0.367,0.438,1.003,1.271,28.79,30653.5128927863,2.54318181818182,0.25,1.75,1.0,4.556952,0.443731,3.062875,0.261444,01 Oct 2019,0.0,32.0,432.0,-0.57,-0.53,0.0,35996.0,54.0,-0.549,-0.32,-0.45
2010-06-17,0.729,0.364,0.443,1.011,1.281,25.05,30653.5128927863,2.54318181818182,0.25,1.75,1.0,4.60936,0.53042,3.118427,0.309305,01 Oct 2019,0.0,32.0,432.0,-0.57,-0.53,0.0,35996.0,54.0,-0.549,-0.32,-0.45
2010-06-23,0.739,0.381,0.455,1.024,1.296,26.91,30653.5128927863,2.54318181818182,0.25,1.75,1.0,4.586926,0.627962,3.094372,0.379559,01 Oct 2019,0.0,32.0,432.0,-0.57,-0.53,0.0,35996.0,54.0,-0.549,-0.32,-0.45
2010-06-29,0.761,0.415,0.479,1.039,1.306,34.13,30653.5128927863,2.54318181818182,0.25,1.75,1.0,4.544077,0.579755,3.017826,0.380067,01 Oct 2019,0.0,32.0,432.0,-0.57,-0.53,0.0,35996.0,54.0,-0.549,-0.32,-0.45
2010-07-05,0.793,0.456,0.515,1.06,1.329,34.13,30628.45808539513,2.6159090909090894,0.25,1.75,1.0,4.473112,0.614792,2.948422,0.446772,01 Oct 2019,0.0,32.0,432.0,-0.57,-0.53,0.0,35996.0,54.0,-0.549,-0.32,-0.45
2010-07-09,0.822,0.491,0.547,1.081,1.351,24.98,30628.45808539513,2.6159090909090894,0.25,1.75,1.0,4.450387,0.738445,2.977673,0.547393,01 Oct 2019,0.0,32.0,432.0,-0.57,-0.53,0.0,35996.0,54.0,-0.549,-0.32,-0.45
2010-07-15,0.846,0.517,0.574,1.101,1.369,25.14,30628.45808539513,2.6159090909090894,0.25,1.75,1.0,4.50219,0.801988,3.015996,0.561843,01 Oct 2019,0.0,32.0,432.0,-0.57,-0.53,0.0,35996.0,54.0,-0.549,-0.32,-0.45
2010-07-21,0.881,0.576,0.628,1.13,1.398,25.64,30628.45808539513,2.6159090909090894,0.25,1.75,1.0,4.455818,0.736704,2.996051,0.550401,01 Oct 2019,0.0,32.0,432.0,-0.57,-0.53,0.0,35996.0,54.0,-0.549,-0.32,-0.45
2010-07-27,0.893,0.584,0.638,1.141,1.413,23.19,30628.45808539513,2.6159090909090894,0.25,1.75,1.0,4.467066,0.886656,3.079522,0.62279,01 Oct 2019,0.0,32.0,432.0,-0.57,-0.53,0.0,35996.0,54.0,-0.549,-0.32,-0.45
2010-08-02,0.898,0.577,0.646,1.145,1.418,22.01,36032.98882973171,2.35,0.25,1.75,1.0,4.450952,0.846327,3.041723,0.596125,01 Oct 2019,0.0,32.0,432.0,-0.57,-0.53,0.0,35996.0,54.0,-0.549,-0.32,-0.45
2010-08-06,0.905,0.568,0.649,1.154,1.428,21.74,36032.98882973171,2.35,0.25,1.75,1.0,4.243211,0.771211,2.840479,0.588645,01 Oct 2019,0.0,32.0,432.0,-0.57,-0.53,0.0,35996.0,54.0,-0.549,-0.32,-0.45
2010-08-12,0.899,0.555,0.647,1.154,1.423,25.73,36032.98882973171,2.35,0.25,1.75,1.0,4.248927,0.611279,2.765534,0.47146,01 Oct 2019,0.0,32.0,432.0,-0.57,-0.53,0.0,35996.0,54.0,-0.549,-0.32,-0.45
2010-08-18,0.894,0.538,0.641,1.149,1.423,24.59,36032.98882973171,2.35,0.25,1.75,1.0,4.041533,0.593118,2.661282,0.469069,01 Oct 2019,0.0,32.0,432.0,-0.57,-0.53,0.0,35996.0,54.0,-0.549,-0.32,-0.45
2010-08-24,0.889,0.527,0.633,1.141,1.417,27.46,36032.98882973171,2.35,0.25,1.75,1.0,3.852635,0.501177,2.519969,0.413625,01 Oct 2019,0.0,32.0,432.0,-0.57,-0.53,0.0,35996.0,54.0,-0.549,-0.32,-0.45
2010-08-30,0.888,0.517,0.624,1.137,1.415,27.21,36032.98882973171,2.35,0.25,1.75,1.0,3.731191,0.542905,2.495263,0.438564,01 Oct 2019,0.0,32.0,432.0,-0.57,-0.53,0.0,35996.0,54.0,-0.549,-0.32,-0.45
2010-09-03,0.883,0.511,0.62,1.134,1.414,21.31,32968.99467585343,2.30045454545455,0.25,1.75,1.0,4.018828,0.605154,2.678106,0.462653,01 Oct 2019,0.0,32.0,432.0,-0.57,-0.53,0.0,35996.0,54.0,-0.549,-0.32,-0.45
2010-09-09,0.879,0.502,0.617,1.134,1.415,22.81,32968.99467585343,2.30045454545455,0.25,1.75,1.0,3.896994,0.663726,2.640941,0.491638,01 Oct 2019,0.0,32.0,432.0,-0.57,-0.53,0.0,35996.0,54.0,-0.549,-0.32,-0.45
2010-09-15,0.876,0.5,0.617,1.139,1.422,22.1,32968.99467585343,2.30045454545455,0.25,1.75,1.0,4.020201,0.748023,2.736581,0.53432,01 Oct 2019,0.0,32.0,432.0,-0.57,-0.53,0.0,35996.0,54.0,-0.549,-0.32,-0.45
2010-09-21,0.879,0.504,0.618,1.139,1.428,22.35,32968.99467585343,2.30045454545455,0.25,1.75,1.0,4.081802,0.818951,2.801789,0.566666,01 Oct 2019,0.0,32.0,432.0,-0.57,-0.53,0.0,35996.0,54.0,-0.549,-0.32,-0.45
2010-09-27,0.879,0.515,0.618,1.138,1.422,22.54,32968.99467585343,2.30045454545455,0.25,1.75,1.0,3.996559,0.726709,2.648876,0.556011,01 Oct 2019,0.0,32.0,432.0,-0.57,-0.53,0.0,35996.0,54.0,-0.549,-0.32,-0.45
2010-10-01,0.942,0.64,0.704,1.184,1.464,22.5,33455.47551936528,2.34571428571429,0.25,1.75,1.0,3.95796,0.885936,2.718026,0.713115,01 Oct 2019,0.0,32.0,432.0,-0.57,-0.53,0.0,35996.0,54.0,-0.549,-0.32,-0.45
2010-10-07,0.965,0.663,0.744,1.197,1.472,21.56,33455.47551936528,2.34571428571429,0.25,1.75,1.0,3.925429,0.804482,2.640352,0.663971,01 Oct 2019,0.0,32.0,432.0,-0.57,-0.53,0.0,35996.0,54.0,-0.549,-0.32,-0.45
2010-10-13,0.985,0.728,0.769,1.209,1.48,19.07,33455.47551936528,2.34571428571429,0.25,1.75,1.0,3.997131,0.772366,2.650822,0.641269,01 Oct 2019,0.0,32.0,432.0,-0.57,-0.53,0.0,35996.0,54.0,-0.549,-0.32,-0.45
2010-10-19,1.008,0.758,0.792,1.231,1.499,20.63,33455.47551936528,2.34571428571429,0.25,1.75,1.0,4.086265,0.914116,2.759141,0.75768,01 Oct 2019,0.0,32.0,432.0,-0.57,-0.53,0.0,35996.0,54.0,-0.549,-0.32,-0.45
2010-10-25,1.032,0.804,0.83,1.253,1.521,19.85,33455.47551936528,2.34571428571429,0.25,1.75,1.0,4.037089,0.988365,2.789957,0.809517,01 Oct 2019,0.0,32.0,432.0,-0.57,-0.53,0.0,35996.0,54.0,-0.549,-0.32,-0.45
2010-10-29,1.045,0.779,0.847,1.269,1.54,21.2,33455.47551936528,2.34571428571429,0.25,1.75,1.0,4.094376,1.020371,2.857754,0.843303,01 Oct 2019,0.0,32.0,432.0,-0.57,-0.53,0.0,35996.0,54.0,-0.549,-0.32,-0.45
2010-11-04,1.05,0.758,0.849,1.274,1.544,18.52,33855.308487316004,2.53272727272727,0.25,1.75,1.0,4.037416,0.983701,2.770306,0.836567,01 Oct 2019,0.0,32.0,432.0,-0.57,-0.53,0.0,35996.0,54.0,-0.549,-0.32,-0.45
2010-11-10,1.048,0.805,0.852,1.274,1.546,18.47,33855.308487316004,2.53272727272727,0.25,1.75,1.0,4.140232,0.96285,2.780015,0.822086,01 Oct 2019,0.0,32.0,432.0,-0.57,-0.53,0.0,35996.0,54.0,-0.549,-0.32,-0.45
2010-11-16,1.046,0.792,0.846,1.275,1.545,22.58,33855.308487316004,2.53272727272727,0.25,1.75,1.0,4.322288,1.033206,2.941144,0.823088,01 Oct 2019,0.0,32.0,432.0,-0.57,-0.53,0.0,35996.0,54.0,-0.549,-0.32,-0.45
2010-11-22,1.039,0.68,0.816,1.265,1.54,18.37,33855.308487316004,2.53272727272727,0.25,1.75,1.0,4.338777,1.033248,3.015624,0.817214,01 Oct 2019,0.0,32.0,432.0,-0.57,-0.53,0.0,35996.0,54.0,-0.549,-0.32,-0.45
2010-11-26,1.028,0.604,0.796,1.26,1.531,22.22,33855.308487316004,2.53272727272727,0.25,1.75,1.0,4.364204,0.960704,3.093908,0.742975,01 Oct 2019,0.0,32.0,432.0,-0.57,-0.53,0.0,35996.0,54.0,-0.549,-0.32,-0.45
2010-12-02,1.027,0.641,0.815,1.258,1.528,19.39,27980.98966489195,2.9147619047619,0.25,1.75,1.0,4.401343,0.860586,3.202665,0.67788,01 Oct 2019,0.0,32.0,432.0,-0.57,-0.53,0.0,35996.0,54.0,-0.549,-0.32,-0.45
2010-12-08,1.03,0.722,0.822,1.26,1.527,17.74,27980.98966489195,2.9147619047619,0.25,1.75,1.0,4.689576,0.935105,3.358332,0.692818,01 Oct 2019,0.0,32.0,432.0,-0.57,-0.53,0.0,35996.0,54.0,-0.549,-0.32,-0.45
2010-12-14,1.026,0.663,0.819,1.254,1.53,17.61,27980.98966489195,2.9147619047619,0.25,1.75,1.0,4.584098,1.033476,3.364122,0.726619,01 Oct 2019,0.0,32.0,432.0,-0.57,-0.53,0.0,35996.0,54.0,-0.549,-0.32,-0.45
2010-12-20,1.022,0.613,0.809,1.254,1.533,16.41,27980.98966489195,2.9147619047619,0.25,1.75,1.0,4.573049,1.029885,3.321265,0.72362,01 Oct 2019,0.0,32.0,432.0,-0.57,-0.53,0.0,35996.0,54.0,-0.549,-0.32,-0.45
2010-12-24,1.014,0.666,0.803,1.243,1.521,16.41,27980.98966489195,2.9147619047619,0.25,1.75,1.0,4.62466,0.925525,3.33185,0.637395,01 Oct 2019,0.0,32.0,432.0,-0.57,-0.53,0.0,35996.0,54.0,-0.549,-0.32,-0.45
2010-12-30,1.01,0.628,0.79,1.234,1.514,17.52,27980.98966489195,2.9147619047619,0.25,1.75,1.0,4.690964,0.85695,3.358578,0.599058,01 Oct 2019,0.0,32.0,432.0,-0.57,-0.53,0.0,35996.0,54.0,-0.549,-0.32,-0.45
2011-01-05,0.998,0.569,0.762,1.223,1.504,17.02,29541.70581480321,3.0166666666666706,0.25,1.75,1.0,4.63048,0.885245,3.308689,0.611565,01 Oct 2019,0.0,32.0,432.0,-0.57,-0.53,0.0,35996.0,54.0,-0.549,-0.32,-0.45
2011-01-11,0.995,0.555,0.752,1.222,1.505,16.89,29541.70581480321,3.0166666666666706,0.25,1.75,1.0,4.719,0.895186,3.295761,0.608606,01 Oct 2019,0.0,32.0,432.0,-0.57,-0.53,0.0,35996.0,54.0,-0.549,-0.32,-0.45
2011-01-17,1.009,0.666,0.771,1.249,1.544,16.89,29541.70581480321,3.0166666666666706,0.25,1.75,1.0,4.686487,1.190076,3.380505,0.776005,01 Oct 2019,0.0,32.0,432.0,-0.57,-0.53,0.0,35996.0,54.0,-0.549,-0.32,-0.45
2011-01-21,1.025,0.746,0.799,1.27,1.578,18.47,29541.70581480321,3.0166666666666706,0.25,1.75,1.0,4.662574,1.369302,3.49747,0.904157,01 Oct 2019,0.0,32.0,432.0,-0.57,-0.53,0.0,35996.0,54.0,-0.549,-0.32,-0.45
2011-01-27,1.057,0.9,0.872,1.301,1.615,16.15,29541.70581480321,3.0166666666666706,0.25,1.75,1.0,4.642655,1.421859,3.506199,0.944745,01 Oct 2019,0.0,32.0,432.0,-0.57,-0.53,0.0,35996.0,54.0,-0.549,-0.32,-0.45
2011-02-02,1.083,0.885,0.91,1.333,1.666,17.3,33725.8586491283,3.199,0.25,1.75,1.0,4.684615,1.519245,3.521654,1.033622,01 Oct 2019,0.0,32.0,432.0,-0.57,-0.53,0.0,35996.0,54.0,-0.549,-0.32,-0.45
2011-02-08,1.079,0.855,0.903,1.336,1.683,15.81,33725.8586491283,3.199,0.25,1.75,1.0,4.808976,1.528652,3.58433,1.040831,01 Oct 2019,0.0,32.0,432.0,-0.57,-0.53,0.0,35996.0,54.0,-0.549,-0.32,-0.45
2011-02-14,1.091,0.916,0.911,1.354,1.716,15.95,33725.8586491283,3.199,0.25,1.75,1.0,4.84727,1.54286,3.61515,1.033855,01 Oct 2019,0.0,32.0,432.0,-0.57,-0.53,0.0,35996.0,54.0,-0.549,-0.32,-0.45
2011-02-18,1.078,0.743,0.871,1.348,1.721,16.43,33725.8586491283,3.199,0.25,1.75,1.0,4.782056,1.513685,3.552533,1.019631,01 Oct 2019,0.0,32.0,432.0,-0.57,-0.53,0.0,35996.0,54.0,-0.549,-0.32,-0.45
2011-02-24,1.088,0.708,0.862,1.371,1.752,21.32,33725.8586491283,3.199,0.25,1.75,1.0,4.640675,1.546236,3.45634,1.071677,01 Oct 2019,0.0,32.0,432.0,-0.57,-0.53,0.0,35996.0,54.0,-0.549,-0.32,-0.45
2011-03-02,1.095,0.698,0.865,1.381,1.775,20.7,34801.1274663326,3.21173913043478,0.25,1.75,1.0,4.701913,1.567495,3.520356,1.073587,01 Oct 2019,0.0,32.0,432.0,-0.57,-0.53,0.0,35996.0,54.0,-0.549,-0.32,-0.45
2011-03-08,1.18,0.895,0.905,1.493,1.946,19.82,34801.1274663326,3.21173913043478,0.25,1.75,1.0,4.578595,1.764668,3.588456,1.233903,01 Oct 2019,0.0,32.0,432.0,-0.57,-0.53,0.0,35996.0,54.0,-0.549,-0.32,-0.45
2011-03-14,1.174,0.839,0.892,1.487,1.94,21.13,34801.1274663326,3.21173913043478,0.25,1.75,1.0,4.536076,1.679746,3.508704,1.17356,01 Oct 2019,0.0,32.0,432.0,-0.57,-0.53,0.0,35996.0,54.0,-0.549,-0.32,-0.45
2011-03-18,1.172,0.781,0.89,1.479,1.916,24.44,34801.1274663326,3.21173913043478,0.25,1.75,1.0,4.58056,1.646758,3.48419,1.162046,01 Oct 2019,0.0,32.0,432.0,-0.57,-0.53,0.0,35996.0,54.0,-0.549,-0.32,-0.45
2011-03-24,1.197,0.804,0.912,1.506,1.953,18.0,34801.1274663326,3.21173913043478,0.25,1.75,1.0,4.619619,1.73124,3.562081,1.2315,01 Oct 2019,0.0,32.0,432.0,-0.57,-0.53,0.0,35996.0,54.0,-0.549,-0.32,-0.45
2011-03-30,1.231,0.807,0.96,1.541,1.992,17.71,34801.1274663326,3.21173913043478,0.25,1.75,1.0,4.649883,1.815265,3.655605,1.278597,01 Oct 2019,0.0,32.0,432.0,-0.57,-0.53,0.0,35996.0,54.0,-0.549,-0.32,-0.45
2011-04-05,1.262,0.787,1.003,1.568,2.025,17.25,31712.07850506316,3.34052631578947,0.25,1.75,1.0,4.609061,1.862034,3.665011,1.311308,01 Oct 2019,0.0,32.0,432.0,-0.57,-0.53,0.0,35996.0,54.0,-0.549,-0.32,-0.45
2011-04-11,1.311,1.107,1.116,1.612,2.083,16.59,31712.07850506316,3.34052631578947,0.25,1.75,1.0,4.654283,1.97588,3.743542,1.39141,01 Oct 2019,0.0,32.0,432.0,-0.57,-0.53,0.0,35996.0,54.0,-0.549,-0.32,-0.45
2011-04-15,1.332,1.151,1.161,1.631,2.104,15.32,31712.07850506316,3.34052631578947,0.5,2.0,1.25,4.58728,1.929619,3.673592,1.380242,01 Oct 2019,0.0,32.0,432.0,-0.57,-0.53,0.0,35996.0,54.0,-0.549,-0.32,-0.45
2011-04-21,1.356,1.198,1.191,1.655,2.126,14.69,31712.07850506316,3.34052631578947,0.5,2.0,1.25,4.536027,1.866772,3.581579,1.368904,01 Oct 2019,0.0,32.0,432.0,-0.57,-0.53,0.0,35996.0,54.0,-0.549,-0.32,-0.45
2011-04-29,1.385,1.226,1.237,1.675,2.132,14.75,31712.07850506316,3.34052631578947,0.5,2.0,1.25,4.464979,1.900845,3.55415,1.413089,01 Oct 2019,0.0,32.0,432.0,-0.57,-0.53,0.0,35996.0,54.0,-0.549,-0.32,-0.45
2011-05-05,1.424,1.202,1.254,1.713,2.173,18.2,32269.54796951665,3.06090909090909,0.5,2.0,1.25,4.498673,1.881397,3.548174,1.395904,01 Oct 2019,0.0,32.0,432.0,-0.57,-0.53,0.0,35996.0,54.0,-0.549,-0.32,-0.45
2011-05-11,1.42,1.196,1.245,1.701,2.141,16.95,32269.54796951665,3.06090909090909,0.5,2.0,1.25,4.417305,1.824283,3.452352,1.371527,01 Oct 2019,0.0,32.0,432.0,-0.57,-0.53,0.0,35996.0,54.0,-0.549,-0.32,-0.45
2011-05-17,1.428,1.179,1.241,1.71,2.149,17.55,32269.54796951665,3.06090909090909,0.5,2.0,1.25,4.418833,1.816779,3.426915,1.388905,01 Oct 2019,0.0,32.0,432.0,-0.57,-0.53,0.0,35996.0,54.0,-0.549,-0.32,-0.45
2011-05-23,1.434,1.193,1.245,1.716,2.15,18.27,32269.54796951665,3.06090909090909,0.5,2.0,1.25,4.409339,1.753276,3.36588,1.355531,01 Oct 2019,0.0,32.0,432.0,-0.57,-0.53,0.0,35996.0,54.0,-0.549,-0.32,-0.45
2011-05-27,1.43,1.122,1.232,1.708,2.135,15.98,32269.54796951665,3.06090909090909,0.5,2.0,1.25,4.488571,1.643191,3.317806,1.289992,01 Oct 2019,0.0,32.0,432.0,-0.57,-0.53,0.0,35996.0,54.0,-0.549,-0.32,-0.45
2011-06-02,1.435,1.026,1.224,1.714,2.137,18.09,31105.54337613529,2.89090909090909,0.5,2.0,1.25,4.473934,1.67661,3.316884,1.329883,01 Oct 2019,0.0,32.0,432.0,-0.57,-0.53,0.0,35996.0,54.0,-0.549,-0.32,-0.45
2011-06-08,1.452,1.077,1.239,1.733,2.151,18.79,31105.54337613529,2.89090909090909,0.5,2.0,1.25,4.562462,1.736732,3.385041,1.401742,01 Oct 2019,0.0,32.0,432.0,-0.57,-0.53,0.0,35996.0,54.0,-0.549,-0.32,-0.45
2011-06-14,1.477,1.261,1.274,1.741,2.137,18.26,31105.54337613529,2.89090909090909,0.5,2.0,1.25,4.574194,1.643309,3.364326,1.378584,01 Oct 2019,0.0,32.0,432.0,-0.57,-0.53,0.0,35996.0,54.0,-0.549,-0.32,-0.45
2011-06-20,1.51,1.304,1.311,1.764,2.144,19.99,31105.54337613529,2.89090909090909,0.5,2.0,1.25,4.562548,1.581145,3.369974,1.354308,01 Oct 2019,0.0,32.0,432.0,-0.57,-0.53,0.0,35996.0,54.0,-0.549,-0.32,-0.45
2011-06-24,1.528,1.203,1.31,1.769,2.145,21.1,31105.54337613529,2.89090909090909,0.5,2.0,1.25,4.520416,1.428732,3.296271,1.274244,01 Oct 2019,0.0,32.0,432.0,-0.57,-0.53,0.0,35996.0,54.0,-0.549,-0.32,-0.45
2011-06-30,1.547,1.189,1.325,1.788,2.162,16.52,30155.548595886838,2.89090909090909,0.5,2.0,1.25,4.59914,1.625812,3.407358,1.388328,01 Oct 2019,0.0,32.0,432.0,-0.57,-0.53,0.0,35996.0,54.0,-0.549,-0.32,-0.45
2011-07-06,1.569,1.14,1.342,1.814,2.189,16.34,30155.548595886838,2.74380952380952,0.5,2.0,1.25,4.53761,1.62781,3.348311,1.392469,01 Oct 2019,0.0,32.0,432.0,-0.57,-0.53,0.0,35996.0,54.0,-0.549,-0.32,-0.45
2011-07-12,1.599,1.453,1.442,1.818,2.178,19.87,30155.548595886838,2.74380952380952,0.5,2.0,1.25,4.40075,1.399584,3.2167,1.231769,01 Oct 2019,0.0,32.0,432.0,-0.57,-0.53,0.0,35996.0,54.0,-0.549,-0.32,-0.45
2011-07-18,1.608,1.465,1.465,1.812,2.169,20.95,30155.548595886838,2.74380952380952,0.75,2.25,1.5,4.286061,1.251079,3.146939,1.141162,01 Oct 2019,0.0,32.0,432.0,-0.57,-0.53,0.0,35996.0,54.0,-0.549,-0.32,-0.45
2011-07-22,1.611,1.3,1.445,1.824,2.192,17.52,30155.548595886838,2.74380952380952,0.75,2.25,1.5,4.500529,1.449087,3.256352,1.239471,01 Oct 2019,0.0,32.0,432.0,-0.57,-0.53,0.0,35996.0,54.0,-0.549,-0.32,-0.45
2011-07-28,1.61,1.251,1.436,1.824,2.183,23.74,30155.548595886838,2.74380952380952,0.75,2.25,1.5,4.427509,1.337892,3.116904,1.152386,01 Oct 2019,0.0,32.0,432.0,-0.57,-0.53,0.0,35996.0,54.0,-0.549,-0.32,-0.45
2011-08-03,1.601,1.2,1.431,1.812,2.172,23.38,26989.23687232488,2.21347826086957,0.75,2.25,1.5,4.366908,1.19433,3.005593,1.04351,01 Oct 2019,0.0,32.0,432.0,-0.57,-0.53,0.0,35996.0,54.0,-0.549,-0.32,-0.45
2011-08-09,1.555,1.281,1.392,1.745,2.086,35.06,26989.23687232488,2.21347826086957,0.75,2.25,1.5,4.166638,0.820579,2.936189,0.710589,01 Oct 2019,0.0,32.0,432.0,-0.57,-0.53,0.0,35996.0,54.0,-0.549,-0.32,-0.45
2011-08-15,1.538,1.149,1.362,1.74,2.078,31.87,26989.23687232488,2.21347826086957,0.75,2.25,1.5,4.329804,0.795916,2.859597,0.730562,01 Oct 2019,0.0,32.0,432.0,-0.57,-0.53,0.0,35996.0,54.0,-0.549,-0.32,-0.45
2011-08-19,1.533,1.118,1.344,1.73,2.066,43.05,26989.23687232488,2.21347826086957,0.75,2.25,1.5,4.082459,0.713818,2.674672,0.648941,01 Oct 2019,0.0,32.0,432.0,-0.57,-0.53,0.0,35996.0,54.0,-0.549,-0.32,-0.45
2011-08-25,1.539,1.11,1.349,1.745,2.085,39.76,26989.23687232488,2.21347826086957,0.75,2.25,1.5,4.190892,0.753161,2.744612,0.658745,01 Oct 2019,0.0,32.0,432.0,-0.57,-0.53,0.0,35996.0,54.0,-0.549,-0.32,-0.45
2011-08-31,1.542,1.101,1.351,1.749,2.089,31.62,21676.57375508925,2.21347826086957,0.75,2.25,1.5,4.221869,0.802915,2.763444,0.667379,01 Oct 2019,0.0,32.0,432.0,-0.57,-0.53,0.0,35996.0,54.0,-0.549,-0.32,-0.45
2011-09-06,1.534,1.089,1.343,1.732,2.066,37.0,21676.57375508925,1.82909090909091,0.75,2.25,1.5,4.016736,0.591472,2.558978,0.502294,01 Oct 2019,0.0,32.0,432.0,-0.57,-0.53,0.0,35996.0,54.0,-0.549,-0.32,-0.45
2011-09-12,1.527,1.096,1.34,1.723,2.051,38.59,21676.57375508925,1.82909090909091,0.75,2.25,1.5,3.626232,0.515944,2.337531,0.413975,01 Oct 2019,0.0,32.0,432.0,-0.57,-0.53,0.0,35996.0,54.0,-0.549,-0.32,-0.45
2011-09-16,1.535,1.111,1.346,1.736,2.068,30.98,21676.57375508925,1.82909090909091,0.75,2.25,1.5,3.791297,0.723179,2.493512,0.514225,01 Oct 2019,0.0,32.0,432.0,-0.57,-0.53,0.0,35996.0,54.0,-0.549,-0.32,-0.45
2011-09-22,1.536,1.17,1.35,1.734,2.06,41.35,21676.57375508925,1.82909090909091,0.75,2.25,1.5,3.565634,0.630067,2.374225,0.40066,01 Oct 2019,0.0,32.0,432.0,-0.57,-0.53,0.0,35996.0,54.0,-0.549,-0.32,-0.45
2011-09-28,1.544,1.228,1.357,1.746,2.075,41.08,21676.57375508925,1.82909090909091,0.75,2.25,1.5,3.885064,0.777849,2.560032,0.490292,01 Oct 2019,0.0,32.0,432.0,-0.57,-0.53,0.0,35996.0,54.0,-0.549,-0.32,-0.45
2011-10-04,1.557,1.184,1.354,1.756,2.083,40.82,19933.187180290217,2.0023809523809506,0.75,2.25,1.5,3.702549,0.634974,2.355656,0.438001,01 Oct 2019,0.0,32.0,432.0,-0.57,-0.53,0.0,35996.0,54.0,-0.549,-0.32,-0.45
2011-10-10,1.567,1.185,1.362,1.768,2.102,33.02,19933.187180290217,2.0023809523809506,0.75,2.25,1.5,4.017716,0.833938,2.679774,0.564109,01 Oct 2019,0.0,32.0,432.0,-0.57,-0.53,0.0,35996.0,54.0,-0.549,-0.32,-0.45
2011-10-14,1.574,1.174,1.366,1.777,2.115,28.24,19933.187180290217,2.0023809523809506,0.75,2.25,1.5,4.194836,0.866211,2.858517,0.554156,01 Oct 2019,0.0,32.0,432.0,-0.57,-0.53,0.0,35996.0,54.0,-0.549,-0.32,-0.45
2011-10-20,1.584,1.158,1.367,1.785,2.123,34.78,19933.187180290217,2.0023809523809506,0.75,2.25,1.5,4.128047,0.918042,2.815198,0.594226,01 Oct 2019,0.0,32.0,432.0,-0.57,-0.53,0.0,35996.0,54.0,-0.549,-0.32,-0.45
2011-10-26,1.588,1.147,1.364,1.785,2.117,29.86,19933.187180290217,2.0023809523809506,0.75,2.25,1.5,4.163534,0.737496,2.763099,0.52423,01 Oct 2019,0.0,32.0,432.0,-0.57,-0.53,0.0,35996.0,54.0,-0.549,-0.32,-0.45
2011-11-01,1.585,1.134,1.362,1.782,2.111,34.77,20566.86501722518,1.8740909090909097,0.75,2.25,1.5,4.091345,0.668273,2.604445,0.488178,01 Oct 2019,0.0,32.0,432.0,-0.57,-0.53,0.0,35996.0,54.0,-0.549,-0.32,-0.45
2011-11-07,1.476,0.976,1.223,1.695,2.039,29.85,20566.86501722518,1.8740909090909097,0.75,2.25,1.5,4.286846,0.672939,2.677437,0.458679,01 Oct 2019,0.0,32.0,432.0,-0.57,-0.53,0.0,35996.0,54.0,-0.549,-0.32,-0.45
2011-11-11,1.462,0.926,1.201,1.688,2.032,30.04,20566.86501722518,1.8740909090909097,0.5,2.0,1.25,4.261614,0.818225,2.824113,0.533446,01 Oct 2019,0.0,32.0,432.0,-0.57,-0.53,0.0,35996.0,54.0,-0.549,-0.32,-0.45
2011-11-17,1.46,0.906,1.2,1.69,2.024,34.51,20566.86501722518,1.8740909090909097,0.5,2.0,1.25,4.258365,0.955585,2.965433,0.617164,01 Oct 2019,0.0,32.0,432.0,-0.57,-0.53,0.0,35996.0,54.0,-0.549,-0.32,-0.45
2011-11-23,1.471,0.909,1.198,1.698,2.033,33.98,20566.86501722518,1.8740909090909097,0.5,2.0,1.25,4.278296,1.031617,3.079768,0.616323,01 Oct 2019,0.0,32.0,432.0,-0.57,-0.53,0.0,35996.0,54.0,-0.549,-0.32,-0.45
2011-11-29,1.477,0.905,1.21,1.706,2.042,30.64,20566.86501722518,1.8740909090909097,0.5,2.0,1.25,4.292973,0.929333,3.167157,0.519949,01 Oct 2019,0.0,32.0,432.0,-0.57,-0.53,0.0,35996.0,54.0,-0.549,-0.32,-0.45
2011-12-05,1.47,0.895,1.206,1.703,2.036,27.84,18731.60037582211,1.92761904761905,0.5,2.0,1.25,4.254873,0.648814,2.898621,0.306407,01 Oct 2019,0.0,32.0,432.0,-0.57,-0.53,0.0,35996.0,54.0,-0.549,-0.32,-0.45
2011-12-09,1.437,0.831,1.169,1.675,2.012,26.38,18731.60037582211,1.92761904761905,0.5,2.0,1.25,4.051714,0.62549,2.861056,0.294637,01 Oct 2019,0.0,32.0,432.0,-0.57,-0.53,0.0,35996.0,54.0,-0.549,-0.32,-0.45
2011-12-15,1.419,0.762,1.139,1.667,2.001,25.11,18731.60037582211,1.92761904761905,0.25,1.75,1.0,3.734671,0.465441,2.674187,0.175595,01 Oct 2019,0.0,32.0,432.0,-0.57,-0.53,0.0,35996.0,54.0,-0.549,-0.32,-0.45
2011-12-21,1.416,0.757,1.131,1.666,1.997,21.43,18731.60037582211,1.92761904761905,0.25,1.75,1.0,3.823722,0.449379,2.68701,0.169035,01 Oct 2019,0.0,32.0,432.0,-0.57,-0.53,0.0,35996.0,54.0,-0.549,-0.32,-0.45
2011-12-27,1.396,0.846,1.097,1.648,1.976,21.91,18731.60037582211,1.92761904761905,0.25,1.75,1.0,3.800207,0.340883,2.654591,0.099039,01 Oct 2019,0.0,32.0,432.0,-0.57,-0.53,0.0,35996.0,54.0,-0.549,-0.32,-0.45
2012-01-02,1.343,0.652,1.005,1.606,1.937,21.91,19065.66447437102,1.8209090909090897,0.25,1.75,1.0,3.889047,0.39974,2.717862,0.135763,01 Oct 2019,0.0,32.0,432.0,-0.57,-0.53,0.0,35996.0,54.0,-0.549,-0.32,-0.45
2012-01-06,1.288,0.564,0.93,1.56,1.89,20.63,19065.66447437102,1.8209090909090897,0.25,1.75,1.0,3.912209,0.454046,2.788371,0.187312,01 Oct 2019,0.0,32.0,432.0,-0.57,-0.53,0.0,35996.0,54.0,-0.549,-0.32,-0.45
2012-01-12,1.245,0.497,0.864,1.527,1.856,20.47,19065.66447437102,1.8209090909090897,0.25,1.75,1.0,3.95028,0.333375,2.607854,0.127248,01 Oct 2019,0.0,32.0,432.0,-0.57,-0.53,0.0,35996.0,54.0,-0.549,-0.32,-0.45
2012-01-18,1.204,0.448,0.8,1.486,1.818,20.89,19065.66447437102,1.8209090909090897,0.25,1.75,1.0,4.05564,0.408643,2.621515,0.20747,01 Oct 2019,0.0,32.0,432.0,-0.57,-0.53,0.0,35996.0,54.0,-0.549,-0.32,-0.45
2012-01-24,1.158,0.422,0.752,1.451,1.784,18.91,19065.66447437102,1.8209090909090897,0.25,1.75,1.0,4.406837,0.456342,2.811981,0.224033,01 Oct 2019,0.0,32.0,432.0,-0.57,-0.53,0.0,35996.0,54.0,-0.549,-0.32,-0.45
2012-01-30,1.131,0.404,0.721,1.425,1.762,19.4,19065.66447437102,1.8209090909090897,0.25,1.75,1.0,4.261845,0.415778,2.63437,0.227335,01 Oct 2019,0.0,32.0,432.0,-0.57,-0.53,0.0,35996.0,54.0,-0.549,-0.32,-0.45
2012-02-03,1.102,0.387,0.682,1.396,1.732,17.1,20625.32623447124,1.85190476190476,0.25,1.75,1.0,4.168639,0.325847,2.649814,0.157899,01 Oct 2019,0.0,32.0,432.0,-0.57,-0.53,0.0,35996.0,54.0,-0.549,-0.32,-0.45
2012-02-09,1.07,0.375,0.647,1.37,1.702,18.63,20625.32623447124,1.85190476190476,0.25,1.75,1.0,4.204719,0.355606,2.682373,0.198928,01 Oct 2019,0.0,32.0,432.0,-0.57,-0.53,0.0,35996.0,54.0,-0.549,-0.32,-0.45
2012-02-15,1.045,0.372,0.62,1.345,1.675,21.14,20625.32623447124,1.85190476190476,0.25,1.75,1.0,4.05602,0.347071,2.636132,0.201457,01 Oct 2019,0.0,32.0,432.0,-0.57,-0.53,0.0,35996.0,54.0,-0.549,-0.32,-0.45
2012-02-21,1.026,0.364,0.6,1.321,1.652,18.19,20625.32623447124,1.85190476190476,0.25,1.75,1.0,4.121423,0.409439,2.695294,0.222087,01 Oct 2019,0.0,32.0,432.0,-0.57,-0.53,0.0,35996.0,54.0,-0.549,-0.32,-0.45
2012-02-27,0.997,0.361,0.576,1.292,1.627,18.19,20625.32623447124,1.85190476190476,0.25,1.75,1.0,4.071003,0.324312,2.600288,0.171094,01 Oct 2019,0.0,32.0,432.0,-0.57,-0.53,0.0,35996.0,54.0,-0.549,-0.32,-0.45
2012-03-02,0.948,0.334,0.532,1.254,1.584,17.29,21822.737237707483,1.83045454545455,0.25,1.75,1.0,4.008416,0.257355,2.532225,0.111864,01 Oct 2019,0.0,32.0,432.0,-0.57,-0.53,0.0,35996.0,54.0,-0.549,-0.32,-0.45
2012-03-08,0.902,0.319,0.495,1.213,1.544,17.95,21822.737237707483,1.83045454545455,0.25,1.75,1.0,4.059432,0.244548,2.536555,0.105941,01 Oct 2019,0.0,32.0,432.0,-0.57,-0.53,0.0,35996.0,54.0,-0.549,-0.32,-0.45
2012-03-14,0.871,0.318,0.472,1.177,1.513,15.31,21822.737237707483,1.83045454545455,0.25,1.75,1.0,4.212531,0.327143,2.629046,0.151087,01 Oct 2019,0.0,32.0,432.0,-0.57,-0.53,0.0,35996.0,54.0,-0.549,-0.32,-0.45
2012-03-20,0.832,0.317,0.447,1.136,1.474,15.58,21822.737237707483,1.83045454545455,0.25,1.75,1.0,4.332245,0.447875,2.746433,0.197346,01 Oct 2019,0.0,32.0,432.0,-0.57,-0.53,0.0,35996.0,54.0,-0.549,-0.32,-0.45
2012-03-26,0.8,0.32,0.429,1.103,1.44,14.26,21822.737237707483,1.83045454545455,0.25,1.75,1.0,4.297155,0.351742,2.672746,0.159263,01 Oct 2019,0.0,32.0,432.0,-0.57,-0.53,0.0,35996.0,54.0,-0.549,-0.32,-0.45
2012-03-30,0.777,0.316,0.419,1.078,1.416,15.5,21822.737237707483,1.83045454545455,0.25,1.75,1.0,4.258788,0.337884,2.599159,0.160187,01 Oct 2019,0.0,32.0,432.0,-0.57,-0.53,0.0,35996.0,54.0,-0.549,-0.32,-0.45
2012-04-05,0.766,0.317,0.414,1.064,1.402,16.7,20629.502035703103,1.62421052631579,0.25,1.75,1.0,4.25719,0.295208,2.603025,0.145285,01 Oct 2019,0.0,32.0,432.0,-0.57,-0.53,0.0,35996.0,54.0,-0.549,-0.32,-0.45
2012-04-13,0.753,0.315,0.41,1.048,1.381,19.55,20629.502035703103,1.62421052631579,0.25,1.75,1.0,4.128489,0.269562,2.515501,0.116872,01 Oct 2019,0.0,32.0,432.0,-0.57,-0.53,0.0,35996.0,54.0,-0.549,-0.32,-0.45
2012-04-19,0.737,0.318,0.407,1.033,1.357,18.36,20629.502035703103,1.62421052631579,0.25,1.75,1.0,4.121856,0.356449,2.550101,0.157283,01 Oct 2019,0.0,32.0,432.0,-0.57,-0.53,0.0,35996.0,54.0,-0.549,-0.32,-0.45
2012-04-25,0.724,0.319,0.404,1.018,1.335,16.82,20629.502035703103,1.62421052631579,0.25,1.75,1.0,4.164391,0.317644,2.555327,0.133524,01 Oct 2019,0.0,32.0,432.0,-0.57,-0.53,0.0,35996.0,54.0,-0.549,-0.32,-0.45
2012-05-02,0.704,0.316,0.401,0.992,1.303,16.88,17656.331558617807,1.33681818181818,0.25,1.75,1.0,4.101846,0.231287,2.45264,0.092845,01 Oct 2019,0.0,32.0,432.0,-0.57,-0.53,0.0,35996.0,54.0,-0.549,-0.32,-0.45
2012-05-08,0.692,0.317,0.398,0.98,1.281,19.05,17656.331558617807,1.33681818181818,0.25,1.75,1.0,3.987392,0.200999,2.329514,0.083497,01 Oct 2019,0.0,32.0,432.0,-0.57,-0.53,0.0,35996.0,54.0,-0.549,-0.32,-0.45
2012-05-14,0.689,0.318,0.397,0.978,1.276,21.87,17656.331558617807,1.33681818181818,0.25,1.75,1.0,3.699396,0.200499,2.231995,0.096281,01 Oct 2019,0.0,32.0,432.0,-0.57,-0.53,0.0,35996.0,54.0,-0.549,-0.32,-0.45
2012-05-18,0.684,0.318,0.394,0.972,1.265,25.1,17656.331558617807,1.33681818181818,0.25,1.75,1.0,3.624051,0.189498,2.223842,0.086851,01 Oct 2019,0.0,32.0,432.0,-0.57,-0.53,0.0,35996.0,54.0,-0.549,-0.32,-0.45
2012-05-24,0.677,0.318,0.389,0.96,1.25,21.54,17656.331558617807,1.33681818181818,0.25,1.75,1.0,3.464456,0.130879,2.070716,0.050963,01 Oct 2019,0.0,32.0,432.0,-0.57,-0.53,0.0,35996.0,54.0,-0.549,-0.32,-0.45
2012-05-30,0.671,0.317,0.387,0.949,1.237,24.14,17656.331558617807,1.33681818181818,0.25,1.75,1.0,3.352544,0.113252,2.003235,0.05427,01 Oct 2019,0.0,32.0,432.0,-0.57,-0.53,0.0,35996.0,54.0,-0.549,-0.32,-0.45
2012-06-05,0.663,0.318,0.382,0.94,1.223,24.68,15168.597974736402,1.30047619047619,0.25,1.75,1.0,3.154282,0.087498,1.841837,0.040091,01 Oct 2019,0.0,32.0,432.0,-0.57,-0.53,0.0,35996.0,54.0,-0.549,-0.32,-0.45
2012-06-11,0.661,0.32,0.383,0.937,1.222,23.56,15168.597974736402,1.30047619047619,0.25,1.75,1.0,3.442296,0.171192,2.075626,0.085796,01 Oct 2019,0.0,32.0,432.0,-0.57,-0.53,0.0,35996.0,54.0,-0.549,-0.32,-0.45
2012-06-15,0.662,0.32,0.382,0.939,1.226,21.11,15168.597974736402,1.30047619047619,0.25,1.75,1.0,3.582084,0.171567,2.15403,0.072133,01 Oct 2019,0.0,32.0,432.0,-0.57,-0.53,0.0,35996.0,54.0,-0.549,-0.32,-0.45
2012-06-21,0.655,0.325,0.378,0.929,1.214,20.08,15168.597974736402,1.30047619047619,0.25,1.75,1.0,3.657243,0.209594,2.238723,0.074714,01 Oct 2019,0.0,32.0,432.0,-0.57,-0.53,0.0,35996.0,54.0,-0.549,-0.32,-0.45
2012-06-27,0.652,0.323,0.376,0.926,1.212,19.45,15168.597974736402,1.30047619047619,0.25,1.75,1.0,3.731473,0.196418,2.252352,0.071427,01 Oct 2019,0.0,32.0,432.0,-0.57,-0.53,0.0,35996.0,54.0,-0.549,-0.32,-0.45
2012-07-03,0.65,0.319,0.371,0.926,1.21,16.66,17551.936527821275,1.24227272727273,0.25,1.75,1.0,3.80878,0.131012,2.208747,0.043255,01 Oct 2019,0.0,32.0,432.0,-0.57,-0.53,0.0,35996.0,54.0,-0.549,-0.32,-0.45
2012-07-09,0.531,0.174,0.235,0.817,1.104,17.98,17551.936527821275,1.24227272727273,0.25,1.75,1.0,3.64237,-0.058745,2.014189,-0.046156,01 Oct 2019,0.0,32.0,432.0,-0.57,-0.53,0.0,35996.0,54.0,-0.549,-0.32,-0.45
2012-07-13,0.486,0.127,0.194,0.767,1.054,16.74,17551.936527821275,1.24227272727273,0.0,1.5,0.75,3.598664,-0.099806,1.90685,-0.081304,01 Oct 2019,0.0,32.0,432.0,-0.57,-0.53,0.0,35996.0,54.0,-0.549,-0.32,-0.45
2012-07-19,0.458,0.115,0.177,0.743,1.021,15.45,17551.936527821275,1.24227272727273,0.0,1.5,0.75,3.428063,-0.106741,1.814889,-0.066667,01 Oct 2019,0.0,32.0,432.0,-0.57,-0.53,0.0,35996.0,54.0,-0.549,-0.32,-0.45
2012-07-25,0.427,0.109,0.165,0.712,0.989,19.34,17551.936527821275,1.24227272727273,0.0,1.5,0.75,3.521795,-0.020816,1.945119,-0.036182,01 Oct 2019,0.0,32.0,432.0,-0.57,-0.53,0.0,35996.0,54.0,-0.549,-0.32,-0.45
2012-07-31,0.389,0.102,0.149,0.671,0.946,18.93,16723.039983296792,1.24227272727273,0.0,1.5,0.75,3.521985,-0.114194,1.871463,-0.087881,01 Oct 2019,0.0,32.0,432.0,-0.57,-0.53,0.0,35996.0,54.0,-0.549,-0.32,-0.45
2012-08-06,0.374,0.096,0.139,0.658,0.927,15.95,16723.039983296792,1.34173913043478,0.0,1.5,0.75,3.551557,-0.119076,1.902705,-0.073088,01 Oct 2019,0.0,32.0,432.0,-0.57,-0.53,0.0,35996.0,54.0,-0.549,-0.32,-0.45
2012-08-10,0.353,0.097,0.137,0.631,0.903,14.74,16723.039983296792,1.34173913043478,0.0,1.5,0.75,3.510966,-0.126883,1.849761,-0.088927,01 Oct 2019,0.0,32.0,432.0,-0.57,-0.53,0.0,35996.0,54.0,-0.549,-0.32,-0.45
2012-08-16,0.339,0.096,0.133,0.613,0.882,14.29,16723.039983296792,1.34173913043478,0.0,1.5,0.75,3.592031,-0.095068,1.984608,-0.067284,01 Oct 2019,0.0,32.0,432.0,-0.57,-0.53,0.0,35996.0,54.0,-0.549,-0.32,-0.45
2012-08-22,0.31,0.092,0.127,0.582,0.852,15.11,16723.039983296792,1.34173913043478,0.0,1.5,0.75,3.559273,-0.06121,1.96707,-0.0519,01 Oct 2019,0.0,32.0,432.0,-0.57,-0.53,0.0,35996.0,54.0,-0.549,-0.32,-0.45
2012-08-28,0.29,0.092,0.122,0.553,0.825,16.49,16723.039983296792,1.34173913043478,0.0,1.5,0.75,3.484713,-0.068305,1.870433,-0.04384,01 Oct 2019,0.0,32.0,432.0,-0.57,-0.53,0.0,35996.0,54.0,-0.549,-0.32,-0.45
2012-09-03,0.276,0.091,0.122,0.533,0.798,16.49,19268.190834116296,1.4905,0.0,1.5,0.75,3.554735,-0.066645,1.909228,-0.042632,01 Oct 2019,0.0,32.0,432.0,-0.57,-0.53,0.0,35996.0,54.0,-0.549,-0.32,-0.45
2012-09-07,0.265,0.088,0.121,0.515,0.773,14.38,19268.190834116296,1.4905,0.0,1.5,0.75,3.824275,0.001747,2.022051,-0.018762,01 Oct 2019,0.0,32.0,432.0,-0.57,-0.53,0.0,35996.0,54.0,-0.549,-0.32,-0.45
2012-09-13,0.252,0.087,0.12,0.493,0.75,14.05,19268.190834116296,1.4905,0.0,1.5,0.75,3.821211,0.012907,2.009848,-0.011198,01 Oct 2019,0.0,32.0,432.0,-0.57,-0.53,0.0,35996.0,54.0,-0.549,-0.32,-0.45
2012-09-19,0.238,0.085,0.118,0.472,0.728,13.88,19268.190834116296,1.4905,0.0,1.5,0.75,3.907966,0.040545,2.076311,-0.004205,01 Oct 2019,0.0,32.0,432.0,-0.57,-0.53,0.0,35996.0,54.0,-0.549,-0.32,-0.45
2012-09-25,0.222,0.085,0.117,0.448,0.697,15.43,19268.190834116296,1.4905,0.0,1.5,0.75,3.878172,0.030267,2.043602,-0.006425,01 Oct 2019,0.0,32.0,432.0,-0.57,-0.53,0.0,35996.0,54.0,-0.549,-0.32,-0.45
2012-10-01,0.223,0.084,0.116,0.438,0.685,16.32,19956.154087065453,1.46695652173913,0.0,1.5,0.75,3.78062,0.025334,1.969138,-0.00724,01 Oct 2019,0.0,32.0,432.0,-0.57,-0.53,0.0,35996.0,54.0,-0.549,-0.32,-0.45
2012-10-05,0.215,0.081,0.112,0.425,0.67,14.33,19956.154087065453,1.46695652173913,0.0,1.5,0.75,3.828214,0.017625,2.011333,-0.005369,01 Oct 2019,0.0,32.0,432.0,-0.57,-0.53,0.0,35996.0,54.0,-0.549,-0.32,-0.45
2012-10-11,0.21,0.081,0.111,0.416,0.655,15.59,19956.154087065453,1.46695652173913,0.0,1.5,0.75,3.746579,0.00599,1.95187,-0.012874,01 Oct 2019,0.0,32.0,432.0,-0.57,-0.53,0.0,35996.0,54.0,-0.549,-0.32,-0.45
2012-10-17,0.207,0.08,0.111,0.409,0.648,15.07,19956.154087065453,1.46695652173913,0.0,1.5,0.75,3.852408,0.048227,2.038483,0.003249,01 Oct 2019,0.0,32.0,432.0,-0.57,-0.53,0.0,35996.0,54.0,-0.549,-0.32,-0.45
2012-10-23,0.203,0.08,0.11,0.402,0.638,18.83,19956.154087065453,1.46695652173913,0.0,1.5,0.75,3.751318,0.077417,1.997161,0.016613,01 Oct 2019,0.0,32.0,432.0,-0.57,-0.53,0.0,35996.0,54.0,-0.549,-0.32,-0.45
2012-10-29,0.196,0.079,0.11,0.394,0.624,18.83,19956.154087065453,1.46695652173913,0.0,1.5,0.75,3.731193,0.022704,1.949254,-0.006346,01 Oct 2019,0.0,32.0,432.0,-0.57,-0.53,0.0,35996.0,54.0,-0.549,-0.32,-0.45
2012-11-02,0.197,0.079,0.11,0.385,0.611,17.59,20964.61008455997,1.33590909090909,0.0,1.5,0.75,3.698001,-0.002122,1.926781,-0.020014,01 Oct 2019,0.0,32.0,432.0,-0.57,-0.53,0.0,35996.0,54.0,-0.549,-0.32,-0.45
2012-11-08,0.194,0.079,0.109,0.37,0.592,18.49,20964.61008455997,1.33590909090909,0.0,1.5,0.75,3.654861,-0.052665,1.857334,-0.03932,01 Oct 2019,0.0,32.0,432.0,-0.57,-0.53,0.0,35996.0,54.0,-0.549,-0.32,-0.45
2012-11-14,0.191,0.078,0.108,0.358,0.585,17.92,20964.61008455997,1.33590909090909,0.0,1.5,0.75,3.613001,-0.043851,1.822111,-0.03405,01 Oct 2019,0.0,32.0,432.0,-0.57,-0.53,0.0,35996.0,54.0,-0.549,-0.32,-0.45
2012-11-20,0.19,0.078,0.107,0.352,0.582,15.08,20964.61008455997,1.33590909090909,0.0,1.5,0.75,3.690607,-0.027824,1.865182,-0.024299,01 Oct 2019,0.0,32.0,432.0,-0.57,-0.53,0.0,35996.0,54.0,-0.549,-0.32,-0.45
2012-11-26,0.189,0.077,0.107,0.349,0.58,15.5,20964.61008455997,1.33590909090909,0.0,1.5,0.75,3.751239,-0.023694,1.882308,-0.021188,01 Oct 2019,0.0,32.0,432.0,-0.57,-0.53,0.0,35996.0,54.0,-0.549,-0.32,-0.45
2012-11-30,0.191,0.077,0.113,0.344,0.574,15.87,21774.71552354108,1.33590909090909,0.0,1.5,0.75,3.602339,-0.03128,1.795105,-0.020727,01 Oct 2019,0.0,32.0,432.0,-0.57,-0.53,0.0,35996.0,54.0,-0.549,-0.32,-0.45
2012-12-06,0.19,0.076,0.112,0.339,0.57,16.58,21774.71552354108,1.29941176470588,0.0,1.5,0.75,3.567791,-0.063588,1.757009,-0.033435,01 Oct 2019,0.0,32.0,432.0,-0.57,-0.53,0.0,35996.0,54.0,-0.549,-0.32,-0.45
2012-12-12,0.183,0.077,0.11,0.318,0.54,15.95,21774.71552354108,1.29941176470588,0.0,1.5,0.75,3.609724,-0.104987,1.746482,-0.048011,01 Oct 2019,0.0,32.0,432.0,-0.57,-0.53,0.0,35996.0,54.0,-0.549,-0.32,-0.45
2012-12-18,0.184,0.077,0.11,0.318,0.54,15.57,21774.71552354108,1.29941176470588,0.0,1.5,0.75,3.623116,-0.066965,1.798783,-0.032454,01 Oct 2019,0.0,32.0,432.0,-0.57,-0.53,0.0,35996.0,54.0,-0.549,-0.32,-0.45
2012-12-24,0.186,0.09,0.11,0.319,0.544,17.84,21774.71552354108,1.29941176470588,0.0,1.5,0.75,3.587418,-0.07913,1.773755,-0.035913,01 Oct 2019,0.0,32.0,432.0,-0.57,-0.53,0.0,35996.0,54.0,-0.549,-0.32,-0.45
2012-12-28,0.186,0.082,0.109,0.32,0.543,22.72,21774.71552354108,1.29941176470588,0.0,1.5,0.75,3.49677,-0.089211,1.722031,-0.036196,01 Oct 2019,0.0,32.0,432.0,-0.57,-0.53,0.0,35996.0,54.0,-0.549,-0.32,-0.45
2013-01-04,0.191,0.08,0.11,0.324,0.549,13.83,22210.042801962623,1.51227272727273,0.0,1.5,0.75,3.717415,0.037209,1.928053,0.002212,01 Oct 2019,0.0,32.0,432.0,-0.57,-0.53,0.0,35996.0,54.0,-0.549,-0.32,-0.45
2013-01-10,0.19,0.08,0.11,0.325,0.55,13.49,22210.042801962623,1.51227272727273,0.0,1.5,0.75,3.742966,0.042373,1.939365,0.016107,01 Oct 2019,0.0,32.0,432.0,-0.57,-0.53,0.0,35996.0,54.0,-0.549,-0.32,-0.45
2013-01-16,0.201,0.08,0.111,0.34,0.57,13.42,22210.042801962623,1.51227272727273,0.0,1.5,0.75,3.662549,0.081389,1.897468,0.038926,01 Oct 2019,0.0,32.0,432.0,-0.57,-0.53,0.0,35996.0,54.0,-0.549,-0.32,-0.45
2013-01-22,0.209,0.08,0.112,0.353,0.586,12.43,22210.042801962623,1.51227272727273,0.0,1.5,0.75,3.574188,0.142203,1.907244,0.061434,01 Oct 2019,0.0,32.0,432.0,-0.57,-0.53,0.0,35996.0,54.0,-0.549,-0.32,-0.45
2013-01-28,0.224,0.082,0.117,0.37,0.609,13.57,22210.042801962623,1.51227272727273,0.0,1.5,0.75,3.604641,0.301821,2.014669,0.154644,01 Oct 2019,0.0,32.0,432.0,-0.57,-0.53,0.0,35996.0,54.0,-0.549,-0.32,-0.45
2013-02-01,0.234,0.084,0.122,0.38,0.622,12.9,24649.754671677627,1.5435,0.0,1.5,0.75,3.623109,0.225111,1.978888,0.115239,01 Oct 2019,0.0,32.0,432.0,-0.57,-0.53,0.0,35996.0,54.0,-0.549,-0.32,-0.45
2013-02-07,0.232,0.083,0.122,0.378,0.617,13.5,24649.754671677627,1.5435,0.0,1.5,0.75,3.709999,0.183199,1.984445,0.091162,01 Oct 2019,0.0,32.0,432.0,-0.57,-0.53,0.0,35996.0,54.0,-0.549,-0.32,-0.45
2013-02-13,0.226,0.081,0.121,0.369,0.602,12.98,24649.754671677627,1.5435,0.0,1.5,0.75,3.764043,0.211447,2.040446,0.097038,01 Oct 2019,0.0,32.0,432.0,-0.57,-0.53,0.0,35996.0,54.0,-0.549,-0.32,-0.45
2013-02-19,0.221,0.08,0.12,0.357,0.586,12.31,24649.754671677627,1.5435,0.0,1.5,0.75,3.775156,0.174982,2.01024,0.077568,01 Oct 2019,0.0,32.0,432.0,-0.57,-0.53,0.0,35996.0,54.0,-0.549,-0.32,-0.45
2013-02-25,0.213,0.081,0.117,0.343,0.571,18.99,24649.754671677627,1.5435,0.0,1.5,0.75,3.807661,0.14762,2.005285,0.058793,01 Oct 2019,0.0,32.0,432.0,-0.57,-0.53,0.0,35996.0,54.0,-0.549,-0.32,-0.45
2013-03-01,0.206,0.08,0.117,0.328,0.549,15.36,22763.336465184257,1.3545,0.0,1.5,0.75,3.677689,0.024799,1.839016,0.002121,01 Oct 2019,0.0,32.0,432.0,-0.57,-0.53,0.0,35996.0,54.0,-0.549,-0.32,-0.45
2013-03-07,0.2,0.079,0.118,0.321,0.538,13.06,22763.336465184257,1.3545,0.0,1.5,0.75,3.71494,0.072782,1.880909,0.030369,01 Oct 2019,0.0,32.0,432.0,-0.57,-0.53,0.0,35996.0,54.0,-0.549,-0.32,-0.45
2013-03-13,0.203,0.079,0.118,0.325,0.542,11.83,22763.336465184257,1.3545,0.0,1.5,0.75,3.733234,0.057387,1.86698,0.02757,01 Oct 2019,0.0,32.0,432.0,-0.57,-0.53,0.0,35996.0,54.0,-0.549,-0.32,-0.45
2013-03-19,0.207,0.08,0.118,0.33,0.545,14.39,22763.336465184257,1.3545,0.0,1.5,0.75,3.657937,0.014279,1.787515,0.014662,01 Oct 2019,0.0,32.0,432.0,-0.57,-0.53,0.0,35996.0,54.0,-0.549,-0.32,-0.45
2013-03-25,0.214,0.088,0.119,0.336,0.549,13.74,22763.336465184257,1.3545,0.0,1.5,0.75,3.610951,0.02456,1.774323,0.014633,01 Oct 2019,0.0,32.0,432.0,-0.57,-0.53,0.0,35996.0,54.0,-0.549,-0.32,-0.45
2013-03-29,0.211,0.083,0.117,0.335,0.547,13.74,22763.336465184257,1.3545,0.0,1.5,0.75,3.610951,0.02456,1.774323,0.014633,01 Oct 2019,0.0,32.0,432.0,-0.57,-0.53,0.0,35996.0,54.0,-0.549,-0.32,-0.45
2013-04-05,0.21,0.083,0.118,0.326,0.534,13.92,20366.426558095834,1.19619047619048,0.0,1.5,0.75,3.349038,0.002367,1.577776,0.00751,01 Oct 2019,0.0,32.0,432.0,-0.57,-0.53,0.0,35996.0,54.0,-0.549,-0.32,-0.45
2013-04-11,0.211,0.084,0.119,0.329,0.536,12.24,20366.426558095834,1.19619047619048,0.0,1.5,0.75,3.463471,0.039466,1.685926,0.018716,01 Oct 2019,0.0,32.0,432.0,-0.57,-0.53,0.0,35996.0,54.0,-0.549,-0.32,-0.45
2013-04-17,0.21,0.083,0.118,0.325,0.531,16.51,20366.426558095834,1.19619047619048,0.0,1.5,0.75,3.436016,0.02212,1.642402,0.010017,01 Oct 2019,0.0,32.0,432.0,-0.57,-0.53,0.0,35996.0,54.0,-0.549,-0.32,-0.45
2013-04-23,0.207,0.083,0.118,0.32,0.52,13.48,20366.426558095834,1.19619047619048,0.0,1.5,0.75,3.376366,0.012244,1.599395,0.00364,01 Oct 2019,0.0,32.0,432.0,-0.57,-0.53,0.0,35996.0,54.0,-0.549,-0.32,-0.45
2013-04-29,0.207,0.083,0.117,0.317,0.513,13.71,20366.426558095834,1.19619047619048,0.0,1.5,0.75,3.323487,-0.006394,1.571189,-0.008762,01 Oct 2019,0.0,32.0,432.0,-0.57,-0.53,0.0,35996.0,54.0,-0.549,-0.32,-0.45
2013-05-03,0.201,0.083,0.113,0.302,0.493,12.85,22381.25065246894,1.29409090909091,0.0,1.5,0.75,3.382931,-0.031452,1.589657,-0.018787,01 Oct 2019,0.0,32.0,432.0,-0.57,-0.53,0.0,35996.0,54.0,-0.549,-0.32,-0.45
2013-05-09,0.203,0.083,0.112,0.302,0.488,13.13,22381.25065246894,1.29409090909091,0.0,1.0,0.5,3.403476,-0.011787,1.617558,-0.010105,01 Oct 2019,0.0,32.0,432.0,-0.57,-0.53,0.0,35996.0,54.0,-0.549,-0.32,-0.45
2013-05-15,0.203,0.083,0.112,0.303,0.491,12.81,22381.25065246894,1.29409090909091,0.0,1.0,0.5,3.536681,0.009209,1.709356,0.00115,01 Oct 2019,0.0,32.0,432.0,-0.57,-0.53,0.0,35996.0,54.0,-0.549,-0.32,-0.45
2013-05-21,0.198,0.082,0.112,0.293,0.475,13.37,22381.25065246894,1.29409090909091,0.0,1.0,0.5,3.562591,0.001562,1.738464,-0.004449,01 Oct 2019,0.0,32.0,432.0,-0.57,-0.53,0.0,35996.0,54.0,-0.549,-0.32,-0.45
2013-05-27,0.201,0.084,0.112,0.295,0.474,13.37,22381.25065246894,1.29409090909091,0.0,1.0,0.5,3.551329,0.026613,1.758166,0.002949,01 Oct 2019,0.0,32.0,432.0,-0.57,-0.53,0.0,35996.0,54.0,-0.549,-0.32,-0.45
2013-05-31,0.2,0.087,0.113,0.298,0.478,16.3,23542.1233949264,1.29409090909091,0.0,1.0,0.5,3.619135,0.08002,1.842756,0.027672,01 Oct 2019,0.0,32.0,432.0,-0.57,-0.53,0.0,35996.0,54.0,-0.549,-0.32,-0.45
2013-06-06,0.2,0.088,0.114,0.3,0.48,16.63,23542.1233949264,1.5305,0.0,1.0,0.5,3.631493,0.166886,1.892252,0.072351,01 Oct 2019,0.0,32.0,432.0,-0.57,-0.53,0.0,35996.0,54.0,-0.549,-0.32,-0.45
2013-06-12,0.208,0.09,0.12,0.319,0.504,18.59,23542.1233949264,1.5305,0.0,1.0,0.5,3.638286,0.229114,1.960547,0.102725,01 Oct 2019,0.0,32.0,432.0,-0.57,-0.53,0.0,35996.0,54.0,-0.549,-0.32,-0.45
2013-06-18,0.21,0.089,0.122,0.32,0.503,16.61,23542.1233949264,1.5305,0.0,1.0,0.5,3.609767,0.188329,1.894065,0.087023,01 Oct 2019,0.0,32.0,432.0,-0.57,-0.53,0.0,35996.0,54.0,-0.549,-0.32,-0.45
2013-06-24,0.221,0.104,0.128,0.341,0.535,20.11,23542.1233949264,1.5305,0.0,1.0,0.5,3.801567,0.391272,2.239534,0.185128,01 Oct 2019,0.0,32.0,432.0,-0.57,-0.53,0.0,35996.0,54.0,-0.549,-0.32,-0.45
2013-06-28,0.218,0.094,0.123,0.335,0.527,16.86,23542.1233949264,1.5305,0.0,1.0,0.5,3.777194,0.265306,2.137255,0.113809,01 Oct 2019,0.0,32.0,432.0,-0.57,-0.53,0.0,35996.0,54.0,-0.549,-0.32,-0.45
2013-07-04,0.222,0.094,0.123,0.342,0.534,16.86,20481.26109197202,1.56565217391304,0.0,1.0,0.5,3.749828,0.136065,2.016618,0.045639,01 Oct 2019,0.0,32.0,432.0,-0.57,-0.53,0.0,35996.0,54.0,-0.549,-0.32,-0.45
2013-07-10,0.217,0.095,0.123,0.33,0.512,14.21,20481.26109197202,1.56565217391304,0.0,1.0,0.5,3.855529,0.09982,2.045899,0.030183,01 Oct 2019,0.0,32.0,432.0,-0.57,-0.53,0.0,35996.0,54.0,-0.549,-0.32,-0.45
2013-07-16,0.219,0.097,0.123,0.332,0.522,14.42,20481.26109197202,1.56565217391304,0.0,1.0,0.5,3.545827,0.069555,1.846315,0.020776,01 Oct 2019,0.0,32.0,432.0,-0.57,-0.53,0.0,35996.0,54.0,-0.549,-0.32,-0.45
2013-07-22,0.221,0.1,0.125,0.334,0.52,12.29,20481.26109197202,1.56565217391304,0.0,1.0,0.5,3.496217,0.058248,1.795067,0.020489,01 Oct 2019,0.0,32.0,432.0,-0.57,-0.53,0.0,35996.0,54.0,-0.549,-0.32,-0.45
2013-07-26,0.226,0.109,0.132,0.343,0.535,12.72,20481.26109197202,1.56565217391304,0.0,1.0,0.5,3.613038,0.130555,1.934326,0.043518,01 Oct 2019,0.0,32.0,432.0,-0.57,-0.53,0.0,35996.0,54.0,-0.549,-0.32,-0.45
2013-08-01,0.228,0.106,0.13,0.34,0.531,12.94,23101.576364965025,1.735,0.0,1.0,0.5,3.554469,0.138728,1.939327,0.047771,01 Oct 2019,0.0,32.0,432.0,-0.57,-0.53,0.0,35996.0,54.0,-0.549,-0.32,-0.45
2013-08-07,0.227,0.102,0.128,0.341,0.536,12.98,23101.576364965025,1.735,0.0,1.0,0.5,3.589521,0.147545,1.964113,0.056029,01 Oct 2019,0.0,32.0,432.0,-0.57,-0.53,0.0,35996.0,54.0,-0.549,-0.32,-0.45
2013-08-13,0.225,0.101,0.128,0.34,0.537,12.31,23101.576364965025,1.735,0.0,1.0,0.5,3.676018,0.196259,2.050766,0.074414,01 Oct 2019,0.0,32.0,432.0,-0.57,-0.53,0.0,35996.0,54.0,-0.549,-0.32,-0.45
2013-08-19,0.226,0.101,0.127,0.342,0.545,15.1,23101.576364965025,1.735,0.0,1.0,0.5,3.837073,0.226853,2.182755,0.087962,01 Oct 2019,0.0,32.0,432.0,-0.57,-0.53,0.0,35996.0,54.0,-0.549,-0.32,-0.45
2013-08-23,0.225,0.105,0.127,0.344,0.552,13.98,23101.576364965025,1.735,0.0,1.0,0.5,3.827293,0.280392,2.247823,0.115892,01 Oct 2019,0.0,32.0,432.0,-0.57,-0.53,0.0,35996.0,54.0,-0.549,-0.32,-0.45
2013-08-29,0.225,0.1,0.128,0.345,0.547,16.81,23101.576364965025,1.735,0.0,1.0,0.5,3.761539,0.224111,2.159343,0.085688,01 Oct 2019,0.0,32.0,432.0,-0.57,-0.53,0.0,35996.0,54.0,-0.549,-0.32,-0.45
2013-09-04,0.225,0.097,0.129,0.343,0.549,15.88,23653.82607787869,1.88809523809524,0.0,1.0,0.5,3.832652,0.257171,2.225763,0.103267,01 Oct 2019,0.0,32.0,432.0,-0.57,-0.53,0.0,35996.0,54.0,-0.549,-0.32,-0.45
2013-09-10,0.225,0.098,0.129,0.343,0.549,14.53,23653.82607787869,1.88809523809524,0.0,1.0,0.5,3.986208,0.282767,2.350572,0.11408,01 Oct 2019,0.0,32.0,432.0,-0.57,-0.53,0.0,35996.0,54.0,-0.549,-0.32,-0.45
2013-09-16,0.223,0.096,0.128,0.338,0.542,14.38,23653.82607787869,1.88809523809524,0.0,1.0,0.5,3.847872,0.215925,2.187547,0.090372,01 Oct 2019,0.0,32.0,432.0,-0.57,-0.53,0.0,35996.0,54.0,-0.549,-0.32,-0.45
2013-09-20,0.221,0.099,0.128,0.335,0.536,13.12,23653.82607787869,1.88809523809524,0.0,1.0,0.5,3.939792,0.208826,2.219703,0.080901,01 Oct 2019,0.0,32.0,432.0,-0.57,-0.53,0.0,35996.0,54.0,-0.549,-0.32,-0.45
2013-09-26,0.221,0.102,0.129,0.337,0.537,14.06,23653.82607787869,1.88809523809524,0.0,1.0,0.5,3.782434,0.191079,2.097886,0.071033,01 Oct 2019,0.0,32.0,432.0,-0.57,-0.53,0.0,35996.0,54.0,-0.549,-0.32,-0.45
2013-10-02,0.225,0.098,0.128,0.337,0.536,16.6,25609.145004697773,1.76217391304348,0.0,1.0,0.5,3.766789,0.165799,2.064056,0.061921,01 Oct 2019,0.0,32.0,432.0,-0.57,-0.53,0.0,35996.0,54.0,-0.549,-0.32,-0.45
2013-10-08,0.227,0.098,0.128,0.34,0.539,20.34,25609.145004697773,1.76217391304348,0.0,1.0,0.5,3.799712,0.172433,2.092564,0.075976,01 Oct 2019,0.0,32.0,432.0,-0.57,-0.53,0.0,35996.0,54.0,-0.549,-0.32,-0.45
2013-10-14,0.227,0.098,0.127,0.341,0.541,16.07,25609.145004697773,1.76217391304348,0.0,1.0,0.5,3.87895,0.16935,2.140927,0.069502,01 Oct 2019,0.0,32.0,432.0,-0.57,-0.53,0.0,35996.0,54.0,-0.549,-0.32,-0.45
2013-10-18,0.224,0.098,0.128,0.339,0.537,13.04,25609.145004697773,1.76217391304348,0.0,1.0,0.5,3.859575,0.155246,2.11463,0.065682,01 Oct 2019,0.0,32.0,432.0,-0.57,-0.53,0.0,35996.0,54.0,-0.549,-0.32,-0.45
2013-10-24,0.225,0.101,0.129,0.343,0.542,13.2,25609.145004697773,1.76217391304348,0.0,1.0,0.5,3.75366,0.142295,2.028362,0.068763,01 Oct 2019,0.0,32.0,432.0,-0.57,-0.53,0.0,35996.0,54.0,-0.549,-0.32,-0.45
2013-10-30,0.228,0.102,0.129,0.349,0.548,13.65,25609.145004697773,1.76217391304348,0.0,1.0,0.5,3.73602,0.135674,1.985577,0.064114,01 Oct 2019,0.0,32.0,432.0,-0.57,-0.53,0.0,35996.0,54.0,-0.549,-0.32,-0.45
2013-11-05,0.227,0.102,0.129,0.341,0.534,13.27,28494.623655913976,1.67714285714286,0.0,1.0,0.5,3.782569,0.124288,2.005796,0.059857,01 Oct 2019,0.0,32.0,432.0,-0.57,-0.53,0.0,35996.0,54.0,-0.549,-0.32,-0.45
2013-11-11,0.218,0.098,0.122,0.322,0.502,12.53,28494.623655913976,1.67714285714286,0.0,1.0,0.5,3.85497,0.080914,2.020459,0.033472,01 Oct 2019,0.0,32.0,432.0,-0.57,-0.53,0.0,35996.0,54.0,-0.549,-0.32,-0.45
2013-11-15,0.218,0.097,0.123,0.318,0.496,12.19,28494.623655913976,1.67714285714286,0.0,0.75,0.25,3.801348,0.061543,1.995023,0.029293,01 Oct 2019,0.0,32.0,432.0,-0.57,-0.53,0.0,35996.0,54.0,-0.549,-0.32,-0.45
2013-11-21,0.217,0.108,0.126,0.316,0.489,12.66,28494.623655913976,1.67714285714286,0.0,0.75,0.25,3.873093,0.06949,2.049402,0.037729,01 Oct 2019,0.0,32.0,432.0,-0.57,-0.53,0.0,35996.0,54.0,-0.549,-0.32,-0.45
2013-11-27,0.23,0.137,0.147,0.327,0.497,12.98,28494.623655913976,1.67714285714286,0.0,0.75,0.25,3.798312,0.081494,1.993419,0.051455,01 Oct 2019,0.0,32.0,432.0,-0.57,-0.53,0.0,35996.0,54.0,-0.549,-0.32,-0.45
2013-12-03,0.239,0.127,0.175,0.332,0.503,14.55,28633.45860737029,1.79777777777778,0.0,0.75,0.25,3.790959,0.08093,2.014172,0.062465,01 Oct 2019,0.0,32.0,432.0,-0.57,-0.53,0.0,35996.0,54.0,-0.549,-0.32,-0.45
2013-12-09,0.255,0.14,0.2,0.353,0.527,13.49,28633.45860737029,1.79777777777778,0.0,0.75,0.25,3.845844,0.162566,2.108412,0.113379,01 Oct 2019,0.0,32.0,432.0,-0.57,-0.53,0.0,35996.0,54.0,-0.549,-0.32,-0.45
2013-12-13,0.282,0.157,0.225,0.38,0.556,15.76,28633.45860737029,1.79777777777778,0.0,0.75,0.25,3.810113,0.201198,2.110884,0.14523,01 Oct 2019,0.0,32.0,432.0,-0.57,-0.53,0.0,35996.0,54.0,-0.549,-0.32,-0.45
2013-12-19,0.293,0.181,0.236,0.387,0.558,14.15,28633.45860737029,1.79777777777778,0.0,0.75,0.25,3.842245,0.197164,2.152465,0.126123,01 Oct 2019,0.0,32.0,432.0,-0.57,-0.53,0.0,35996.0,54.0,-0.549,-0.32,-0.45
2013-12-27,0.293,0.254,0.234,0.392,0.562,12.46,28633.45860737029,1.79777777777778,0.0,0.75,0.25,3.866843,0.20682,2.235528,0.121286,01 Oct 2019,0.0,32.0,432.0,-0.57,-0.53,0.0,35996.0,54.0,-0.549,-0.32,-0.45
2014-01-03,0.28,0.177,0.208,0.381,0.551,13.76,28888.192922016915,1.75590909090909,0.0,0.75,0.25,3.908087,0.183947,2.235404,0.099099,01 Oct 2019,0.0,32.0,432.0,-0.57,-0.53,0.0,35996.0,54.0,-0.549,-0.32,-0.45
2014-01-09,0.282,0.173,0.205,0.388,0.557,12.89,28888.192922016915,1.75590909090909,0.0,0.75,0.25,3.862235,0.181659,2.19813,0.106603,01 Oct 2019,0.0,32.0,432.0,-0.57,-0.53,0.0,35996.0,54.0,-0.549,-0.32,-0.45
2014-01-15,0.29,0.184,0.216,0.397,0.565,12.28,28888.192922016915,1.75590909090909,0.0,0.75,0.25,3.809042,0.18166,2.141215,0.120389,01 Oct 2019,0.0,32.0,432.0,-0.57,-0.53,0.0,35996.0,54.0,-0.549,-0.32,-0.45
2014-01-21,0.302,0.222,0.242,0.409,0.571,12.87,28888.192922016915,1.75590909090909,0.0,0.75,0.25,3.760723,0.131872,2.045723,0.098473,01 Oct 2019,0.0,32.0,432.0,-0.57,-0.53,0.0,35996.0,54.0,-0.549,-0.32,-0.45
2014-01-27,0.3,0.21,0.239,0.404,0.569,17.42,28888.192922016915,1.75590909090909,0.0,0.75,0.25,3.673149,0.116752,1.981943,0.094261,01 Oct 2019,0.0,32.0,432.0,-0.57,-0.53,0.0,35996.0,54.0,-0.549,-0.32,-0.45
2014-01-31,0.296,0.188,0.23,0.396,0.559,18.41,29888.297317047705,1.75590909090909,0.0,0.75,0.25,3.612362,0.036165,1.894604,0.037111,01 Oct 2019,0.0,32.0,432.0,-0.57,-0.53,0.0,35996.0,54.0,-0.549,-0.32,-0.45
2014-02-06,0.286,0.186,0.221,0.385,0.547,17.23,29888.297317047705,1.5585,0.0,0.75,0.25,3.631718,0.084969,1.931766,0.078677,01 Oct 2019,0.0,32.0,432.0,-0.57,-0.53,0.0,35996.0,54.0,-0.549,-0.32,-0.45
2014-02-12,0.291,0.198,0.23,0.39,0.552,14.3,29888.297317047705,1.5585,0.0,0.75,0.25,3.677357,0.057077,1.940886,0.058065,01 Oct 2019,0.0,32.0,432.0,-0.57,-0.53,0.0,35996.0,54.0,-0.549,-0.32,-0.45
2014-02-18,0.288,0.19,0.224,0.386,0.547,13.87,29888.297317047705,1.5585,0.0,0.75,0.25,3.686403,0.057866,1.920357,0.065413,01 Oct 2019,0.0,32.0,432.0,-0.57,-0.53,0.0,35996.0,54.0,-0.549,-0.32,-0.45
2014-02-24,0.288,0.191,0.221,0.384,0.549,14.23,29888.297317047705,1.5585,0.0,0.75,0.25,3.686687,0.07132,1.932414,0.071051,01 Oct 2019,0.0,32.0,432.0,-0.57,-0.53,0.0,35996.0,54.0,-0.549,-0.32,-0.45
2014-02-28,0.286,0.184,0.218,0.384,0.549,14.0,31608.716985071507,1.5585,0.0,0.75,0.25,3.558661,0.087916,1.880142,0.087182,01 Oct 2019,0.0,32.0,432.0,-0.57,-0.53,0.0,35996.0,54.0,-0.549,-0.32,-0.45
2014-03-06,0.287,0.181,0.216,0.384,0.551,14.21,31608.716985071507,1.50857142857143,0.0,0.75,0.25,3.594546,0.110264,1.891786,0.10262,01 Oct 2019,0.0,32.0,432.0,-0.57,-0.53,0.0,35996.0,54.0,-0.549,-0.32,-0.45
2014-03-12,0.304,0.195,0.233,0.405,0.574,14.47,31608.716985071507,1.50857142857143,0.0,0.75,0.25,3.561297,0.100356,1.841944,0.113997,01 Oct 2019,0.0,32.0,432.0,-0.57,-0.53,0.0,35996.0,54.0,-0.549,-0.32,-0.45
2014-03-18,0.309,0.194,0.234,0.41,0.582,14.52,31608.716985071507,1.50857142857143,0.0,0.75,0.25,3.535509,0.099866,1.813609,0.129663,01 Oct 2019,0.0,32.0,432.0,-0.57,-0.53,0.0,35996.0,54.0,-0.549,-0.32,-0.45
2014-03-24,0.32,0.209,0.242,0.425,0.6,15.09,31608.716985071507,1.50857142857143,0.0,0.75,0.25,3.504847,0.141484,1.836897,0.145112,01 Oct 2019,0.0,32.0,432.0,-0.57,-0.53,0.0,35996.0,54.0,-0.549,-0.32,-0.45
2014-03-28,0.31,0.199,0.233,0.414,0.585,14.41,31608.716985071507,1.50857142857143,0.0,0.75,0.25,3.480423,0.08691,1.794942,0.101854,01 Oct 2019,0.0,32.0,432.0,-0.57,-0.53,0.0,35996.0,54.0,-0.549,-0.32,-0.45
2014-04-03,0.319,0.204,0.24,0.423,0.6,13.37,31888.5061071093,1.4565,0.0,0.75,0.25,3.54958,0.12597,1.855391,0.129999,01 Oct 2019,0.0,32.0,432.0,-0.57,-0.53,0.0,35996.0,54.0,-0.549,-0.32,-0.45
2014-04-09,0.327,0.215,0.251,0.427,0.599,13.82,31888.5061071093,1.4565,0.0,0.75,0.25,3.512992,0.132337,1.8251,0.114528,01 Oct 2019,0.0,32.0,432.0,-0.57,-0.53,0.0,35996.0,54.0,-0.549,-0.32,-0.45
2014-04-15,0.327,0.225,0.251,0.426,0.598,15.61,31888.5061071093,1.4565,0.0,0.75,0.25,3.43207,0.09469,1.743195,0.103782,01 Oct 2019,0.0,32.0,432.0,-0.57,-0.53,0.0,35996.0,54.0,-0.549,-0.32,-0.45
2014-04-23,0.332,0.227,0.253,0.432,0.606,13.27,31888.5061071093,1.4565,0.0,0.75,0.25,3.403335,0.139719,1.767658,0.123878,01 Oct 2019,0.0,32.0,432.0,-0.57,-0.53,0.0,35996.0,54.0,-0.549,-0.32,-0.45
2014-04-29,0.347,0.253,0.269,0.444,0.621,13.71,31888.5061071093,1.4565,0.0,0.75,0.25,3.377626,0.12243,1.750401,0.100481,01 Oct 2019,0.0,32.0,432.0,-0.57,-0.53,0.0,35996.0,54.0,-0.549,-0.32,-0.45
2014-05-06,0.337,0.219,0.257,0.438,0.613,13.8,31729.825660298568,1.32714285714286,0.0,0.75,0.25,3.344421,0.099118,1.697565,0.10769,01 Oct 2019,0.0,32.0,432.0,-0.57,-0.53,0.0,35996.0,54.0,-0.549,-0.32,-0.45
2014-05-12,0.335,0.241,0.267,0.43,0.607,12.23,31729.825660298568,1.32714285714286,0.0,0.75,0.25,3.388465,0.075885,1.699018,0.090581,01 Oct 2019,0.0,32.0,432.0,-0.57,-0.53,0.0,35996.0,54.0,-0.549,-0.32,-0.45
2014-05-16,0.318,0.23,0.257,0.41,0.586,12.44,31729.825660298568,1.32714285714286,0.0,0.75,0.25,3.235026,0.022451,1.574348,0.059544,01 Oct 2019,0.0,32.0,432.0,-0.57,-0.53,0.0,35996.0,54.0,-0.549,-0.32,-0.45
2014-05-22,0.318,0.266,0.262,0.407,0.583,12.03,31729.825660298568,1.32714285714286,0.0,0.75,0.25,3.27022,0.01217,1.597501,0.040302,01 Oct 2019,0.0,32.0,432.0,-0.57,-0.53,0.0,35996.0,54.0,-0.549,-0.32,-0.45
2014-05-28,0.314,0.263,0.255,0.399,0.574,11.68,31729.825660298568,1.32714285714286,0.0,0.75,0.25,3.201157,-0.015335,1.526818,0.024066,01 Oct 2019,0.0,32.0,432.0,-0.57,-0.53,0.0,35996.0,54.0,-0.549,-0.32,-0.45
2014-06-03,0.307,0.242,0.248,0.391,0.567,11.87,31879.11055433761,1.26428571428571,0.0,0.75,0.25,3.318484,0.009046,1.618615,0.032177,01 Oct 2019,0.0,32.0,432.0,-0.57,-0.53,0.0,35996.0,54.0,-0.549,-0.32,-0.45
2014-06-09,0.264,0.155,0.192,0.354,0.529,11.15,31879.11055433761,1.26428571428571,0.0,0.75,0.25,3.269485,-0.023879,1.538822,0.013183,01 Oct 2019,0.0,32.0,432.0,-0.57,-0.53,0.0,35996.0,54.0,-0.549,-0.32,-0.45
2014-06-13,0.234,0.079,0.14,0.326,0.507,12.18,31879.11055433761,1.26428571428571,-0.1,0.4,0.15,3.320173,-0.045938,1.569258,-0.020942,01 Oct 2019,0.0,32.0,432.0,-0.57,-0.53,0.0,35996.0,54.0,-0.549,-0.32,-0.45
2014-06-19,0.212,0.046,0.109,0.306,0.489,10.62,31879.11055433761,1.26428571428571,-0.1,0.4,0.15,3.2061,-0.050038,1.491351,-0.014586,01 Oct 2019,0.0,32.0,432.0,-0.57,-0.53,0.0,35996.0,54.0,-0.549,-0.32,-0.45
2014-06-25,0.208,0.066,0.103,0.306,0.487,11.59,31879.11055433761,1.26428571428571,-0.1,0.4,0.15,3.157744,-0.052017,1.457136,-0.017058,01 Oct 2019,0.0,32.0,432.0,-0.57,-0.53,0.0,35996.0,54.0,-0.549,-0.32,-0.45
2014-07-01,0.206,0.051,0.098,0.302,0.488,11.15,30453.074433656955,1.11434782608696,-0.1,0.4,0.15,3.109497,-0.054097,1.426295,-0.015588,01 Oct 2019,0.0,32.0,432.0,-0.57,-0.53,0.0,35996.0,54.0,-0.549,-0.32,-0.45
2014-07-07,0.203,0.049,0.097,0.303,0.486,11.33,30453.074433656955,1.11434782608696,-0.1,0.4,0.15,3.145473,-0.060939,1.434442,-0.015286,01 Oct 2019,0.0,32.0,432.0,-0.57,-0.53,0.0,35996.0,54.0,-0.549,-0.32,-0.45
2014-07-11,0.203,0.048,0.093,0.305,0.487,12.08,30453.074433656955,1.11434782608696,-0.1,0.4,0.15,3.022308,-0.06389,1.367411,-0.023098,01 Oct 2019,0.0,32.0,432.0,-0.57,-0.53,0.0,35996.0,54.0,-0.549,-0.32,-0.45
2014-07-17,0.201,0.046,0.091,0.303,0.486,14.54,30453.074433656955,1.11434782608696,-0.1,0.4,0.15,2.929045,-0.061832,1.330168,-0.02796,01 Oct 2019,0.0,32.0,432.0,-0.57,-0.53,0.0,35996.0,54.0,-0.549,-0.32,-0.45
2014-07-23,0.208,0.059,0.098,0.308,0.489,11.52,30453.074433656955,1.11434782608696,-0.1,0.4,0.15,2.862743,-0.052346,1.295323,-0.014158,01 Oct 2019,0.0,32.0,432.0,-0.57,-0.53,0.0,35996.0,54.0,-0.549,-0.32,-0.45
2014-07-29,0.209,0.061,0.099,0.306,0.489,13.28,30453.074433656955,1.11434782608696,-0.1,0.4,0.15,2.785048,-0.052518,1.265897,-0.021728,01 Oct 2019,0.0,32.0,432.0,-0.57,-0.53,0.0,35996.0,54.0,-0.549,-0.32,-0.45
2014-08-04,0.208,0.044,0.096,0.307,0.488,15.12,30003.13185092389,0.956190476190476,-0.1,0.4,0.15,2.836012,-0.054725,1.282944,-0.017813,01 Oct 2019,0.0,32.0,432.0,-0.57,-0.53,0.0,35996.0,54.0,-0.549,-0.32,-0.45
2014-08-08,0.203,0.04,0.094,0.302,0.482,15.77,30003.13185092389,0.956190476190476,-0.1,0.4,0.15,2.670034,-0.062081,1.202852,-0.02711,01 Oct 2019,0.0,32.0,432.0,-0.57,-0.53,0.0,35996.0,54.0,-0.549,-0.32,-0.45
2014-08-14,0.198,0.037,0.089,0.298,0.478,12.42,30003.13185092389,0.956190476190476,-0.1,0.4,0.15,2.648428,-0.071292,1.17082,-0.025314,01 Oct 2019,0.0,32.0,432.0,-0.57,-0.53,0.0,35996.0,54.0,-0.549,-0.32,-0.45
2014-08-20,0.187,0.035,0.084,0.289,0.466,11.78,30003.13185092389,0.956190476190476,-0.1,0.4,0.15,2.578761,-0.081854,1.139583,-0.039752,01 Oct 2019,0.0,32.0,432.0,-0.57,-0.53,0.0,35996.0,54.0,-0.549,-0.32,-0.45
2014-08-26,0.171,0.047,0.071,0.271,0.443,11.63,30003.13185092389,0.956190476190476,-0.1,0.4,0.15,2.472553,-0.088709,1.077615,-0.053161,01 Oct 2019,0.0,32.0,432.0,-0.57,-0.53,0.0,35996.0,54.0,-0.549,-0.32,-0.45
2014-09-01,0.159,0.031,0.066,0.259,0.428,11.63,30468.73368827644,0.921363636363636,-0.1,0.4,0.15,2.424672,-0.10471,1.036369,-0.062481,01 Oct 2019,0.0,32.0,432.0,-0.57,-0.53,0.0,35996.0,54.0,-0.549,-0.32,-0.45
2014-09-05,0.104,-0.009,0.019,0.203,0.374,12.09,30468.73368827644,0.921363636363636,-0.1,0.4,0.15,2.599383,-0.150832,1.075635,-0.099851,01 Oct 2019,0.0,32.0,432.0,-0.57,-0.53,0.0,35996.0,54.0,-0.549,-0.32,-0.45
2014-09-11,0.084,-0.021,0.007,0.188,0.352,12.8,30468.73368827644,0.921363636363636,-0.2,0.3,0.05,2.697266,-0.140382,1.158129,-0.096406,01 Oct 2019,0.0,32.0,432.0,-0.57,-0.53,0.0,35996.0,54.0,-0.549,-0.32,-0.45
2014-09-17,0.082,-0.023,0.006,0.188,0.347,12.65,30468.73368827644,0.921363636363636,-0.2,0.3,0.05,2.754197,-0.139526,1.180733,-0.096117,01 Oct 2019,0.0,32.0,432.0,-0.57,-0.53,0.0,35996.0,54.0,-0.549,-0.32,-0.45
2014-09-23,0.082,-0.014,0.005,0.185,0.343,14.93,30468.73368827644,0.921363636363636,-0.2,0.3,0.05,2.624231,-0.113052,1.134184,-0.077006,01 Oct 2019,0.0,32.0,432.0,-0.57,-0.53,0.0,35996.0,54.0,-0.549,-0.32,-0.45
2014-09-29,0.083,-0.009,0.007,0.184,0.339,15.98,30468.73368827644,0.921363636363636,-0.2,0.3,0.05,2.545315,-0.137952,1.071657,-0.092815,01 Oct 2019,0.0,32.0,432.0,-0.57,-0.53,0.0,35996.0,54.0,-0.549,-0.32,-0.45
2014-10-03,0.081,-0.017,0.007,0.181,0.335,14.55,31167.136444305248,0.790909090909091,-0.2,0.3,0.05,2.485387,-0.121217,1.055803,-0.082864,01 Oct 2019,0.0,32.0,432.0,-0.57,-0.53,0.0,35996.0,54.0,-0.549,-0.32,-0.45
2014-10-09,0.079,-0.02,0.006,0.179,0.332,18.76,31167.136444305248,0.790909090909091,-0.2,0.3,0.05,2.44376,-0.143498,1.008132,-0.094449,01 Oct 2019,0.0,32.0,432.0,-0.57,-0.53,0.0,35996.0,54.0,-0.549,-0.32,-0.45
2014-10-15,0.081,-0.021,0.006,0.181,0.338,26.25,31167.136444305248,0.790909090909091,-0.2,0.3,0.05,2.201033,-0.134165,0.893228,-0.086767,01 Oct 2019,0.0,32.0,432.0,-0.57,-0.53,0.0,35996.0,54.0,-0.549,-0.32,-0.45
2014-10-21,0.082,-0.018,0.008,0.186,0.339,16.08,31167.136444305248,0.790909090909091,-0.2,0.3,0.05,2.382396,-0.10525,1.009129,-0.072412,01 Oct 2019,0.0,32.0,432.0,-0.57,-0.53,0.0,35996.0,54.0,-0.549,-0.32,-0.45
2014-10-27,0.088,0.014,0.012,0.189,0.341,16.04,31167.136444305248,0.790909090909091,-0.2,0.3,0.05,2.366512,-0.098205,1.008071,-0.068381,01 Oct 2019,0.0,32.0,432.0,-0.57,-0.53,0.0,35996.0,54.0,-0.549,-0.32,-0.45
2014-10-31,0.086,-0.011,0.01,0.189,0.34,14.03,29560.496920346595,0.790909090909091,-0.2,0.3,0.05,2.329754,-0.122781,0.963836,-0.081477,01 Oct 2019,0.0,32.0,432.0,-0.57,-0.53,0.0,35996.0,54.0,-0.549,-0.32,-0.45
2014-11-06,0.081,-0.016,0.009,0.182,0.337,13.67,29560.496920346595,0.719,-0.2,0.3,0.05,2.326147,-0.126835,0.94646,-0.083034,01 Oct 2019,0.0,32.0,432.0,-0.57,-0.53,0.0,35996.0,54.0,-0.549,-0.32,-0.45
2014-11-12,0.079,-0.018,0.009,0.181,0.336,13.02,29560.496920346595,0.719,-0.2,0.3,0.05,2.252965,-0.122088,0.914722,-0.079698,01 Oct 2019,0.0,32.0,432.0,-0.57,-0.53,0.0,35996.0,54.0,-0.549,-0.32,-0.45
2014-11-18,0.081,-0.019,0.009,0.181,0.334,13.86,29560.496920346595,0.719,-0.2,0.3,0.05,2.22429,-0.111924,0.909137,-0.07376,01 Oct 2019,0.0,32.0,432.0,-0.57,-0.53,0.0,35996.0,54.0,-0.549,-0.32,-0.45
2014-11-24,0.081,0.005,0.009,0.182,0.332,12.62,29560.496920346595,0.719,-0.2,0.3,0.05,2.191143,-0.105769,0.893583,-0.069769,01 Oct 2019,0.0,32.0,432.0,-0.57,-0.53,0.0,35996.0,54.0,-0.549,-0.32,-0.45
2014-11-28,0.082,0.001,0.02,0.18,0.331,13.33,29560.496920346595,0.719,-0.2,0.3,0.05,2.0077,-0.098078,0.801524,-0.063317,01 Oct 2019,0.0,32.0,432.0,-0.57,-0.53,0.0,35996.0,54.0,-0.549,-0.32,-0.45
2014-12-04,0.082,-0.012,0.022,0.177,0.328,12.38,30238.02067021609,0.588947368421053,-0.2,0.3,0.05,2.098884,-0.093694,0.855612,-0.061988,01 Oct 2019,0.0,32.0,432.0,-0.57,-0.53,0.0,35996.0,54.0,-0.549,-0.32,-0.45
2014-12-10,0.083,-0.012,0.022,0.179,0.328,18.53,30238.02067021609,0.588947368421053,-0.2,0.3,0.05,1.960604,-0.090831,0.794119,-0.059327,01 Oct 2019,0.0,32.0,432.0,-0.57,-0.53,0.0,35996.0,54.0,-0.549,-0.32,-0.45
2014-12-16,0.082,-0.018,0.025,0.179,0.329,23.57,30238.02067021609,0.588947368421053,-0.2,0.3,0.05,1.755481,-0.098613,0.691779,-0.062055,01 Oct 2019,0.0,32.0,432.0,-0.57,-0.53,0.0,35996.0,54.0,-0.549,-0.32,-0.45
2014-12-22,0.081,-0.019,0.026,0.176,0.329,15.25,30238.02067021609,0.588947368421053,-0.2,0.3,0.05,1.860122,-0.122232,0.716775,-0.075852,01 Oct 2019,0.0,32.0,432.0,-0.57,-0.53,0.0,35996.0,54.0,-0.549,-0.32,-0.45
2014-12-30,0.078,-0.005,0.019,0.171,0.327,15.92,30238.02067021609,0.588947368421053,-0.2,0.3,0.05,1.76183,-0.146744,0.648034,-0.088695,01 Oct 2019,0.0,32.0,432.0,-0.57,-0.53,0.0,35996.0,54.0,-0.549,-0.32,-0.45
2015-01-06,0.073,-0.028,0.015,0.168,0.319,21.12,28214.844973379262,0.39,-0.2,0.3,0.05,1.477978,-0.136753,0.530988,-0.081262,01 Oct 2019,0.0,32.0,432.0,-0.57,-0.53,0.0,35996.0,54.0,-0.549,-0.32,-0.45
2015-01-12,0.071,-0.042,0.009,0.167,0.317,19.6,28214.844973379262,0.39,-0.2,0.3,0.05,1.487707,-0.163688,0.555439,-0.099623,01 Oct 2019,0.0,32.0,432.0,-0.57,-0.53,0.0,35996.0,54.0,-0.549,-0.32,-0.45
2015-01-16,0.06,-0.051,0.002,0.152,0.299,20.95,28214.844973379262,0.39,-0.2,0.3,0.05,1.424894,-0.20256,0.485742,-0.120271,01 Oct 2019,0.0,32.0,432.0,-0.57,-0.53,0.0,35996.0,54.0,-0.549,-0.32,-0.45
2015-01-22,0.055,-0.035,-0.001,0.141,0.282,16.4,28214.844973379262,0.39,-0.2,0.3,0.05,1.609311,-0.129165,0.61479,-0.189962,01 Oct 2019,0.0,32.0,432.0,-0.57,-0.53,0.0,35996.0,54.0,-0.549,-0.32,-0.45
2015-01-28,0.053,-0.014,0.001,0.135,0.273,20.44,28214.844973379262,0.39,-0.2,0.3,0.05,1.231783,-0.103327,0.433166,-0.178971,01 Oct 2019,0.0,32.0,432.0,-0.57,-0.53,0.0,35996.0,54.0,-0.549,-0.32,-0.45
2015-02-03,0.055,-0.025,0.001,0.132,0.266,17.33,27265.89414343877,0.302,-0.2,0.3,0.05,1.14334,-0.132961,0.384821,-0.194893,01 Oct 2019,0.0,32.0,432.0,-0.57,-0.53,0.0,35996.0,54.0,-0.549,-0.32,-0.45
2015-02-09,0.051,-0.031,-0.001,0.131,0.261,18.55,27265.89414343877,0.302,-0.2,0.3,0.05,1.163833,-0.134099,0.418105,-0.198934,01 Oct 2019,0.0,32.0,432.0,-0.57,-0.53,0.0,35996.0,54.0,-0.549,-0.32,-0.45
2015-02-13,0.048,-0.034,0.002,0.127,0.259,14.69,27265.89414343877,0.302,-0.2,0.3,0.05,1.144868,-0.159549,0.39789,-0.192399,01 Oct 2019,0.0,32.0,432.0,-0.57,-0.53,0.0,35996.0,54.0,-0.549,-0.32,-0.45
2015-02-19,0.048,-0.017,0.0,0.125,0.252,15.29,27265.89414343877,0.302,-0.2,0.3,0.05,1.296984,-0.155163,0.448995,-0.202836,01 Oct 2019,0.0,32.0,432.0,-0.57,-0.53,0.0,35996.0,54.0,-0.549,-0.32,-0.45
2015-02-25,0.042,-0.006,0.001,0.118,0.241,13.84,27265.89414343877,0.302,-0.2,0.3,0.05,1.244873,-0.143324,0.393757,-0.213613,01 Oct 2019,0.0,32.0,432.0,-0.57,-0.53,0.0,35996.0,54.0,-0.549,-0.32,-0.45
2015-03-03,0.038,-0.035,-0.006,0.109,0.228,13.86,31273.619375717717,0.227272727272727,-0.2,0.3,0.05,1.245728,-0.13446,0.414454,-0.229186,01 Oct 2019,0.0,32.0,432.0,-0.57,-0.53,0.0,35996.0,54.0,-0.549,-0.32,-0.45
2015-03-09,0.035,-0.042,-0.008,0.105,0.222,15.06,31273.619375717717,0.227272727272727,-0.2,0.3,0.05,1.125546,-0.148692,0.353057,-0.215871,01 Oct 2019,0.0,32.0,432.0,-0.57,-0.53,0.0,35996.0,54.0,-0.549,-0.32,-0.45
2015-03-13,0.025,-0.049,-0.01,0.096,0.214,16.0,31273.619375717717,0.227272727272727,-0.2,0.3,0.05,0.920064,-0.180841,0.298004,-0.247559,01 Oct 2019,0.0,32.0,432.0,-0.57,-0.53,0.0,35996.0,54.0,-0.549,-0.32,-0.45
2015-03-19,0.024,-0.052,-0.011,0.094,0.209,14.07,31273.619375717717,0.227272727272727,-0.2,0.3,0.05,0.814388,-0.184685,0.244472,-0.253505,01 Oct 2019,0.0,32.0,432.0,-0.57,-0.53,0.0,35996.0,54.0,-0.549,-0.32,-0.45
2015-03-25,0.021,-0.037,-0.012,0.088,0.201,15.44,31273.619375717717,0.227272727272727,-0.2,0.3,0.05,0.84372,-0.168233,0.297855,-0.241578,01 Oct 2019,0.0,32.0,432.0,-0.57,-0.53,0.0,35996.0,54.0,-0.549,-0.32,-0.45
2015-03-31,0.019,-0.051,-0.015,0.087,0.198,15.29,33220.58670007308,0.227272727272727,-0.2,0.3,0.05,0.808462,-0.197733,0.26393,-0.248743,01 Oct 2019,0.0,32.0,432.0,-0.57,-0.53,0.0,35996.0,54.0,-0.549,-0.32,-0.45
2015-04-08,0.014,-0.064,-0.021,0.081,0.191,13.98,33220.58670007308,0.122,-0.2,0.3,0.05,0.854693,-0.231084,0.255525,-0.291163,01 Oct 2019,0.0,32.0,432.0,-0.57,-0.53,0.0,35996.0,54.0,-0.549,-0.32,-0.45
2015-04-14,0.008,-0.081,-0.025,0.076,0.183,13.67,33220.58670007308,0.122,-0.2,0.3,0.05,0.776664,-0.188296,0.210035,-0.273773,01 Oct 2019,0.0,32.0,432.0,-0.57,-0.53,0.0,35996.0,54.0,-0.549,-0.32,-0.45
2015-04-20,0.001,-0.091,-0.032,0.069,0.176,13.3,33220.58670007308,0.122,-0.2,0.3,0.05,0.597671,-0.193417,0.134185,-0.281621,01 Oct 2019,0.0,32.0,432.0,-0.57,-0.53,0.0,35996.0,54.0,-0.549,-0.32,-0.45
2015-04-24,-0.001,-0.082,-0.034,0.066,0.172,12.29,33220.58670007308,0.122,-0.2,0.3,0.05,0.767698,-0.257666,0.227453,-0.269415,01 Oct 2019,0.0,32.0,432.0,-0.57,-0.53,0.0,35996.0,54.0,-0.549,-0.32,-0.45
2015-04-30,-0.005,-0.093,-0.04,0.064,0.171,14.55,32637.01847792045,0.122,-0.2,0.3,0.05,1.046942,-0.218139,0.416846,-0.258792,01 Oct 2019,0.0,32.0,432.0,-0.57,-0.53,0.0,35996.0,54.0,-0.549,-0.32,-0.45
2015-05-07,-0.009,-0.105,-0.043,0.061,0.169,15.13,32637.01847792045,0.55578947368421,-0.2,0.3,0.05,1.42818,-0.221319,0.656926,-0.271318,01 Oct 2019,0.0,32.0,432.0,-0.57,-0.53,0.0,35996.0,54.0,-0.549,-0.32,-0.45
2015-05-13,-0.009,-0.111,-0.048,0.06,0.169,13.76,32637.01847792045,0.55578947368421,-0.2,0.3,0.05,1.629149,-0.207979,0.738179,-0.246343,01 Oct 2019,0.0,32.0,432.0,-0.57,-0.53,0.0,35996.0,54.0,-0.549,-0.32,-0.45
2015-05-19,-0.012,-0.119,-0.052,0.057,0.164,12.85,32637.01847792045,0.55578947368421,-0.2,0.3,0.05,1.577541,-0.222417,0.708658,-0.24602,01 Oct 2019,0.0,32.0,432.0,-0.57,-0.53,0.0,35996.0,54.0,-0.549,-0.32,-0.45
2015-05-25,-0.012,-0.11,-0.053,0.054,0.163,12.85,32637.01847792045,0.55578947368421,-0.2,0.3,0.05,1.597401,-0.228463,0.708476,-0.255181,01 Oct 2019,0.0,32.0,432.0,-0.57,-0.53,0.0,35996.0,54.0,-0.549,-0.32,-0.45
2015-05-29,-0.012,-0.122,-0.059,0.049,0.16,13.84,32637.01847792045,0.55578947368421,-0.2,0.3,0.05,1.460709,-0.246855,0.609009,-0.245578,01 Oct 2019,0.0,32.0,432.0,-0.57,-0.53,0.0,35996.0,54.0,-0.549,-0.32,-0.45
2015-06-04,-0.013,-0.124,-0.062,0.049,0.162,14.71,32816.57793089049,0.792727272727273,-0.2,0.3,0.05,1.926381,-0.224127,0.927183,-0.250112,01 Oct 2019,0.0,32.0,432.0,-0.57,-0.53,0.0,35996.0,54.0,-0.549,-0.32,-0.45
2015-06-10,-0.014,-0.125,-0.063,0.049,0.166,13.22,32816.57793089049,0.792727272727273,-0.2,0.3,0.05,2.173049,-0.210267,1.075466,-0.225621,01 Oct 2019,0.0,32.0,432.0,-0.57,-0.53,0.0,35996.0,54.0,-0.549,-0.32,-0.45
2015-06-16,-0.014,-0.13,-0.064,0.051,0.166,14.81,32816.57793089049,0.792727272727273,-0.2,0.3,0.05,1.974224,-0.226195,0.960975,-0.236227,01 Oct 2019,0.0,32.0,432.0,-0.57,-0.53,0.0,35996.0,54.0,-0.549,-0.32,-0.45
2015-06-22,-0.014,-0.119,-0.065,0.048,0.164,12.74,32816.57793089049,0.792727272727273,-0.2,0.3,0.05,2.113699,-0.225813,1.02473,-0.232477,01 Oct 2019,0.0,32.0,432.0,-0.57,-0.53,0.0,35996.0,54.0,-0.549,-0.32,-0.45
2015-06-26,-0.015,-0.118,-0.066,0.05,0.162,14.02,32816.57793089049,0.792727272727273,-0.2,0.3,0.05,2.251898,-0.24215,1.072826,-0.246092,01 Oct 2019,0.0,32.0,432.0,-0.57,-0.53,0.0,35996.0,54.0,-0.549,-0.32,-0.45
2015-07-02,-0.015,-0.124,-0.066,0.048,0.163,16.79,31985.59348575008,0.71,-0.2,0.3,0.05,2.263721,-0.288587,1.038621,-0.270539,01 Oct 2019,0.0,32.0,432.0,-0.57,-0.53,0.0,35996.0,54.0,-0.549,-0.32,-0.45
2015-07-08,-0.018,-0.131,-0.071,0.049,0.164,19.66,31985.59348575008,0.71,-0.2,0.3,0.05,1.888536,-0.291341,0.840105,-0.281412,01 Oct 2019,0.0,32.0,432.0,-0.57,-0.53,0.0,35996.0,54.0,-0.549,-0.32,-0.45
2015-07-14,-0.019,-0.131,-0.071,0.049,0.168,13.37,31985.59348575008,0.71,-0.2,0.3,0.05,2.311789,-0.27658,1.000934,-0.286857,01 Oct 2019,0.0,32.0,432.0,-0.57,-0.53,0.0,35996.0,54.0,-0.549,-0.32,-0.45
2015-07-20,-0.019,-0.134,-0.073,0.049,0.171,12.25,31985.59348575008,0.71,-0.2,0.3,0.05,2.021908,-0.274044,0.832493,-0.276962,01 Oct 2019,0.0,32.0,432.0,-0.57,-0.53,0.0,35996.0,54.0,-0.549,-0.32,-0.45
2015-07-24,-0.019,-0.129,-0.074,0.048,0.17,13.74,31985.59348575008,0.71,-0.2,0.3,0.05,1.92972,-0.285216,0.774318,-0.27895,01 Oct 2019,0.0,32.0,432.0,-0.57,-0.53,0.0,35996.0,54.0,-0.549,-0.32,-0.45
2015-07-30,-0.023,-0.131,-0.074,0.048,0.169,12.13,31985.59348575008,0.71,-0.2,0.3,0.05,1.895521,-0.298046,0.742441,-0.289,01 Oct 2019,0.0,32.0,432.0,-0.57,-0.53,0.0,35996.0,54.0,-0.549,-0.32,-0.45
2015-08-05,-0.024,-0.134,-0.079,0.048,0.163,12.51,33664.26558095835,0.608571428571429,-0.2,0.3,0.05,2.034828,-0.285762,0.8249,-0.281442,01 Oct 2019,0.0,32.0,432.0,-0.57,-0.53,0.0,35996.0,54.0,-0.549,-0.32,-0.45
2015-08-11,-0.024,-0.139,-0.082,0.046,0.162,13.71,33664.26558095835,0.608571428571429,-0.2,0.3,0.05,1.856911,-0.311801,0.70855,-0.293838,01 Oct 2019,0.0,32.0,432.0,-0.57,-0.53,0.0,35996.0,54.0,-0.549,-0.32,-0.45
2015-08-17,-0.027,-0.142,-0.088,0.044,0.161,13.02,33664.26558095835,0.608571428571429,-0.2,0.3,0.05,1.818505,-0.300183,0.704745,-0.291928,01 Oct 2019,0.0,32.0,432.0,-0.57,-0.53,0.0,35996.0,54.0,-0.549,-0.32,-0.45
2015-08-21,-0.031,-0.142,-0.092,0.042,0.16,28.03,33664.26558095835,0.608571428571429,-0.2,0.3,0.05,1.767556,-0.291662,0.680354,-0.280048,01 Oct 2019,0.0,32.0,432.0,-0.57,-0.53,0.0,35996.0,54.0,-0.549,-0.32,-0.45
2015-08-27,-0.033,-0.141,-0.099,0.039,0.16,26.1,33664.26558095835,0.608571428571429,-0.2,0.3,0.05,2.006289,-0.264163,0.828685,-0.269274,01 Oct 2019,0.0,32.0,432.0,-0.57,-0.53,0.0,35996.0,54.0,-0.549,-0.32,-0.45
2015-09-02,-0.033,-0.143,-0.102,0.039,0.16,26.09,30576.260569996863,0.654090909090909,-0.2,0.3,0.05,2.088414,-0.248721,0.900774,-0.27589,01 Oct 2019,0.0,32.0,432.0,-0.57,-0.53,0.0,35996.0,54.0,-0.549,-0.32,-0.45
2015-09-08,-0.035,-0.149,-0.104,0.038,0.158,24.9,30576.260569996863,0.654090909090909,-0.2,0.3,0.05,1.942296,-0.271686,0.774652,-0.271956,01 Oct 2019,0.0,32.0,432.0,-0.57,-0.53,0.0,35996.0,54.0,-0.549,-0.32,-0.45
2015-09-14,-0.038,-0.148,-0.104,0.037,0.157,24.25,30576.260569996863,0.654090909090909,-0.2,0.3,0.05,1.921191,-0.287177,0.738626,-0.273042,01 Oct 2019,0.0,32.0,432.0,-0.57,-0.53,0.0,35996.0,54.0,-0.549,-0.32,-0.45
2015-09-18,-0.037,-0.148,-0.102,0.036,0.154,22.28,30576.260569996863,0.654090909090909,-0.2,0.3,0.05,1.878389,-0.284467,0.739905,-0.287944,01 Oct 2019,0.0,32.0,432.0,-0.57,-0.53,0.0,35996.0,54.0,-0.549,-0.32,-0.45
2015-09-24,-0.04,-0.141,-0.109,0.032,0.148,23.47,30576.260569996863,0.654090909090909,-0.2,0.3,0.05,1.761961,-0.289575,0.672085,-0.280463,01 Oct 2019,0.0,32.0,432.0,-0.57,-0.53,0.0,35996.0,54.0,-0.549,-0.32,-0.45
2015-09-30,-0.04,-0.145,-0.113,0.029,0.142,24.5,28118.80154504645,0.654090909090909,-0.2,0.3,0.05,1.76484,-0.216561,0.703349,-0.270506,01 Oct 2019,0.0,32.0,432.0,-0.57,-0.53,0.0,35996.0,54.0,-0.549,-0.32,-0.45
2015-10-06,-0.046,-0.149,-0.112,0.027,0.139,19.4,28118.80154504645,0.518181818181818,-0.2,0.3,0.05,1.808515,-0.25638,0.71864,-0.26543,01 Oct 2019,0.0,32.0,432.0,-0.57,-0.53,0.0,35996.0,54.0,-0.549,-0.32,-0.45
2015-10-12,-0.049,-0.149,-0.113,0.027,0.139,16.17,28118.80154504645,0.518181818181818,-0.2,0.3,0.05,1.742895,-0.268199,0.67734,-0.285224,01 Oct 2019,0.0,32.0,432.0,-0.57,-0.53,0.0,35996.0,54.0,-0.549,-0.32,-0.45
2015-10-16,-0.051,-0.149,-0.116,0.021,0.129,15.05,28118.80154504645,0.518181818181818,-0.2,0.3,0.05,1.719151,-0.27328,0.654291,-0.299142,01 Oct 2019,0.0,32.0,432.0,-0.57,-0.53,0.0,35996.0,54.0,-0.549,-0.32,-0.45
2015-10-22,-0.053,-0.148,-0.118,0.019,0.129,14.45,28118.80154504645,0.518181818181818,-0.2,0.3,0.05,1.662263,-0.356391,0.576973,-0.345102,01 Oct 2019,0.0,32.0,432.0,-0.57,-0.53,0.0,35996.0,54.0,-0.549,-0.32,-0.45
2015-10-28,-0.067,-0.146,-0.119,0.006,0.104,14.33,28118.80154504645,0.518181818181818,-0.2,0.3,0.05,1.629699,-0.344984,0.567804,-0.344862,01 Oct 2019,0.0,32.0,432.0,-0.57,-0.53,0.0,35996.0,54.0,-0.549,-0.32,-0.45
2015-11-03,-0.069,-0.15,-0.121,0.003,0.106,14.54,29530.2223614156,0.516190476190476,-0.2,0.3,0.05,1.77679,-0.31903,0.673219,-0.326178,01 Oct 2019,0.0,32.0,432.0,-0.57,-0.53,0.0,35996.0,54.0,-0.549,-0.32,-0.45
2015-11-09,-0.073,-0.151,-0.125,0.001,0.101,16.52,29530.2223614156,0.516190476190476,-0.2,0.3,0.05,2.074078,-0.319474,0.80001,-0.330455,01 Oct 2019,0.0,32.0,432.0,-0.57,-0.53,0.0,35996.0,54.0,-0.549,-0.32,-0.45
2015-11-13,-0.083,-0.155,-0.137,-0.011,0.082,20.08,29530.2223614156,0.516190476190476,-0.2,0.3,0.05,1.873331,-0.368852,0.666982,-0.369608,01 Oct 2019,0.0,32.0,432.0,-0.57,-0.53,0.0,35996.0,54.0,-0.549,-0.32,-0.45
2015-11-19,-0.092,-0.158,-0.149,-0.019,0.074,16.99,29530.2223614156,0.516190476190476,-0.2,0.3,0.05,1.7487,-0.37629,0.595053,-0.356231,01 Oct 2019,0.0,32.0,432.0,-0.57,-0.53,0.0,35996.0,54.0,-0.549,-0.32,-0.45
2015-11-25,-0.104,-0.161,-0.156,-0.031,0.06,15.19,29530.2223614156,0.516190476190476,-0.2,0.3,0.05,1.737503,-0.414808,0.572968,-0.403151,01 Oct 2019,0.0,32.0,432.0,-0.57,-0.53,0.0,35996.0,54.0,-0.549,-0.32,-0.45
2015-12-01,-0.116,-0.171,-0.161,-0.045,0.045,14.67,29612.694435744863,0.5455,-0.2,0.3,0.05,1.809557,-0.423587,0.585018,-0.42298,01 Oct 2019,0.0,32.0,432.0,-0.57,-0.53,0.0,35996.0,54.0,-0.549,-0.32,-0.45
2015-12-07,-0.113,-0.206,-0.175,-0.031,0.066,15.84,29612.694435744863,0.5455,-0.2,0.3,0.05,1.896991,-0.304916,0.713062,-0.316162,01 Oct 2019,0.0,32.0,432.0,-0.57,-0.53,0.0,35996.0,54.0,-0.549,-0.32,-0.45
2015-12-11,-0.128,-0.239,-0.189,-0.038,0.063,24.39,29612.694435744863,0.5455,-0.3,0.3,0.05,1.82505,-0.354154,0.645013,-0.356973,01 Oct 2019,0.0,32.0,432.0,-0.57,-0.53,0.0,35996.0,54.0,-0.549,-0.32,-0.45
2015-12-17,-0.133,-0.249,-0.198,-0.041,0.059,18.94,29612.694435744863,0.5455,-0.3,0.3,0.05,1.881355,-0.348957,0.731707,-0.378311,01 Oct 2019,0.0,32.0,432.0,-0.57,-0.53,0.0,35996.0,54.0,-0.549,-0.32,-0.45
2015-12-23,-0.131,-0.232,-0.201,-0.041,0.061,15.57,29612.694435744863,0.5455,-0.3,0.3,0.05,1.923516,-0.345068,0.753329,-0.382248,01 Oct 2019,0.0,32.0,432.0,-0.57,-0.53,0.0,35996.0,54.0,-0.549,-0.32,-0.45
2015-12-30,-0.132,-0.246,-0.206,-0.041,0.059,17.29,29612.694435744863,0.5455,-0.3,0.3,0.05,1.976069,-0.348207,0.76897,-0.396811,01 Oct 2019,0.0,32.0,432.0,-0.57,-0.53,0.0,35996.0,54.0,-0.549,-0.32,-0.45
2016-01-06,-0.136,-0.256,-0.214,-0.044,0.056,20.59,27442.321745484915,0.4305,-0.3,0.3,0.05,1.858642,-0.38412,0.663953,-0.424328,01 Oct 2019,0.0,32.0,432.0,-0.57,-0.53,0.0,35996.0,54.0,-0.549,-0.32,-0.45
2016-01-12,-0.144,-0.261,-0.22,-0.053,0.048,22.47,27442.321745484915,0.4305,-0.3,0.3,0.05,1.886452,-0.379664,0.726434,-0.427354,01 Oct 2019,0.0,32.0,432.0,-0.57,-0.53,0.0,35996.0,54.0,-0.549,-0.32,-0.45
2016-01-18,-0.142,-0.262,-0.222,-0.054,0.049,22.47,27442.321745484915,0.4305,-0.3,0.3,0.05,1.791586,-0.395998,0.632434,-0.415988,01 Oct 2019,0.0,32.0,432.0,-0.57,-0.53,0.0,35996.0,54.0,-0.549,-0.32,-0.45
2016-01-22,-0.152,-0.263,-0.231,-0.074,0.032,22.34,27442.321745484915,0.4305,-0.3,0.3,0.05,1.784325,-0.44502,0.59149,-0.432537,01 Oct 2019,0.0,32.0,432.0,-0.57,-0.53,0.0,35996.0,54.0,-0.549,-0.32,-0.45
2016-01-28,-0.16,-0.262,-0.229,-0.083,0.022,22.42,27442.321745484915,0.4305,-0.3,0.3,0.05,1.625058,-0.443054,0.49815,-0.428203,01 Oct 2019,0.0,32.0,432.0,-0.57,-0.53,0.0,35996.0,54.0,-0.549,-0.32,-0.45
2016-02-03,-0.162,-0.262,-0.232,-0.096,0.008,21.65,22848.94039043741,0.172857142857143,-0.3,0.3,0.05,1.49665,-0.476908,0.405749,-0.452116,01 Oct 2019,0.0,32.0,432.0,-0.57,-0.53,0.0,35996.0,54.0,-0.549,-0.32,-0.45
2016-02-09,-0.171,-0.265,-0.237,-0.109,-0.004,26.54,22848.94039043741,0.172857142857143,-0.3,0.3,0.05,1.361992,-0.507895,0.359516,-0.485457,01 Oct 2019,0.0,32.0,432.0,-0.57,-0.53,0.0,35996.0,54.0,-0.549,-0.32,-0.45
2016-02-15,-0.183,-0.267,-0.241,-0.116,-0.008,26.54,22848.94039043741,0.172857142857143,-0.3,0.3,0.05,1.382769,-0.506982,0.361146,-0.477785,01 Oct 2019,0.0,32.0,432.0,-0.57,-0.53,0.0,35996.0,54.0,-0.549,-0.32,-0.45
2016-02-19,-0.198,-0.268,-0.255,-0.125,-0.017,20.53,22848.94039043741,0.172857142857143,-0.3,0.3,0.05,1.308366,-0.515701,0.29888,-0.490351,01 Oct 2019,0.0,32.0,432.0,-0.57,-0.53,0.0,35996.0,54.0,-0.549,-0.32,-0.45
2016-02-25,-0.201,-0.265,-0.262,-0.128,-0.015,19.11,22848.94039043741,0.172857142857143,-0.3,0.3,0.05,1.243048,-0.510075,0.258033,-0.489518,01 Oct 2019,0.0,32.0,432.0,-0.57,-0.53,0.0,35996.0,54.0,-0.549,-0.32,-0.45
2016-03-02,-0.208,-0.269,-0.273,-0.134,-0.024,17.09,21814.38563524376,0.171428571428571,-0.3,0.3,0.05,1.415489,-0.531296,0.308599,-0.503896,01 Oct 2019,0.0,32.0,432.0,-0.57,-0.53,0.0,35996.0,54.0,-0.549,-0.32,-0.45
2016-03-08,-0.221,-0.272,-0.287,-0.138,-0.025,18.67,21814.38563524376,0.171428571428571,-0.3,0.3,0.05,1.405625,-0.553895,0.289074,-0.511662,01 Oct 2019,0.0,32.0,432.0,-0.57,-0.53,0.0,35996.0,54.0,-0.549,-0.32,-0.45
2016-03-14,-0.226,-0.324,-0.311,-0.131,-0.008,16.92,21814.38563524376,0.171428571428571,-0.3,0.3,0.05,1.406998,-0.466642,0.356741,-0.457164,01 Oct 2019,0.0,32.0,432.0,-0.57,-0.53,0.0,35996.0,54.0,-0.549,-0.32,-0.45
2016-03-18,-0.235,-0.344,-0.324,-0.131,-0.003,14.02,21814.38563524376,0.171428571428571,-0.4,0.25,0.0,1.291552,-0.487585,0.302116,-0.479809,01 Oct 2019,0.0,32.0,432.0,-0.57,-0.53,0.0,35996.0,54.0,-0.549,-0.32,-0.45
2016-03-24,-0.242,-0.349,-0.331,-0.134,-0.005,14.74,21814.38563524376,0.171428571428571,-0.4,0.25,0.0,1.25075,-0.491677,0.286489,-0.477216,01 Oct 2019,0.0,32.0,432.0,-0.57,-0.53,0.0,35996.0,54.0,-0.549,-0.32,-0.45
2016-04-01,-0.245,-0.356,-0.335,-0.131,-0.002,13.1,21824.825138323413,0.134285714285714,-0.4,0.25,0.0,1.147993,-0.49179,0.225442,-0.483781,01 Oct 2019,0.0,32.0,432.0,-0.57,-0.53,0.0,35996.0,54.0,-0.549,-0.32,-0.45
2016-04-07,-0.247,-0.359,-0.339,-0.134,-0.007,16.16,21824.825138323413,0.134285714285714,-0.4,0.25,0.0,1.081144,-0.470664,0.18575,-0.497821,01 Oct 2019,0.0,32.0,432.0,-0.57,-0.53,0.0,35996.0,54.0,-0.549,-0.32,-0.45
2016-04-13,-0.249,-0.36,-0.342,-0.138,-0.013,13.84,21824.825138323413,0.134285714285714,-0.4,0.25,0.0,1.188621,-0.456825,0.203506,-0.512722,01 Oct 2019,0.0,32.0,432.0,-0.57,-0.53,0.0,35996.0,54.0,-0.549,-0.32,-0.45
2016-04-19,-0.25,-0.36,-0.343,-0.139,-0.011,13.24,21824.825138323413,0.134285714285714,-0.4,0.25,0.0,1.22328,-0.466771,0.228404,-0.52569,01 Oct 2019,0.0,32.0,432.0,-0.57,-0.53,0.0,35996.0,54.0,-0.549,-0.32,-0.45
2016-04-25,-0.25,-0.358,-0.343,-0.144,-0.013,14.08,21824.825138323413,0.134285714285714,-0.4,0.25,0.0,1.385545,-0.466261,0.327169,-0.522389,01 Oct 2019,0.0,32.0,432.0,-0.57,-0.53,0.0,35996.0,54.0,-0.549,-0.32,-0.45
2016-04-29,-0.251,-0.359,-0.344,-0.141,-0.012,15.7,21824.825138323413,0.134285714285714,-0.4,0.25,0.0,1.391481,-0.503962,0.343195,-0.518085,01 Oct 2019,0.0,32.0,432.0,-0.57,-0.53,0.0,35996.0,54.0,-0.549,-0.32,-0.45
2016-05-05,-0.255,-0.363,-0.346,-0.144,-0.013,15.91,23261.300762083723,0.132857142857143,-0.4,0.25,0.0,1.239717,-0.528159,0.241569,-0.521752,01 Oct 2019,0.0,32.0,432.0,-0.57,-0.53,0.0,35996.0,54.0,-0.549,-0.32,-0.45
2016-05-11,-0.259,-0.364,-0.35,-0.144,-0.012,14.69,23261.300762083723,0.132857142857143,-0.4,0.25,0.0,1.137994,-0.529785,0.169889,-0.526856,01 Oct 2019,0.0,32.0,432.0,-0.57,-0.53,0.0,35996.0,54.0,-0.549,-0.32,-0.45
2016-05-17,-0.257,-0.361,-0.348,-0.143,-0.011,15.57,23261.300762083723,0.132857142857143,-0.4,0.25,0.0,1.151836,-0.52846,0.186795,-0.532608,01 Oct 2019,0.0,32.0,432.0,-0.57,-0.53,0.0,35996.0,54.0,-0.549,-0.32,-0.45
2016-05-23,-0.258,-0.361,-0.349,-0.144,-0.012,15.82,23261.300762083723,0.132857142857143,-0.4,0.25,0.0,1.21417,-0.522742,0.228587,-0.5396,01 Oct 2019,0.0,32.0,432.0,-0.57,-0.53,0.0,35996.0,54.0,-0.549,-0.32,-0.45
2016-05-27,-0.26,-0.363,-0.349,-0.149,-0.015,13.12,23261.300762083723,0.132857142857143,-0.4,0.25,0.0,1.144276,-0.538384,0.17086,-0.551166,01 Oct 2019,0.0,32.0,432.0,-0.57,-0.53,0.0,35996.0,54.0,-0.549,-0.32,-0.45
2016-06-02,-0.262,-0.363,-0.35,-0.153,-0.017,13.63,23270.69631485541,-0.0168181818181818,-0.4,0.25,0.0,1.106647,-0.537985,0.175786,-0.549601,01 Oct 2019,0.0,32.0,432.0,-0.57,-0.53,0.0,35996.0,54.0,-0.549,-0.32,-0.45
2016-06-08,-0.264,-0.363,-0.352,-0.16,-0.018,14.08,23270.69631485541,-0.0168181818181818,-0.4,0.25,0.0,0.948066,-0.559518,0.097205,-0.554622,01 Oct 2019,0.0,32.0,432.0,-0.57,-0.53,0.0,35996.0,54.0,-0.549,-0.32,-0.45
2016-06-14,-0.262,-0.363,-0.353,-0.159,-0.021,20.5,23270.69631485541,-0.0168181818181818,-0.4,0.25,0.0,0.809713,-0.589558,0.036635,-0.574616,01 Oct 2019,0.0,32.0,432.0,-0.57,-0.53,0.0,35996.0,54.0,-0.549,-0.32,-0.45
2016-06-20,-0.266,-0.366,-0.358,-0.159,-0.028,18.37,23270.69631485541,-0.0168181818181818,-0.4,0.25,0.0,0.92415,-0.600745,0.084387,-0.570248,01 Oct 2019,0.0,32.0,432.0,-0.57,-0.53,0.0,35996.0,54.0,-0.549,-0.32,-0.45
2016-06-24,-0.281,-0.373,-0.364,-0.175,-0.047,25.76,23270.69631485541,-0.0168181818181818,-0.4,0.25,0.0,0.769699,-0.668386,-0.024515,-0.636974,01 Oct 2019,0.0,32.0,432.0,-0.57,-0.53,0.0,35996.0,54.0,-0.549,-0.32,-0.45
2016-06-30,-0.286,-0.371,-0.364,-0.179,-0.051,15.63,18338.031109719177,-0.0168181818181818,-0.4,0.25,0.0,0.60086,-0.66407,-0.104426,-0.649074,01 Oct 2019,0.0,32.0,432.0,-0.57,-0.53,0.0,35996.0,54.0,-0.549,-0.32,-0.45
2016-07-06,-0.293,-0.375,-0.365,-0.189,-0.062,14.96,18338.031109719177,-0.154285714285714,-0.4,0.25,0.0,0.58486,-0.692892,-0.154572,-0.676654,01 Oct 2019,0.0,32.0,432.0,-0.57,-0.53,0.0,35996.0,54.0,-0.549,-0.32,-0.45
2016-07-12,-0.291,-0.377,-0.369,-0.191,-0.061,13.55,18338.031109719177,-0.154285714285714,-0.4,0.25,0.0,0.704084,-0.679436,-0.094686,-0.65823,01 Oct 2019,0.0,32.0,432.0,-0.57,-0.53,0.0,35996.0,54.0,-0.549,-0.32,-0.45
2016-07-18,-0.295,-0.377,-0.371,-0.191,-0.061,12.44,18338.031109719177,-0.154285714285714,-0.4,0.25,0.0,0.752567,-0.673638,-0.075358,-0.653492,01 Oct 2019,0.0,32.0,432.0,-0.57,-0.53,0.0,35996.0,54.0,-0.549,-0.32,-0.45
2016-07-22,-0.297,-0.377,-0.371,-0.189,-0.05,12.02,18338.031109719177,-0.154285714285714,-0.4,0.25,0.0,0.747748,-0.642112,-0.052533,-0.631379,01 Oct 2019,0.0,32.0,432.0,-0.57,-0.53,0.0,35996.0,54.0,-0.549,-0.32,-0.45
2016-07-28,-0.296,-0.377,-0.371,-0.186,-0.049,12.72,18338.031109719177,-0.154285714285714,-0.4,0.25,0.0,0.589507,-0.642062,-0.121802,-0.644523,01 Oct 2019,0.0,32.0,432.0,-0.57,-0.53,0.0,35996.0,54.0,-0.549,-0.32,-0.45
2016-08-03,-0.299,-0.375,-0.371,-0.183,-0.047,12.86,19982.25284476459,-0.131739130434783,-0.4,0.25,0.0,0.634349,-0.625496,-0.093508,-0.636598,01 Oct 2019,0.0,32.0,432.0,-0.57,-0.53,0.0,35996.0,54.0,-0.549,-0.32,-0.45
2016-08-09,-0.298,-0.379,-0.369,-0.187,-0.047,11.66,19982.25284476459,-0.131739130434783,-0.4,0.25,0.0,0.655585,-0.652149,-0.113569,-0.640569,01 Oct 2019,0.0,32.0,432.0,-0.57,-0.53,0.0,35996.0,54.0,-0.549,-0.32,-0.45
2016-08-15,-0.298,-0.379,-0.369,-0.189,-0.05,11.81,19982.25284476459,-0.131739130434783,-0.4,0.25,0.0,0.651244,-0.639886,-0.113898,-0.633385,01 Oct 2019,0.0,32.0,432.0,-0.57,-0.53,0.0,35996.0,54.0,-0.549,-0.32,-0.45
2016-08-19,-0.298,-0.379,-0.369,-0.189,-0.047,11.34,19982.25284476459,-0.131739130434783,-0.4,0.25,0.0,0.648418,-0.639499,-0.108128,-0.629172,01 Oct 2019,0.0,32.0,432.0,-0.57,-0.53,0.0,35996.0,54.0,-0.549,-0.32,-0.45
2016-08-25,-0.298,-0.378,-0.37,-0.192,-0.049,13.63,19982.25284476459,-0.131739130434783,-0.4,0.25,0.0,0.66356,-0.640764,-0.097985,-0.635439,01 Oct 2019,0.0,32.0,432.0,-0.57,-0.53,0.0,35996.0,54.0,-0.549,-0.32,-0.45
2016-08-31,-0.299,-0.38,-0.372,-0.192,-0.052,13.42,21312.24553711243,-0.131739130434783,-0.4,0.25,0.0,0.638905,-0.649854,-0.117694,-0.643433,01 Oct 2019,0.0,32.0,432.0,-0.57,-0.53,0.0,35996.0,54.0,-0.549,-0.32,-0.45
2016-09-06,-0.303,-0.381,-0.372,-0.197,-0.054,12.02,21312.24553711243,-0.0840909090909091,-0.4,0.25,0.0,0.71126,-0.674164,-0.105098,-0.655338,01 Oct 2019,0.0,32.0,432.0,-0.57,-0.53,0.0,35996.0,54.0,-0.549,-0.32,-0.45
2016-09-12,-0.303,-0.379,-0.371,-0.198,-0.057,15.16,21312.24553711243,-0.0840909090909091,-0.4,0.25,0.0,0.848169,-0.64721,-0.002604,-0.629546,01 Oct 2019,0.0,32.0,432.0,-0.57,-0.53,0.0,35996.0,54.0,-0.549,-0.32,-0.45
2016-09-16,-0.301,-0.381,-0.371,-0.201,-0.054,15.37,21312.24553711243,-0.0840909090909091,-0.4,0.25,0.0,0.892172,-0.668202,-0.00723,-0.648231,01 Oct 2019,0.0,32.0,432.0,-0.57,-0.53,0.0,35996.0,54.0,-0.549,-0.32,-0.45
2016-09-22,-0.301,-0.378,-0.371,-0.201,-0.059,12.02,21312.24553711243,-0.0840909090909091,-0.4,0.25,0.0,0.719014,-0.682801,-0.09653,-0.661597,01 Oct 2019,0.0,32.0,432.0,-0.57,-0.53,0.0,35996.0,54.0,-0.549,-0.32,-0.45
2016-09-28,-0.302,-0.378,-0.371,-0.202,-0.061,12.39,21312.24553711243,-0.0840909090909091,-0.4,0.25,0.0,0.635164,-0.722986,-0.166124,-0.721464,01 Oct 2019,0.0,32.0,432.0,-0.57,-0.53,0.0,35996.0,54.0,-0.549,-0.32,-0.45
2016-10-04,-0.301,-0.381,-0.372,-0.202,-0.064,13.63,20509.447750287083,0.002,-0.4,0.25,0.0,0.704254,-0.71181,-0.11533,-0.725634,01 Oct 2019,0.0,32.0,432.0,-0.57,-0.53,0.0,35996.0,54.0,-0.549,-0.32,-0.45
2016-10-10,-0.305,-0.381,-0.371,-0.203,-0.064,13.38,20509.447750287083,0.002,-0.4,0.25,0.0,0.92527,-0.694419,0.026097,-0.729482,01 Oct 2019,0.0,32.0,432.0,-0.57,-0.53,0.0,35996.0,54.0,-0.549,-0.32,-0.45
2016-10-14,-0.311,-0.379,-0.371,-0.204,-0.072,16.12,20509.447750287083,0.002,-0.4,0.25,0.0,0.913882,-0.698872,0.032679,-0.732629,01 Oct 2019,0.0,32.0,432.0,-0.57,-0.53,0.0,35996.0,54.0,-0.549,-0.32,-0.45
2016-10-20,-0.313,-0.381,-0.372,-0.211,-0.073,13.75,20509.447750287083,0.002,-0.4,0.25,0.0,0.836381,-0.704145,-0.006982,-0.752107,01 Oct 2019,0.0,32.0,432.0,-0.57,-0.53,0.0,35996.0,54.0,-0.549,-0.32,-0.45
2016-10-26,-0.313,-0.381,-0.372,-0.212,-0.07,14.24,20509.447750287083,0.002,-0.4,0.25,0.0,0.952007,-0.67293,0.069673,-0.737049,01 Oct 2019,0.0,32.0,432.0,-0.57,-0.53,0.0,35996.0,54.0,-0.549,-0.32,-0.45
2016-11-01,-0.313,-0.379,-0.374,-0.211,-0.069,18.56,23198.663743605804,0.189090909090909,-0.4,0.25,0.0,1.094878,-0.64922,0.176821,-0.702304,01 Oct 2019,0.0,32.0,432.0,-0.57,-0.53,0.0,35996.0,54.0,-0.549,-0.32,-0.45
2016-11-07,-0.312,-0.379,-0.373,-0.211,-0.07,18.71,23198.663743605804,0.189090909090909,-0.4,0.25,0.0,1.029448,-0.679257,0.142677,-0.741747,01 Oct 2019,0.0,32.0,432.0,-0.57,-0.53,0.0,35996.0,54.0,-0.549,-0.32,-0.45
2016-11-11,-0.312,-0.379,-0.374,-0.21,-0.069,14.17,23198.663743605804,0.189090909090909,-0.4,0.25,0.0,1.283029,-0.656325,0.31346,-0.744166,01 Oct 2019,0.0,32.0,432.0,-0.57,-0.53,0.0,35996.0,54.0,-0.549,-0.32,-0.45
2016-11-17,-0.312,-0.379,-0.372,-0.215,-0.075,13.35,23198.663743605804,0.189090909090909,-0.4,0.25,0.0,1.258454,-0.691487,0.326136,-0.731366,01 Oct 2019,0.0,32.0,432.0,-0.57,-0.53,0.0,35996.0,54.0,-0.549,-0.32,-0.45
2016-11-23,-0.313,-0.381,-0.373,-0.22,-0.078,12.43,23198.663743605804,0.189090909090909,-0.4,0.25,0.0,1.314885,-0.737699,0.329146,-0.762316,01 Oct 2019,0.0,32.0,432.0,-0.57,-0.53,0.0,35996.0,54.0,-0.549,-0.32,-0.45
2016-11-29,-0.314,-0.381,-0.372,-0.219,-0.079,12.9,23198.663743605804,0.189090909090909,-0.4,0.25,0.0,1.282706,-0.799736,0.272263,-0.802319,01 Oct 2019,0.0,32.0,432.0,-0.57,-0.53,0.0,35996.0,54.0,-0.549,-0.32,-0.45
2016-12-05,-0.313,-0.38,-0.373,-0.218,-0.078,12.14,23338.55308487316,0.251904761904762,-0.4,0.25,0.0,1.418915,-0.752894,0.384298,-0.779228,01 Oct 2019,0.0,32.0,432.0,-0.57,-0.53,0.0,35996.0,54.0,-0.549,-0.32,-0.45
2016-12-09,-0.316,-0.379,-0.371,-0.217,-0.081,11.75,23338.55308487316,0.251904761904762,-0.4,0.25,0.0,1.581118,-0.79042,0.392885,-0.797781,01 Oct 2019,0.0,32.0,432.0,-0.57,-0.53,0.0,35996.0,54.0,-0.549,-0.32,-0.45
2016-12-15,-0.316,-0.381,-0.37,-0.217,-0.081,12.79,23338.55308487316,0.251904761904762,-0.4,0.25,0.0,1.599119,-0.799379,0.411561,-0.770923,01 Oct 2019,0.0,32.0,432.0,-0.57,-0.53,0.0,35996.0,54.0,-0.549,-0.32,-0.45
2016-12-21,-0.315,-0.379,-0.369,-0.216,-0.082,11.27,23338.55308487316,0.251904761904762,-0.4,0.25,0.0,1.400496,-0.798075,0.30962,-0.798751,01 Oct 2019,0.0,32.0,432.0,-0.57,-0.53,0.0,35996.0,54.0,-0.549,-0.32,-0.45
2016-12-28,-0.319,-0.369,-0.366,-0.221,-0.082,12.95,23338.55308487316,0.251904761904762,-0.4,0.25,0.0,1.321097,-0.823744,0.256049,-0.846919,01 Oct 2019,0.0,32.0,432.0,-0.57,-0.53,0.0,35996.0,54.0,-0.549,-0.32,-0.45
2017-01-03,-0.319,-0.374,-0.37,-0.221,-0.084,12.85,26180.185823154818,0.250909090909091,-0.4,0.25,0.0,1.440636,-0.814979,0.31561,-0.778623,01 Oct 2019,0.0,32.0,432.0,-0.57,-0.53,0.0,35996.0,54.0,-0.549,-0.32,-0.45
2017-01-09,-0.322,-0.379,-0.371,-0.23,-0.088,11.56,26180.185823154818,0.250909090909091,-0.4,0.25,0.0,1.477295,-0.764912,0.347276,-0.751347,01 Oct 2019,0.0,32.0,432.0,-0.57,-0.53,0.0,35996.0,54.0,-0.549,-0.32,-0.45
2017-01-13,-0.327,-0.379,-0.372,-0.236,-0.094,11.23,26180.185823154818,0.250909090909091,-0.4,0.25,0.0,1.486247,-0.758606,0.329043,-0.775024,01 Oct 2019,0.0,32.0,432.0,-0.57,-0.53,0.0,35996.0,54.0,-0.549,-0.32,-0.45
2017-01-19,-0.329,-0.38,-0.372,-0.24,-0.1,12.78,26180.185823154818,0.250909090909091,-0.4,0.25,0.0,1.573181,-0.749878,0.402441,-0.746078,01 Oct 2019,0.0,32.0,432.0,-0.57,-0.53,0.0,35996.0,54.0,-0.549,-0.32,-0.45
2017-01-25,-0.328,-0.379,-0.372,-0.242,-0.101,10.81,26180.185823154818,0.250909090909091,-0.4,0.25,0.0,1.694317,-0.686769,0.488779,-0.64568,01 Oct 2019,0.0,32.0,432.0,-0.57,-0.53,0.0,35996.0,54.0,-0.549,-0.32,-0.45
2017-01-31,-0.327,-0.379,-0.372,-0.243,-0.101,11.99,26283.536903643384,0.250909090909091,-0.4,0.25,0.0,1.627684,-0.718941,0.496979,-0.70255,01 Oct 2019,0.0,32.0,432.0,-0.57,-0.53,0.0,35996.0,54.0,-0.549,-0.32,-0.45
2017-02-06,-0.328,-0.379,-0.373,-0.244,-0.101,11.37,26283.536903643384,0.258,-0.4,0.25,0.0,1.577125,-0.813982,0.40808,-0.768145,01 Oct 2019,0.0,32.0,432.0,-0.57,-0.53,0.0,35996.0,54.0,-0.549,-0.32,-0.45
2017-02-10,-0.329,-0.379,-0.371,-0.24,-0.101,10.85,26283.536903643384,0.258,-0.4,0.25,0.0,1.59125,-0.8251,0.399113,-0.776355,01 Oct 2019,0.0,32.0,432.0,-0.57,-0.53,0.0,35996.0,54.0,-0.549,-0.32,-0.45
2017-02-16,-0.328,-0.379,-0.372,-0.239,-0.106,11.76,26283.536903643384,0.258,-0.4,0.25,0.0,1.648437,-0.813265,0.417139,-0.799675,01 Oct 2019,0.0,32.0,432.0,-0.57,-0.53,0.0,35996.0,54.0,-0.549,-0.32,-0.45
2017-02-22,-0.33,-0.379,-0.371,-0.239,-0.111,11.74,26283.536903643384,0.258,-0.4,0.25,0.0,1.5378,-0.934684,0.308911,-0.874594,01 Oct 2019,0.0,32.0,432.0,-0.57,-0.53,0.0,35996.0,54.0,-0.549,-0.32,-0.45
2017-02-28,-0.33,-0.378,-0.371,-0.239,-0.114,12.92,25394.09124125692,0.258,-0.4,0.25,0.0,1.457861,-0.916928,0.252148,-0.881034,01 Oct 2019,0.0,32.0,432.0,-0.57,-0.53,0.0,35996.0,54.0,-0.549,-0.32,-0.45
2017-03-06,-0.329,-0.379,-0.374,-0.241,-0.111,11.24,25394.09124125692,0.348260869565217,-0.4,0.25,0.0,1.561281,-0.861411,0.371804,-0.863521,01 Oct 2019,0.0,32.0,432.0,-0.57,-0.53,0.0,35996.0,54.0,-0.549,-0.32,-0.45
2017-03-10,-0.329,-0.379,-0.372,-0.241,-0.109,11.66,25394.09124125692,0.348260869565217,-0.4,0.25,0.0,1.734948,-0.88183,0.503834,-0.907851,01 Oct 2019,0.0,32.0,432.0,-0.57,-0.53,0.0,35996.0,54.0,-0.549,-0.32,-0.45
2017-03-16,-0.329,-0.379,-0.371,-0.241,-0.111,11.21,25394.09124125692,0.348260869565217,-0.4,0.25,0.0,1.651798,-0.827804,0.497902,-0.858116,01 Oct 2019,0.0,32.0,432.0,-0.57,-0.53,0.0,35996.0,54.0,-0.549,-0.32,-0.45
2017-03-22,-0.33,-0.38,-0.373,-0.242,-0.106,12.81,25394.09124125692,0.348260869565217,-0.4,0.25,0.0,1.546164,-0.800218,0.437988,-0.827612,01 Oct 2019,0.0,32.0,432.0,-0.57,-0.53,0.0,35996.0,54.0,-0.549,-0.32,-0.45
2017-03-28,-0.33,-0.38,-0.373,-0.242,-0.11,11.53,25394.09124125692,0.348260869565217,-0.4,0.25,0.0,1.520668,-0.734929,0.426598,-0.781527,01 Oct 2019,0.0,32.0,432.0,-0.57,-0.53,0.0,35996.0,54.0,-0.549,-0.32,-0.45
2017-04-03,-0.33,-0.379,-0.372,-0.243,-0.111,12.38,28443.470090823677,0.225555555555556,-0.4,0.25,0.0,1.528392,-0.820877,0.368814,-0.780192,01 Oct 2019,0.0,32.0,432.0,-0.57,-0.53,0.0,35996.0,54.0,-0.549,-0.32,-0.45
2017-04-07,-0.33,-0.38,-0.373,-0.241,-0.116,12.87,28443.470090823677,0.225555555555556,-0.4,0.25,0.0,1.402934,-0.835281,0.273969,-0.809507,01 Oct 2019,0.0,32.0,432.0,-0.57,-0.53,0.0,35996.0,54.0,-0.549,-0.32,-0.45
2017-04-13,-0.331,-0.38,-0.372,-0.246,-0.12,15.96,28443.470090823677,0.225555555555556,-0.4,0.25,0.0,1.332024,-0.893423,0.234562,-0.834835,01 Oct 2019,0.0,32.0,432.0,-0.57,-0.53,0.0,35996.0,54.0,-0.549,-0.32,-0.45
2017-04-21,-0.331,-0.379,-0.371,-0.249,-0.124,14.63,28443.470090823677,0.225555555555556,-0.4,0.25,0.0,1.342438,-0.809171,0.302579,-0.808445,01 Oct 2019,0.0,32.0,432.0,-0.57,-0.53,0.0,35996.0,54.0,-0.549,-0.32,-0.45
2017-04-27,-0.329,-0.379,-0.373,-0.248,-0.121,10.36,28443.470090823677,0.225555555555556,-0.4,0.25,0.0,1.47353,-0.747366,0.379178,-0.771133,01 Oct 2019,0.0,32.0,432.0,-0.57,-0.53,0.0,35996.0,54.0,-0.549,-0.32,-0.45
2017-05-04,-0.329,-0.379,-0.374,-0.25,-0.126,10.46,29654.452448063472,0.336363636363636,-0.4,0.25,0.0,1.55963,-0.742799,0.433481,-0.770977,01 Oct 2019,0.0,32.0,432.0,-0.57,-0.53,0.0,35996.0,54.0,-0.549,-0.32,-0.45
2017-05-10,-0.329,-0.38,-0.374,-0.249,-0.124,10.21,29654.452448063472,0.336363636363636,-0.4,0.25,0.0,1.58294,-0.709091,0.456886,-0.742006,01 Oct 2019,0.0,32.0,432.0,-0.57,-0.53,0.0,35996.0,54.0,-0.549,-0.32,-0.45
2017-05-16,-0.331,-0.379,-0.371,-0.25,-0.128,10.65,29654.452448063472,0.336363636363636,-0.4,0.25,0.0,1.651377,-0.666119,0.491834,-0.699359,01 Oct 2019,0.0,32.0,432.0,-0.57,-0.53,0.0,35996.0,54.0,-0.549,-0.32,-0.45
2017-05-22,-0.329,-0.379,-0.374,-0.251,-0.129,10.93,29654.452448063472,0.336363636363636,-0.4,0.25,0.0,1.626493,-0.699849,0.457936,-0.706539,01 Oct 2019,0.0,32.0,432.0,-0.57,-0.53,0.0,35996.0,54.0,-0.549,-0.32,-0.45
2017-05-26,-0.329,-0.379,-0.371,-0.254,-0.13,9.81,29654.452448063472,0.336363636363636,-0.4,0.25,0.0,1.560514,-0.726239,0.40318,-0.718198,01 Oct 2019,0.0,32.0,432.0,-0.57,-0.53,0.0,35996.0,54.0,-0.549,-0.32,-0.45
2017-06-01,-0.329,-0.379,-0.374,-0.254,-0.131,9.89,29452.97003862616,0.25047619047619,-0.4,0.25,0.0,1.577341,-0.753539,0.38851,-0.743474,01 Oct 2019,0.0,32.0,432.0,-0.57,-0.53,0.0,35996.0,54.0,-0.549,-0.32,-0.45
2017-06-07,-0.329,-0.379,-0.371,-0.259,-0.134,10.39,29452.97003862616,0.25047619047619,-0.4,0.25,0.0,1.508632,-0.787792,0.339493,-0.758923,01 Oct 2019,0.0,32.0,432.0,-0.57,-0.53,0.0,35996.0,54.0,-0.549,-0.32,-0.45
2017-06-13,-0.331,-0.379,-0.373,-0.27,-0.149,10.42,29452.97003862616,0.25047619047619,-0.4,0.25,0.0,1.501799,-0.74615,0.345027,-0.724097,01 Oct 2019,0.0,32.0,432.0,-0.57,-0.53,0.0,35996.0,54.0,-0.549,-0.32,-0.45
2017-06-19,-0.329,-0.38,-0.374,-0.271,-0.156,10.37,29452.97003862616,0.25047619047619,-0.4,0.25,0.0,1.496491,-0.685004,0.365865,-0.689756,01 Oct 2019,0.0,32.0,432.0,-0.57,-0.53,0.0,35996.0,54.0,-0.549,-0.32,-0.45
2017-06-23,-0.331,-0.38,-0.374,-0.273,-0.163,10.02,29452.97003862616,0.25047619047619,-0.4,0.25,0.0,1.413545,-0.663027,0.331197,-0.679051,01 Oct 2019,0.0,32.0,432.0,-0.57,-0.53,0.0,35996.0,54.0,-0.549,-0.32,-0.45
2017-06-29,-0.331,-0.379,-0.373,-0.27,-0.156,11.44,29452.97003862616,0.25047619047619,-0.4,0.25,0.0,1.585564,-0.614994,0.508294,-0.663909,01 Oct 2019,0.0,32.0,432.0,-0.57,-0.53,0.0,35996.0,54.0,-0.549,-0.32,-0.45
2017-07-05,-0.331,-0.379,-0.373,-0.274,-0.16,11.07,29806.86919302641,0.455714285714286,-0.4,0.25,0.0,1.709823,-0.61624,0.565135,-0.653008,01 Oct 2019,0.0,32.0,432.0,-0.57,-0.53,0.0,35996.0,54.0,-0.549,-0.32,-0.45
2017-07-11,-0.331,-0.378,-0.374,-0.273,-0.155,10.89,29806.86919302641,0.455714285714286,-0.4,0.25,0.0,1.776722,-0.641125,0.642235,-0.665831,01 Oct 2019,0.0,32.0,432.0,-0.57,-0.53,0.0,35996.0,54.0,-0.549,-0.32,-0.45
2017-07-17,-0.33,-0.379,-0.373,-0.274,-0.151,9.82,29806.86919302641,0.455714285714286,-0.4,0.25,0.0,1.727579,-0.672111,0.600842,-0.692422,01 Oct 2019,0.0,32.0,432.0,-0.57,-0.53,0.0,35996.0,54.0,-0.549,-0.32,-0.45
2017-07-21,-0.331,-0.379,-0.374,-0.272,-0.152,9.36,29806.86919302641,0.455714285714286,-0.4,0.25,0.0,1.678532,-0.673135,0.535187,-0.698686,01 Oct 2019,0.0,32.0,432.0,-0.57,-0.53,0.0,35996.0,54.0,-0.549,-0.32,-0.45
2017-07-27,-0.329,-0.38,-0.371,-0.272,-0.153,10.11,29806.86919302641,0.455714285714286,-0.4,0.25,0.0,1.720162,-0.704551,0.557976,-0.706834,01 Oct 2019,0.0,32.0,432.0,-0.57,-0.53,0.0,35996.0,54.0,-0.549,-0.32,-0.45
2017-08-02,-0.331,-0.379,-0.373,-0.273,-0.153,10.28,30905.10491700595,0.346086956521739,-0.4,0.25,0.0,1.660053,-0.71556,0.517289,-0.703521,01 Oct 2019,0.0,32.0,432.0,-0.57,-0.53,0.0,35996.0,54.0,-0.549,-0.32,-0.45
2017-08-08,-0.328,-0.379,-0.374,-0.269,-0.152,10.96,30905.10491700595,0.346086956521739,-0.4,0.25,0.0,1.626256,-0.696263,0.500081,-0.701547,01 Oct 2019,0.0,32.0,432.0,-0.57,-0.53,0.0,35996.0,54.0,-0.549,-0.32,-0.45
2017-08-14,-0.329,-0.379,-0.372,-0.271,-0.158,12.33,30905.10491700595,0.346086956521739,-0.4,0.25,0.0,1.566965,-0.741289,0.445465,-0.733191,01 Oct 2019,0.0,32.0,432.0,-0.57,-0.53,0.0,35996.0,54.0,-0.549,-0.32,-0.45
2017-08-18,-0.329,-0.379,-0.371,-0.271,-0.158,14.26,30905.10491700595,0.346086956521739,-0.4,0.25,0.0,1.536001,-0.732433,0.427469,-0.728753,01 Oct 2019,0.0,32.0,432.0,-0.57,-0.53,0.0,35996.0,54.0,-0.549,-0.32,-0.45
2017-08-24,-0.329,-0.379,-0.371,-0.272,-0.159,12.23,30905.10491700595,0.346086956521739,-0.4,0.25,0.0,1.518981,-0.750353,0.401918,-0.749711,01 Oct 2019,0.0,32.0,432.0,-0.57,-0.53,0.0,35996.0,54.0,-0.549,-0.32,-0.45
2017-08-30,-0.33,-0.379,-0.372,-0.273,-0.161,11.22,30905.10491700595,0.346086956521739,-0.4,0.25,0.0,1.525017,-0.748135,0.400036,-0.754572,01 Oct 2019,0.0,32.0,432.0,-0.57,-0.53,0.0,35996.0,54.0,-0.549,-0.32,-0.45
2017-09-05,-0.329,-0.378,-0.372,-0.274,-0.161,12.23,29961.37383860528,0.347142857142857,-0.4,0.25,0.0,1.550239,-0.787877,0.392738,-0.778813,01 Oct 2019,0.0,32.0,432.0,-0.57,-0.53,0.0,35996.0,54.0,-0.549,-0.32,-0.45
2017-09-11,-0.331,-0.379,-0.373,-0.274,-0.168,10.73,29961.37383860528,0.347142857142857,-0.4,0.25,0.0,1.5335,-0.789653,0.374887,-0.778495,01 Oct 2019,0.0,32.0,432.0,-0.57,-0.53,0.0,35996.0,54.0,-0.549,-0.32,-0.45
2017-09-15,-0.329,-0.38,-0.371,-0.271,-0.171,10.17,29961.37383860528,0.347142857142857,-0.4,0.25,0.0,1.633746,-0.741331,0.47689,-0.739234,01 Oct 2019,0.0,32.0,432.0,-0.57,-0.53,0.0,35996.0,54.0,-0.549,-0.32,-0.45
2017-09-21,-0.33,-0.38,-0.373,-0.272,-0.171,9.67,29961.37383860528,0.347142857142857,-0.4,0.25,0.0,1.640728,-0.720761,0.493025,-0.752025,01 Oct 2019,0.0,32.0,432.0,-0.57,-0.53,0.0,35996.0,54.0,-0.549,-0.32,-0.45
2017-09-27,-0.329,-0.379,-0.372,-0.273,-0.171,9.87,29961.37383860528,0.347142857142857,-0.4,0.25,0.0,1.686419,-0.728235,0.517925,-0.757494,01 Oct 2019,0.0,32.0,432.0,-0.57,-0.53,0.0,35996.0,54.0,-0.549,-0.32,-0.45
2017-10-03,-0.33,-0.38,-0.373,-0.273,-0.171,9.51,31549.222257020563,0.3725,-0.4,0.25,0.0,1.681184,-0.741773,0.515484,-0.75739,01 Oct 2019,0.0,32.0,432.0,-0.57,-0.53,0.0,35996.0,54.0,-0.549,-0.32,-0.45
2017-10-09,-0.329,-0.379,-0.373,-0.274,-0.176,10.33,31549.222257020563,0.3725,-0.4,0.25,0.0,1.637959,-0.751431,0.495594,-0.748262,01 Oct 2019,0.0,32.0,432.0,-0.57,-0.53,0.0,35996.0,54.0,-0.549,-0.32,-0.45
2017-10-13,-0.329,-0.381,-0.371,-0.274,-0.181,9.61,31549.222257020563,0.3725,-0.4,0.25,0.0,1.623715,-0.758844,0.461155,-0.77715,01 Oct 2019,0.0,32.0,432.0,-0.57,-0.53,0.0,35996.0,54.0,-0.549,-0.32,-0.45
2017-10-19,-0.329,-0.381,-0.373,-0.274,-0.183,10.05,31549.222257020563,0.3725,-0.4,0.25,0.0,1.589503,-0.769049,0.443334,-0.789702,01 Oct 2019,0.0,32.0,432.0,-0.57,-0.53,0.0,35996.0,54.0,-0.549,-0.32,-0.45
2017-10-25,-0.331,-0.379,-0.373,-0.274,-0.183,11.23,31549.222257020563,0.3725,-0.4,0.25,0.0,1.709159,-0.731269,0.542535,-0.758527,01 Oct 2019,0.0,32.0,432.0,-0.57,-0.53,0.0,35996.0,54.0,-0.549,-0.32,-0.45
2017-10-31,-0.331,-0.379,-0.372,-0.276,-0.185,10.18,30989.664891951143,0.3725,-0.4,0.25,0.0,1.610108,-0.775815,0.43855,-0.787721,01 Oct 2019,0.0,32.0,432.0,-0.57,-0.53,0.0,35996.0,54.0,-0.549,-0.44,-0.44
2017-11-06,-0.329,-0.379,-0.371,-0.276,-0.191,9.4,30989.664891951143,0.308181818181818,-0.4,0.25,0.0,1.569189,-0.772096,0.400209,-0.781843,01 Oct 2019,0.0,32.0,432.0,-0.57,-0.53,0.0,35996.0,54.0,-0.549,-0.44,-0.44
2017-11-10,-0.329,-0.379,-0.371,-0.275,-0.191,11.29,30989.664891951143,0.308181818181818,-0.4,0.25,0.0,1.646046,-0.783207,0.459161,-0.789651,01 Oct 2019,0.0,32.0,432.0,-0.57,-0.53,0.0,35996.0,54.0,-0.549,-0.44,-0.44
2017-11-16,-0.329,-0.38,-0.372,-0.275,-0.192,11.76,30989.664891951143,0.308181818181818,-0.4,0.25,0.0,1.611766,-0.772559,0.440928,-0.776196,01 Oct 2019,0.0,32.0,432.0,-0.57,-0.53,0.0,35996.0,54.0,-0.549,-0.44,-0.44
2017-11-22,-0.329,-0.378,-0.371,-0.272,-0.186,9.88,30989.664891951143,0.308181818181818,-0.4,0.25,0.0,1.533249,-0.743196,0.425845,-0.770672,01 Oct 2019,0.0,32.0,432.0,-0.57,-0.53,0.0,35996.0,54.0,-0.549,-0.44,-0.44
2017-11-28,-0.329,-0.379,-0.371,-0.274,-0.186,10.03,30989.664891951143,0.308181818181818,-0.4,0.25,0.0,1.515564,-0.748217,0.413427,-0.774263,01 Oct 2019,0.0,32.0,432.0,-0.57,-0.53,0.0,35996.0,54.0,-0.549,-0.44,-0.44
2017-12-04,-0.326,-0.374,-0.368,-0.272,-0.19,11.68,30220.273514980687,0.296842105263158,-0.4,0.25,0.0,1.479053,-0.748294,0.397994,-0.785179,01 Oct 2019,0.0,32.0,432.0,-0.57,-0.53,0.0,35996.0,54.0,-0.549,-0.44,-0.44
2017-12-08,-0.326,-0.377,-0.369,-0.271,-0.191,9.58,30220.273514980687,0.296842105263158,-0.4,0.25,0.0,1.470234,-0.791126,0.371493,-0.820284,01 Oct 2019,0.0,32.0,432.0,-0.57,-0.53,0.0,35996.0,54.0,-0.549,-0.44,-0.44
2017-12-14,-0.331,-0.379,-0.371,-0.271,-0.192,10.49,30220.273514980687,0.296842105263158,-0.4,0.25,0.0,1.467909,-0.762364,0.403504,-0.826882,01 Oct 2019,0.0,32.0,432.0,-0.57,-0.53,0.0,35996.0,54.0,-0.549,-0.44,-0.44
2017-12-20,-0.329,-0.378,-0.37,-0.271,-0.188,9.72,30220.273514980687,0.296842105263158,-0.4,0.25,0.0,1.538536,-0.711675,0.487323,-0.811416,01 Oct 2019,0.0,32.0,432.0,-0.57,-0.53,0.0,35996.0,54.0,-0.549,-0.44,-0.44
2017-12-28,-0.329,-0.377,-0.367,-0.271,-0.186,10.18,30220.273514980687,0.296842105263158,-0.4,0.25,0.0,1.518642,-0.669103,0.49975,-0.726626,01 Oct 2019,0.0,32.0,432.0,-0.57,-0.53,0.0,35996.0,54.0,-0.549,-0.44,-0.44
2018-01-04,-0.329,-0.378,-0.368,-0.271,-0.187,9.22,29837.143751957406,0.474545454545455,-0.4,0.25,0.0,1.561368,-0.652983,0.532726,-0.678375,01 Oct 2019,0.0,32.0,432.0,-0.57,-0.53,0.0,35996.0,54.0,-0.549,-0.44,-0.44
2018-01-10,-0.329,-0.379,-0.369,-0.271,-0.186,9.82,29837.143751957406,0.474545454545455,-0.4,0.25,0.0,1.637555,-0.669789,0.567946,-0.672545,01 Oct 2019,0.0,32.0,432.0,-0.57,-0.53,0.0,35996.0,54.0,-0.549,-0.44,-0.44
2018-01-16,-0.329,-0.379,-0.369,-0.272,-0.186,11.66,29837.143751957406,0.474545454545455,-0.4,0.25,0.0,1.567619,-0.629281,0.585651,-0.65132,01 Oct 2019,0.0,32.0,432.0,-0.57,-0.53,0.0,35996.0,54.0,-0.549,-0.44,-0.44
2018-01-22,-0.328,-0.379,-0.369,-0.277,-0.191,11.03,29837.143751957406,0.474545454545455,-0.4,0.25,0.0,1.626255,-0.655132,0.618495,-0.66185,01 Oct 2019,0.0,32.0,432.0,-0.57,-0.53,0.0,35996.0,54.0,-0.549,-0.44,-0.44
2018-01-26,-0.328,-0.378,-0.369,-0.278,-0.191,11.08,29837.143751957406,0.474545454545455,-0.4,0.25,0.0,1.560475,-0.600578,0.662264,-0.635813,01 Oct 2019,0.0,32.0,432.0,-0.57,-0.53,0.0,35996.0,54.0,-0.549,-0.44,-0.44
2018-02-01,-0.328,-0.379,-0.369,-0.278,-0.191,13.47,32248.668963357348,0.659,-0.4,0.25,0.0,1.651134,-0.598653,0.74778,-0.649746,01 Oct 2019,0.0,32.0,432.0,-0.57,-0.53,0.0,35996.0,54.0,-0.549,-0.44,-0.44
2018-02-07,-0.329,-0.379,-0.369,-0.278,-0.191,27.73,32248.668963357348,0.659,-0.4,0.25,0.0,1.674805,-0.612979,0.757513,-0.66182,01 Oct 2019,0.0,32.0,432.0,-0.57,-0.53,0.0,35996.0,54.0,-0.549,-0.44,-0.44
2018-02-13,-0.329,-0.379,-0.369,-0.276,-0.191,24.97,32248.668963357348,0.659,-0.4,0.25,0.0,1.747661,-0.636704,0.790353,-0.674382,01 Oct 2019,0.0,32.0,432.0,-0.57,-0.53,0.0,35996.0,54.0,-0.549,-0.44,-0.44
2018-02-19,-0.329,-0.379,-0.369,-0.274,-0.193,24.97,32248.668963357348,0.659,-0.4,0.25,0.0,1.754162,-0.620759,0.798327,-0.665947,01 Oct 2019,0.0,32.0,432.0,-0.57,-0.53,0.0,35996.0,54.0,-0.549,-0.44,-0.44
2018-02-23,-0.328,-0.379,-0.37,-0.271,-0.191,16.49,32248.668963357348,0.659,-0.4,0.25,0.0,1.658528,-0.639816,0.715356,-0.670312,01 Oct 2019,0.0,32.0,432.0,-0.57,-0.53,0.0,35996.0,54.0,-0.549,-0.44,-0.44
2018-03-01,-0.327,-0.378,-0.371,-0.271,-0.191,22.47,30820.544942060755,0.52952380952381,-0.4,0.25,0.0,1.621329,-0.648734,0.68594,-0.682654,01 Oct 2019,0.0,32.0,432.0,-0.57,-0.53,0.0,35996.0,54.0,-0.549,-0.44,-0.44
2018-03-07,-0.327,-0.379,-0.371,-0.272,-0.191,17.76,30820.544942060755,0.52952380952381,-0.4,0.25,0.0,1.635812,-0.618607,0.712685,-0.676799,01 Oct 2019,0.0,32.0,432.0,-0.57,-0.53,0.0,35996.0,54.0,-0.549,-0.44,-0.44
2018-03-13,-0.327,-0.379,-0.371,-0.271,-0.191,16.35,30820.544942060755,0.52952380952381,-0.4,0.25,0.0,1.615278,-0.652517,0.684713,-0.700009,01 Oct 2019,0.0,32.0,432.0,-0.57,-0.53,0.0,35996.0,54.0,-0.549,-0.44,-0.43
2018-03-19,-0.329,-0.378,-0.37,-0.272,-0.192,19.02,30820.544942060755,0.52952380952381,-0.4,0.25,0.0,1.540459,-0.644754,0.634644,-0.691335,01 Oct 2019,0.0,32.0,432.0,-0.57,-0.53,0.0,35996.0,54.0,-0.549,-0.44,-0.43
2018-03-23,-0.329,-0.376,-0.37,-0.27,-0.19,24.87,30820.544942060755,0.52952380952381,-0.4,0.25,0.0,1.490589,-0.656615,0.587486,-0.705379,01 Oct 2019,0.0,32.0,432.0,-0.57,-0.53,0.0,35996.0,54.0,-0.549,-0.44,-0.43
2018-03-29,-0.328,-0.379,-0.372,-0.271,-0.19,19.97,30820.544942060755,0.52952380952381,-0.4,0.25,0.0,1.4658,-0.665744,0.548439,-0.697544,01 Oct 2019,0.0,32.0,432.0,-0.57,-0.53,0.0,35996.0,54.0,-0.549,-0.44,-0.43
2018-04-06,-0.329,-0.379,-0.372,-0.27,-0.191,21.49,28786.92974214427,0.48,-0.4,0.25,0.0,1.480408,-0.642847,0.559924,-0.680928,01 Oct 2019,0.0,32.0,432.0,-0.57,-0.53,0.0,35996.0,54.0,-0.549,-0.44,-0.43
2018-04-12,-0.329,-0.38,-0.371,-0.271,-0.191,18.49,28786.92974214427,0.48,-0.4,0.25,0.0,1.481228,-0.623358,0.566418,-0.672974,01 Oct 2019,0.0,32.0,432.0,-0.57,-0.53,0.0,35996.0,54.0,-0.549,-0.44,-0.43
2018-04-18,-0.328,-0.379,-0.371,-0.271,-0.189,15.6,28786.92974214427,0.48,-0.4,0.25,0.0,1.480301,-0.629361,0.570995,-0.663997,01 Oct 2019,0.0,32.0,432.0,-0.57,-0.53,0.0,35996.0,54.0,-0.549,-0.44,-0.43
2018-04-24,-0.328,-0.379,-0.372,-0.27,-0.189,18.02,28786.92974214427,0.48,-0.4,0.25,0.0,1.629289,-0.604463,0.694978,-0.652183,01 Oct 2019,0.0,32.0,432.0,-0.57,-0.53,0.0,35996.0,54.0,-0.549,-0.44,-0.43
2018-04-30,-0.329,-0.379,-0.371,-0.269,-0.189,15.93,30024.0108570832,0.48,-0.4,0.25,0.0,1.559816,-0.631839,0.628679,-0.65942,01 Oct 2019,0.0,32.0,432.0,-0.57,-0.53,0.0,35996.0,54.0,-0.549,-0.44,-0.43
2018-05-07,-0.328,-0.379,-0.372,-0.269,-0.189,14.75,30024.0108570832,0.45,-0.4,0.25,0.0,1.514764,-0.636794,0.585991,-0.655199,01 Oct 2019,0.0,32.0,432.0,-0.57,-0.53,0.0,35996.0,54.0,-0.549,-0.44,-0.43
2018-05-11,-0.327,-0.381,-0.371,-0.271,-0.189,12.65,30024.0108570832,0.45,-0.4,0.25,0.0,1.548627,-0.62944,0.622381,-0.653163,01 Oct 2019,0.0,32.0,432.0,-0.57,-0.53,0.0,35996.0,54.0,-0.549,-0.44,-0.43
2018-05-17,-0.326,-0.38,-0.371,-0.27,-0.188,13.43,30024.0108570832,0.45,-0.4,0.25,0.0,1.627252,-0.623503,0.683835,-0.654213,01 Oct 2019,0.0,32.0,432.0,-0.57,-0.53,0.0,35996.0,54.0,-0.549,-0.44,-0.43
2018-05-23,-0.323,-0.379,-0.371,-0.27,-0.189,12.58,30024.0108570832,0.45,-0.4,0.25,0.0,1.547323,-0.672215,0.583833,-0.668259,01 Oct 2019,0.0,32.0,432.0,-0.57,-0.53,0.0,35996.0,54.0,-0.549,-0.44,-0.43
2018-05-29,-0.321,-0.379,-0.371,-0.269,-0.186,17.02,30024.0108570832,0.45,-0.4,0.25,0.0,1.389297,-0.782503,0.408926,-0.722636,01 Oct 2019,0.0,32.0,432.0,-0.57,-0.53,0.0,35996.0,54.0,-0.549,-0.44,-0.43
2018-06-04,-0.321,-0.378,-0.371,-0.269,-0.184,12.74,25876.396283536906,0.327142857142857,-0.4,0.25,0.0,1.398701,-0.701172,0.478934,-0.674684,01 Oct 2019,0.0,32.0,432.0,-0.57,-0.53,0.0,35996.0,54.0,-0.549,-0.44,-0.43
2018-06-08,-0.321,-0.38,-0.371,-0.267,-0.18,12.18,25876.396283536906,0.327142857142857,-0.4,0.25,0.0,1.46671,-0.736205,0.527201,-0.708253,01 Oct 2019,0.0,32.0,432.0,-0.57,-0.53,0.0,35996.0,54.0,-0.549,-0.44,-0.43
2018-06-14,-0.321,-0.379,-0.369,-0.268,-0.181,12.12,25876.396283536906,0.327142857142857,-0.4,0.25,0.0,1.497467,-0.701245,0.523486,-0.683569,01 Oct 2019,0.0,32.0,432.0,-0.57,-0.53,0.0,35996.0,54.0,-0.549,-0.44,-0.43
2018-06-20,-0.323,-0.379,-0.37,-0.268,-0.182,12.79,25876.396283536906,0.327142857142857,-0.4,0.25,0.0,1.46445,-0.726211,0.454339,-0.699614,01 Oct 2019,0.0,32.0,432.0,-0.57,-0.53,0.0,35996.0,54.0,-0.549,-0.44,-0.43
2018-06-26,-0.323,-0.378,-0.37,-0.27,-0.181,15.92,25876.396283536906,0.327142857142857,-0.4,0.25,0.0,1.422469,-0.756907,0.419619,-0.727407,01 Oct 2019,0.0,32.0,432.0,-0.57,-0.53,0.0,35996.0,54.0,-0.549,-0.44,-0.43
2018-07-02,-0.321,-0.38,-0.369,-0.269,-0.181,15.6,25908.75874308383,0.274545454545455,-0.4,0.25,0.0,1.311692,-0.766029,0.372806,-0.719157,01 Oct 2019,0.0,32.0,432.0,-0.57,-0.53,0.0,35996.0,54.0,-0.549,-0.44,-0.43
2018-07-06,-0.321,-0.378,-0.371,-0.27,-0.181,13.37,25908.75874308383,0.274545454545455,-0.4,0.25,0.0,1.280282,-0.734233,0.362142,-0.705254,01 Oct 2019,0.0,32.0,432.0,-0.57,-0.53,0.0,35996.0,54.0,-0.549,-0.44,-0.43
2018-07-12,-0.321,-0.377,-0.37,-0.271,-0.179,12.58,25908.75874308383,0.274545454545455,-0.4,0.25,0.0,1.285878,-0.712871,0.3685,-0.691349,01 Oct 2019,0.0,32.0,432.0,-0.57,-0.53,0.0,35996.0,54.0,-0.549,-0.44,-0.43
2018-07-18,-0.321,-0.379,-0.369,-0.269,-0.179,12.1,25908.75874308383,0.274545454545455,-0.4,0.25,0.0,1.268738,-0.708788,0.353032,-0.686146,01 Oct 2019,0.0,32.0,432.0,-0.57,-0.53,0.0,35996.0,54.0,-0.549,-0.44,-0.43
2018-07-24,-0.321,-0.377,-0.369,-0.269,-0.179,12.41,25908.75874308383,0.274545454545455,-0.4,0.25,0.0,1.339837,-0.688714,0.422936,-0.679335,01 Oct 2019,0.0,32.0,432.0,-0.57,-0.53,0.0,35996.0,54.0,-0.549,-0.44,-0.43
2018-07-30,-0.319,-0.376,-0.369,-0.268,-0.179,14.26,25908.75874308383,0.274545454545455,-0.4,0.25,0.0,1.38504,-0.657098,0.466801,-0.669809,01 Oct 2019,0.0,32.0,432.0,-0.57,-0.53,0.0,35996.0,54.0,-0.549,-0.44,-0.43
2018-08-03,-0.319,-0.377,-0.369,-0.268,-0.176,11.64,27430.83829209729,0.290869565217391,-0.4,0.25,0.0,1.336581,-0.662657,0.432691,-0.678503,01 Oct 2019,0.0,32.0,432.0,-0.57,-0.53,0.0,35996.0,54.0,-0.549,-0.44,-0.43
2018-08-09,-0.319,-0.378,-0.369,-0.266,-0.173,11.27,27430.83829209729,0.290869565217391,-0.4,0.25,0.0,1.321585,-0.689874,0.400256,-0.672288,01 Oct 2019,0.0,32.0,432.0,-0.57,-0.53,0.0,35996.0,54.0,-0.549,-0.44,-0.43
2018-08-15,-0.319,-0.376,-0.368,-0.266,-0.166,14.64,27430.83829209729,0.290869565217391,-0.4,0.25,0.0,1.252835,-0.718917,0.334728,-0.689447,01 Oct 2019,0.0,32.0,432.0,-0.57,-0.53,0.0,35996.0,54.0,-0.549,-0.44,-0.43
2018-08-21,-0.319,-0.377,-0.371,-0.266,-0.167,12.86,27430.83829209729,0.290869565217391,-0.4,0.25,0.0,1.271202,-0.69661,0.355129,-0.680845,01 Oct 2019,0.0,32.0,432.0,-0.57,-0.53,0.0,35996.0,54.0,-0.549,-0.44,-0.43
2018-08-27,-0.319,-0.376,-0.37,-0.265,-0.166,12.16,27430.83829209729,0.290869565217391,-0.4,0.25,0.0,1.316539,-0.658231,0.405901,-0.663719,01 Oct 2019,0.0,32.0,432.0,-0.57,-0.53,0.0,35996.0,54.0,-0.549,-0.44,-0.43
2018-08-31,-0.319,-0.377,-0.369,-0.268,-0.166,12.86,24529.70038626161,0.290869565217391,-0.4,0.25,0.0,1.279937,-0.676953,0.371909,-0.671035,01 Oct 2019,0.0,32.0,432.0,-0.57,-0.53,0.0,35996.0,54.0,-0.549,-0.44,-0.43
2018-09-06,-0.319,-0.376,-0.371,-0.269,-0.167,14.65,24529.70038626161,0.3705,-0.4,0.25,0.0,1.305396,-0.640924,0.404488,-0.642215,01 Oct 2019,0.0,32.0,432.0,-0.57,-0.53,0.0,35996.0,54.0,-0.549,-0.44,-0.43
2018-09-12,-0.319,-0.378,-0.371,-0.269,-0.166,13.14,24529.70038626161,0.3705,-0.4,0.25,0.0,1.340796,-0.615409,0.4322,-0.633137,01 Oct 2019,0.0,32.0,432.0,-0.57,-0.53,0.0,35996.0,54.0,-0.549,-0.44,-0.43
2018-09-18,-0.319,-0.377,-0.372,-0.268,-0.168,12.79,24529.70038626161,0.3705,-0.4,0.25,0.0,1.396573,-0.592578,0.503912,-0.623046,01 Oct 2019,0.0,32.0,432.0,-0.57,-0.53,0.0,35996.0,54.0,-0.549,-0.44,-0.44
2018-09-24,-0.319,-0.376,-0.372,-0.267,-0.167,12.2,24529.70038626161,0.3705,-0.4,0.25,0.0,1.419666,-0.569796,0.54039,-0.620044,01 Oct 2019,0.0,32.0,432.0,-0.57,-0.53,0.0,35996.0,54.0,-0.549,-0.44,-0.44
2018-09-28,-0.318,-0.378,-0.371,-0.268,-0.159,12.12,24529.70038626161,0.3705,-0.4,0.25,0.0,1.360021,-0.589118,0.509128,-0.630101,01 Oct 2019,0.0,32.0,432.0,-0.57,-0.53,0.0,35996.0,54.0,-0.549,-0.44,-0.44
2018-10-04,-0.318,-0.376,-0.371,-0.268,-0.159,14.22,25095.521453178822,0.399090909090909,-0.4,0.25,0.0,1.41602,-0.570948,0.563143,-0.632584,01 Oct 2019,0.0,32.0,432.0,-0.57,-0.53,0.0,35996.0,54.0,-0.549,-0.44,-0.44
2018-10-10,-0.318,-0.376,-0.369,-0.268,-0.156,22.96,25095.521453178822,0.399090909090909,-0.4,0.25,0.0,1.481249,-0.577724,0.602277,-0.643335,01 Oct 2019,0.0,32.0,432.0,-0.57,-0.53,0.0,35996.0,54.0,-0.549,-0.44,-0.44
2018-10-16,-0.318,-0.377,-0.369,-0.265,-0.156,17.62,25095.521453178822,0.399090909090909,-0.4,0.25,0.0,1.418949,-0.622223,0.53538,-0.699776,01 Oct 2019,0.0,32.0,432.0,-0.57,-0.53,0.0,35996.0,54.0,-0.549,-0.44,-0.44
2018-10-22,-0.317,-0.376,-0.369,-0.261,-0.151,19.64,25095.521453178822,0.399090909090909,-0.4,0.25,0.0,1.35827,-0.647845,0.491282,-0.718423,01 Oct 2019,0.0,32.0,432.0,-0.57,-0.53,0.0,35996.0,54.0,-0.549,-0.44,-0.44
2018-10-26,-0.318,-0.376,-0.369,-0.259,-0.148,24.16,25095.521453178822,0.399090909090909,-0.4,0.25,0.0,1.28204,-0.685194,0.411343,-0.74528,01 Oct 2019,0.0,32.0,432.0,-0.57,-0.53,0.0,35996.0,54.0,-0.549,-0.44,-0.44
2018-11-01,-0.318,-0.376,-0.368,-0.258,-0.148,19.34,22871.90729721265,0.314090909090909,-0.4,0.25,0.0,1.339543,-0.666375,0.457466,-0.723392,01 Oct 2019,0.0,32.0,432.0,-0.57,-0.53,0.0,35996.0,54.0,-0.549,-0.44,-0.44
2018-11-07,-0.317,-0.376,-0.369,-0.258,-0.149,16.36,22871.90729721265,0.314090909090909,-0.4,0.25,0.0,1.386255,-0.636885,0.498155,-0.693089,01 Oct 2019,0.0,32.0,432.0,-0.57,-0.53,0.0,35996.0,54.0,-0.549,-0.44,-0.44
2018-11-13,-0.316,-0.377,-0.369,-0.257,-0.147,20.02,22871.90729721265,0.314090909090909,-0.4,0.25,0.0,1.35299,-0.653795,0.456197,-0.699609,01 Oct 2019,0.0,32.0,432.0,-0.57,-0.53,0.0,35996.0,54.0,-0.549,-0.44,-0.44
2018-11-19,-0.316,-0.377,-0.369,-0.257,-0.148,20.1,22871.90729721265,0.314090909090909,-0.4,0.25,0.0,1.364071,-0.658028,0.446694,-0.705052,01 Oct 2019,0.0,32.0,432.0,-0.57,-0.53,0.0,35996.0,54.0,-0.549,-0.44,-0.44
2018-11-23,-0.316,-0.376,-0.369,-0.257,-0.147,21.52,22871.90729721265,0.314090909090909,-0.4,0.25,0.0,1.303423,-0.666363,0.403429,-0.695815,01 Oct 2019,0.0,32.0,432.0,-0.57,-0.53,0.0,35996.0,54.0,-0.549,-0.44,-0.44
2018-11-29,-0.316,-0.376,-0.368,-0.253,-0.146,18.79,22871.90729721265,0.314090909090909,-0.4,0.25,0.0,1.298183,-0.67445,0.388294,-0.705935,01 Oct 2019,0.0,32.0,432.0,-0.57,-0.53,0.0,35996.0,54.0,-0.549,-0.44,-0.44
2018-12-05,-0.316,-0.379,-0.367,-0.246,-0.141,18.79,22895.91815429585,0.187058823529412,-0.4,0.25,0.0,1.210605,-0.685713,0.331146,-0.702107,01 Oct 2019,0.0,32.0,432.0,-0.57,-0.53,0.0,35996.0,54.0,-0.549,-0.44,-0.44
2018-12-11,-0.312,-0.378,-0.368,-0.244,-0.131,21.76,22895.91815429585,0.187058823529412,-0.4,0.25,0.0,1.118749,-0.66854,0.301006,-0.70799,01 Oct 2019,0.0,32.0,432.0,-0.57,-0.53,0.0,35996.0,54.0,-0.549,-0.44,-0.44
2018-12-17,-0.311,-0.378,-0.369,-0.237,-0.127,24.52,22895.91815429585,0.187058823529412,-0.4,0.25,0.0,1.162266,-0.667158,0.321513,-0.752742,01 Oct 2019,0.0,32.0,432.0,-0.57,-0.53,0.0,35996.0,54.0,-0.549,-0.44,-0.44
2018-12-21,-0.31,-0.376,-0.366,-0.238,-0.119,30.11,22895.91815429585,0.187058823529412,-0.4,0.25,0.0,1.114722,-0.672182,0.301981,-0.755688,01 Oct 2019,0.0,32.0,432.0,-0.57,-0.53,0.0,35996.0,54.0,-0.549,-0.44,-0.44
2018-12-31,-0.309,-0.373,-0.363,-0.237,-0.117,25.42,20583.557782649543,0.187058823529412,-0.4,0.25,0.0,1.114722,-0.672182,0.301981,-0.755688,01 Oct 2019,0.0,32.0,432.0,-0.57,-0.53,0.0,35996.0,54.0,-0.549,-0.44,-0.44
2019-01-07,-0.31,-0.373,-0.363,-0.236,-0.119,21.4,20583.557782649543,0.132727272727273,-0.4,0.25,0.0,1.15036,-0.657661,0.288875,-0.643783,01 Oct 2019,0.0,32.0,432.0,-0.57,-0.53,0.0,35996.0,54.0,-0.549,-0.44,-0.44
2019-01-11,-0.308,-0.375,-0.365,-0.236,-0.117,18.19,20583.557782649543,0.132727272727273,-0.4,0.25,0.0,1.109521,-0.651763,0.248701,-0.635164,01 Oct 2019,0.0,32.0,432.0,-0.57,-0.53,0.0,35996.0,54.0,-0.549,-0.44,-0.44
2019-01-17,-0.308,-0.379,-0.368,-0.236,-0.118,18.06,20583.557782649543,0.132727272727273,-0.4,0.25,0.0,1.13776,-0.653676,0.267209,-0.623077,01 Oct 2019,0.0,32.0,432.0,-0.57,-0.53,0.0,35996.0,54.0,-0.549,-0.44,-0.44
2019-01-23,-0.308,-0.376,-0.368,-0.237,-0.116,19.52,20583.557782649543,0.132727272727273,-0.4,0.25,0.0,1.127691,-0.644259,0.265246,-0.622024,01 Oct 2019,0.0,32.0,432.0,-0.57,-0.53,0.0,35996.0,54.0,-0.549,-0.44,-0.44
2019-01-29,-0.306,-0.377,-0.368,-0.237,-0.109,19.13,20583.557782649543,0.132727272727273,-0.4,0.25,0.0,1.064763,-0.619247,0.226802,-0.602972,01 Oct 2019,0.0,32.0,432.0,-0.57,-0.53,0.0,35996.0,54.0,-0.549,-0.44,-0.44
2019-02-04,-0.307,-0.374,-0.367,-0.235,-0.109,15.73,21600.375822110866,0.0555,-0.4,0.25,0.0,1.032332,-0.617975,0.205785,-0.594155,01 Oct 2019,0.0,32.0,432.0,-0.57,-0.53,0.0,35996.0,54.0,-0.549,-0.44,-0.44
2019-02-08,-0.308,-0.372,-0.368,-0.233,-0.109,15.72,21600.375822110866,0.0555,-0.4,0.25,0.0,0.946973,-0.614895,0.120907,-0.574138,01 Oct 2019,0.0,32.0,432.0,-0.57,-0.53,0.0,35996.0,54.0,-0.549,-0.44,-0.44
2019-02-14,-0.308,-0.372,-0.368,-0.231,-0.108,16.22,21600.375822110866,0.0555,-0.4,0.25,0.0,0.954148,-0.586027,0.134636,-0.567445,01 Oct 2019,0.0,32.0,432.0,-0.57,-0.53,0.0,35996.0,54.0,-0.549,-0.44,-0.44
2019-02-20,-0.308,-0.373,-0.367,-0.231,-0.108,14.02,21600.375822110866,0.0555,-0.4,0.25,0.0,0.979995,-0.59567,0.145499,-0.582989,01 Oct 2019,0.0,32.0,432.0,-0.57,-0.53,0.0,35996.0,54.0,-0.549,-0.44,-0.44
2019-02-26,-0.31,-0.373,-0.368,-0.23,-0.108,15.17,21600.375822110866,0.0555,-0.4,0.25,0.0,0.98269,-0.574555,0.160104,-0.575007,01 Oct 2019,0.0,32.0,432.0,-0.57,-0.53,0.0,35996.0,54.0,-0.549,-0.44,-0.44
2019-03-04,-0.309,-0.373,-0.367,-0.23,-0.108,14.63,23265.476563315584,0.010952380952381,-0.4,0.25,0.0,1.059208,-0.544799,0.224723,-0.557622,01 Oct 2019,0.0,32.0,432.0,-0.57,-0.53,0.0,35996.0,54.0,-0.549,-0.44,-0.44
2019-03-08,-0.308,-0.375,-0.367,-0.232,-0.109,16.05,23265.476563315584,0.010952380952381,-0.4,0.25,0.0,0.940096,-0.572545,0.121971,-0.570652,01 Oct 2019,0.0,32.0,432.0,-0.57,-0.53,0.0,35996.0,54.0,-0.549,-0.44,-0.44
2019-03-14,-0.309,-0.377,-0.368,-0.232,-0.109,13.5,23265.476563315584,0.010952380952381,-0.4,0.25,0.0,0.956429,-0.573505,0.130004,-0.574112,01 Oct 2019,0.0,32.0,432.0,-0.57,-0.53,0.0,35996.0,54.0,-0.549,-0.44,-0.44
2019-03-20,-0.309,-0.377,-0.367,-0.231,-0.109,13.91,23265.476563315584,0.010952380952381,-0.4,0.25,0.0,0.948572,-0.554904,0.136818,-0.560979,01 Oct 2019,0.0,32.0,432.0,-0.57,-0.53,0.0,35996.0,54.0,-0.549,-0.44,-0.44
2019-03-26,-0.309,-0.379,-0.368,-0.228,-0.108,14.68,23265.476563315584,0.010952380952381,-0.4,0.25,0.0,0.760186,-0.591977,0.028091,-0.582255,01 Oct 2019,0.0,32.0,432.0,-0.57,-0.53,0.0,35996.0,54.0,-0.549,-0.44,-0.44
2019-04-01,-0.31,-0.379,-0.367,-0.228,-0.112,13.4,22107.735671782026,-0.0395,-0.4,0.25,0.0,0.793355,-0.637225,0.008159,-0.607146,01 Oct 2019,0.0,32.0,432.0,-0.57,-0.53,0.0,35996.0,54.0,-0.549,-0.44,-0.44
2019-04-05,-0.31,-0.379,-0.367,-0.231,-0.112,12.82,22107.735671782026,-0.0395,-0.4,0.25,0.0,0.833691,-0.616133,0.049974,-0.593837,01 Oct 2019,0.0,32.0,432.0,-0.57,-0.53,0.0,35996.0,54.0,-0.549,-0.44,-0.44
2019-04-11,-0.31,-0.378,-0.367,-0.232,-0.112,13.02,22107.735671782026,-0.0395,-0.4,0.25,0.0,0.825817,-0.630027,0.030842,-0.594125,01 Oct 2019,0.0,32.0,432.0,-0.57,-0.53,0.0,35996.0,54.0,-0.549,-0.44,-0.44
2019-04-17,-0.311,-0.378,-0.368,-0.232,-0.112,12.6,22107.735671782026,-0.0395,-0.4,0.25,0.0,0.941815,-0.611024,0.127496,-0.592595,01 Oct 2019,0.0,32.0,432.0,-0.57,-0.53,0.0,35996.0,54.0,-0.549,-0.44,-0.44
2019-04-25,-0.312,-0.378,-0.368,-0.23,-0.112,13.25,22107.735671782026,-0.0395,-0.4,0.25,0.0,0.832721,-0.636943,0.039123,-0.597626,01 Oct 2019,0.0,32.0,432.0,-0.57,-0.53,0.0,35996.0,54.0,-0.549,-0.44,-0.44
2019-05-02,-0.309,-0.377,-0.366,-0.232,-0.114,14.42,24131.95531892682,-0.134545454545455,-0.4,0.25,0.0,0.870778,-0.618219,0.05934,-0.597546,01 Oct 2019,0.0,32.0,432.0,-0.57,-0.53,0.0,35996.0,54.0,-0.549,-0.44,-0.44
2019-05-08,-0.308,-0.38,-0.366,-0.23,-0.117,19.4,24131.95531892682,-0.134545454545455,-0.4,0.25,0.0,0.80578,-0.649183,0.001989,-0.619226,01 Oct 2019,0.0,32.0,432.0,-0.57,-0.53,0.0,35996.0,54.0,-0.549,-0.44,-0.44
2019-05-14,-0.311,-0.38,-0.366,-0.232,-0.121,18.06,24131.95531892682,-0.134545454545455,-0.4,0.25,0.0,0.774572,-0.67629,-0.017224,-0.627494,01 Oct 2019,0.0,32.0,432.0,-0.57,-0.53,0.0,35996.0,54.0,-0.549,-0.44,-0.44
2019-05-20,-0.314,-0.379,-0.368,-0.241,-0.135,16.31,24131.95531892682,-0.134545454545455,-0.4,0.25,0.0,0.777428,-0.66109,-0.027946,-0.613448,01 Oct 2019,0.0,32.0,432.0,-0.57,-0.53,0.0,35996.0,54.0,-0.549,-0.44,-0.44
2019-05-24,-0.311,-0.379,-0.372,-0.241,-0.148,15.85,24131.95531892682,-0.134545454545455,-0.4,0.25,0.0,0.760682,-0.663867,-0.046132,-0.61208,01 Oct 2019,0.0,32.0,432.0,-0.57,-0.53,0.0,35996.0,54.0,-0.549,-0.44,-0.44
2019-05-30,-0.32,-0.387,-0.376,-0.247,-0.163,17.3,24131.95531892682,-0.134545454545455,-0.4,0.25,0.0,0.687182,-0.678625,-0.098635,-0.625215,01 Oct 2019,0.0,32.0,432.0,-0.57,-0.53,0.0,35996.0,54.0,-0.549,-0.44,-0.44
2019-06-05,-0.32,-0.389,-0.383,-0.254,-0.177,16.09,21134.773984758325,-0.315263157894737,-0.4,0.25,0.0,0.587989,-0.703479,-0.167142,-0.630663,01 Oct 2019,0.0,32.0,432.0,-0.57,-0.53,0.0,35996.0,54.0,-0.549,-0.44,-0.44
2019-06-11,-0.319,-0.396,-0.377,-0.258,-0.178,15.99,21134.773984758325,-0.315263157894737,-0.4,0.25,0.0,0.558432,-0.696165,-0.173244,-0.629056,01 Oct 2019,0.0,32.0,432.0,-0.57,-0.53,0.0,35996.0,54.0,-0.549,-0.45,-0.45
2019-06-17,-0.32,-0.395,-0.385,-0.268,-0.177,15.35,21134.773984758325,-0.315263157894737,-0.4,0.25,0.0,0.531088,-0.717144,-0.180184,-0.636138,01 Oct 2019,0.0,32.0,432.0,-0.57,-0.53,0.0,35996.0,54.0,-0.549,-0.45,-0.45
2019-06-21,-0.344,-0.4,-0.398,-0.308,-0.212,15.4,21134.773984758325,-0.315263157894737,-0.4,0.25,0.0,0.457496,-0.767919,-0.220986,-0.679211,01 Oct 2019,0.0,32.0,432.0,-0.57,-0.53,0.0,35996.0,54.0,-0.549,-0.45,-0.45
2019-06-27,-0.344,-0.403,-0.391,-0.313,-0.213,15.82,21134.773984758325,-0.315263157894737,-0.4,0.25,0.0,0.430349,-0.761518,-0.247654,-0.689139,01 Oct 2019,0.0,32.0,432.0,-0.57,-0.53,0.0,35996.0,54.0,-0.549,-0.45,-0.45
2019-07-03,-0.353,-0.397,-0.39,-0.335,-0.243,12.57,21578.452865643598,-0.388260869565217,-0.4,0.25,0.0,0.339431,-0.792213,-0.323303,-0.703969,01 Oct 2019,0.0,32.0,432.0,-0.57,-0.53,0.0,35996.0,54.0,-0.549,-0.45,-0.45
2019-07-09,-0.358,-0.394,-0.389,-0.336,-0.258,14.09,21578.452865643598,-0.388260869565217,-0.4,0.25,0.0,0.391046,-0.774637,-0.282898,-0.694228,01 Oct 2019,0.0,32.0,432.0,-0.57,-0.53,0.0,35996.0,54.0,-0.549,-0.45,-0.45
2019-07-15,-0.363,-0.401,-0.393,-0.343,-0.287,12.68,21578.452865643598,-0.388260869565217,-0.4,0.25,0.0,0.48065,-0.780176,-0.223993,-0.706043,01 Oct 2019,0.0,32.0,432.0,-0.57,-0.53,0.0,35996.0,54.0,-0.549,-0.45,-0.45
2019-07-19,-0.375,-0.4,-0.403,-0.354,-0.308,14.45,21578.452865643598,-0.388260869565217,-0.4,0.25,0.0,0.409923,-0.817469,-0.294212,-0.733938,01 Oct 2019,0.0,32.0,432.0,-0.57,-0.53,0.0,35996.0,54.0,-0.549,-0.45,-0.45
2019-07-25,-0.378,-0.413,-0.401,-0.368,-0.318,12.74,21578.452865643598,-0.388260869565217,-0.4,0.25,0.0,0.347102,-0.80614,-0.312848,-0.72903,01 Oct 2019,0.0,32.0,432.0,-0.57,-0.53,0.0,35996.0,54.0,-0.549,-0.45,-0.45
2019-07-31,-0.375,-0.407,-0.392,-0.362,-0.303,16.12,21107.631276751225,-0.388260869565217,-0.4,0.25,0.0,0.253988,-0.820529,-0.390459,-0.743844,01 Oct 2019,0.0,32.0,432.0,-0.57,-0.53,0.0,35996.0,54.0,-0.549,-0.45,-0.45
2019-08-06,-0.389,-0.415,-0.4,-0.383,-0.319,20.17,21107.631276751225,-0.649090909090909,-0.4,0.25,0.0,0.055692,-0.859207,-0.504452,-0.779376,01 Oct 2019,0.0,32.0,432.0,-0.57,-0.53,0.0,35996.0,54.0,-0.549,-0.45,-0.45
2019-08-12,-0.4,-0.404,-0.405,-0.4,-0.352,21.09,21107.631276751225,-0.649090909090909,-0.4,0.25,0.0,0.003281,-0.925314,-0.557057,-0.827675,01 Oct 2019,0.0,32.0,432.0,-0.57,-0.53,0.0,35996.0,54.0,-0.549,-0.45,-0.45
2019-08-16,-0.42,-0.403,-0.423,-0.427,-0.385,18.47,21107.631276751225,-0.649090909090909,-0.4,0.25,0.0,-0.201811,-0.951918,-0.669439,-0.85769,01 Oct 2019,0.0,32.0,432.0,-0.57,-0.53,0.0,35996.0,54.0,-0.549,-0.45,-0.45
2019-08-22,-0.418,-0.396,-0.415,-0.418,-0.386,16.68,21107.631276751225,-0.649090909090909,-0.4,0.25,0.0,-0.070192,-0.909509,-0.600993,-0.831514,01 Oct 2019,0.0,32.0,432.0,-0.57,-0.53,0.0,35996.0,54.0,-0.549,-0.45,-0.45
2019-08-28,-0.422,-0.415,-0.417,-0.427,-0.379,19.35,21107.631276751225,-0.649090909090909,-0.4,0.25,0.0,-0.217148,-0.936856,-0.680313,-0.866138,01 Oct 2019,0.0,32.0,432.0,-0.57,-0.53,0.0,35996.0,54.0,-0.549,-0.45,-0.45
2019-09-03,-0.448,-0.413,-0.435,-0.448,-0.385,19.66,19803.737342102515,-0.594761904761905,-0.4,0.25,0.0,-0.148186,-0.939322,-0.655882,-0.865812,01 Oct 2019,0.0,32.0,432.0,-0.57,-0.53,0.0,35996.0,54.0,-0.549,-0.45,-0.45
2019-09-09,-0.433,-0.407,-0.448,-0.413,-0.36,15.27,19803.737342102515,-0.594761904761905,-0.4,0.25,0.0,0.062445,-0.896928,-0.529792,-0.822729,01 Oct 2019,0.0,32.0,432.0,-0.57,-0.53,0.0,35996.0,54.0,-0.549,-0.45,-0.45
2019-09-13,-0.4,-0.425,-0.438,-0.377,-0.325,13.74,19803.737342102515,-0.594761904761905,-0.4,0.25,0.0,0.137022,-0.769479,-0.442853,-0.713668,01 Oct 2019,0.0,32.0,432.0,-0.57,-0.53,0.0,35996.0,54.0,-0.549,-0.45,-0.45
2019-09-19,-0.396,-0.492,-0.45,-0.368,-0.303,14.05,19803.737342102515,-0.594761904761905,-0.5,0.25,0.0,0.053506,-0.758304,-0.456476,-0.703384,01 Oct 2019,0.0,32.0,432.0,-0.57,-0.53,0.0,35996.0,54.0,-0.549,-0.45,-0.45
2019-09-25,-0.41,-0.508,-0.453,-0.375,-0.325,15.96,19803.737342102515,-0.594761904761905,-0.5,0.25,0.0,-0.12953,-0.783357,-0.562556,-0.722154,01 Oct 2019,0.0,32.0,432.0,-0.57,-0.53,0.0,35996.0,54.0,-0.549,-0.45,-0.45
2019-10-01,-0.428,-0.497,-0.467,-0.387,-0.33,18.56,21534.60695270905,-0.469545454545455,-0.5,0.25,0.0,0.021138,-0.808585,-0.491146,-0.751627,01 Oct 2019,0.0,32.0,432.0,-0.57,-0.53,0.0,35996.0,54.0,-0.549,-0.45,-0.45
2019-10-07,-0.423,-0.498,-0.468,-0.389,-0.336,17.86,21534.60695270905,-0.469545454545455,-0.5,0.25,0.0,-0.028189,-0.825126,-0.535857,-0.744851,07 Oct 2019,0.0,30.0,416.0,-0.58,-0.54,0.0,33722.0,51.0,-0.554,-0.45,-0.45
2019-10-11,-0.418,-0.496,-0.473,-0.358,-0.303,15.58,21534.60695270905,-0.469545454545455,-0.5,0.25,0.0,0.141672,-0.757392,-0.404815,-0.695685,11 Oct 2019,0.0,29.0,436.0,-0.57,-0.53,0.0,32614.0,51.0,-0.55,-0.45,-0.45
2019-10-17,-0.41,-0.499,-0.448,-0.349,-0.294,13.79,21534.60695270905,-0.469545454545455,-0.5,0.25,0.0,0.191162,-0.710527,-0.353318,-0.669886,17 Oct 2019,0.0,30.0,440.0,-0.56,-0.54,0.0,32639.0,58.0,-0.548,-0.45,-0.45
2019-10-23,-0.402,-0.497,-0.443,-0.351,-0.288,14.01,21534.60695270905,-0.469545454545455,-0.5,0.25,0.0,0.165907,-0.705732,-0.352855,-0.663899,23 Oct 2019,0.0,29.0,434.0,-0.56,-0.53,0.0,33724.0,53.0,-0.547,-0.45,-0.45
2019-10-29,-0.405,-0.482,-0.443,-0.343,-0.28,13.2,21534.60695270905,-0.469545454545455,-0.5,0.25,0.0,0.234866,-0.676617,-0.30116,-0.673546,29 Oct 2019,0.0,32.0,430.0,-0.56,-0.51,0.0,32763.0,49.0,-0.545,-0.54,-0.54
2019-11-04,-0.398,-0.483,-0.443,-0.343,-0.276,12.83,22174.548491491805,-0.352380952380952,-0.5,0.25,0.0,0.253171,-0.704183,-0.302145,-0.65852,04 Nov 2019,0.0,28.0,463.0,-0.56,-0.5,0.0,36811.0,58.0,-0.536,-0.54,-0.54
2019-11-08,-0.395,-0.477,-0.463,-0.324,-0.262,12.07,22174.548491491805,-0.352380952380952,-0.5,0.25,0.0,0.354755,-0.651778,-0.210371,-0.643783,08 Nov 2019,0.0,28.0,421.0,-0.56,-0.52,0.0,29466.0,56.0,-0.54,-0.54,-0.54
2019-11-14,-0.399,-0.478,-0.455,-0.33,-0.266,13.05,22174.548491491805,-0.352380952380952,-0.5,0.25,0.0,0.242182,-0.67789,-0.286818,-0.653234,14 Nov 2019,0.0,31.0,425.0,-0.55,-0.51,0.0,30027.0,56.0,-0.536,-0.54,-0.54
2019-11-20,-0.406,-0.482,-0.45,-0.338,-0.273,12.78,22174.548491491805,-0.352380952380952,-0.5,0.25,0.0,0.214119,-0.680846,-0.310912,-0.650001,20 Nov 2019,0.0,30.0,463.0,-0.55,-0.47,0.0,39662.0,60.0,-0.511,-0.54,-0.54
2019-11-26,-0.399,-0.499,-0.451,-0.338,-0.279,11.54,22174.548491491805,-0.352380952380952,-0.5,0.25,0.0,0.199545,-0.670312,-0.327279,-0.65022,26 Nov 2019,0.0,29.0,445.0,-0.55,-0.5,0.0,32256.0,54.0,-0.533,-0.54,-0.54
2019-12-02,-0.4,-0.472,-0.439,-0.345,-0.27,14.91,23018.0603403278,-0.299444444444444,-0.5,0.25,0.0,0.310657,-0.648257,-0.225677,-0.635279,02 Dec 2019,0.0,30.0,438.0,-0.55,-0.52,0.0,32038.0,52.0,-0.541,-0.54,-0.54
2019-12-06,-0.393,-0.489,-0.456,-0.333,-0.269,13.62,23018.0603403278,-0.299444444444444,-0.5,0.25,0.0,0.322612,-0.650972,-0.235251,-0.655483,06 Dec 2019,0.0,28.0,420.0,-0.55,-0.52,0.0,28819.0,52.0,-0.541,-0.54,-0.54
2019-12-12,-0.395,-0.487,-0.464,-0.34,-0.266,13.94,23018.0603403278,-0.299444444444444,-0.5,0.25,0.0,0.341478,-0.660581,-0.232764,-0.662165,12 Dec 2019,0.0,30.0,429.0,-0.56,-0.53,0.0,31864.0,49.0,-0.544,-0.54,-0.54
2019-12-18,-0.403,-0.491,-0.461,-0.348,-0.269,12.58,23018.0603403278,-0.299444444444444,-0.5,0.25,0.0,0.36107,-0.659264,-0.195464,-0.66989,18 Dec 2019,0.0,29.0,431.0,-0.56,-0.52,0.0,29119.0,55.0,-0.54,-0.54,-0.54
2019-12-24,-0.398,-0.513,-0.452,-0.331,-0.248,12.67,23018.0603403278,-0.299444444444444,-0.5,0.25,0.0,0.36107,-0.659264,-0.195464,-0.66989,24 Dec 2019,0.0,26.0,297.0,-0.57,-0.53,0.0,21242.0,60.0,-0.549,-0.54,-0.54
2020-01-02,-0.379,-0.491,-0.436,-0.323,-0.248,12.47,23890.802797786822,-0.313636363636364,-0.5,0.25,0.0,0.373095,-0.636761,-0.173995,-0.634844,02 Jan 2020,0.0,26.0,398.0,-0.55,-0.53,0.0,26611.0,51.0,-0.539,-0.54,-0.54
2020-01-08,-0.39,-0.511,-0.448,-0.332,-0.251,13.45,23890.802797786822,-0.313636363636364,-0.5,0.25,0.0,0.359057,-0.66219,-0.20458,-0.633612,08 Jan 2020,0.0,31.0,437.0,-0.55,-0.52,0.0,35150.0,52.0,-0.536,-0.54,-0.54
2020-01-14,-0.391,-0.503,-0.46,-0.329,-0.243,12.39,23890.802797786822,-0.313636363636364,-0.5,0.25,0.0,0.407976,-0.611442,-0.158152,-0.602282,14 Jan 2020,0.0,32.0,445.0,-0.55,-0.53,0.0,28664.0,54.0,-0.538,-0.54,-0.54
2020-01-20,-0.392,-0.501,-0.463,-0.333,-0.244,12.39,23890.802797786822,-0.313636363636364,-0.5,0.25,0.0,0.356921,-0.61825,-0.196108,-0.59588,20 Jan 2020,0.0,29.0,439.0,-0.55,-0.53,0.0,33566.0,57.0,-0.538,-0.54,-0.54
2020-01-24,-0.386,-0.503,-0.451,-0.323,-0.258,14.56,23890.802797786822,-0.313636363636364,-0.5,0.25,0.0,0.232237,-0.63406,-0.289071,-0.61215,24 Jan 2020,0.0,30.0,428.0,-0.55,-0.53,0.0,33324.0,59.0,-0.537,-0.54,-0.54
2020-01-30,-0.398,-0.508,-0.458,-0.337,-0.278,15.49,23890.802797786822,-0.313636363636364,-0.5,0.25,0.0,0.141145,-0.683138,-0.363518,-0.641248,30 Jan 2020,0.0,27.0,428.0,-0.55,-0.52,0.0,32097.0,57.0,-0.539,-0.54,-0.54
2020-02-05,-0.4,-0.508,-0.459,-0.346,-0.278,15.15,22577.513310366427,-0.466,-0.5,0.25,0.0,0.22745,-0.649773,-0.32519,-0.626974,05 Feb 2020,0.0,30.0,436.0,-0.55,-0.53,0.0,35449.0,61.0,-0.536,-0.54,-0.54
2020-02-11,-0.409,-0.515,-0.477,-0.35,-0.276,15.18,22577.513310366427,-0.466,-0.5,0.25,0.0,0.186471,-0.651174,-0.358566,-0.628511,11 Feb 2020,0.0,29.0,423.0,-0.55,-0.53,0.0,32222.0,56.0,-0.541,-0.54,-0.54
2020-02-17,-0.413,-0.504,-0.48,-0.353,-0.294,15.18,22577.513310366427,-0.466,-0.5,0.25,0.0,0.171888,-0.66352,-0.364267,-0.629966,17 Feb 2020,0.0,29.0,432.0,-0.55,-0.53,0.0,35151.0,55.0,-0.541,-0.54,-0.54
2020-02-21,-0.415,-0.517,-0.478,-0.356,-0.287,17.08,22577.513310366427,-0.466,-0.5,0.25,0.0,0.058269,-0.648611,-0.410892,-0.620695,21 Feb 2020,0.0,28.0,442.0,-0.55,-0.52,0.0,35098.0,56.0,-0.539,-0.54,-0.54
2020-02-27,-0.425,-0.521,-0.488,-0.375,-0.303,39.16,22577.513310366427,-0.466,-0.5,0.25,0.0,-0.019261,-0.758818,-0.502952,-0.713712,27 Feb 2020,0.0,27.0,425.0,-0.55,-0.52,0.0,31087.0,54.0,-0.538,-0.54,-0.54
2020-03-04,-0.468,-0.507,-0.502,-0.418,-0.359,31.99,20800.709886209414,-0.541363636363636,-0.5,0.25,0.0,-0.120814,-0.849297,-0.58619,-0.756167,04 Mar 2020,0.0,30.0,492.0,-0.55,-0.53,0.0,40672.0,57.0,-0.541,-0.54,-0.54
2020-03-10,-0.482,-0.524,-0.513,-0.438,-0.358,47.3,20800.709886209414,-0.541363636363636,-0.5,0.25,0.0,-0.389832,-0.952731,-0.73989,-0.852322,10 Mar 2020,0.0,29.0,499.0,-0.55,-0.53,0.0,45152.0,57.0,-0.541,-0.54,-0.54
2020-03-16,-0.41,-0.507,-0.488,-0.372,-0.268,82.69,20800.709886209414,-0.541363636363636,-0.5,0.25,0.0,-0.01764,-0.922802,-0.392859,-0.885551,16 Mar 2020,0.0,30.0,495.0,-0.55,-0.52,0.0,39369.0,60.0,-0.536,-0.54,-0.54
2020-03-20,-0.371,-0.496,-0.45,-0.313,-0.186,66.04,20800.709886209414,-0.541363636363636,-0.5,0.25,0.0,0.133949,-0.686879,-0.248221,-0.706478,20 Mar 2020,0.0,31.0,524.0,-0.55,-0.49,0.0,38819.0,53.0,-0.524,-0.54,-0.54
2020-03-26,-0.349,-0.493,-0.443,-0.274,-0.148,61.0,20800.709886209414,-0.541363636363636,-0.5,0.25,0.0,0.215934,-0.632034,-0.268645,-0.644396,26 Mar 2020,0.0,32.0,556.0,-0.55,-0.5,0.0,44398.0,54.0,-0.529,-0.54,-0.54
2020-04-01,-0.343,-0.516,-0.468,-0.276,-0.168,57.06,13427.288861050212,-0.4495,-0.5,0.25,0.0,0.097812,-0.66505,-0.379292,-0.65119,01 Apr 2020,0.0,33.0,594.0,-0.55,-0.5,0.0,53453.0,55.0,-0.527,-0.54,-0.54
2020-04-07,-0.293,-0.515,-0.406,-0.232,-0.122,46.7,13427.288861050212,-0.4495,-0.5,0.25,0.0,0.222662,-0.655098,-0.248772,-0.628554,07 Apr 2020,0.0,32.0,627.0,-0.55,-0.51,0.0,58379.0,51.0,-0.533,-0.54,-0.54
2020-04-15,-0.25,-0.525,-0.422,-0.196,-0.11,40.84,13427.288861050212,-0.4495,-0.5,0.25,0.0,0.054845,-0.697129,-0.375869,-0.65252,15 Apr 2020,0.0,33.0,605.0,-0.55,-0.52,0.0,57086.0,51.0,-0.535,-0.54,-0.54
2020-04-21,-0.233,-0.516,-0.425,-0.178,-0.078,45.41,13427.288861050212,-0.4495,-0.5,0.25,0.0,0.06673,-0.681149,-0.370244,-0.620908,21 Apr 2020,0.0,35.0,587.0,-0.55,-0.52,0.0,49960.0,50.0,-0.541,-0.54,-0.54
2020-04-27,-0.223,-0.513,-0.448,-0.147,-0.109,33.29,13427.288861050212,-0.4495,-0.5,0.25,0.0,0.076185,-0.664217,-0.355567,-0.594386,27 Apr 2020,0.0,31.0,585.0,-0.55,-0.52,0.0,49146.0,52.0,-0.539,-0.54,-0.54
2020-05-04,-0.286,-0.5,-0.476,-0.157,-0.108,35.97,13688.276438041548,-0.5165,-0.5,0.25,0.0,0.036168,-0.726976,-0.444544,-0.615908,04 May 2020,0.0,30.0,550.0,-0.55,-0.53,0.0,48133.0,49.0,-0.543,-0.54,-0.54
2020-05-08,-0.246,-0.503,-0.451,-0.145,-0.075,27.98,13688.276438041548,-0.5165,-0.5,0.25,0.0,0.106494,-0.778938,-0.420474,-0.644318,08 May 2020,0.0,32.0,461.0,-0.55,-0.52,0.0,35476.0,53.0,-0.541,-0.54,-0.54
2020-05-14,-0.262,-0.515,-0.469,-0.137,-0.078,32.61,13688.276438041548,-0.5165,-0.5,0.25,0.0,0.053508,-0.711321,-0.447748,-0.631228,14 May 2020,0.0,31.0,540.0,-0.56,-0.52,0.0,45901.0,51.0,-0.541,-0.54,-0.54
2020-05-20,-0.28,-0.508,-0.468,-0.139,-0.058,27.99,13688.276438041548,-0.5165,-0.5,0.25,0.0,0.059415,-0.655912,-0.401946,-0.605767,20 May 2020,0.0,28.0,439.0,-0.56,-0.53,0.0,32084.0,55.0,-0.545,-0.54,-0.54
2020-05-26,-0.274,-0.513,-0.462,-0.133,-0.078,28.01,13688.276438041548,-0.5165,-0.5,0.25,0.0,0.12507,-0.61531,-0.347595,-0.590265,26 May 2020,0.0,27.0,471.0,-0.55,-0.53,0.0,37891.0,51.0,-0.541,-0.54,-0.54
2020-06-01,-0.325,-0.52,-0.498,-0.163,-0.103,28.23,14277.064411734,-0.434285714285714,-0.5,0.25,0.0,0.193044,-0.642984,-0.318333,-0.605612,01 Jun 2020,0.0,25.0,275.0,-0.56,-0.53,0.0,30109.0,58.0,-0.546,-0.54,-0.54
2020-06-05,-0.353,-0.519,-0.483,-0.196,-0.12,24.52,14277.064411734,-0.434285714285714,-0.5,0.25,0.0,0.369028,-0.604168,-0.201125,-0.585584,05 Jun 2020,0.0,27.0,464.0,-0.56,-0.53,0.0,39470.0,54.0,-0.544,-0.54,-0.54
2020-06-11,-0.358,-0.513,-0.479,-0.183,-0.118,40.79,14277.064411734,-0.434285714285714,-0.5,0.25,0.0,0.141679,-0.672132,-0.340228,-0.605448,11 Jun 2020,0.0,24.0,406.0,-0.56,-0.53,0.0,35940.0,51.0,-0.547,-0.54,-0.54
2020-06-17,-0.396,-0.523,-0.492,-0.215,-0.13,33.47,14277.064411734,-0.434285714285714,-0.5,0.25,0.0,0.122294,-0.681799,-0.363349,-0.60596,17 Jun 2020,0.0,30.0,479.0,-0.56,-0.53,0.0,40038.0,54.0,-0.544,-0.54,-0.54
2020-06-23,-0.409,-0.523,-0.508,-0.269,-0.188,31.37,14277.064411734,-0.434285714285714,-0.5,0.25,0.0,0.130392,-0.664811,-0.385468,-0.609976,23 Jun 2020,0.0,28.0,440.0,-0.56,-0.52,0.0,38346.0,51.0,-0.544,-0.54,-0.54
2020-06-29,-0.413,-0.518,-0.507,-0.287,-0.205,31.78,14277.064411734,-0.434285714285714,-0.5,0.25,0.0,0.076268,-0.712734,-0.420629,-0.639875,29 Jun 2020,0.0,27.0,436.0,-0.56,-0.53,0.0,35798.0,52.0,-0.545,-0.54,-0.54
2020-07-03,-0.435,-0.519,-0.502,-0.314,-0.238,31.78,15599.749451926087,-0.52304347826087,-0.5,0.25,0.0,0.111231,-0.699172,-0.401075,-0.635538,03 Jul 2020,0.0,25.0,423.0,-0.57,-0.53,0.0,36435.0,59.0,-0.549,-0.54,-0.54
2020-07-09,-0.438,-0.523,-0.498,-0.328,-0.263,29.26,15599.749451926087,-0.52304347826087,-0.5,0.25,0.0,0.050379,-0.692936,-0.422908,-0.629922,09 Jul 2020,0.0,30.0,465.0,-0.56,-0.53,0.0,40828.0,53.0,-0.549,-0.54,-0.54
2020-07-15,-0.443,-0.533,-0.513,-0.333,-0.273,27.76,15599.749451926087,-0.52304347826087,-0.5,0.25,0.0,0.153565,-0.674377,-0.393584,-0.628488,15 Jul 2020,0.0,29.0,475.0,-0.57,-0.54,0.0,45658.0,53.0,-0.551,-0.54,-0.54
2020-07-21,-0.452,-0.535,-0.501,-0.353,-0.28,24.84,15599.749451926087,-0.52304347826087,-0.5,0.25,0.0,0.061883,-0.675299,-0.42923,-0.625154,21 Jul 2020,0.0,31.0,509.0,-0.56,-0.54,0.0,51379.0,50.0,-0.549,-0.56,-0.56
2020-07-27,-0.457,-0.538,-0.516,-0.375,-0.288,24.74,15599.749451926087,-0.52304347826087,-0.5,0.25,0.0,-0.009702,-0.693372,-0.459817,-0.63392,27 Jul 2020,0.0,29.0,458.0,-0.57,-0.54,0.0,44712.0,54.0,-0.552,-0.56,-0.56
2020-07-31,-0.463,-0.523,-0.51,-0.407,-0.333,24.46,14569.370497964295,-0.52304347826087,-0.5,0.25,0.0,-0.035406,-0.726232,-0.493455,-0.648684,31 Jul 2020,0.0,30.0,446.0,-0.56,-0.54,0.0,37164.0,50.0,-0.55,-0.56,-0.56
2020-08-06,-0.474,-0.527,-0.512,-0.417,-0.34,22.65,14569.370497964295,-0.523333333333333,-0.5,0.25,0.0,-0.070609,-0.722446,-0.519628,-0.647837,06 Aug 2020,0.0,31.0,506.0,-0.57,-0.54,0.0,47869.0,54.0,-0.553,-0.56,-0.56
2020-08-12,-0.486,-0.537,-0.511,-0.428,-0.353,22.28,14569.370497964295,-0.523333333333333,-0.5,0.25,0.0,0.031435,-0.700539,-0.435665,-0.633521,12 Aug 2020,0.0,29.0,482.0,-0.57,-0.54,0.0,41791.0,53.0,-0.552,-0.56,-0.56
2020-08-18,-0.483,-0.534,-0.517,-0.44,-0.365,21.51,14569.370497964295,-0.523333333333333,-0.5,0.25,0.0,0.051342,-0.692407,-0.422838,-0.628751,18 Aug 2020,0.0,29.0,475.0,-0.58,-0.54,0.0,41888.0,54.0,-0.554,-0.56,-0.56
2020-08-24,-0.488,-0.54,-0.518,-0.442,-0.377,22.37,14569.370497964295,-0.523333333333333,-0.5,0.25,0.0,-0.023112,-0.7029,-0.478225,-0.633759,24 Aug 2020,0.0,30.0,496.0,-0.58,-0.54,0.0,43318.0,54.0,-0.552,-0.56,-0.56
2020-08-28,-0.477,-0.538,-0.523,-0.444,-0.369,22.96,14569.370497964295,-0.523333333333333,-0.5,0.25,0.0,0.127091,-0.688706,-0.390205,-0.63748,28 Aug 2020,0.0,28.0,417.0,-0.58,-0.54,0.0,33504.0,55.0,-0.552,-0.56,-0.56
2020-09-03,-0.48,-0.532,-0.512,-0.455,-0.394,33.6,15361.72878170999,-0.524090909090909,-0.5,0.25,0.0,0.025285,-0.711653,-0.460371,-0.648798,03 Sep 2020,0.0,21.0,359.0,-0.56,-0.54,0.0,32988.0,66.0,-0.551,-0.56,-0.56
2020-09-09,-0.493,-0.54,-0.519,-0.463,-0.408,28.81,15361.72878170999,-0.524090909090909,-0.5,0.25,0.0,0.055967,-0.696011,-0.435738,-0.641193,09 Sep 2020,0.0,28.0,501.0,-0.58,-0.54,0.0,41833.0,54.0,-0.554,-0.56,-0.56
2020-09-15,-0.485,-0.539,-0.523,-0.458,-0.415,25.59,15361.72878170999,-0.524090909090909,-0.5,0.25,0.0,0.026215,-0.701275,-0.453004,-0.635135,15 Sep 2020,0.0,31.0,497.0,-0.58,-0.53,0.0,49639.0,50.0,-0.551,-0.55,-0.56
2020-09-21,-0.508,-0.539,-0.533,-0.47,-0.433,27.78,15361.72878170999,-0.524090909090909,-0.5,0.25,0.0,-0.037047,-0.733011,-0.501462,-0.6483,21 Sep 2020,0.0,28.0,463.0,-0.57,-0.54,0.0,40540.0,55.0,-0.552,-0.55,-0.56
2020-09-25,-0.498,-0.53,-0.523,-0.468,-0.433,26.38,15361.72878170999,-0.524090909090909,-0.5,0.25,0.0,-0.041871,-0.716818,-0.496329,-0.65456,25 Sep 2020,0.0,25.0,429.0,-0.58,-0.54,0.0,35290.0,55.0,-0.554,-0.55,-0.56
2020-10-01,-0.498,-0.555,-0.526,-0.481,-0.442,26.7,13534.815742770645,-0.607272727272727,-0.5,0.25,0.0,-0.026388,-0.686133,-0.485343,-0.644379,01 Oct 2020,0.0,28.0,444.0,-0.59,-0.54,0.0,38795.0,52.0,-0.558,-0.55,-0.56
2020-10-07,-0.508,-0.546,-0.54,-0.488,-0.463,28.06,13534.815742770645,-0.607272727272727,-0.5,0.25,0.0,0.008087,-0.705334,-0.466422,-0.658266,07 Oct 2020,0.0,30.0,479.0,-0.58,-0.54,0.0,45038.0,54.0,-0.555,-0.55,-0.56
2020-10-13,-0.508,-0.537,-0.535,-0.483,-0.467,26.07,13534.815742770645,-0.607272727272727,-0.5,0.25,0.0,-0.074011,-0.747576,-0.530104,-0.696775,13 Oct 2020,0.0,31.0,507.0,-0.58,-0.54,0.0,48630.0,55.0,-0.555,-0.55,-0.56
2020-10-19,-0.509,-0.537,-0.538,-0.497,-0.47,29.18,13534.815742770645,-0.607272727272727,-0.5,0.25,0.0,-0.126115,-0.780539,-0.583775,-0.734581,19 Oct 2020,0.0,31.0,486.0,-0.58,-0.54,0.0,46321.0,55.0,-0.553,-0.55,-0.56
2020-10-23,-0.512,-0.533,-0.539,-0.496,-0.464,27.55,13534.815742770645,-0.607272727272727,-0.5,0.25,0.0,-0.080612,-0.758754,-0.534706,-0.726137,23 Oct 2020,0.0,27.0,447.0,-0.58,-0.54,0.0,42148.0,56.0,-0.553,-0.55,-0.56
2020-10-29,-0.515,-0.548,-0.55,-0.515,-0.482,37.59,13534.815742770645,-0.607272727272727,-0.5,0.25,0.0,-0.160514,-0.813752,-0.60306,-0.754353,29 Oct 2020,0.0,30.0,463.0,-0.57,-0.54,0.0,44572.0,55.0,-0.552,-0.55,-0.56
2020-11-04,-0.517,-0.553,-0.55,-0.515,-0.486,29.57,13263.388662699655,-0.614761904761905,-0.5,0.25,0.0,-0.19721,-0.812686,-0.618588,-0.75813,04 Nov 2020,0.0,30.0,534.0,-0.58,-0.54,0.0,48085.0,54.0,-0.558,-0.55,-0.56
2020-11-10,-0.51,-0.556,-0.527,-0.505,-0.472,24.8,13263.388662699655,-0.614761904761905,-0.5,0.25,0.0,0.01674,-0.730292,-0.456292,-0.705737,10 Nov 2020,0.0,29.0,488.0,-0.58,-0.54,0.0,43935.0,56.0,-0.557,-0.55,-0.56
2020-11-16,-0.522,-0.529,-0.537,-0.505,-0.476,22.45,13263.388662699655,-0.614761904761905,-0.5,0.25,0.0,-0.10064,-0.756056,-0.530773,-0.707224,16 Nov 2020,0.0,30.0,501.0,-0.58,-0.54,0.0,45524.0,55.0,-0.558,-0.55,-0.56
2020-11-20,-0.528,-0.545,-0.543,-0.509,-0.483,23.7,13263.388662699655,-0.614761904761905,-0.5,0.25,0.0,-0.146501,-0.764574,-0.564959,-0.721267,20 Nov 2020,0.0,29.0,466.0,-0.58,-0.54,0.0,40305.0,58.0,-0.557,-0.55,-0.56
2020-11-26,-0.528,-0.55,-0.539,-0.506,-0.483,23.7,13263.388662699655,-0.614761904761905,-0.5,0.25,0.0,-0.132036,-0.760961,-0.557816,-0.730278,26 Nov 2020,0.0,30.0,478.0,-0.58,-0.54,0.0,44917.0,55.0,-0.556,-0.55,-0.56
2020-12-02,-0.524,-0.558,-0.548,-0.508,-0.486,21.17,18344.294811566968,-0.6185,-0.5,0.25,0.0,-0.056624,-0.729957,-0.489175,-0.717922,02 Dec 2020,0.0,28.0,443.0,-0.57,-0.54,0.0,41933.0,58.0,-0.556,-0.55,-0.56
2020-12-08,-0.536,-0.553,-0.549,-0.518,-0.504,20.68,18344.294811566968,-0.6185,-0.5,0.25,0.0,-0.162767,-0.789877,-0.588438,-0.756027,08 Dec 2020,1.0,19.0,276.0,-0.6,-0.54,0.0,23572.0,61.0,-0.559,-0.55,-0.56
2020-12-14,-0.543,-0.565,-0.573,-0.522,-0.505,24.72,18344.294811566968,-0.6185,-0.5,0.25,0.0,-0.178858,-0.787857,-0.593,-0.767057,14 Dec 2020,0.0,31.0,463.0,-0.58,-0.54,0.0,47016.0,53.0,-0.558,-0.55,-0.56
2020-12-18,-0.537,-0.548,-0.56,-0.52,-0.498,21.57,18344.294811566968,-0.6185,-0.5,0.25,0.0,-0.163656,-0.752375,-0.562171,-0.746473,18 Dec 2020,0.0,30.0,448.0,-0.58,-0.54,0.0,42277.0,47.0,-0.558,-0.55,-0.56
2020-12-24,-0.542,-0.57,-0.568,-0.519,-0.494,21.53,18344.294811566968,-0.6185,-0.5,0.25,0.0,-0.163656,-0.752375,-0.562171,-0.746473,24 Dec 2020,0.0,25.0,217.0,-0.57,-0.54,0.0,22881.0,58.0,-0.555,-0.55,-0.56
2020-12-31,-0.545,-0.578,-0.554,-0.526,-0.499,22.75,18320.28395448377,-0.6185,-0.5,0.25,0.0,-0.163656,-0.752375,-0.562171,-0.746473,31 Dec 2020,0.0,20.0,191.0,-0.61,-0.5,0.0,19726.0,59.0,-0.583,-0.55,-0.56
2021-01-07,-0.554,-0.568,-0.563,-0.524,-0.509,22.37,18320.28395448377,-0.5835,-0.5,0.25,0.0,-0.140223,-0.761713,-0.542761,-0.696786,07 Jan 2021,0.0,30.0,471.0,-0.6,-0.54,0.0,43141.0,51.0,-0.565,-0.55,-0.56
2021-01-13,-0.545,-0.564,-0.563,-0.527,-0.498,22.21,18320.28395448377,-0.5835,-0.5,0.25,0.0,-0.122618,-0.749241,-0.526098,-0.687661,13 Jan 2021,0.0,32.0,482.0,-0.58,-0.54,0.0,44392.0,53.0,-0.562,-0.55,-0.56
2021-01-19,-0.548,-0.564,-0.561,-0.528,-0.502,23.24,18320.28395448377,-0.5835,-0.5,0.25,0.0,-0.094086,-0.7521,-0.518867,-0.683599,19 Jan 2021,0.0,30.0,507.0,-0.59,-0.55,0.0,49555.0,52.0,-0.564,-0.55,-0.56
2021-01-25,-0.543,-0.571,-0.554,-0.521,-0.493,23.19,18320.28395448377,-0.5835,-0.5,0.25,0.0,-0.127452,-0.76915,-0.551574,-0.689736,25 Jan 2021,0.0,31.0,451.0,-0.58,-0.54,0.0,46390.0,51.0,-0.564,-0.55,-0.56
2021-01-29,-0.548,-0.563,-0.571,-0.531,-0.512,33.09,18320.28395448377,-0.5835,-0.5,0.25,0.0,-0.040803,-0.77618,-0.512255,-0.698633,29 Jan 2021,0.0,32.0,431.0,-0.58,-0.54,0.0,35904.0,55.0,-0.564,-0.55,-0.56
2021-02-04,-0.543,-0.561,-0.568,-0.525,-0.508,21.77,17486.167658419457,-0.4455,-0.5,0.25,0.0,0.034419,-0.74203,-0.448923,-0.681872,04 Feb 2021,0.0,31.0,461.0,-0.58,-0.54,0.0,44059.0,56.0,-0.564,-0.55,-0.56
2021-02-10,-0.541,-0.573,-0.55,-0.522,-0.503,21.99,17486.167658419457,-0.4455,-0.5,0.25,0.0,0.053514,-0.751372,-0.448791,-0.684624,10 Feb 2021,0.0,31.0,452.0,-0.58,-0.54,0.0,41918.0,56.0,-0.564,-0.55,-0.56
2021-02-16,-0.543,-0.573,-0.55,-0.52,-0.5,21.46,17486.167658419457,-0.4455,-0.5,0.25,0.0,0.223894,-0.737277,-0.347939,-0.677192,16 Feb 2021,0.0,32.0,463.0,-0.58,-0.54,0.0,41493.0,53.0,-0.564,-0.55,-0.56
2021-02-22,-0.543,-0.566,-0.55,-0.516,-0.494,23.45,17486.167658419457,-0.4455,-0.5,0.25,0.0,0.256265,-0.728832,-0.32867,-0.670772,22 Feb 2021,0.0,31.0,459.0,-0.58,-0.54,0.0,41862.0,55.0,-0.564,-0.55,-0.56
2021-02-26,-0.53,-0.567,-0.547,-0.516,-0.483,27.95,17486.167658419457,-0.4455,-0.5,0.25,0.0,0.315627,-0.687697,-0.245739,-0.65301,26 Feb 2021,0.0,31.0,441.0,-0.59,-0.55,0.0,39693.0,56.0,-0.566,-0.55,-0.56
2021-03-04,-0.541,-0.572,-0.56,-0.518,-0.486,28.57,20856.039252531576,-0.364782608695652,-0.5,0.25,0.0,0.294663,-0.730113,-0.3076,-0.675244,04 Mar 2021,0.0,32.0,463.0,-0.59,-0.54,0.0,46676.0,57.0,-0.565,-0.55,-0.56
2021-03-10,-0.543,-0.571,-0.553,-0.52,-0.487,22.56,20856.039252531576,-0.364782608695652,-0.5,0.25,0.0,0.286701,-0.718367,-0.299915,-0.663886,10 Mar 2021,0.0,32.0,463.0,-0.58,-0.54,0.0,45218.0,57.0,-0.562,-0.55,-0.56
2021-03-16,-0.542,-0.558,-0.563,-0.52,-0.491,19.79,20856.039252531576,-0.364782608695652,-0.5,0.25,0.0,0.295555,-0.745696,-0.32595,-0.675085,16 Mar 2021,0.0,30.0,455.0,-0.58,-0.54,0.0,48940.0,51.0,-0.562,-0.57,-0.57
2021-03-22,-0.538,-0.563,-0.549,-0.518,-0.491,18.88,20856.039252531576,-0.364782608695652,-0.5,0.25,0.0,0.390568,-0.756732,-0.288905,-0.686511,22 Mar 2021,0.0,30.0,451.0,-0.59,-0.54,0.0,41907.0,53.0,-0.566,-0.57,-0.57
2021-03-26,-0.537,-0.559,-0.55,-0.514,-0.489,18.86,20856.039252531576,-0.364782608695652,-0.5,0.25,0.0,0.325331,-0.772562,-0.330952,-0.699307,26 Mar 2021,0.0,33.0,450.0,-0.6,-0.55,0.0,40218.0,50.0,-0.568,-0.57,-0.57
2021-04-01,-0.538,-0.555,-0.551,-0.512,-0.488,17.33,21899.98956049692,-0.325,-0.5,0.25,0.0,0.353253,-0.762026,-0.304831,-0.69651,01 Apr 2021,0.0,31.0,442.0,-0.6,-0.54,0.0,43396.0,54.0,-0.566,-0.57,-0.57
2021-04-09,-0.544,-0.558,-0.559,-0.522,-0.497,16.69,21899.98956049692,-0.325,-0.5,0.25,0.0,0.39164,-0.749172,-0.269233,-0.69206,09 Apr 2021,0.0,32.0,477.0,-0.6,-0.55,0.0,52686.0,52.0,-0.568,-0.57,-0.57
2021-04-15,-0.537,-0.559,-0.561,-0.512,-0.478,16.57,21899.98956049692,-0.325,-0.5,0.25,0.0,0.416415,-0.749233,-0.251667,-0.698539,15 Apr 2021,0.0,31.0,461.0,-0.59,-0.55,0.0,47286.0,54.0,-0.566,-0.57,-0.57
2021-04-21,-0.535,-0.562,-0.554,-0.513,-0.476,17.5,21899.98956049692,-0.325,-0.5,0.25,0.0,0.416173,-0.74575,-0.253026,-0.687893,21 Apr 2021,0.0,30.0,455.0,-0.59,-0.54,0.0,47627.0,54.0,-0.565,-0.57,-0.57
2021-04-27,-0.535,-0.562,-0.558,-0.518,-0.484,17.56,21899.98956049692,-0.325,-0.5,0.25,0.0,0.452227,-0.740825,-0.225162,-0.689565,27 Apr 2021,0.0,31.0,453.0,-0.58,-0.54,0.0,51682.0,49.0,-0.56,-0.57,-0.57
2021-05-03,-0.535,-0.568,-0.559,-0.518,-0.486,18.31,22914.70925983923,-0.2235,-0.5,0.25,0.0,0.535347,-0.731268,-0.17661,-0.681629,03 May 2021,0.0,24.0,334.0,-0.6,-0.55,0.0,38184.0,54.0,-0.567,-0.57,-0.57
2021-05-07,-0.529,-0.56,-0.553,-0.514,-0.483,16.69,22914.70925983923,-0.2235,-0.5,0.25,0.0,0.520969,-0.741324,-0.194749,-0.684047,07 May 2021,0.0,31.0,459.0,-0.58,-0.55,0.0,46775.0,56.0,-0.563,-0.57,-0.57
2021-05-13,-0.541,-0.563,-0.553,-0.515,-0.482,23.13,22914.70925983923,-0.2235,-0.5,0.25,0.0,0.653903,-0.703717,-0.080174,-0.678283,13 May 2021,0.0,22.0,328.0,-0.59,-0.55,0.0,35708.0,58.0,-0.564,-0.57,-0.57
2021-05-19,-0.552,-0.56,-0.562,-0.515,-0.479,22.18,22914.70925983923,-0.2235,-0.5,0.25,0.0,0.681748,-0.704372,-0.068234,-0.673637,19 May 2021,0.0,31.0,453.0,-0.58,-0.55,0.0,45375.0,52.0,-0.564,-0.57,-0.57
2021-05-25,-0.538,-0.568,-0.557,-0.505,-0.476,18.84,22914.70925983923,-0.2235,-0.5,0.25,0.0,0.588588,-0.71837,-0.136654,-0.676107,25 May 2021,0.0,31.0,441.0,-0.59,-0.55,0.0,44876.0,53.0,-0.565,-0.57,-0.57
2021-05-31,-0.544,-0.574,-0.563,-0.513,-0.483,18.84,24613.21641089884,-0.2235,-0.5,0.25,0.0,0.569761,-0.719824,-0.146415,-0.679869,31 May 2021,0.0,29.0,380.0,-0.6,-0.55,0.0,37631.0,62.0,-0.571,-0.57,-0.57
2021-06-04,-0.546,-0.571,-0.558,-0.513,-0.486,16.42,24613.21641089884,-0.288636363636364,-0.5,0.25,0.0,0.523351,-0.738913,-0.186039,-0.692552,04 Jun 2021,0.0,31.0,461.0,-0.58,-0.55,0.0,47087.0,58.0,-0.563,-0.57,-0.57
2021-06-10,-0.545,-0.564,-0.549,-0.519,-0.488,16.1,24613.21641089884,-0.288636363636364,-0.5,0.25,0.0,0.489582,-0.748214,-0.212093,-0.697832,10 Jun 2021,0.0,29.0,420.0,-0.58,-0.55,0.0,40680.0,65.0,-0.561,-0.57,-0.57
2021-06-16,-0.547,-0.562,-0.548,-0.519,-0.485,18.15,24613.21641089884,-0.288636363636364,-0.5,0.25,0.0,0.477408,-0.742894,-0.212303,-0.696158,16 Jun 2021,0.0,29.0,452.0,-0.58,-0.54,0.0,43971.0,60.0,-0.562,-0.57,-0.57
2021-06-22,-0.54,-0.564,-0.553,-0.508,-0.477,16.66,24613.21641089884,-0.288636363636364,-0.5,0.25,0.0,0.505305,-0.714597,-0.164893,-0.68705,22 Jun 2021,0.0,30.0,457.0,-0.58,-0.54,0.0,41014.0,57.0,-0.564,-0.57,-0.57
2021-06-28,-0.543,-0.566,-0.564,-0.513,-0.48,15.76,24613.21641089884,-0.288636363636364,-0.5,0.25,0.0,0.488497,-0.715181,-0.177452,-0.686414,28 Jun 2021,0.0,31.0,469.0,-0.59,-0.55,0.0,41677.0,55.0,-0.566,-0.57,-0.57
2021-07-02,-0.546,-0.562,-0.555,-0.512,-0.485,15.07,23522.288339075058,-0.451363636363636,-0.5,0.25,0.0,0.416398,-0.735425,-0.23726,-0.694076,02 Jul 2021,0.0,30.0,494.0,-0.59,-0.55,0.0,46025.0,57.0,-0.565,-0.57,-0.57
2021-07-08,-0.546,-0.568,-0.556,-0.515,-0.493,19.0,23522.288339075058,-0.451363636363636,-0.5,0.25,0.0,0.267371,-0.753833,-0.326775,-0.704688,08 Jul 2021,0.0,31.0,506.0,-0.58,-0.55,0.0,50011.0,57.0,-0.566,-0.57,-0.57
2021-07-14,-0.546,-0.573,-0.559,-0.513,-0.488,16.33,23522.288339075058,-0.451363636363636,-0.5,0.25,0.0,0.289749,-0.743486,-0.317395,-0.695628,14 Jul 2021,0.0,30.0,488.0,-0.59,-0.54,0.0,47230.0,58.0,-0.566,-0.57,-0.57
2021-07-20,-0.543,-0.566,-0.558,-0.518,-0.486,19.73,23522.288339075058,-0.451363636363636,-0.5,0.25,0.0,0.143134,-0.790497,-0.427698,-0.72196,20 Jul 2021,0.0,30.0,488.0,-0.58,-0.55,0.0,49967.0,56.0,-0.567,-0.57,-0.57
2021-07-26,-0.544,-0.562,-0.558,-0.519,-0.493,17.58,23522.288339075058,-0.451363636363636,-0.5,0.25,0.0,0.196858,-0.802471,-0.404531,-0.733959,26 Jul 2021,0.0,30.0,524.0,-0.58,-0.55,0.0,49755.0,56.0,-0.567,-0.57,-0.57
2021-07-30,-0.544,-0.564,-0.556,-0.523,-0.502,18.24,23522.288339075058,-0.451363636363636,-0.5,0.25,0.0,0.15971,-0.832995,-0.43988,-0.747261,30 Jul 2021,0.0,28.0,471.0,-0.6,-0.55,0.0,43874.0,60.0,-0.571,-0.57,-0.57
2021-08-05,-0.54,-0.573,-0.568,-0.527,-0.504,17.28,23323.93778056164,-0.538636363636364,-0.5,0.25,0.0,0.069174,-0.85997,-0.499342,-0.754285,05 Aug 2021,0.0,30.0,440.0,-0.58,-0.55,0.0,47580.0,59.0,-0.566,-0.57,-0.57
2021-08-11,-0.549,-0.575,-0.565,-0.53,-0.498,16.06,23323.93778056164,-0.538636363636364,-0.5,0.25,0.0,0.100131,-0.819434,-0.450355,-0.736618,11 Aug 2021,0.0,31.0,515.0,-0.58,-0.55,0.0,50480.0,59.0,-0.567,-0.57,-0.57
2021-08-17,-0.55,-0.573,-0.565,-0.527,-0.491,17.91,23323.93778056164,-0.538636363636364,-0.5,0.25,0.0,0.065965,-0.817225,-0.466388,-0.738687,17 Aug 2021,0.0,31.0,513.0,-0.59,-0.55,0.0,51196.0,58.0,-0.568,-0.57,-0.57
2021-08-23,-0.549,-0.575,-0.557,-0.529,-0.494,17.15,23323.93778056164,-0.538636363636364,-0.5,0.25,0.0,0.06988,-0.820733,-0.472818,-0.742056,23 Aug 2021,0.0,31.0,497.0,-0.6,-0.55,0.0,48214.0,57.0,-0.568,-0.57,-0.57
2021-08-27,-0.55,-0.565,-0.556,-0.529,-0.502,16.39,23323.93778056164,-0.538636363636364,-0.5,0.25,0.0,0.172205,-0.798355,-0.395866,-0.733202,27 Aug 2021,0.0,30.0,407.0,-0.6,-0.55,0.0,39125.0,63.0,-0.57,-0.57,-0.57
2021-09-02,-0.551,-0.56,-0.558,-0.52,-0.499,16.41,24301.075268817203,-0.362727272727273,-0.5,0.25,0.0,0.20204,-0.79377,-0.383023,-0.73492,02 Sep 2021,0.0,31.0,489.0,-0.6,-0.55,0.0,47228.0,63.0,-0.569,-0.57,-0.57
2021-09-08,-0.541,-0.574,-0.557,-0.517,-0.494,17.96,24301.075268817203,-0.362727272727273,-0.5,0.25,0.0,0.281588,-0.764157,-0.311515,-0.718833,08 Sep 2021,0.0,34.0,513.0,-0.59,-0.55,0.0,50012.0,59.0,-0.569,-0.57,-0.57
2021-09-14,-0.548,-0.576,-0.556,-0.522,-0.488,19.46,24301.075268817203,-0.362727272727273,-0.5,0.25,0.0,0.279437,-0.779474,-0.322741,-0.733458,14 Sep 2021,0.0,32.0,488.0,-0.6,-0.55,0.0,50608.0,56.0,-0.568,-0.57,-0.57
2021-09-20,-0.545,-0.565,-0.558,-0.528,-0.489,25.71,24301.075268817203,-0.362727272727273,-0.5,0.25,0.0,0.330298,-0.784579,-0.299468,-0.733805,20 Sep 2021,0.0,29.0,441.0,-0.59,-0.55,0.0,40441.0,58.0,-0.566,-0.57,-0.57
2021-09-24,-0.543,-0.567,-0.553,-0.523,-0.488,17.75,24301.075268817203,-0.362727272727273,-0.5,0.25,0.0,0.438864,-0.74646,-0.203612,-0.720467,24 Sep 2021,0.0,30.0,503.0,-0.6,-0.55,0.0,44105.0,57.0,-0.569,-0.57,-0.57
2021-09-30,-0.545,-0.568,-0.563,-0.528,-0.488,23.14,25266.729303685144,-0.362727272727273,-0.5,0.25,0.0,0.464681,-0.741061,-0.170187,-0.732889,30 Sep 2021,0.0,30.0,536.0,-0.6,-0.55,0.0,44503.0,54.0,-0.58,-0.57,-0.57
2021-10-06,-0.551,-0.567,-0.564,-0.53,-0.487,21.0,25266.729303685144,-0.204285714285714,-0.5,0.25,0.0,0.489774,-0.752569,-0.168801,-0.732212,06 Oct 2021,0.0,29.0,539.0,-0.6,-0.55,0.0,47637.0,56.0,-0.569,-0.57,-0.57
2021-10-12,-0.552,-0.568,-0.561,-0.523,-0.476,19.85,25266.729303685144,-0.204285714285714,-0.5,0.25,0.0,0.587347,-0.721026,-0.084251,-0.724432,12 Oct 2021,0.0,30.0,560.0,-0.6,-0.54,0.0,51461.0,57.0,-0.562,-0.57,-0.57
2021-10-18,-0.548,-0.573,-0.561,-0.527,-0.48,16.31,25266.729303685144,-0.204285714285714,-0.5,0.25,0.0,0.426471,-0.691444,-0.127009,-0.706145,18 Oct 2021,0.0,31.0,552.0,-0.6,-0.55,0.0,52371.0,56.0,-0.574,-0.57,-0.57
2021-10-22,-0.549,-0.568,-0.563,-0.534,-0.471,15.43,25266.729303685144,-0.204285714285714,-0.5,0.25,0.0,0.454797,-0.667456,-0.076117,-0.704591,22 Oct 2021,0.0,30.0,523.0,-0.59,-0.55,0.0,50668.0,58.0,-0.569,-0.57,-0.57
2021-10-28,-0.557,-0.566,-0.556,-0.533,-0.473,16.53,25266.729303685144,-0.204285714285714,-0.5,0.25,0.0,0.317039,-0.6652,-0.140645,-0.713673,28 Oct 2021,0.0,26.0,504.0,-0.6,-0.55,0.0,52440.0,62.0,-0.573,-0.57,-0.57
2021-11-03,-0.573,-0.573,-0.565,-0.538,-0.482,15.1,26215.68013362564,-0.313636363636364,-0.5,0.25,0.0,0.328899,-0.69939,-0.149763,-0.739119,03 Nov 2021,0.0,28.0,521.0,-0.6,-0.55,0.0,57799.0,56.0,-0.574,-0.57,-0.57
2021-11-09,-0.565,-0.581,-0.563,-0.533,-0.498,17.78,26215.68013362564,-0.313636363636364,-0.5,0.25,0.0,0.196449,-0.803885,-0.282662,-0.80649,09 Nov 2021,0.0,29.0,537.0,-0.6,-0.55,0.0,58786.0,55.0,-0.575,-0.57,-0.57
2021-11-15,-0.561,-0.566,-0.566,-0.528,-0.48,16.49,26215.68013362564,-0.313636363636364,-0.5,0.25,0.0,0.230606,-0.793665,-0.23544,-0.825503,15 Nov 2021,0.0,28.0,519.0,-0.59,-0.55,0.0,52188.0,58.0,-0.569,-0.57,-0.57
2021-11-19,-0.559,-0.568,-0.558,-0.528,-0.49,17.91,26215.68013362564,-0.313636363636364,-0.5,0.25,0.0,0.153003,-0.84993,-0.320625,-0.875699,19 Nov 2021,0.0,31.0,504.0,-0.6,-0.55,0.0,52996.0,60.0,-0.573,-0.57,-0.57
2021-11-25,-0.575,-0.584,-0.568,-0.542,-0.498,17.91,26215.68013362564,-0.313636363636364,-0.5,0.25,0.0,0.22555,-0.797409,-0.240303,-0.855999,25 Nov 2021,0.0,29.0,523.0,-0.6,-0.55,0.0,48079.0,56.0,-0.573,-0.57,-0.57
2021-12-01,-0.572,-0.576,-0.573,-0.541,-0.505,31.12,24055.746946445342,-0.384285714285714,-0.5,0.25,0.0,0.05397,-0.761368,-0.321884,-0.835905,01 Dec 2021,0.0,27.0,522.0,-0.59,-0.56,0.0,57156.0,54.0,-0.574,-0.57,-0.57
2021-12-07,-0.565,-0.584,-0.573,-0.538,-0.499,21.89,24055.746946445342,-0.384285714285714,-0.5,0.25,0.0,-0.008907,-0.752155,-0.362568,-0.79445,07 Dec 2021,0.0,29.0,554.0,-0.59,-0.57,0.0,53373.0,53.0,-0.577,-0.57,-0.57
2021-12-13,-0.603,-0.574,-0.593,-0.547,-0.504,20.31,24055.746946445342,-0.384285714285714,-0.5,0.25,0.0,0.028635,-0.727472,-0.358704,-0.749126,13 Dec 2021,0.0,30.0,528.0,-0.6,-0.57,0.0,45877.0,54.0,-0.579,-0.57,-0.57
2021-12-17,-0.581,-0.588,-0.611,-0.551,-0.511,21.57,24055.746946445342,-0.384285714285714,-0.5,0.25,0.0,0.045284,-0.752308,-0.360455,-0.763338,17 Dec 2021,0.0,32.0,500.0,-0.59,-0.56,0.0,44473.0,54.0,-0.576,-0.57,-0.57
2021-12-23,-0.588,-0.578,-0.648,-0.537,-0.499,17.96,24055.746946445342,-0.384285714285714,-0.5,0.25,0.0,0.19944,-0.714686,-0.240241,-0.740037,23 Dec 2021,0.0,26.0,382.0,-0.6,-0.57,0.0,28739.0,56.0,-0.576,-0.57,-0.57
2021-12-29,-0.571,-0.602,-0.594,-0.544,-0.492,16.95,24055.746946445342,-0.384285714285714,-0.5,0.25,0.0,0.238169,-0.704157,-0.200141,-0.729064,29 Dec 2021,0.0,26.0,470.0,-0.6,-0.57,0.0,41073.0,58.0,-0.578,-0.57,-0.57
2022-01-04,-0.565,-0.575,-0.569,-0.535,-0.498,16.91,25757.38594842885,-0.114761904761905,-0.5,0.25,0.0,0.333335,-0.696751,-0.115898,-0.689072,04 Jan 2022,0.0,27.0,521.0,-0.6,-0.56,0.0,54350.0,59.0,-0.578,-0.57,-0.57
2022-01-10,-0.57,-0.579,-0.563,-0.531,-0.489,19.4,25757.38594842885,-0.114761904761905,-0.5,0.25,0.0,0.395771,-0.637603,-0.045805,-0.663656,10 Jan 2022,0.0,30.0,513.0,-0.6,-0.56,0.0,56568.0,59.0,-0.579,-0.57,-0.57
2022-01-14,-0.568,-0.574,-0.565,-0.533,-0.483,19.19,25757.38594842885,-0.114761904761905,-0.5,0.25,0.0,0.317931,-0.650315,-0.074833,-0.676028,14 Jan 2022,0.0,29.0,544.0,-0.59,-0.55,0.0,58192.0,57.0,-0.578,-0.57,-0.57
2022-01-20,-0.553,-0.577,-0.561,-0.521,-0.46,25.59,25757.38594842885,-0.114761904761905,-0.5,0.25,0.0,0.358043,-0.632277,-0.041506,-0.694055,20 Jan 2022,0.0,31.0,526.0,-0.59,-0.56,0.0,59181.0,58.0,-0.579,-0.57,-0.57
2022-01-26,-0.554,-0.572,-0.565,-0.524,-0.468,31.96,25757.38594842885,-0.114761904761905,-0.5,0.25,0.0,0.377478,-0.680768,-0.066075,-0.726991,26 Jan 2022,0.0,29.0,553.0,-0.59,-0.55,0.0,53985.0,57.0,-0.576,-0.57,-0.57
2022-02-01,-0.547,-0.567,-0.56,-0.503,-0.431,21.96,27300.344503601627,0.15,-0.5,0.25,0.0,0.403383,-0.586967,0.042503,-0.665138,01 Feb 2022,0.0,28.0,557.0,-0.59,-0.55,0.0,61839.0,57.0,-0.578,-0.57,-0.57
2022-02-07,-0.53,-0.573,-0.548,-0.456,-0.31,22.86,27300.344503601627,0.15,-0.5,0.25,0.0,0.445266,-0.362126,0.245082,-0.573507,07 Feb 2022,0.0,31.0,552.0,-0.6,-0.55,0.0,59909.0,59.0,-0.578,-0.57,-0.57
2022-02-11,-0.523,-0.577,-0.557,-0.458,-0.298,27.36,27300.344503601627,0.15,-0.5,0.25,0.0,0.525441,-0.400861,0.285675,-0.598737,11 Feb 2022,0.0,32.0,557.0,-0.59,-0.56,0.0,57333.0,57.0,-0.578,-0.57,-0.57
2022-02-17,-0.529,-0.578,-0.562,-0.478,-0.313,28.11,27300.344503601627,0.15,-0.5,0.25,0.0,0.601862,-0.488535,0.279858,-0.634526,17 Feb 2022,0.0,32.0,548.0,-0.59,-0.55,0.0,56707.0,59.0,-0.576,-0.57,-0.57
2022-02-23,-0.529,-0.568,-0.544,-0.483,-0.332,31.02,27300.344503601627,0.15,-0.5,0.25,0.0,0.57247,-0.42649,0.298696,-0.606629,23 Feb 2022,0.0,31.0,550.0,-0.6,-0.55,0.0,52700.0,55.0,-0.576,-0.57,-0.57
2022-03-01,-0.534,-0.565,-0.553,-0.496,-0.363,33.32,24105.856561227683,0.281739130434783,-0.5,0.25,0.0,0.468314,-0.754065,0.032673,-0.763247,01 Mar 2022,0.0,30.0,556.0,-0.6,-0.55,0.0,60449.0,55.0,-0.577,-0.57,-0.57
2022-03-07,-0.498,-0.568,-0.517,-0.453,-0.352,36.45,24105.856561227683,0.281739130434783,-0.5,0.25,0.0,0.416455,-0.716903,0.025735,-0.75079,07 Mar 2022,0.0,29.0,584.0,-0.6,-0.56,0.0,63220.0,55.0,-0.579,-0.57,-0.57
2022-03-11,-0.502,-0.565,-0.548,-0.414,-0.268,30.75,24105.856561227683,0.281739130434783,-0.5,0.25,0.0,0.602198,-0.441983,0.309236,-0.615352,11 Mar 2022,0.0,32.0,565.0,-0.6,-0.55,0.0,55136.0,57.0,-0.577,-0.57,-0.57
2022-03-17,-0.493,-0.565,-0.548,-0.402,-0.216,25.67,24105.856561227683,0.281739130434783,-0.5,0.25,0.0,0.725487,-0.420336,0.417148,-0.62542,17 Mar 2022,0.0,32.0,545.0,-0.6,-0.55,0.0,55349.0,55.0,-0.578,-0.57,-0.57
2022-03-23,-0.493,-0.567,-0.549,-0.392,-0.165,23.57,24105.856561227683,0.281739130434783,-0.5,0.25,0.0,0.802064,-0.332732,0.51602,-0.589142,23 Mar 2022,0.0,32.0,567.0,-0.6,-0.55,0.0,53456.0,57.0,-0.578,-0.57,-0.57
2022-03-29,-0.473,-0.576,-0.533,-0.381,-0.105,18.9,24105.856561227683,0.281739130434783,-0.5,0.25,0.0,0.832171,-0.061542,0.626618,-0.484967,29 Mar 2022,0.0,28.0,552.0,-0.6,-0.56,0.0,50828.0,57.0,-0.579,-0.57,-0.57
2022-04-04,-0.447,-0.567,-0.551,-0.358,-0.083,18.57,23380.31109719177,0.746315789473684,-0.5,0.25,0.0,0.757672,-0.100146,0.563821,-0.486911,04 Apr 2022,0.0,29.0,536.0,-0.6,-0.56,0.0,53551.0,56.0,-0.585,-0.57,-0.57
2022-04-08,-0.449,-0.565,-0.541,-0.35,-0.048,21.16,23380.31109719177,0.746315789473684,-0.5,0.25,0.0,0.94579,0.048249,0.742405,-0.441754,08 Apr 2022,0.0,31.0,529.0,-0.6,-0.56,0.0,47007.0,55.0,-0.583,-0.57,-0.57
2022-04-14,-0.452,-0.56,-0.547,-0.317,0.003,22.7,23380.31109719177,0.746315789473684,-0.5,0.25,0.0,1.129208,0.018047,0.870733,-0.435065,14 Apr 2022,0.0,30.0,546.0,-0.6,-0.57,0.0,49464.0,56.0,-0.586,-0.57,-0.57
2022-04-22,-0.427,-0.57,-0.52,-0.268,0.084,28.21,23380.31109719177,0.746315789473684,-0.5,0.25,0.0,1.174278,0.337272,0.977083,-0.308154,22 Apr 2022,0.0,30.0,539.0,-0.6,-0.56,0.0,52795.0,57.0,-0.583,-0.57,-0.57
2022-04-28,-0.438,-0.571,-0.522,-0.242,0.118,29.99,23380.31109719177,0.746315789473684,-0.5,0.25,0.0,1.165739,0.202886,0.942193,-0.317073,28 Apr 2022,0.0,26.0,546.0,-0.6,-0.56,0.0,50131.0,57.0,-0.583,-0.57,-0.57
2022-05-04,-0.427,-0.569,-0.544,-0.205,0.234,25.42,22513.83234158054,0.952727272727273,-0.5,0.25,0.0,1.244377,0.343773,1.032894,-0.250365,04 May 2022,0.0,28.0,581.0,-0.6,-0.57,0.0,54230.0,56.0,-0.585,-0.57,-0.57
2022-05-10,-0.417,-0.564,-0.553,-0.202,0.236,32.99,22513.83234158054,0.952727272727273,-0.5,0.25,0.0,1.334057,0.161516,1.055791,-0.267608,10 May 2022,0.0,30.0,584.0,-0.6,-0.56,0.0,49803.0,57.0,-0.584,-0.57,-0.57
2022-05-16,-0.403,-0.565,-0.558,-0.192,0.206,27.47,22513.83234158054,0.952727272727273,-0.5,0.25,0.0,1.318038,0.104977,1.002073,-0.239641,16 May 2022,0.0,30.0,584.0,-0.6,-0.57,0.0,50348.0,57.0,-0.585,-0.57,-0.57
2022-05-20,-0.348,-0.566,-0.535,-0.078,0.353,29.43,22513.83234158054,0.952727272727273,-0.5,0.25,0.0,1.286989,0.237682,1.034908,-0.191453,20 May 2022,0.0,30.0,573.0,-0.6,-0.57,0.0,51990.0,58.0,-0.585,-0.57,-0.57
2022-05-26,-0.352,-0.563,-0.544,-0.061,0.36,27.5,22513.83234158054,0.952727272727273,-0.5,0.25,0.0,1.435934,0.156288,1.074923,-0.179365,26 May 2022,0.0,23.0,253.0,-0.6,-0.57,0.0,30811.0,59.0,-0.59,-0.57,-0.57
2022-06-01,-0.335,-0.577,-0.541,-0.034,0.417,25.69,24409.6461008456,1.445,-0.5,0.25,0.0,1.522525,0.351134,1.231257,-0.062505,01 Jun 2022,0.0,30.0,482.0,-0.6,-0.56,0.0,42701.0,57.0,-0.582,-0.57,-0.57
2022-06-07,-0.298,-0.578,-0.525,0.029,0.561,24.02,24409.6461008456,1.445,-0.5,0.25,0.0,1.610323,0.596204,1.372057,0.02693,07 Jun 2022,0.0,30.0,558.0,-0.6,-0.56,0.0,52531.0,53.0,-0.583,-0.57,-0.57
2022-06-13,-0.281,-0.568,-0.536,0.108,0.792,34.02,24409.6461008456,1.445,-0.5,0.25,0.0,1.809892,1.438969,1.657787,0.410577,13 Jun 2022,0.0,30.0,581.0,-0.6,-0.56,0.0,53122.0,50.0,-0.58,-0.57,-0.57
2022-06-17,-0.169,-0.568,-0.487,0.291,1.124,31.13,24409.6461008456,1.445,-0.5,0.25,0.0,2.103605,1.379675,1.782502,0.480488,17 Jun 2022,0.0,30.0,578.0,-0.6,-0.56,0.0,52402.0,50.0,-0.582,-0.57,-0.57
2022-06-23,-0.186,-0.568,-0.528,0.273,1.089,29.05,24409.6461008456,1.445,-0.5,0.25,0.0,2.011294,1.035486,1.488864,0.324537,23 Jun 2022,0.0,28.0,509.0,-0.6,-0.56,0.0,46555.0,55.0,-0.578,-0.57,-0.57
2022-06-29,-0.191,-0.563,-0.535,0.278,1.068,28.16,24409.6461008456,1.445,-0.5,0.25,0.0,2.099196,1.170015,1.657256,0.432258,29 Jun 2022,0.0,31.0,524.0,-0.6,-0.56,0.0,45127.0,51.0,-0.578,-0.57,-0.57
2022-07-05,-0.145,-0.567,-0.46,0.234,0.939,27.54,21300.76208372481,1.08190476190476,-0.5,0.25,0.0,1.843167,0.599509,1.335982,0.18615,05 Jul 2022,0.0,31.0,562.0,-0.6,-0.56,0.0,57639.0,50.0,-0.58,-0.57,-0.57
2022-07-11,-0.07,-0.572,-0.398,0.365,0.969,26.17,21300.76208372481,1.08190476190476,-0.5,0.25,0.0,1.88613,0.534145,1.326262,0.20299,11 Jul 2022,0.0,31.0,545.0,-0.6,-0.56,0.0,55865.0,52.0,-0.58,-0.57,-0.57
2022-07-15,0.072,-0.565,-0.317,0.532,1.057,24.23,21300.76208372481,1.08190476190476,-0.5,0.25,0.0,1.699887,0.577275,1.220601,0.214121,15 Jul 2022,0.0,31.0,555.0,-0.6,-0.56,0.0,56918.0,51.0,-0.582,-0.57,-0.57
2022-07-21,0.145,-0.513,-0.252,0.632,1.142,23.11,21300.76208372481,1.08190476190476,-0.5,0.25,0.0,1.77139,0.661032,1.354698,0.304772,21 Jul 2022,0.0,31.0,522.0,-0.6,-0.56,0.0,57875.0,53.0,-0.584,-0.57,-0.57
2022-07-27,0.238,-0.118,-0.062,0.631,1.013,23.24,21300.76208372481,1.08190476190476,0.0,0.75,0.5,1.524414,0.381787,1.022221,0.204596,27 Jul 2022,0.0,30.0,561.0,-0.1,-0.06,0.0,57526.0,53.0,-0.085,-0.57,-0.57
2022-08-02,0.26,-0.07,-0.048,0.652,0.926,23.93,21294.49838187702,1.03434782608696,0.0,0.75,0.5,1.333569,0.280216,0.832955,0.169484,02 Aug 2022,0.0,30.0,553.0,-0.1,-0.06,0.0,62019.0,52.0,-0.087,-0.57,-0.57
2022-08-08,0.301,-0.078,-0.032,0.729,1.11,21.29,21294.49838187702,1.03434782608696,0.0,0.75,0.5,1.410661,0.460017,0.941479,0.275683,08 Aug 2022,0.0,30.0,541.0,-0.1,-0.06,0.0,55066.0,53.0,-0.085,-0.57,-0.57
2022-08-12,0.333,-0.068,-0.035,0.766,1.163,19.53,21294.49838187702,1.03434782608696,0.0,0.75,0.5,1.552599,0.523352,1.036433,0.313512,12 Aug 2022,0.0,25.0,465.0,-0.1,-0.06,0.0,43872.0,55.0,-0.088,-0.57,-0.57
2022-08-18,0.391,-0.073,0.003,0.826,1.229,19.56,21294.49838187702,1.03434782608696,0.0,0.75,0.5,1.591553,0.79414,1.158773,0.477925,18 Aug 2022,0.0,31.0,538.0,-0.1,-0.06,0.0,53819.0,52.0,-0.084,-0.57,-0.57
2022-08-24,0.493,-0.072,0.079,0.947,1.427,22.82,21294.49838187702,1.03434782608696,0.0,0.75,0.5,1.784805,1.091295,1.441764,0.559603,24 Aug 2022,0.0,29.0,497.0,-0.1,-0.06,0.0,46904.0,53.0,-0.082,-0.57,-0.57
2022-08-30,0.62,-0.069,0.196,1.193,1.758,26.21,21294.49838187702,1.03434782608696,0.0,0.75,0.5,1.830567,1.241809,1.532935,0.618629,30 Aug 2022,0.0,29.0,495.0,-0.1,-0.06,0.0,47754.0,51.0,-0.084,-0.57,-0.57
2022-09-05,0.783,-0.073,0.298,1.298,1.874,25.99,21087.796220899883,1.79545454545455,0.0,0.75,0.5,1.987998,1.228671,1.629225,0.624783,05 Sep 2022,0.0,32.0,539.0,-0.1,-0.06,0.0,53309.0,52.0,-0.087,-0.57,-0.57
2022-09-09,0.934,0.173,0.48,1.442,2.015,22.79,21087.796220899883,1.79545454545455,0.0,0.75,0.5,2.019718,1.440483,1.748032,0.917519,09 Sep 2022,0.0,31.0,548.0,-0.1,-0.06,0.0,61967.0,51.0,-0.085,-0.57,-0.57
2022-09-15,1.03,0.65,0.68,1.608,2.223,26.27,21087.796220899883,1.79545454545455,0.75,1.5,1.25,1.937542,1.597699,1.766069,1.109067,15 Sep 2022,0.0,31.0,687.0,0.65,0.68,0.0,78908.0,49.0,0.66,-0.57,-0.57
2022-09-21,1.118,0.671,0.708,1.766,2.416,27.99,21087.796220899883,1.79545454545455,0.75,1.5,1.25,2.025908,1.852539,1.913965,1.469983,21 Sep 2022,0.0,32.0,637.0,0.65,0.68,0.0,61597.0,50.0,0.661,-0.57,-0.57
2022-09-27,1.228,0.657,0.722,1.851,2.625,32.6,21087.796220899883,1.79545454545455,0.75,1.5,1.25,2.286892,2.173525,2.182903,1.671139,27 Sep 2022,0.0,31.0,665.0,0.65,0.68,0.0,57680.0,49.0,0.662,-0.57,-0.57
2022-10-03,1.185,0.659,0.674,1.775,2.5,30.1,20931.203674705084,2.18666666666667,0.75,1.5,1.25,2.249428,1.786971,2.044694,1.533519,03 Oct 2022,0.0,29.0,435.0,0.64,0.68,0.0,51661.0,54.0,0.656,-0.57,-0.57
2022-10-07,1.288,0.656,0.783,1.897,2.552,31.36,20931.203674705084,2.18666666666667,0.75,1.5,1.25,2.543064,2.091922,2.27811,1.62317,07 Oct 2022,0.0,33.0,718.0,0.65,0.68,0.0,70327.0,49.0,0.656,-0.57,-0.57
2022-10-13,1.378,0.628,0.845,2.012,2.661,31.94,20931.203674705084,2.18666666666667,0.75,1.5,1.25,2.880491,2.136238,2.45189,1.706741,13 Oct 2022,0.0,35.0,704.0,0.65,0.68,0.0,62243.0,50.0,0.658,-0.57,-0.57
2022-10-19,1.462,0.668,0.938,2.057,2.684,30.76,20931.203674705084,2.18666666666667,0.75,1.5,1.25,2.796474,2.36807,2.443988,1.830585,19 Oct 2022,0.0,32.0,736.0,0.65,0.68,0.0,69700.0,50.0,0.656,-0.57,-0.57
2022-10-25,1.577,0.664,1.038,2.106,2.725,28.46,20931.203674705084,2.18666666666667,0.75,1.5,1.25,2.620774,2.254952,2.286172,1.814945,25 Oct 2022,0.0,33.0,767.0,0.65,0.68,0.0,72486.0,51.0,0.656,-0.57,-0.57
2022-10-31,1.704,1.018,1.253,2.13,2.63,25.88,23410.585656122767,2.18666666666667,0.75,1.5,1.25,2.538674,2.160749,2.239139,1.930783,31 Oct 2022,0.0,28.0,540.0,0.6,0.68,0.0,48467.0,48.0,0.648,-0.57,-0.57
2022-11-04,1.734,1.385,1.398,2.278,2.794,24.55,23410.585656122767,2.06636363636364,1.5,2.25,2.0,2.587356,2.260296,2.37073,2.071639,04 Nov 2022,0.0,31.0,687.0,1.39,1.43,0.0,68043.0,53.0,1.401,-0.57,-0.57
2022-11-10,1.798,1.391,1.395,2.319,2.862,23.53,23410.585656122767,2.06636363636364,1.5,2.25,2.0,2.190976,2.114173,2.145936,2.061829,10 Nov 2022,0.0,32.0,689.0,1.39,1.43,0.0,64502.0,47.0,1.402,-0.57,-0.57
2022-11-16,1.803,1.382,1.395,2.311,2.843,24.11,23410.585656122767,2.06636363636364,1.5,2.25,2.0,2.248268,2.335678,2.100597,2.100515,16 Nov 2022,0.0,32.0,691.0,1.39,1.42,0.0,72887.0,47.0,1.401,-0.57,-0.57
2022-11-22,1.863,1.406,1.418,2.338,2.847,21.29,23410.585656122767,2.06636363636364,1.5,2.25,2.0,2.201958,2.293185,2.076607,2.032651,22 Nov 2022,0.0,31.0,703.0,1.39,1.43,0.0,69424.0,48.0,1.404,-0.57,-0.57
2022-11-28,1.954,1.397,1.492,2.436,2.892,22.21,23410.585656122767,2.06636363636364,1.5,2.25,2.0,2.107166,2.307382,2.060424,2.102012,28 Nov 2022,0.0,33.0,714.0,1.39,1.43,0.0,66497.0,47.0,1.403,-0.57,-0.57
2022-12-02,1.975,1.398,1.514,2.406,2.811,19.06,25467.16776281449,2.0852380952381,1.5,2.25,2.0,1.925554,2.136241,1.904965,1.985064,02 Dec 2022,0.0,32.0,700.0,1.38,1.42,0.0,67719.0,48.0,1.4,-0.57,-0.57
2022-12-08,1.99,1.398,1.538,2.456,2.858,22.29,25467.16776281449,2.0852380952381,1.5,2.25,2.0,1.909331,2.092217,1.879956,2.015503,08 Dec 2022,0.0,32.0,673.0,1.38,1.42,0.0,64211.0,45.0,1.4,-0.57,-0.57
2022-12-14,2.081,1.432,1.697,2.519,2.871,21.14,25467.16776281449,2.0852380952381,1.5,2.25,2.0,2.081294,2.108668,2.009708,2.05656,14 Dec 2022,0.0,34.0,723.0,1.39,1.43,0.0,57818.0,45.0,1.402,-0.57,-0.57
2022-12-20,2.081,1.774,1.898,2.625,3.118,21.48,25467.16776281449,2.0852380952381,1.5,2.25,2.0,2.473569,2.634832,2.361218,2.292874,20 Dec 2022,0.0,32.0,696.0,1.39,1.43,0.0,55299.0,46.0,1.403,1.55,1.96
2022-12-27,2.128,1.885,1.895,2.703,3.265,21.65,25467.16776281449,2.0852380952381,2.0,2.75,2.5,2.622119,2.712959,2.501054,2.379211,27 Dec 2022,0.0,31.0,461.0,1.89,1.93,0.0,37751.0,47.0,1.906,1.55,1.96
2023-01-02,2.162,1.876,1.883,2.732,3.316,21.65,25727.11138949786,2.19272727272727,2.0,2.75,2.5,2.657496,2.855785,2.518254,2.518973,02 Jan 2023,0.0,31.0,437.0,1.89,1.93,0.0,40569.0,51.0,1.906,1.55,1.96
2023-01-06,2.254,1.89,1.904,2.805,3.328,21.13,25727.11138949786,2.19272727272727,2.0,2.75,2.5,2.458991,2.713063,2.364292,2.646641,06 Jan 2023,0.0,30.0,612.0,1.88,1.92,0.0,62072.0,54.0,1.898,1.55,1.96
2023-01-12,2.288,1.886,1.918,2.818,3.325,18.83,25727.11138949786,2.19272727272727,2.0,2.75,2.5,2.249656,2.564052,2.203748,2.585281,12 Jan 2023,0.0,32.0,682.0,1.88,1.92,0.0,69054.0,47.0,1.9,1.55,1.96
2023-01-18,2.342,1.887,1.985,2.832,3.311,20.34,25727.11138949786,2.19272727272727,2.0,2.75,2.5,2.014154,2.351938,2.032437,2.467429,18 Jan 2023,0.0,33.0,682.0,1.88,1.92,0.0,63490.0,49.0,1.902,1.55,1.96
2023-01-24,2.501,1.893,2.052,2.922,3.353,19.2,25727.11138949786,2.19272727272727,2.0,2.75,2.5,2.314861,2.624975,2.238985,2.61096,24 Jan 2023,0.0,33.0,665.0,1.88,1.92,0.0,59356.0,54.0,1.904,1.55,1.96
2023-01-30,2.482,1.894,2.144,2.959,3.368,19.94,25727.11138949786,2.19272727272727,2.0,2.75,2.5,2.354263,2.683885,2.321596,2.680179,30 Jan 2023,0.0,32.0,675.0,1.88,1.92,0.0,56238.0,53.0,1.904,1.55,1.96
2023-02-03,2.545,2.107,2.255,3.011,3.374,18.33,29824.61634826182,2.3705,2.0,2.75,2.5,2.280791,2.478679,2.223966,2.62414,03 Feb 2023,0.0,32.0,659.0,1.88,1.92,0.0,60604.0,48.0,1.898,1.55,1.96
2023-02-09,2.607,2.382,2.363,3.103,3.486,20.71,29824.61634826182,2.3705,2.5,3.25,3.0,2.386527,2.646378,2.324128,2.754543,09 Feb 2023,0.0,31.0,680.0,2.38,2.42,0.0,63901.0,50.0,2.401,1.55,1.96
2023-02-15,2.682,2.379,2.405,3.166,3.542,18.23,29824.61634826182,2.3705,2.5,3.25,3.0,2.530061,2.861357,2.501264,2.934256,15 Feb 2023,0.0,32.0,713.0,2.38,2.43,0.0,64905.0,52.0,2.405,1.55,1.96
2023-02-21,2.682,2.375,2.392,3.225,3.578,22.87,29824.61634826182,2.3705,2.5,3.25,3.0,2.594314,2.972581,2.594867,2.970068,21 Feb 2023,0.0,31.0,699.0,2.38,2.42,0.0,62118.0,48.0,2.398,1.55,1.96
2023-02-27,2.716,2.344,2.422,3.242,3.68,20.95,29824.61634826182,2.3705,2.5,3.25,3.0,2.619318,3.111991,2.62055,3.10709,27 Feb 2023,0.0,31.0,685.0,2.37,2.42,0.0,56732.0,50.0,2.398,1.55,1.96
2023-03-03,2.849,2.393,2.551,3.353,3.826,18.49,31759.0562689216,2.3834782608695706,2.5,3.25,3.0,2.764802,3.325198,2.761844,3.258408,03 Mar 2023,0.0,34.0,669.0,2.37,2.42,0.0,58001.0,48.0,2.4,1.55,1.96
2023-03-09,2.948,2.373,2.573,3.461,3.978,22.61,31759.0562689216,2.3834782608695706,2.5,3.25,3.0,2.663897,3.384679,2.718485,3.292748,09 Mar 2023,0.0,33.0,701.0,2.38,2.42,0.0,65684.0,50.0,2.401,1.55,1.96
2023-03-15,2.815,2.415,2.615,3.131,3.662,26.14,31759.0562689216,2.3834782608695706,2.5,3.25,3.0,2.357339,2.428436,2.251536,2.559548,15 Mar 2023,0.0,32.0,666.0,2.38,2.42,0.0,60261.0,51.0,2.4,1.55,1.96
2023-03-21,2.908,2.712,2.822,3.071,3.322,21.38,31759.0562689216,2.3834782608695706,2.5,3.25,3.0,2.484183,2.42835,2.332589,2.649016,21 Mar 2023,0.0,33.0,731.0,2.37,2.42,0.0,72609.0,50.0,2.399,2.59,2.88
2023-03-27,3.012,2.879,2.902,3.239,3.469,20.6,31759.0562689216,2.3834782608695706,3.0,3.75,3.5,2.553171,2.486649,2.348881,2.708262,27 Mar 2023,0.0,31.0,665.0,2.85,2.92,0.0,58900.0,52.0,2.898,2.59,2.88
2023-03-31,3.038,2.898,2.915,3.341,3.622,18.7,27486.167658419457,2.3834782608695706,3.0,3.75,3.5,2.57523,2.669966,2.405373,2.797763,31 Mar 2023,0.0,31.0,651.0,2.85,2.93,0.0,52387.0,53.0,2.884,2.59,2.88
2023-04-06,3.075,2.886,2.887,3.339,3.578,18.4,27486.167658419457,2.35944444444444,3.0,3.75,3.5,2.43003,2.477759,2.250728,2.727198,06 Apr 2023,0.0,30.0,614.0,2.85,2.93,0.0,60428.0,51.0,2.903,2.59,2.88
2023-04-14,3.175,2.894,2.948,3.51,3.723,17.07,27486.167658419457,2.35944444444444,3.0,3.75,3.5,2.636999,2.841654,2.472042,2.975079,14 Apr 2023,0.0,32.0,617.0,2.85,2.93,0.0,59787.0,53.0,2.896,2.59,2.88
2023-04-20,3.211,2.878,2.998,3.612,3.855,17.17,27486.167658419457,2.35944444444444,3.0,3.75,3.5,2.770133,2.942219,2.573343,3.075606,20 Apr 2023,0.0,31.0,642.0,2.87,2.93,0.0,62856.0,51.0,2.904,2.59,2.88
2023-04-26,3.242,2.88,3.015,3.648,3.858,18.84,27486.167658419457,2.35944444444444,3.0,3.75,3.5,2.698011,2.750769,2.463824,2.98426,26 Apr 2023,0.0,33.0,686.0,2.85,2.93,0.0,61905.0,54.0,2.9,2.59,2.88
2023-05-03,3.275,2.91,3.088,3.644,3.843,18.34,28306.712600480216,2.3422727272727295,3.0,3.75,3.5,2.575926,2.57959,2.34499,2.914277,03 May 2023,0.0,32.0,677.0,2.85,2.92,0.0,67244.0,49.0,2.896,2.59,2.88
2023-05-09,3.27,3.078,3.161,3.608,3.804,17.71,28306.712600480216,2.3422727272727295,3.0,3.75,3.5,2.722607,2.561516,2.424662,2.903475,09 May 2023,0.0,33.0,677.0,2.85,2.92,0.0,71757.0,48.0,2.894,2.99,3.14
2023-05-15,3.358,3.145,3.15,3.663,3.805,17.12,28306.712600480216,2.3422727272727295,3.25,4.0,3.75,2.721926,2.527964,2.40432,2.898748,15 May 2023,0.0,32.0,725.0,3.1,3.17,0.0,69394.0,48.0,3.145,2.99,3.14
2023-05-19,3.415,3.129,3.134,3.707,3.878,16.81,28306.712600480216,2.3422727272727295,3.25,4.0,3.75,2.892199,2.767247,2.574757,3.021202,19 May 2023,0.0,35.0,680.0,3.1,3.18,0.0,60448.0,49.0,3.151,2.99,3.14
2023-05-25,3.457,3.152,3.198,3.769,3.943,19.14,28306.712600480216,2.3422727272727295,3.25,4.0,3.75,2.847532,2.852857,2.585115,3.087964,25 May 2023,0.0,33.0,717.0,3.1,3.17,0.0,67877.0,49.0,3.148,2.99,3.14
2023-05-31,3.463,3.122,3.211,3.746,3.939,17.94,27392.212130702577,2.3422727272727295,3.25,4.0,3.75,2.650244,2.648201,2.383764,3.015395,31 May 2023,0.0,31.0,673.0,3.1,3.17,0.0,65465.0,52.0,3.144,2.99,3.14
2023-06-06,3.476,3.152,3.254,3.715,3.914,13.96,27392.212130702577,2.37636363636364,3.25,4.0,3.75,2.746455,2.809021,2.466699,3.158294,06 Jun 2023,0.0,33.0,734.0,3.1,3.17,0.0,66595.0,50.0,3.145,2.99,3.14
2023-06-12,3.478,3.136,3.315,3.753,3.938,15.01,27392.212130702577,2.37636363636364,3.25,4.0,3.75,2.701446,2.86311,2.472986,3.175866,12 Jun 2023,0.0,32.0,757.0,3.1,3.17,0.0,65206.0,49.0,3.147,2.99,3.14
2023-06-16,3.572,3.234,3.355,3.822,4.02,13.54,27392.212130702577,2.37636363636364,3.25,4.0,3.75,2.6751,3.11775,2.552134,3.354569,16 Jun 2023,0.0,33.0,705.0,3.1,3.18,0.0,61559.0,49.0,3.144,2.99,3.14
2023-06-22,3.6,3.401,3.413,3.907,4.111,12.91,27392.212130702577,2.37636363636364,3.5,4.25,4.0,2.626641,3.243211,2.551937,3.441493,22 Jun 2023,0.0,34.0,697.0,3.35,3.43,0.0,66147.0,49.0,3.397,2.99,3.14
2023-06-28,3.598,3.391,3.418,3.93,4.119,13.43,27392.212130702577,2.37636363636364,3.5,4.25,4.0,2.454266,3.119138,2.403097,3.391495,28 Jun 2023,0.0,34.0,656.0,3.35,3.43,0.0,62175.0,50.0,3.4,2.99,3.14
2023-07-04,3.613,3.378,3.388,3.888,4.164,13.7,29896.64891951143,2.45666666666667,3.5,4.25,4.0,2.537522,3.215523,2.509838,3.451897,04 Jul 2023,0.0,33.0,725.0,3.35,3.43,0.0,70015.0,45.0,3.401,2.99,3.14
2023-07-10,3.661,3.395,3.438,3.931,4.19,15.07,29896.64891951143,2.45666666666667,3.5,4.25,4.0,2.825272,3.230098,2.725612,3.467282,10 Jul 2023,0.0,32.0,716.0,3.35,3.43,0.0,59602.0,50.0,3.402,2.99,3.14
2023-07-14,3.66,3.393,3.464,3.941,4.134,13.34,29896.64891951143,2.45666666666667,3.5,4.25,4.0,2.613935,3.120308,2.526308,3.4478,14 Jul 2023,0.0,32.0,675.0,3.36,3.43,0.0,59950.0,52.0,3.402,2.99,3.14
2023-07-20,3.698,3.402,3.472,3.952,4.141,13.99,29896.64891951143,2.45666666666667,3.5,4.25,4.0,2.603771,3.17576,2.531758,3.469223,20 Jul 2023,0.0,33.0,695.0,3.37,3.43,0.0,62567.0,52.0,3.403,2.99,3.14
2023-07-26,3.714,3.401,3.545,3.952,4.114,13.19,29896.64891951143,2.45666666666667,3.5,4.25,4.0,2.623062,3.177668,2.53247,3.450668,26 Jul 2023,0.0,33.0,731.0,3.35,3.43,0.0,62277.0,51.0,3.402,2.99,3.14
2023-08-01,3.723,3.532,3.58,3.948,4.076,13.93,31722.51800814281,2.54565217391304,3.5,4.25,4.0,2.720124,3.070256,2.545026,3.427633,01 Aug 2023,0.0,34.0,724.0,3.37,3.43,0.0,67737.0,50.0,3.404,3.48,3.63
2023-08-07,3.754,3.637,3.638,3.949,4.055,15.77,31722.51800814281,2.54565217391304,3.75,4.5,4.25,2.897806,2.941812,2.659278,3.349067,07 Aug 2023,0.0,33.0,700.0,3.63,3.68,0.0,63710.0,52.0,3.653,3.48,3.63
2023-08-11,3.781,3.628,3.638,3.928,4.056,14.84,31722.51800814281,2.54565217391304,3.75,4.5,4.25,2.928914,2.973168,2.68846,3.349347,11 Aug 2023,0.0,33.0,688.0,3.63,3.68,0.0,60340.0,52.0,3.653,3.48,3.63
2023-08-17,3.815,3.64,3.632,3.941,4.095,17.89,31722.51800814281,2.54565217391304,3.75,4.5,4.25,3.001858,3.069157,2.759944,3.378966,17 Aug 2023,0.0,33.0,719.0,3.63,3.68,0.0,62347.0,50.0,3.654,3.48,3.63
2023-08-23,3.826,3.64,3.642,3.953,4.082,15.98,31722.51800814281,2.54565217391304,3.75,4.5,4.25,2.844418,2.922208,2.59617,3.369444,23 Aug 2023,0.0,33.0,772.0,3.61,3.68,0.0,66859.0,51.0,3.652,3.48,3.63
2023-08-29,3.783,3.638,3.631,3.944,4.074,14.45,31722.51800814281,2.54565217391304,3.75,4.5,4.25,2.849136,3.067549,2.639787,3.421778,29 Aug 2023,0.0,33.0,758.0,3.6,3.68,0.0,59246.0,53.0,3.652,3.48,3.63
2023-09-04,3.798,3.636,3.636,3.955,4.049,13.82,31155.65299091763,2.66142857142857,3.75,4.5,4.25,2.864586,2.949414,2.638532,3.400471,04 Sep 2023,0.0,34.0,731.0,3.61,3.68,0.0,61244.0,55.0,3.652,3.48,3.63
2023-09-08,3.8,3.659,3.682,3.952,4.086,13.84,31155.65299091763,2.66142857142857,3.75,4.5,4.25,2.856726,3.024732,2.684847,3.42339,08 Sep 2023,0.0,33.0,682.0,3.62,3.68,0.0,56720.0,57.0,3.653,3.48,3.63
2023-09-14,3.867,3.674,3.725,4.04,4.159,12.82,31155.65299091763,2.66142857142857,3.75,4.5,4.25,2.883271,3.081102,2.684299,3.550509,14 Sep 2023,0.0,33.0,711.0,3.62,3.68,0.0,58402.0,53.0,3.653,3.48,3.63
2023-09-20,3.934,3.878,3.834,4.07,4.222,15.14,31155.65299091763,2.66142857142857,4.0,4.75,4.5,2.974053,3.213515,2.76577,3.570371,20 Sep 2023,0.0,34.0,753.0,3.88,3.92,0.0,66589.0,51.0,3.901,3.48,3.63
2023-09-26,3.941,3.882,3.843,4.09,4.199,18.94,31155.65299091763,2.66142857142857,4.0,4.75,4.5,3.15904,3.200715,2.87086,3.562255,26 Sep 2023,0.0,32.0,717.0,3.89,3.93,0.0,59418.0,54.0,3.904,3.48,3.63
2023-10-02,3.951,3.858,3.858,4.138,4.198,17.61,31234.993214323,2.82318181818182,4.0,4.75,4.5,3.261541,3.144726,2.932835,3.520142,02 Oct 2023,0.0,33.0,667.0,3.86,3.92,0.0,58997.0,50.0,3.899,3.48,3.63
2023-10-06,3.983,3.898,3.863,4.113,4.194,17.45,31234.993214323,2.82318181818182,4.0,4.75,4.5,3.317921,3.016076,2.960433,3.447949,06 Oct 2023,0.0,33.0,719.0,3.86,3.92,0.0,64631.0,53.0,3.899,3.48,3.63
2023-10-12,3.965,3.882,3.872,4.121,4.162,16.69,31234.993214323,2.82318181818182,4.0,4.75,4.5,3.084812,3.029966,2.793854,3.473796,12 Oct 2023,0.0,32.0,705.0,3.88,3.93,0.0,60525.0,54.0,3.901,3.48,3.63
2023-10-18,3.993,3.891,3.864,4.143,4.196,19.22,31234.993214323,2.82318181818182,4.0,4.75,4.5,3.325261,3.156919,2.95271,3.554757,18 Oct 2023,0.0,33.0,743.0,3.88,3.93,0.0,58447.0,53.0,3.903,3.48,3.63
2023-10-24,3.941,3.88,3.842,4.102,4.154,18.97,31234.993214323,2.82318181818182,4.0,4.75,4.5,3.233036,3.023125,2.893242,3.467681,24 Oct 2023,0.0,33.0,735.0,3.88,3.93,0.0,57841.0,53.0,3.904,3.48,3.63
2023-10-30,3.968,3.883,3.893,4.109,4.078,19.75,31234.993214323,2.82318181818182,4.0,4.75,4.5,3.287782,2.927178,2.90122,3.406159,30 Oct 2023,0.0,33.0,747.0,3.86,3.92,0.0,55708.0,55.0,3.899,3.48,3.63
2023-11-03,3.956,3.887,3.877,4.062,4.004,14.91,30211.92191251696,2.60136363636364,4.0,4.75,4.5,3.287782,2.927178,2.90122,3.406159,03 Nov 2023,0.0,33.0,720.0,3.88,3.93,0.0,62644.0,53.0,3.902,3.48,3.63
2023-11-09,3.987,3.892,3.838,4.055,4.028,15.29,30211.92191251696,2.60136363636364,4.0,4.75,4.5,3.034128,2.925894,2.700283,3.442951,09 Nov 2023,0.0,32.0,721.0,3.88,3.93,0.0,62032.0,57.0,3.902,3.48,3.63
2023-11-15,3.994,3.865,3.791,4.076,4.028,14.18,30211.92191251696,2.60136363636364,4.0,4.75,4.5,3.042176,2.903276,2.687105,3.420655,15 Nov 2023,0.0,33.0,726.0,3.87,3.92,0.0,64207.0,53.0,3.899,3.48,3.63
2023-11-21,3.973,3.887,3.815,4.07,4.023,13.35,30211.92191251696,2.60136363636364,4.0,4.75,4.5,2.955228,2.897209,2.6242,3.404593,21 Nov 2023,0.0,32.0,707.0,3.88,3.93,0.0,59916.0,55.0,3.901,3.48,3.63
2023-11-27,3.951,3.873,3.848,4.05,4.057,12.69,30211.92191251696,2.60136363636364,4.0,4.75,4.5,2.941937,2.903661,2.628913,3.400711,27 Nov 2023,0.0,33.0,713.0,3.85,3.93,0.0,58707.0,57.0,3.903,3.48,3.63
2023-12-01,3.96,3.839,3.869,4.004,3.902,12.63,32696.523645474477,2.10210526315789,4.0,4.75,4.5,2.858873,2.54124,2.479788,3.170244,01 Dec 2023,0.0,34.0,703.0,3.86,3.93,0.0,59876.0,55.0,3.904,3.48,3.63
2023-12-07,3.969,3.865,3.872,3.948,3.727,13.06,32696.523645474477,2.10210526315789,4.0,4.75,4.5,2.611807,2.460706,2.235332,3.101928,07 Dec 2023,0.0,32.0,669.0,3.87,3.93,0.0,59408.0,53.0,3.903,3.48,3.63
2023-12-13,3.925,3.854,3.833,3.945,3.758,12.19,32696.523645474477,2.10210526315789,4.0,4.75,4.5,2.650815,2.52247,2.252547,3.179091,13 Dec 2023,0.0,33.0,706.0,3.88,3.93,0.0,57182.0,53.0,3.905,3.48,3.63
2023-12-19,3.923,3.865,3.853,3.922,3.635,12.53,32696.523645474477,2.10210526315789,4.0,4.75,4.5,2.501754,2.371818,2.091359,3.09282,19 Dec 2023,0.0,33.0,716.0,3.85,3.93,0.0,58361.0,52.0,3.901,3.9,3.9
2023-12-27,3.925,3.857,3.843,3.885,3.554,12.43,32696.523645474477,2.10210526315789,4.0,4.75,4.5,2.464365,2.243465,1.987609,3.026955,27 Dec 2023,0.0,34.0,631.0,3.85,3.93,0.0,52552.0,56.0,3.9,3.9,3.9
2024-01-03,3.929,3.887,3.865,3.882,3.545,14.04,33314.54222778996,2.1745454545454495,4.0,4.75,4.5,2.638199,2.245039,2.121419,3.056745,03 Jan 2024,0.0,33.0,688.0,3.88,3.93,0.0,65797.0,54.0,3.904,3.9,3.9
2024-01-09,3.928,3.869,3.867,3.891,3.601,12.76,33314.54222778996,2.1745454545454495,4.0,4.75,4.5,2.721884,2.366708,2.257045,3.132766,09 Jan 2024,0.0,33.0,703.0,3.88,3.93,0.0,63395.0,54.0,3.904,3.9,3.9
2024-01-15,3.928,3.88,3.868,3.874,3.57,13.25,33314.54222778996,2.1745454545454495,4.0,4.75,4.5,2.781294,2.36355,2.281012,3.121336,15 Jan 2024,0.0,32.0,682.0,3.85,3.93,0.0,54460.0,52.0,3.902,3.9,3.9
2024-01-19,3.958,3.858,3.854,3.908,3.655,13.3,33314.54222778996,2.1745454545454495,4.0,4.75,4.5,2.832881,2.48302,2.384627,3.190384,19 Jan 2024,0.0,33.0,698.0,3.86,3.93,0.0,59307.0,52.0,3.904,3.9,3.9
2024-01-25,3.925,3.851,3.868,3.911,3.662,13.45,33314.54222778996,2.1745454545454495,4.0,4.75,4.5,2.839625,2.404133,2.368753,3.13758,25 Jan 2024,0.0,33.0,701.0,3.86,3.93,0.0,57863.0,52.0,3.905,3.9,3.9
2024-01-31,3.905,3.832,3.877,3.835,3.572,14.35,34177.88913247729,2.1745454545454495,4.0,4.75,4.5,2.755047,2.261176,2.265802,3.05121,31 Jan 2024,0.0,33.0,637.0,3.85,3.93,0.0,49340.0,53.0,3.894,3.9,3.9
2024-02-06,3.932,3.876,3.893,3.922,3.667,13.06,34177.88913247729,2.33190476190476,4.0,4.75,4.5,2.836148,2.4441,2.387179,3.16461,06 Feb 2024,0.0,34.0,652.0,3.88,3.93,0.0,50643.0,52.0,3.908,3.9,3.9
2024-02-12,3.912,3.876,3.882,3.908,3.678,13.93,34177.88913247729,2.33190476190476,4.0,4.75,4.5,2.864271,2.541555,2.451783,3.224301,12 Feb 2024,0.0,34.0,684.0,3.88,3.93,0.0,56457.0,48.0,3.909,3.9,3.9
2024-02-16,3.933,3.882,3.881,3.895,3.648,14.24,34177.88913247729,2.33190476190476,4.0,4.75,4.5,2.826334,2.697596,2.471249,3.298868,16 Feb 2024,0.0,33.0,677.0,3.88,3.93,0.0,55849.0,49.0,3.909,3.9,3.9
2024-02-22,3.945,3.86,3.864,3.907,3.697,14.54,34177.88913247729,2.33190476190476,4.0,4.75,4.5,2.787402,2.740314,2.479805,3.321511,22 Feb 2024,0.0,35.0,708.0,3.88,3.93,0.0,59229.0,49.0,3.909,3.9,3.9
2024-02-28,3.942,3.878,3.856,3.915,3.748,13.84,34177.88913247729,2.33190476190476,4.0,4.75,4.5,2.850586,2.796618,2.516738,3.34043,28 Feb 2024,0.0,33.0,700.0,3.85,3.93,0.0,54779.0,51.0,3.906,3.9,3.9
2024-03-05,3.926,3.881,3.868,3.921,3.751,14.46,34403.382398997805,2.3495,4.0,4.75,4.5,2.682688,2.741956,2.363515,3.299268,05 Mar 2024,0.0,33.0,709.0,3.88,3.93,0.0,60001.0,53.0,3.911,3.9,3.9
2024-03-11,3.928,3.893,3.871,3.892,3.703,15.22,34403.382398997805,2.3495,4.0,4.75,4.5,2.713469,2.681922,2.35912,3.267515,11 Mar 2024,0.0,35.0,753.0,3.86,3.93,0.0,61001.0,53.0,3.904,3.9,3.9
2024-03-15,3.928,3.89,3.862,3.908,3.709,14.41,34403.382398997805,2.3495,4.0,4.75,4.5,2.808863,2.786154,2.494603,3.341525,15 Mar 2024,0.0,31.0,676.0,3.88,3.93,0.0,50279.0,60.0,3.909,3.9,3.9
2024-03-21,3.926,3.868,3.848,3.902,3.735,12.92,34403.382398997805,2.3495,4.0,4.75,4.5,2.834495,2.73743,2.469761,3.315911,21 Mar 2024,0.0,35.0,691.0,3.86,3.93,0.0,51665.0,59.0,3.907,3.9,3.9
2024-03-27,3.908,3.835,3.835,3.862,3.684,12.78,34403.382398997805,2.3495,4.0,4.75,4.5,2.70609,2.677048,2.351058,3.247713,27 Mar 2024,0.0,34.0,717.0,3.86,3.93,0.0,49994.0,55.0,3.906,3.9,3.9
2024-04-04,3.891,3.875,3.877,3.844,3.663,16.35,39456.10188955005,2.4457142857142906,4.0,4.75,4.5,2.787855,2.676899,2.4113,3.26056,04 Apr 2024,0.0,35.0,704.0,3.88,3.93,0.0,55759.0,55.0,3.912,3.9,3.9
2024-04-10,3.912,3.879,3.854,3.83,3.689,15.8,39456.10188955005,2.4457142857142906,4.0,4.75,4.5,2.851239,2.784234,2.483955,3.318282,10 Apr 2024,0.0,35.0,623.0,3.88,3.93,0.0,56812.0,56.0,3.907,3.9,3.9
2024-04-16,3.904,3.863,3.855,3.842,3.702,18.4,39456.10188955005,2.4457142857142906,4.0,4.75,4.5,2.977584,2.750305,2.565459,3.261154,16 Apr 2024,0.0,35.0,731.0,3.88,3.93,0.0,54841.0,52.0,3.911,3.9,3.86
2024-04-22,3.891,3.866,3.819,3.85,3.734,16.94,39456.10188955005,2.4457142857142906,4.0,4.75,4.5,2.947677,2.784324,2.569407,3.276541,22 Apr 2024,0.0,35.0,738.0,3.88,3.93,0.0,55072.0,52.0,3.91,3.9,3.86
2024-04-26,3.865,3.883,3.848,3.835,3.724,15.03,39456.10188955005,2.4457142857142906,4.0,4.75,4.5,2.968646,2.862705,2.623465,3.311969,26 Apr 2024,0.0,34.0,713.0,3.86,3.93,0.0,46571.0,53.0,3.907,3.9,3.86
2024-05-03,3.827,3.893,3.865,3.802,3.693,13.49,40703.62250756864,2.51954545454545,4.0,4.75,4.5,2.883823,2.817159,2.545998,3.27163,03 May 2024,0.0,30.0,498.0,3.86,3.93,0.0,42893.0,55.0,3.908,3.9,3.86
2024-05-09,3.806,3.878,3.862,3.802,3.628,12.69,40703.62250756864,2.51954545454545,4.0,4.75,4.5,2.908337,2.842689,2.548513,3.288883,09 May 2024,0.0,32.0,394.0,3.85,3.93,0.0,39153.0,55.0,3.901,3.9,3.86
2024-05-15,3.816,3.872,3.83,3.798,3.679,12.45,40703.62250756864,2.51954545454545,4.0,4.75,4.5,2.858847,2.806343,2.499751,3.273624,15 May 2024,0.0,34.0,722.0,3.86,3.93,0.0,50516.0,49.0,3.908,3.9,3.86
2024-05-21,3.823,3.894,3.785,3.784,3.68,11.86,40703.62250756864,2.51954545454545,4.0,4.75,4.5,2.897151,2.83679,2.563389,3.270915,21 May 2024,0.0,35.0,721.0,3.89,3.93,0.0,55794.0,49.0,3.912,3.9,3.86
2024-05-27,3.8,3.863,3.792,3.775,3.74,12.36,40703.62250756864,2.51954545454545,4.0,4.75,4.5,2.896417,2.90304,2.598498,3.297265,27 May 2024,0.0,35.0,635.0,3.89,3.93,0.0,46737.0,48.0,3.911,3.9,3.86
2024-05-31,3.785,3.889,3.717,3.745,3.711,12.92,42866.68754567282,2.51954545454545,4.0,4.75,4.5,3.025469,2.946912,2.701559,3.33472,31 May 2024,0.0,32.0,606.0,3.85,3.93,0.0,43030.0,55.0,3.892,3.9,3.86
2024-06-06,3.755,3.848,3.688,3.744,3.684,12.58,42866.68754567282,2.4845,4.0,4.75,4.5,2.923733,2.89867,2.621814,3.275179,06 Jun 2024,0.0,35.0,693.0,3.88,3.93,0.0,52206.0,50.0,3.911,3.9,3.86
2024-06-12,3.72,3.65,3.63,3.748,3.719,12.04,42866.68754567282,2.4845,3.75,4.5,4.25,2.95869,2.858655,2.596794,3.24603,12 Jun 2024,0.0,34.0,711.0,3.64,3.68,0.0,51017.0,51.0,3.662,3.9,3.86
2024-06-18,3.717,3.612,3.606,3.695,3.6,12.3,42866.68754567282,2.4845,3.75,4.5,4.25,2.855963,2.720089,2.476221,3.121078,18 Jun 2024,0.0,35.0,692.0,3.64,3.69,0.0,54775.0,55.0,3.666,3.9,3.86
2024-06-24,3.682,3.619,3.622,3.661,3.58,13.33,42866.68754567282,2.4845,3.75,4.5,4.25,2.879016,2.740632,2.479082,3.122282,24 Jun 2024,0.0,31.0,708.0,3.64,3.68,0.0,51890.0,54.0,3.663,3.9,3.86
2024-06-28,3.711,3.612,3.632,3.682,3.578,12.44,42866.68754567282,2.4845,3.75,4.5,4.25,2.914293,2.736005,2.501911,3.099345,28 Jun 2024,0.0,32.0,597.0,3.63,3.68,0.0,45496.0,59.0,3.656,3.9,3.86
2024-07-04,3.708,3.608,3.624,3.683,3.592,12.26,39971.81334168493,2.45826086956522,3.75,4.5,4.25,3.005335,2.836854,2.623737,3.167274,04 Jul 2024,0.0,34.0,702.0,3.64,3.68,0.0,59862.0,53.0,3.663,3.9,3.86
2024-07-10,3.704,3.608,3.598,3.683,3.602,12.85,39971.81334168493,2.45826086956522,3.75,4.5,4.25,2.947855,2.797682,2.557072,3.150354,10 Jul 2024,0.0,34.0,740.0,3.64,3.68,0.0,58498.0,51.0,3.663,3.9,3.86
2024-07-16,3.674,3.589,3.583,3.634,3.506,13.19,39971.81334168493,2.45826086956522,3.75,4.5,4.25,2.903281,2.693648,2.464517,3.076667,16 Jul 2024,0.0,35.0,746.0,3.64,3.68,0.0,55878.0,50.0,3.662,3.9,3.86
2024-07-22,3.705,3.612,3.63,3.641,3.511,14.91,39971.81334168493,2.45826086956522,3.75,4.5,4.25,2.964372,2.697064,2.510544,3.077651,22 Jul 2024,0.0,35.0,722.0,3.64,3.68,0.0,56568.0,51.0,3.664,3.9,3.86
2024-07-26,3.655,3.642,3.621,3.591,3.426,16.39,39971.81334168493,2.45826086956522,3.75,4.5,4.25,2.94155,2.615205,2.424546,3.027129,26 Jul 2024,0.0,35.0,722.0,3.64,3.68,0.0,53477.0,54.0,3.663,3.9,3.86
2024-08-01,3.638,3.642,3.606,3.563,3.349,18.59,42278.94352228833,2.2077272727272694,3.75,4.5,4.25,2.828826,2.479683,2.281431,2.918898,01 Aug 2024,0.0,34.0,691.0,3.65,3.68,0.0,55937.0,55.0,3.664,3.9,3.86
2024-08-07,3.569,3.626,3.594,3.462,3.192,27.85,42278.94352228833,2.2077272727272694,3.75,4.5,4.25,2.856227,2.281818,2.365214,2.823295,07 Aug 2024,0.0,34.0,783.0,3.64,3.68,0.0,63161.0,54.0,3.663,3.9,3.86
2024-08-13,3.542,3.649,3.635,3.441,3.18,18.12,42278.94352228833,2.2077272727272694,3.75,4.5,4.25,2.81046,2.222437,2.292689,2.790958,13 Aug 2024,0.0,34.0,765.0,3.65,3.68,0.0,58194.0,54.0,3.664,3.9,3.86
2024-08-19,3.551,3.652,3.584,3.408,3.183,14.65,42278.94352228833,2.2077272727272694,3.75,4.5,4.25,2.801616,2.281962,2.350602,2.813833,19 Aug 2024,0.0,35.0,758.0,3.65,3.68,0.0,57783.0,54.0,3.664,3.9,3.86
2024-08-23,3.525,3.635,3.595,3.382,3.102,15.86,42278.94352228833,2.2077272727272694,3.75,4.5,4.25,2.829012,2.237147,2.354585,2.769101,23 Aug 2024,0.0,34.0,674.0,3.65,3.68,0.0,50341.0,56.0,3.664,3.9,3.86
2024-08-29,3.505,3.606,3.602,3.376,3.108,15.65,42278.94352228833,2.2077272727272694,3.75,4.5,4.25,2.851875,2.145756,2.379527,2.703159,29 Aug 2024,0.0,34.0,716.0,3.65,3.68,0.0,49478.0,57.0,3.664,3.9,3.86
2024-09-04,3.449,3.602,3.536,3.379,3.094,21.32,41959.494728050944,2.16714285714286,3.75,4.5,4.25,2.820776,2.177911,2.323052,2.74958,04 Sep 2024,0.0,34.0,742.0,3.64,3.68,0.0,52998.0,53.0,3.663,3.9,3.86
2024-09-10,3.46,3.64,3.489,3.293,2.97,19.08,41959.494728050944,2.16714285714286,3.75,4.5,4.25,2.792784,2.008492,2.283424,2.651016,10 Sep 2024,0.0,36.0,738.0,3.64,3.68,0.0,51460.0,55.0,3.664,3.9,3.86
2024-09-16,3.488,3.492,3.412,3.285,2.975,17.14,41959.494728050944,2.16714285714286,3.75,4.5,4.25,2.741158,1.95592,2.247989,2.614575,16 Sep 2024,0.0,35.0,719.0,3.64,3.68,0.0,51956.0,56.0,3.662,3.9,3.86
2024-09-20,3.436,3.351,3.374,3.184,2.918,16.15,41959.494728050944,2.16714285714286,3.5,3.9,3.65,2.842513,2.001647,2.328832,2.620698,20 Sep 2024,0.0,34.0,708.0,3.39,3.43,0.0,45533.0,54.0,3.412,3.9,3.86
2024-09-26,3.345,3.367,3.378,3.162,2.755,15.37,41959.494728050944,2.16714285714286,3.5,3.9,3.65,2.804064,1.79876,2.253767,2.454619,26 Sep 2024,0.0,33.0,680.0,3.4,3.43,0.0,45023.0,58.0,3.415,3.9,3.86
2024-10-02,3.246,3.348,3.329,3.092,2.745,18.9,42533.66739743188,2.2295652173913,3.5,3.9,3.65,2.784254,1.763631,2.229836,2.40272,02 Oct 2024,0.0,34.0,656.0,3.39,3.43,0.0,47709.0,56.0,3.41,3.9,3.86
2024-10-08,3.265,3.392,3.272,3.058,2.798,21.42,42533.66739743188,2.2295652173913,3.5,3.9,3.65,2.901577,2.000295,2.378612,2.508116,08 Oct 2024,0.0,34.0,721.0,3.39,3.43,0.0,50029.0,53.0,3.414,3.9,3.86
2024-10-14,3.205,3.4,3.258,3.062,2.799,19.7,42533.66739743188,2.2295652173913,3.5,3.9,3.65,2.926722,2.007065,2.407756,2.499533,14 Oct 2024,0.0,34.0,718.0,3.39,3.43,0.0,47219.0,53.0,3.413,3.9,3.86
2024-10-18,3.201,3.339,3.147,3.028,2.709,18.03,42533.66739743188,2.2295652173913,3.5,3.9,3.65,2.82486,1.817278,2.294088,2.379698,18 Oct 2024,0.0,34.0,713.0,3.39,3.43,0.0,50271.0,57.0,3.415,3.9,3.86
2024-10-24,3.072,3.165,3.102,2.92,2.614,19.08,42533.66739743188,2.2295652173913,3.25,3.65,3.4,2.929467,1.875527,2.371516,2.358269,24 Oct 2024,0.0,34.0,680.0,3.15,3.19,0.0,47084.0,60.0,3.166,3.9,3.86
2024-10-30,3.056,3.144,3.13,2.867,2.548,20.35,42533.66739743188,2.2295652173913,3.25,3.65,3.4,2.944975,2.004848,2.472459,2.400259,30 Oct 2024,0.0,34.0,710.0,3.15,3.19,0.0,50736.0,59.0,3.165,3.9,3.86
2024-11-05,3.057,3.142,3.092,2.923,2.63,20.49,42749.76511118071,2.30571428571429,3.25,3.65,3.4,2.933017,2.08087,2.498362,2.462326,05 Nov 2024,0.0,33.0,748.0,3.15,3.18,0.0,58927.0,56.0,3.163,3.9,3.86
2024-11-11,3.04,3.148,3.08,2.831,2.528,14.97,42749.76511118071,2.30571428571429,3.25,3.65,3.4,2.913232,1.907934,2.442095,2.371344,11 Nov 2024,0.0,34.0,675.0,3.15,3.18,0.0,53164.0,61.0,3.162,3.9,3.86
2024-11-15,2.998,3.172,3.062,2.748,2.475,16.14,42749.76511118071,2.30571428571429,3.25,3.65,3.4,2.913324,1.887188,2.457563,2.328779,15 Nov 2024,0.0,34.0,728.0,3.15,3.19,0.0,53746.0,57.0,3.165,3.9,3.86
2024-11-21,3.005,3.141,3.079,2.778,2.491,16.87,42749.76511118071,2.30571428571429,3.25,3.65,3.4,2.85656,1.878798,2.398741,2.322616,21 Nov 2024,0.0,34.0,697.0,3.15,3.19,0.0,53563.0,57.0,3.167,3.9,3.86
2024-11-27,2.912,3.163,2.977,2.694,2.448,14.1,42749.76511118071,2.30571428571429,3.25,3.65,3.4,2.658452,1.812591,2.261384,2.256001,27 Nov 2024,0.0,34.0,676.0,3.15,3.19,0.0,51405.0,57.0,3.165,3.9,3.86
2024-12-03,2.879,3.116,3.002,2.634,2.356,13.3,41249.60851863451,2.17888888888889,3.25,3.65,3.4,2.512143,1.677094,2.124502,2.14671,03 Dec 2024,0.0,33.0,727.0,3.14,3.18,0.0,63753.0,54.0,3.164,3.9,3.86
2024-12-09,2.862,3.159,2.944,2.661,2.45,14.19,41249.60851863451,2.17888888888889,3.25,3.65,3.4,2.588536,1.790638,2.18485,2.203324,09 Dec 2024,0.0,35.0,721.0,3.14,3.18,0.0,54986.0,52.0,3.164,3.9,3.86
2024-12-13,2.843,3.076,2.871,2.639,2.405,13.81,41249.60851863451,2.17888888888889,3.25,3.65,3.4,2.81619,1.879168,2.330659,2.214439,13 Dec 2024,0.0,35.0,703.0,3.14,3.19,0.0,48944.0,51.0,3.167,3.9,3.86
2024-12-19,2.839,2.895,2.795,2.637,2.469,24.09,41249.60851863451,2.17888888888889,3.0,3.4,3.15,2.870789,1.866823,2.405438,2.207126,19 Dec 2024,0.0,34.0,706.0,2.89,2.95,0.0,54589.0,54.0,2.919,3.9,3.86
2024-12-27,2.683,2.935,2.863,2.577,2.465,15.95,41249.60851863451,2.17888888888889,3.0,3.4,3.15,2.875758,1.831128,2.4318,2.18854,27 Dec 2024,0.0,34.0,638.0,2.9,2.94,0.0,48132.0,55.0,2.916,3.9,3.86
2025-01-03,2.731,2.901,2.792,2.554,2.448,16.13,43278.003967011166,2.48363636363636,3.0,3.4,3.15,2.965825,1.96934,2.489614,2.252722,03 Jan 2025,0.0,33.0,597.0,2.9,2.95,0.0,55651.0,58.0,2.919,3.9,3.86
2025-01-09,2.789,2.904,2.883,2.649,2.553,18.07,43278.003967011166,2.48363636363636,3.0,3.4,3.15,3.124431,2.032345,2.616299,2.335359,09 Jan 2025,0.0,36.0,705.0,2.89,2.95,0.0,55672.0,55.0,2.92,3.9,3.86
2025-01-15,2.748,2.916,2.843,2.657,2.559,16.12,43278.003967011166,2.48363636363636,3.0,3.4,3.15,3.120105,2.100133,2.630277,2.338281,15 Jan 2025,0.0,36.0,761.0,2.9,2.95,0.0,56383.0,54.0,2.92,3.9,3.86
2025-01-21,2.681,2.909,2.774,2.606,2.489,15.06,43278.003967011166,2.48363636363636,3.0,3.4,3.15,3.085316,2.081359,2.5925,2.312807,21 Jan 2025,0.0,36.0,781.0,2.9,2.95,0.0,63013.0,54.0,2.921,3.9,3.86
2025-01-27,2.641,2.903,2.735,2.6,2.528,17.9,43278.003967011166,2.48363636363636,3.0,3.4,3.15,3.085812,2.126168,2.610815,2.30664,27 Jan 2025,0.0,35.0,789.0,2.9,2.95,0.0,56960.0,51.0,2.921,3.9,3.86
2025-01-31,2.589,2.801,2.66,2.59,2.519,16.43,47971.60455162334,2.48363636363636,3.0,3.4,3.15,3.01414,1.939644,2.53043,2.165262,31 Jan 2025,0.0,32.0,619.0,2.88,2.95,0.0,43550.0,55.0,2.912,3.9,3.86
2025-02-06,2.535,2.694,2.655,2.466,2.354,15.5,47971.60455162334,2.4055,2.75,3.15,2.9,2.866719,1.897352,2.42516,2.111537,06 Feb 2025,0.0,35.0,758.0,2.65,2.7,0.0,65493.0,52.0,2.669,3.9,3.86
2025-02-12,2.553,2.658,2.616,2.486,2.37,15.89,47971.60455162334,2.4055,2.75,3.15,2.9,3.034131,1.979313,2.55179,2.160531,12 Feb 2025,0.0,35.0,744.0,2.65,2.68,0.0,55367.0,53.0,2.665,3.9,3.86
2025-02-18,2.516,2.668,2.624,2.484,2.444,15.35,47971.60455162334,2.4055,2.75,3.15,2.9,3.051353,1.994835,2.558146,2.147507,18 Feb 2025,0.0,34.0,751.0,2.65,2.69,0.0,58436.0,52.0,2.666,3.9,3.86
2025-02-24,2.521,2.63,2.6,2.421,2.431,18.98,47971.60455162334,2.4055,2.75,3.15,2.9,3.053637,1.945742,2.534896,2.101186,24 Feb 2025,0.0,35.0,746.0,2.65,2.69,0.0,58372.0,54.0,2.666,3.9,3.86
2025-02-28,2.464,2.607,2.463,2.355,2.394,19.63,54596.513205971394,2.4055,2.75,3.15,2.9,3.027899,1.904579,2.469262,2.061822,28 Feb 2025,0.0,32.0,595.0,2.64,2.7,0.0,48043.0,57.0,2.658,3.9,3.86
2025-03-06,2.511,2.624,2.481,2.394,2.448,24.87,54596.513205971394,2.74142857142857,2.75,3.15,2.9,3.528747,2.16861,2.94499,2.206528,06 Mar 2025,0.0,34.0,727.0,2.65,2.69,0.0,52016.0,51.0,2.666,3.9,3.86
2025-03-12,2.527,2.418,2.392,2.372,2.431,24.23,54596.513205971394,2.74142857142857,2.5,2.9,2.65,3.560683,2.096504,2.934301,2.177108,12 Mar 2025,0.0,34.0,701.0,2.4,2.43,0.0,52955.0,55.0,2.412,3.9,3.86
2025-03-18,2.426,2.413,2.363,2.422,2.416,21.7,54596.513205971394,2.74142857142857,2.5,2.9,2.65,3.534403,2.108356,2.896798,2.148314,18 Mar 2025,0.0,36.0,816.0,2.4,2.43,0.0,66780.0,51.0,2.417,3.9,3.86
2025-03-24,2.367,2.386,2.34,2.399,2.366,17.48,54596.513205971394,2.74142857142857,2.5,2.9,2.65,3.572747,2.049334,2.863092,2.113413,24 Mar 2025,0.0,35.0,742.0,2.4,2.44,0.0,61138.0,53.0,2.418,3.9,3.86
2025-03-28,2.328,2.401,2.344,2.354,2.324,21.65,54596.513205971394,2.74142857142857,2.5,2.9,2.65,3.550052,1.951114,2.812112,2.053303,28 Mar 2025,0.0,33.0,695.0,2.4,2.43,0.0,53018.0,56.0,2.417,3.9,3.86
2025-04-03,2.349,2.407,2.357,2.303,2.311,30.02,55419.14604864808,2.5105,2.5,2.9,2.65,3.517592,1.856603,2.733736,2.019106,03 Apr 2025,0.0,34.0,739.0,2.4,2.43,0.0,63703.0,56.0,2.416,3.9,3.86
2025-04-09,2.301,2.389,2.328,2.231,2.156,33.62,55419.14604864808,2.5105,2.5,2.9,2.65,3.531517,1.631788,2.686595,1.839775,09 Apr 2025,0.0,34.0,735.0,2.4,2.43,0.0,63933.0,56.0,2.415,3.9,3.86
2025-04-15,2.263,2.362,2.207,2.214,2.126,30.12,55419.14604864808,2.5105,2.5,2.9,2.65,3.414936,1.704586,2.630901,1.794287,15 Apr 2025,0.0,35.0,855.0,2.4,2.43,0.0,78513.0,54.0,2.416,3.9,3.86
2025-04-23,2.158,2.224,2.134,2.104,2.022,28.45,55419.14604864808,2.5105,2.25,2.65,2.4,3.370021,1.658884,2.600196,1.775163,23 Apr 2025,0.0,35.0,807.0,2.15,2.2,0.0,80023.0,54.0,2.167,3.9,3.86
2025-04-29,2.176,2.136,2.16,2.131,2.076,24.17,55419.14604864808,2.5105,2.25,2.65,2.4,3.425155,1.671545,2.589345,1.790491,29 Apr 2025,0.0,35.0,812.0,2.15,2.2,0.0,72887.0,55.0,2.167,3.9,3.86
2025-05-06,2.143,2.17,2.144,2.145,2.045,24.76,55658.21066917214,2.56285714285714,2.25,2.65,2.4,3.531835,1.696504,2.654465,1.800553,06 May 2025,0.0,35.0,792.0,2.15,2.2,0.0,76605.0,55.0,2.167,3.9,3.86
2025-05-12,2.139,2.181,2.123,2.121,2.067,18.39,55658.21066917214,2.56285714285714,2.25,2.65,2.4,3.460947,1.806031,2.724972,1.872284,12 May 2025,0.0,35.0,829.0,2.15,2.2,0.0,77922.0,52.0,2.17,3.9,3.86
2025-05-16,2.101,2.15,2.089,2.156,2.142,17.24,55658.21066917214,2.56285714285714,2.25,2.65,2.4,3.457771,1.770555,2.67521,1.846814,16 May 2025,0.0,34.0,808.0,2.15,2.2,0.0,69364.0,54.0,2.17,3.9,3.86
2025-05-22,2.049,2.149,2.088,2.118,2.104,20.28,55658.21066917214,2.56285714285714,2.25,2.65,2.4,3.597371,1.744068,2.747351,1.829845,22 May 2025,0.0,34.0,772.0,2.15,2.2,0.0,63539.0,52.0,2.173,3.9,3.86
2025-05-28,2.011,2.148,2.009,2.042,2.056,19.31,55658.21066917214,2.56285714285714,2.25,2.65,2.4,3.448973,1.733502,2.644798,1.800287,28 May 2025,0.0,35.0,624.0,2.15,2.19,0.0,53919.0,55.0,2.167,3.9,3.86
2025-06-03,1.971,2.189,1.947,2.074,2.07,17.69,61512.68399624177,2.51904761904762,2.25,2.65,2.4,3.419324,1.698705,2.593834,1.778721,03 Jun 2025,0.0,33.0,783.0,2.15,2.2,0.0,72647.0,52.0,2.172,3.9,3.86
2025-06-09,1.955,2.109,1.962,2.053,2.088,17.16,61512.68399624177,2.51904761904762,2.25,2.65,2.4,3.468967,1.818045,2.675838,1.828099,09 Jun 2025,0.0,31.0,367.0,2.15,2.2,0.0,40496.0,56.0,2.17,3.9,3.86
2025-06-13,2.004,1.901,1.917,2.056,2.084,20.82,61512.68399624177,2.51904761904762,2.0,2.4,2.15,3.386256,1.803236,2.603214,1.80862,13 Jun 2025,0.0,31.0,584.0,1.9,1.95,0.0,51730.0,53.0,1.925,3.9,3.86
2025-06-19,2.036,1.908,1.899,2.05,2.109,22.17,61512.68399624177,2.51904761904762,2.0,2.4,2.15,3.370533,1.792655,2.60197,1.801105,19 Jun 2025,0.0,35.0,531.0,1.9,1.95,0.0,48265.0,53.0,1.917,3.9,3.86
2025-06-25,1.993,1.914,1.976,2.036,2.084,16.76,61512.68399624177,2.51904761904762,2.0,2.4,2.15,3.470432,1.814884,2.664449,1.822442,25 Jun 2025,0.0,34.0,723.0,1.9,1.95,0.0,55792.0,51.0,1.925,3.9,3.86
2025-07-01,1.961,1.902,1.906,2.051,2.07,16.83,61417.68451821694,2.63130434782609,2.0,2.4,2.15,3.437428,1.778824,2.653174,1.802286,01 Jul 2025,0.0,47.0,915.0,1.9,1.95,0.0,75101.0,45.0,1.921,3.9,3.86
2025-07-07,1.944,1.911,1.889,2.016,2.044,17.79,61417.68451821694,2.63130434782609,2.0,2.4,2.15,3.513307,1.786105,2.696427,1.799612,07 Jul 2025,0.0,50.0,938.0,1.9,1.95,0.0,78362.0,46.0,1.92,3.9,3.86
2025-07-11,2.026,1.897,1.913,2.072,2.089,16.4,61417.68451821694,2.63130434782609,2.0,2.4,2.15,3.637536,1.874744,2.787672,1.844428,11 Jul 2025,0.0,50.0,892.0,1.9,1.95,0.0,68462.0,45.0,1.923,3.9,3.86
2025-07-17,2.024,1.9,1.895,2.069,2.087,16.52,61417.68451821694,2.63130434782609,2.0,2.4,2.15,3.601558,1.784842,2.736567,1.78721,17 Jul 2025,0.0,48.0,892.0,1.9,1.95,0.0,69341.0,46.0,1.925,3.9,3.86
2025-07-23,1.939,1.887,1.912,2.034,2.038,15.37,61417.68451821694,2.63130434782609,2.0,2.4,2.15,3.533518,1.739983,2.665836,1.778267,23 Jul 2025,0.0,49.0,931.0,1.9,1.95,0.0,76405.0,46.0,1.924,3.9,3.86
2025-07-29,2.026,1.926,1.901,2.083,2.116,15.98,61417.68451821694,2.63130434782609,2.0,2.4,2.15,3.617647,1.877574,2.768601,1.859487,29 Jul 2025,0.0,50.0,906.0,1.9,1.95,0.0,67209.0,46.0,1.923,1.92,1.89
2025-08-04,1.994,1.87,1.911,2.077,2.156,17.52,67145.83985802277,2.67333333333333,2.0,2.4,2.15,3.541892,1.84521,2.703197,1.8431,04 Aug 2025,0.0,48.0,897.0,1.9,1.95,0.0,71205.0,45.0,1.925,1.92,1.89
2025-08-08,2.019,1.884,1.9,2.083,2.121,15.15,67145.83985802277,2.67333333333333,2.0,2.4,2.15,3.597093,1.909648,2.757434,1.887936,08 Aug 2025,0.0,47.0,913.0,1.9,1.95,0.0,72473.0,43.0,1.922,1.92,1.89
2025-08-14,2.034,1.894,1.874,2.112,2.116,14.83,67145.83985802277,2.67333333333333,2.0,2.4,2.15,3.666774,1.889429,2.778977,1.886126,14 Aug 2025,0.0,43.0,703.0,1.9,1.95,0.0,58494.0,46.0,1.926,1.92,1.89
2025-08-20,2.034,1.899,1.911,2.093,2.084,15.69,67145.83985802277,2.67333333333333,2.0,2.4,2.15,3.69066,1.865218,2.788995,1.868761,20 Aug 2025,0.0,47.0,929.0,1.9,1.95,0.0,70116.0,43.0,1.926,1.92,1.89
2025-08-26,2.022,1.906,1.881,2.064,2.116,14.62,67145.83985802277,2.67333333333333,2.0,2.4,2.15,3.735254,1.88599,2.803023,1.886399,26 Aug 2025,0.0,46.0,924.0,1.9,1.95,0.0,66825.0,43.0,1.926,1.92,1.89
2025-09-01,2.074,1.852,1.875,2.086,2.148,16.12,67145.83985802277,2.69318181818182,2.0,2.4,2.15,3.771481,1.89056,2.820179,1.905267,01 Sep 2025,0.0,47.0,913.0,1.9,1.95,0.0,69327.0,44.0,1.925,1.92,1.89
2025-09-05,2.053,1.906,1.88,2.1,2.178,15.18,67145.83985802277,2.69318181818182,2.0,2.4,2.15,3.697948,1.871854,2.74583,1.879581,05 Sep 2025,0.0,47.0,848.0,1.9,1.95,0.0,61903.0,45.0,1.923,1.92,1.89
2025-09-11,2.014,1.901,1.877,2.119,2.168,14.71,67145.83985802277,2.69318181818182,2.0,2.4,2.15,3.635329,1.925854,2.743653,1.925315,11 Sep 2025,0.0,46.0,893.0,1.9,1.95,0.0,67622.0,43.0,1.925,1.92,1.89
2025-09-17,2.024,1.916,1.923,2.083,2.164,15.72,67145.83985802277,2.69318181818182,2.0,2.4,2.15,3.577883,1.938243,2.744011,1.927005,17 Sep 2025,0.0,45.0,905.0,1.9,1.95,0.0,65994.0,42.0,1.927,1.92,1.89
2025-09-23,1.996,1.899,1.87,2.097,2.16,16.64,67145.83985802277,2.69318181818182,2.0,2.4,2.15,3.693251,1.972395,2.818352,1.946149,23 Sep 2025,0.0,45.0,918.0,1.9,1.95,0.0,66384.0,42.0,1.927,1.92,1.89
2025-09-29,2.016,1.901,1.931,2.109,2.189,16.12,67145.83985802277,2.69318181818182,2.0,2.4,2.15,3.639081,1.975385,2.785992,1.946353,29 Sep 2025,0.0,47.0,909.0,1.9,1.95,0.0,62448.0,44.0,1.926,1.92,1.89
2025-10-03,2.02,1.895,1.939,2.095,2.224,16.65,67145.83985802277,2.69318181818182,2.0,2.4,2.15,3.614512,1.973493,2.767769,1.948154,03 Oct 2025,0.0,46.0,658.0,1.9,1.95,0.0,48675.0,46.0,1.921,1.92,1.89
2025-10-09,2.025,1.926,1.926,2.104,2.209,16.43,67145.83985802277,2.69318181818182,2.0,2.4,2.15,3.63284,1.950498,2.772687,1.925117,09 Oct 2025,0.0,48.0,860.0,1.9,1.95,0.0,62467.0,40.0,1.927,1.92,1.89
2025-10-15,2.016,1.931,1.906,2.103,2.163,20.64,67145.83985802277,2.69318181818182,2.0,2.4,2.15,3.522231,1.87547,2.648313,1.876875,15 Oct 2025,0.0,50.0,926.0,1.9,1.95,0.0,68248.0,40.0,1.928,1.92,1.89
2025-10-21,2.038,1.901,1.904,2.11,2.157,17.87,67145.83985802277,2.69318181818182,2.0,2.4,2.15,3.49308,1.866076,2.631595,1.859212,21 Oct 2025,0.0,50.0,929.0,1.9,1.95,0.0,70482.0,38.0,1.928,1.92,1.89
2025-10-27,2.084,1.929,1.886,2.124,2.175,15.79,67145.83985802277,2.69318181818182,2.0,2.4,2.15,3.543543,1.932381,2.70448,1.91136,27 Oct 2025,0.0,46.0,862.0,1.9,1.95,0.0,66783.0,41.0,1.929,1.92,1.89
2025-10-31,2.04,1.921,1.917,2.138,2.196,17.44,67145.83985802277,2.69318181818182,2.0,2.4,2.15,3.559887,1.928558,2.721603,1.904281,31 Oct 2025,0.0,46.0,781.0,1.88,1.96,0.0,51853.0,44.0,1.921,1.92,1.89
2025-11-06,1.998,1.906,1.859,2.129,2.211,19.5,67145.83985802277,2.69318181818182,2.0,2.4,2.15,3.558304,1.94428,2.73334,1.911223,06 Nov 2025,0.0,48.0,868.0,1.9,1.96,0.0,66247.0,39.0,1.93,1.92,1.89
2025-11-12,2.048,1.918,1.871,2.139,2.224,17.51,67145.83985802277,2.69318181818182,2.0,2.4,2.15,3.561573,1.95635,2.723807,1.933278,12 Nov 2025,0.0,49.0,892.0,1.9,1.95,0.0,63418.0,39.0,1.93,1.92,1.89
2025-11-18,2.051,1.911,1.899,2.155,2.233,24.69,67145.83985802277,2.69318181818182,2.0,2.4,2.15,3.636456,1.961128,2.772599,1.927356,18 Nov 2025,0.0,49.0,920.0,1.9,1.95,0.0,65132.0,40.0,1.93,1.92,1.89
2025-11-24,2.059,1.92,1.914,2.12,2.209,20.52,67145.83985802277,2.69318181818182,2.0,2.4,2.15,3.676401,1.980578,2.787117,1.946987,24 Nov 2025,0.0,49.0,865.0,1.89,1.95,0.0,61783.0,40.0,1.924,1.92,1.89
2025-11-28,2.06,1.891,1.946,2.11,2.209,16.35,67145.83985802277,2.69318181818182,2.0,2.4,2.15,3.635883,1.990126,2.773786,1.961724,28 Nov 2025,0.0,46.0,775.0,1.9,1.95,0.0,54913.0,44.0,1.925,1.92,1.89
2025-12-04,2.055,1.919,1.912,2.126,2.254,15.78,67145.83985802277,2.69318181818182,2.0,2.4,2.15,3.702654,2.027434,2.849012,1.984078,04 Dec 2025,0.0,47.0,857.0,1.9,1.95,0.0,64927.0,43.0,1.929,1.92,1.89
